{"step": 8192, "wall_time": 1790697908.1778684, "episodes_completed": 87.0, "mean_episode_reward": 7.47539776221089, "std_episode_reward": 21.649476703111226, "min_episode_reward": -11.027728080749512, "max_episode_reward": 93.08035278320312, "mean_episode_length": 72.73563218390805, "success_rate": 0.21839080459770116, "collision_rate": 0.7816091954022989, "out_of_bounds_rate": 0.0, "timeout_rate": 0.0, "policy_loss": 0.04926021469873376, "value_loss": 58.32805633544922, "entropy": 0.6100000143051147, "approx_kl": 0.09857137314975262, "clip_fraction": 0.413360595703125, "grad_norm": 41.40306758880615, "explained_variance": 0.2518642544746399, "action_std_mean": 0.3283834755420685, "optimizer_iterations": 4.0, "lr": 0.0001}
{"step": 16384, "wall_time": 1790697940.365281, "episodes_completed": 64.0, "mean_episode_reward": 9.69679156690836, "std_episode_reward": 20.291216836356554, "min_episode_reward": -9.95057487487793, "max_episode_reward": 78.8485336303711, "mean_episode_length": 87.71875, "success_rate": 0.296875, "collision_rate": 0.703125, "out_of_bounds_rate": 0.0, "timeout_rate": 0.0, "policy_loss": 0.030279583297669888, "value_loss": 34.913804054260254, "entropy": 0.6106202900409698, "approx_kl": 0.07730390876531601, "clip_fraction": 0.406524658203125, "grad_norm": 33.68520104885101, "explained_variance": 0.4233318567276001, "action_std_mean": 0.3284834027290344, "optimizer_iterations": 4.0, "lr": 9.983616e-05}
{"step": 24576, "wall_time": 1790697975.4883828, "episodes_completed": 72.0, "mean_episode_reward": 10.292338324917687, "std_episode_reward": 22.72429369920829, "min_episode_reward": -9.833002090454102, "max_episode_reward": 98.66593933105469, "mean_episode_length": 81.20833333333333, "success_rate": 0.3194444444444444, "collision_rate": 0.6805555555555556, "out_of_bounds_rate": 0.0, "timeout_rate": 0.0, "policy_loss": 0.02383120357990265, "value_loss": 37.95366382598877, "entropy": 0.6112068891525269, "approx_kl": 0.049114097841084, "clip_fraction": 0.359832763671875, "grad_norm": 40.2637939453125, "explained_variance": 0.3252899646759033, "action_std_mean": 0.32856908440589905, "optimizer_iterations": 4.0, "lr": 9.967232000000001e-05}
{"step": 32768, "wall_time": 1790698005.833819, "episodes_completed": 63.0, "mean_episode_reward": 9.712247250572084, "std_episode_reward": 19.753433962808714, "min_episode_reward": -9.812627792358398, "max_episode_reward": 86.66961669921875, "mean_episode_length": 84.34920634920636, "success_rate": 0.25396825396825395, "collision_rate": 0.746031746031746, "out_of_bounds_rate": 0.0, "timeout_rate": 0.0, "policy_loss": 0.025392723502591252, "value_loss": 35.58944892883301, "entropy": 0.6116960346698761, "approx_kl": 0.050851572304964066, "clip_fraction": 0.313751220703125, "grad_norm": 35.895851135253906, "explained_variance": 0.25887370109558105, "action_std_mean": 0.32864171266555786, "optimizer_iterations": 4.0, "lr": 9.950848e-05}
{"step": 40960, "wall_time": 1790698036.0987592, "episodes_completed": 71.0, "mean_episode_reward": 11.793907984881335, "std_episode_reward": 18.96464003866847, "min_episode_reward": -9.907415390014648, "max_episode_reward": 57.02454376220703, "mean_episode_length": 73.56338028169014, "success_rate": 0.43661971830985913, "collision_rate": 0.5633802816901409, "out_of_bounds_rate": 0.0, "timeout_rate": 0.0, "policy_loss": 0.009180019609630108, "value_loss": 24.140365600585938, "entropy": 0.6121041476726532, "approx_kl": 0.017888710368424654, "clip_fraction": 0.21697998046875, "grad_norm": 26.976686477661133, "explained_variance": 0.36629366874694824, "action_std_mean": 0.328696072101593, "optimizer_iterations": 4.0, "lr": 9.934464e-05}
{"step": 49152, "wall_time": 1790698066.3346965, "episodes_completed": 75.0, "mean_episode_reward": 12.629509201049805, "std_episode_reward": 22.7748924921963, "min_episode_reward": -9.91042423248291, "max_episode_reward": 75.52030944824219, "mean_episode_length": 93.56, "success_rate": 0.3333333333333333, "collision_rate": 0.6666666666666666, "out_of_bounds_rate": 0.0, "timeout_rate": 0.0, "policy_loss": 0.014046389609575272, "value_loss": 29.98696994781494, "entropy": 0.6123802065849304, "approx_kl": 0.0302319941110909, "clip_fraction": 0.238311767578125, "grad_norm": 36.93847703933716, "explained_variance": 0.35053861141204834, "action_std_mean": 0.32873183488845825, "optimizer_iterations": 4.0, "lr": 9.918080000000001e-05}
{"step": 57344, "wall_time": 1790698096.9881897, "episodes_completed": 73.0, "mean_episode_reward": 9.22007768448085, "std_episode_reward": 20.507352913877508, "min_episode_reward": -9.963085174560547, "max_episode_reward": 88.05841064453125, "mean_episode_length": 81.3013698630137, "success_rate": 0.2328767123287671, "collision_rate": 0.7671232876712328, "out_of_bounds_rate": 0.0, "timeout_rate": 0.0, "policy_loss": 0.004603666136972606, "value_loss": 34.71027755737305, "entropy": 0.612585037946701, "approx_kl": 0.015683351550251245, "clip_fraction": 0.1817626953125, "grad_norm": 32.89284896850586, "explained_variance": 0.16133540868759155, "action_std_mean": 0.3287648856639862, "optimizer_iterations": 4.0, "lr": 9.901696e-05}
{"step": 65536, "wall_time": 1790698127.558859, "episodes_completed": 73.0, "mean_episode_reward": 10.591514489422106, "std_episode_reward": 21.228678806703883, "min_episode_reward": -9.864457130432129, "max_episode_reward": 74.22763061523438, "mean_episode_length": 80.73972602739725, "success_rate": 0.3013698630136986, "collision_rate": 0.6986301369863014, "out_of_bounds_rate": 0.0, "timeout_rate": 0.0, "policy_loss": 0.004841194371692836, "value_loss": 27.461323738098145, "entropy": 0.6128042042255402, "approx_kl": 0.010037828236818314, "clip_fraction": 0.116241455078125, "grad_norm": 23.716190099716187, "explained_variance": 0.24115431308746338, "action_std_mean": 0.3288096785545349, "optimizer_iterations": 4.0, "lr": 9.885312e-05}
{"step": 73728, "wall_time": 1790698162.1969218, "episodes_completed": 74.0, "mean_episode_reward": 11.514220044419572, "std_episode_reward": 20.090654210487724, "min_episode_reward": -9.906906127929688, "max_episode_reward": 71.55640411376953, "mean_episode_length": 91.67567567567568, "success_rate": 0.2972972972972973, "collision_rate": 0.7027027027027027, "out_of_bounds_rate": 0.0, "timeout_rate": 0.0, "policy_loss": 0.004327411064878106, "value_loss": 28.25791883468628, "entropy": 0.6130902469158173, "approx_kl": 0.012939803302288055, "clip_fraction": 0.142852783203125, "grad_norm": 29.355767726898193, "explained_variance": 0.24602055549621582, "action_std_mean": 0.32884469628334045, "optimizer_iterations": 4.0, "lr": 9.868928000000001e-05}
{"step": 81920, "wall_time": 1790698194.4965389, "episodes_completed": 72.0, "mean_episode_reward": 11.750414841704899, "std_episode_reward": 21.82280663544348, "min_episode_reward": -9.804865837097168, "max_episode_reward": 94.77415466308594, "mean_episode_length": 91.13888888888889, "success_rate": 0.2916666666666667, "collision_rate": 0.7083333333333334, "out_of_bounds_rate": 0.0, "timeout_rate": 0.0, "policy_loss": 0.015645469771698117, "value_loss": 28.8068585395813, "entropy": 0.6132475435733795, "approx_kl": 0.03514147363603115, "clip_fraction": 0.25469970703125, "grad_norm": 32.035003900527954, "explained_variance": 0.25188976526260376, "action_std_mean": 0.32887277007102966, "optimizer_iterations": 4.0, "lr": 9.852544e-05}
{"step": 90112, "wall_time": 1790698225.446089, "episodes_completed": 70.0, "mean_episode_reward": 7.1801051344190325, "std_episode_reward": 16.59621674999915, "min_episode_reward": -9.8955717086792, "max_episode_reward": 63.54542922973633, "mean_episode_length": 79.64285714285714, "success_rate": 0.21428571428571427, "collision_rate": 0.7857142857142857, "out_of_bounds_rate": 0.0, "timeout_rate": 0.0, "policy_loss": 0.006852002814412117, "value_loss": 29.92471170425415, "entropy": 0.6134543716907501, "approx_kl": 0.01956558134406805, "clip_fraction": 0.168701171875, "grad_norm": 32.662758111953735, "explained_variance": 0.2519514560699463, "action_std_mean": 0.32890912890434265, "optimizer_iterations": 4.0, "lr": 9.83616e-05}
{"step": 98304, "wall_time": 1790698256.3111463, "episodes_completed": 76.0, "mean_episode_reward": 8.928852175411425, "std_episode_reward": 18.319230450127836, "min_episode_reward": -9.816771507263184, "max_episode_reward": 72.71405792236328, "mean_episode_length": 86.75, "success_rate": 0.2894736842105263, "collision_rate": 0.7105263157894737, "out_of_bounds_rate": 0.0, "timeout_rate": 0.0, "policy_loss": 0.014956590253859758, "value_loss": 26.891491413116455, "entropy": 0.6136650741100311, "approx_kl": 0.025919540785253048, "clip_fraction": 0.229339599609375, "grad_norm": 35.41585445404053, "explained_variance": 0.2294791340827942, "action_std_mean": 0.3289385735988617, "optimizer_iterations": 4.0, "lr": 9.819776000000001e-05}
{"step": 106496, "wall_time": 1790698286.2957394, "episodes_completed": 44.0, "mean_episode_reward": 17.85654137351296, "std_episode_reward": 27.121073239212095, "min_episode_reward": -9.911827087402344, "max_episode_reward": 85.29666137695312, "mean_episode_length": 119.97727272727273, "success_rate": 0.38636363636363635, "collision_rate": 0.6136363636363636, "out_of_bounds_rate": 0.0, "timeout_rate": 0.0, "policy_loss": 0.005042718723416328, "value_loss": 12.456628799438477, "entropy": 0.6137752532958984, "approx_kl": 0.015104749705642462, "clip_fraction": 0.161895751953125, "grad_norm": 14.86713981628418, "explained_variance": 0.4449140429496765, "action_std_mean": 0.3289341330528259, "optimizer_iterations": 4.0, "lr": 9.803392e-05}
{"step": 114688, "wall_time": 1790698317.008659, "episodes_completed": 61.0, "mean_episode_reward": 13.44452061418627, "std_episode_reward": 20.80351756732537, "min_episode_reward": -9.812407493591309, "max_episode_reward": 82.15673065185547, "mean_episode_length": 104.75409836065573, "success_rate": 0.2786885245901639, "collision_rate": 0.7213114754098361, "out_of_bounds_rate": 0.0, "timeout_rate": 0.0, "policy_loss": 0.008328341878950596, "value_loss": 22.232746124267578, "entropy": 0.6137308478355408, "approx_kl": 0.019990331260487437, "clip_fraction": 0.1868896484375, "grad_norm": 27.234046459197998, "explained_variance": 0.24916481971740723, "action_std_mean": 0.32893282175064087, "optimizer_iterations": 4.0, "lr": 9.787008e-05}
{"step": 122880, "wall_time": 1790698347.84552, "episodes_completed": 74.0, "mean_episode_reward": 9.156657612001574, "std_episode_reward": 18.503736292720358, "min_episode_reward": -9.819761276245117, "max_episode_reward": 65.71353149414062, "mean_episode_length": 80.83783783783784, "success_rate": 0.24324324324324326, "collision_rate": 0.7567567567567568, "out_of_bounds_rate": 0.0, "timeout_rate": 0.0, "policy_loss": 0.007364201825112104, "value_loss": 26.726144790649414, "entropy": 0.6137770712375641, "approx_kl": 0.014994379598647356, "clip_fraction": 0.155853271484375, "grad_norm": 27.9363956451416, "explained_variance": 0.14681363105773926, "action_std_mean": 0.32895582914352417, "optimizer_iterations": 4.0, "lr": 9.770624e-05}
{"step": 131072, "wall_time": 1790698378.2063377, "episodes_completed": 59.0, "mean_episode_reward": 14.018283981387897, "std_episode_reward": 20.58043886318271, "min_episode_reward": -9.831253051757812, "max_episode_reward": 66.31494140625, "mean_episode_length": 109.62711864406779, "success_rate": 0.3559322033898305, "collision_rate": 0.6440677966101694, "out_of_bounds_rate": 0.0, "timeout_rate": 0.0, "policy_loss": 0.002755441702902317, "value_loss": 16.141239166259766, "entropy": 0.6139457523822784, "approx_kl": 0.008701819344423711, "clip_fraction": 0.115997314453125, "grad_norm": 18.29661512374878, "explained_variance": 0.2863383889198303, "action_std_mean": 0.3289787173271179, "optimizer_iterations": 4.0, "lr": 9.75424e-05}
{"step": 139264, "wall_time": 1790698409.6588178, "episodes_completed": 75.0, "mean_episode_reward": 9.606652565002442, "std_episode_reward": 23.216229491427132, "min_episode_reward": -9.89007568359375, "max_episode_reward": 72.12539672851562, "mean_episode_length": 79.2, "success_rate": 0.28, "collision_rate": 0.72, "out_of_bounds_rate": 0.0, "timeout_rate": 0.0, "policy_loss": 0.005310818552970886, "value_loss": 18.535618782043457, "entropy": 0.614083856344223, "approx_kl": 0.01639376545790583, "clip_fraction": 0.160308837890625, "grad_norm": 21.37936782836914, "explained_variance": 0.26686549186706543, "action_std_mean": 0.32900819182395935, "optimizer_iterations": 4.0, "lr": 9.737856000000001e-05}
{"step": 147456, "wall_time": 1790698440.8413763, "episodes_completed": 59.0, "mean_episode_reward": 10.201541698585123, "std_episode_reward": 21.13037492066372, "min_episode_reward": -9.842972755432129, "max_episode_reward": 92.68437194824219, "mean_episode_length": 92.30508474576271, "success_rate": 0.22033898305084745, "collision_rate": 0.7796610169491526, "out_of_bounds_rate": 0.0, "timeout_rate": 0.0, "policy_loss": 0.004648354137316346, "value_loss": 17.87426519393921, "entropy": 0.6142763793468475, "approx_kl": 0.010270402184687555, "clip_fraction": 0.106781005859375, "grad_norm": 22.151497840881348, "explained_variance": 0.3195640444755554, "action_std_mean": 0.3290345370769501, "optimizer_iterations": 4.0, "lr": 9.721472e-05}
{"step": 155648, "wall_time": 1790698471.9983401, "episodes_completed": 69.0, "mean_episode_reward": 6.371736519578574, "std_episode_reward": 19.11536682678458, "min_episode_reward": -9.948802947998047, "max_episode_reward": 80.47868347167969, "mean_episode_length": 78.68115942028986, "success_rate": 0.2028985507246377, "collision_rate": 0.7971014492753623, "out_of_bounds_rate": 0.0, "timeout_rate": 0.0, "policy_loss": 0.0029817583272233605, "value_loss": 18.973138332366943, "entropy": 0.6143770217895508, "approx_kl": 0.008191180415451527, "clip_fraction": 0.103729248046875, "grad_norm": 23.13747262954712, "explained_variance": 0.26993489265441895, "action_std_mean": 0.32902273535728455, "optimizer_iterations": 4.0, "lr": 9.705088e-05}
{"step": 163840, "wall_time": 1790698504.0640483, "episodes_completed": 80.0, "mean_episode_reward": 7.49537895321846, "std_episode_reward": 20.325573395171265, "min_episode_reward": -9.890287399291992, "max_episode_reward": 91.91866302490234, "mean_episode_length": 74.8375, "success_rate": 0.2375, "collision_rate": 0.7625, "out_of_bounds_rate": 0.0, "timeout_rate": 0.0, "policy_loss": 0.003306373255327344, "value_loss": 20.141193866729736, "entropy": 0.6142504215240479, "approx_kl": 0.009458758868277073, "clip_fraction": 0.107696533203125, "grad_norm": 26.44007444381714, "explained_variance": 0.2614043354988098, "action_std_mean": 0.32900333404541016, "optimizer_iterations": 4.0, "lr": 9.688704000000001e-05}
{"step": 172032, "wall_time": 1790698535.584035, "episodes_completed": 64.0, "mean_episode_reward": 7.727084584534168, "std_episode_reward": 16.032589532193484, "min_episode_reward": -10.02811336517334, "max_episode_reward": 48.409881591796875, "mean_episode_length": 75.125, "success_rate": 0.28125, "collision_rate": 0.71875, "out_of_bounds_rate": 0.0, "timeout_rate": 0.0, "policy_loss": 0.002297499682754278, "value_loss": 18.59249973297119, "entropy": 0.6141744554042816, "approx_kl": 0.006971203605644405, "clip_fraction": 0.078369140625, "grad_norm": 22.072030305862427, "explained_variance": 0.2194029688835144, "action_std_mean": 0.3289966285228729, "optimizer_iterations": 4.0, "lr": 9.67232e-05}
{"step": 180224, "wall_time": 1790698566.1279922, "episodes_completed": 56.0, "mean_episode_reward": 10.079338729381561, "std_episode_reward": 18.357682732442957, "min_episode_reward": -9.898818969726562, "max_episode_reward": 60.29603576660156, "mean_episode_length": 84.17857142857143, "success_rate": 0.35714285714285715, "collision_rate": 0.6428571428571429, "out_of_bounds_rate": 0.0, "timeout_rate": 0.0, "policy_loss": 0.0019934792071580887, "value_loss": 12.18703007698059, "entropy": 0.6141333878040314, "approx_kl": 0.014667147304862738, "clip_fraction": 0.15753173828125, "grad_norm": 8.3217933177948, "explained_variance": 0.358661949634552, "action_std_mean": 0.32899242639541626, "optimizer_iterations": 4.0, "lr": 9.655936e-05}
{"step": 188416, "wall_time": 1790698596.6160705, "episodes_completed": 59.0, "mean_episode_reward": 14.360583911507817, "std_episode_reward": 22.670835730577846, "min_episode_reward": -9.82010555267334, "max_episode_reward": 89.33898162841797, "mean_episode_length": 105.28813559322033, "success_rate": 0.3559322033898305, "collision_rate": 0.6440677966101694, "out_of_bounds_rate": 0.0, "timeout_rate": 0.0, "policy_loss": 0.0034602894447743893, "value_loss": 13.649197578430176, "entropy": 0.6141129434108734, "approx_kl": 0.011717324145138264, "clip_fraction": 0.12274169921875, "grad_norm": 13.089962005615234, "explained_variance": 0.33379554748535156, "action_std_mean": 0.32898420095443726, "optimizer_iterations": 4.0, "lr": 9.639552000000001e-05}
{"step": 196608, "wall_time": 1790698627.9437551, "episodes_completed": 75.0, "mean_episode_reward": 10.185622164408366, "std_episode_reward": 19.93812570141802, "min_episode_reward": -9.8624849319458, "max_episode_reward": 98.71385192871094, "mean_episode_length": 78.45333333333333, "success_rate": 0.28, "collision_rate": 0.72, "out_of_bounds_rate": 0.0, "timeout_rate": 0.0, "policy_loss": 0.0038492148742079735, "value_loss": 17.193906784057617, "entropy": 0.6140919029712677, "approx_kl": 0.011895106406882405, "clip_fraction": 0.124420166015625, "grad_norm": 17.080649852752686, "explained_variance": 0.2734110355377197, "action_std_mean": 0.32900023460388184, "optimizer_iterations": 4.0, "lr": 9.623168e-05}
{"step": 204800, "wall_time": 1790698659.4542785, "episodes_completed": 62.0, "mean_episode_reward": 9.477370415964435, "std_episode_reward": 19.824741657280153, "min_episode_reward": -9.895230293273926, "max_episode_reward": 66.40235900878906, "mean_episode_length": 89.7741935483871, "success_rate": 0.20967741935483872, "collision_rate": 0.7903225806451613, "out_of_bounds_rate": 0.0, "timeout_rate": 0.0, "policy_loss": 0.003256687894463539, "value_loss": 15.343302011489868, "entropy": 0.614216685295105, "approx_kl": 0.011108205420896411, "clip_fraction": 0.12701416015625, "grad_norm": 14.277839660644531, "explained_variance": 0.28702986240386963, "action_std_mean": 0.3290124237537384, "optimizer_iterations": 4.0, "lr": 9.606784e-05}
{"step": 212992, "wall_time": 1790698690.7459552, "episodes_completed": 86.0, "mean_episode_reward": 10.006567389466042, "std_episode_reward": 20.684506137974367, "min_episode_reward": -9.848233222961426, "max_episode_reward": 67.9879379272461, "mean_episode_length": 71.80232558139535, "success_rate": 0.38372093023255816, "collision_rate": 0.6162790697674418, "out_of_bounds_rate": 0.0, "timeout_rate": 0.0, "policy_loss": 0.0034157768823206425, "value_loss": 14.496505975723267, "entropy": 0.6142401993274689, "approx_kl": 0.012707600370049477, "clip_fraction": 0.138427734375, "grad_norm": 16.095928192138672, "explained_variance": 0.2519402503967285, "action_std_mean": 0.32901257276535034, "optimizer_iterations": 4.0, "lr": 9.590400000000001e-05}
{"step": 221184, "wall_time": 1790698721.4828343, "episodes_completed": 62.0, "mean_episode_reward": 12.426634050184681, "std_episode_reward": 21.65166347381302, "min_episode_reward": -9.833304405212402, "max_episode_reward": 97.18629455566406, "mean_episode_length": 86.83870967741936, "success_rate": 0.3548387096774194, "collision_rate": 0.6451612903225806, "out_of_bounds_rate": 0.0, "timeout_rate": 0.0, "policy_loss": 0.00325202289968729, "value_loss": 13.807663917541504, "entropy": 0.6142378151416779, "approx_kl": 0.01334400661289692, "clip_fraction": 0.1368408203125, "grad_norm": 13.15855622291565, "explained_variance": 0.2831987142562866, "action_std_mean": 0.3290069103240967, "optimizer_iterations": 4.0, "lr": 9.574016e-05}
{"step": 229376, "wall_time": 1790698752.6624153, "episodes_completed": 70.0, "mean_episode_reward": 9.564421497072493, "std_episode_reward": 18.11779540806181, "min_episode_reward": -9.814386367797852, "max_episode_reward": 74.8802490234375, "mean_episode_length": 75.88571428571429, "success_rate": 0.3142857142857143, "collision_rate": 0.6857142857142857, "out_of_bounds_rate": 0.0, "timeout_rate": 0.0, "policy_loss": 0.005111650098115206, "value_loss": 15.861796140670776, "entropy": 0.6142075061798096, "approx_kl": 0.015619599027559161, "clip_fraction": 0.133758544921875, "grad_norm": 21.15296220779419, "explained_variance": 0.2620565891265869, "action_std_mean": 0.3290058374404907, "optimizer_iterations": 4.0, "lr": 9.557632e-05}
{"step": 237568, "wall_time": 1790698784.1823711, "episodes_completed": 92.0, "mean_episode_reward": 6.5768444538116455, "std_episode_reward": 17.268957925866307, "min_episode_reward": -9.86868953704834, "max_episode_reward": 73.04733276367188, "mean_episode_length": 64.05434782608695, "success_rate": 0.2608695652173913, "collision_rate": 0.7391304347826086, "out_of_bounds_rate": 0.0, "timeout_rate": 0.0, "policy_loss": 0.006319327279925346, "value_loss": 22.238262176513672, "entropy": 0.6142338514328003, "approx_kl": 0.014966450165957212, "clip_fraction": 0.155914306640625, "grad_norm": 34.84340953826904, "explained_variance": 0.1760951280593872, "action_std_mean": 0.32902663946151733, "optimizer_iterations": 4.0, "lr": 9.541248000000001e-05}
{"step": 245760, "wall_time": 1790698815.8987238, "episodes_completed": 62.0, "mean_episode_reward": 15.534970944927585, "std_episode_reward": 24.555316013058615, "min_episode_reward": -9.848812103271484, "max_episode_reward": 80.65116882324219, "mean_episode_length": 110.80645161290323, "success_rate": 0.2903225806451613, "collision_rate": 0.7096774193548387, "out_of_bounds_rate": 0.0, "timeout_rate": 0.0, "policy_loss": 0.004185341764241457, "value_loss": 14.096341609954834, "entropy": 0.6143034994602203, "approx_kl": 0.01442687539383769, "clip_fraction": 0.144195556640625, "grad_norm": 12.254320621490479, "explained_variance": 0.19752711057662964, "action_std_mean": 0.32899802923202515, "optimizer_iterations": 4.0, "lr": 9.524864e-05}
{"step": 253952, "wall_time": 1790698846.9815342, "episodes_completed": 54.0, "mean_episode_reward": 13.340257794768721, "std_episode_reward": 20.3215035500279, "min_episode_reward": -9.807829856872559, "max_episode_reward": 87.9473648071289, "mean_episode_length": 94.24074074074075, "success_rate": 0.35185185185185186, "collision_rate": 0.6481481481481481, "out_of_bounds_rate": 0.0, "timeout_rate": 0.0, "policy_loss": 8.013425394892693e-05, "value_loss": 11.460338115692139, "entropy": 0.6140688955783844, "approx_kl": 0.011810343712568283, "clip_fraction": 0.129608154296875, "grad_norm": 10.452860832214355, "explained_variance": 0.35713624954223633, "action_std_mean": 0.32897135615348816, "optimizer_iterations": 4.0, "lr": 9.50848e-05}
{"step": 262144, "wall_time": 1790698878.563232, "episodes_completed": 68.0, "mean_episode_reward": 10.958974529715146, "std_episode_reward": 19.537556791517495, "min_episode_reward": -9.832839012145996, "max_episode_reward": 65.18023681640625, "mean_episode_length": 91.13235294117646, "success_rate": 0.2647058823529412, "collision_rate": 0.7352941176470589, "out_of_bounds_rate": 0.0, "timeout_rate": 0.0, "policy_loss": 0.004079180303961039, "value_loss": 15.575059652328491, "entropy": 0.6139228343963623, "approx_kl": 0.011721433198545128, "clip_fraction": 0.109161376953125, "grad_norm": 20.284947633743286, "explained_variance": 0.19056367874145508, "action_std_mean": 0.3289387822151184, "optimizer_iterations": 4.0, "lr": 9.492096e-05}
{"step": 270336, "wall_time": 1790698909.6166263, "episodes_completed": 60.0, "mean_episode_reward": 12.753459326426189, "std_episode_reward": 20.498793864144414, "min_episode_reward": -9.916830062866211, "max_episode_reward": 72.03685760498047, "mean_episode_length": 89.71666666666667, "success_rate": 0.38333333333333336, "collision_rate": 0.6166666666666667, "out_of_bounds_rate": 0.0, "timeout_rate": 0.0, "policy_loss": 0.00280133995693177, "value_loss": 9.825843095779419, "entropy": 0.6136815845966339, "approx_kl": 0.014791859779506922, "clip_fraction": 0.147430419921875, "grad_norm": 10.58731722831726, "explained_variance": 0.35106122493743896, "action_std_mean": 0.3288964033126831, "optimizer_iterations": 4.0, "lr": 9.475712000000001e-05}
{"step": 278528, "wall_time": 1790698941.1826997, "episodes_completed": 69.0, "mean_episode_reward": 14.489249022110648, "std_episode_reward": 23.403146715072822, "min_episode_reward": -9.901345252990723, "max_episode_reward": 83.61183166503906, "mean_episode_length": 93.4927536231884, "success_rate": 0.391304347826087, "collision_rate": 0.6086956521739131, "out_of_bounds_rate": 0.0, "timeout_rate": 0.0, "policy_loss": 0.0017675327835604548, "value_loss": 10.868768692016602, "entropy": 0.6134273111820221, "approx_kl": 0.012330645695328712, "clip_fraction": 0.140960693359375, "grad_norm": 13.307843685150146, "explained_variance": 0.31639087200164795, "action_std_mean": 0.32885950803756714, "optimizer_iterations": 4.0, "lr": 9.459328e-05}
{"step": 286720, "wall_time": 1790698972.9451466, "episodes_completed": 82.0, "mean_episode_reward": 8.934735641246888, "std_episode_reward": 18.815507273513482, "min_episode_reward": -9.837289810180664, "max_episode_reward": 89.05484008789062, "mean_episode_length": 77.86585365853658, "success_rate": 0.23170731707317074, "collision_rate": 0.7682926829268293, "out_of_bounds_rate": 0.0, "timeout_rate": 0.0, "policy_loss": 0.011336594936437905, "value_loss": 20.125971794128418, "entropy": 0.6132160723209381, "approx_kl": 0.018156381556764245, "clip_fraction": 0.1597900390625, "grad_norm": 29.558446407318115, "explained_variance": 0.16527265310287476, "action_std_mean": 0.3288253843784332, "optimizer_iterations": 4.0, "lr": 9.442944e-05}
{"step": 294912, "wall_time": 1790699004.257907, "episodes_completed": 72.0, "mean_episode_reward": 10.342460685306126, "std_episode_reward": 18.35048040145216, "min_episode_reward": -9.827016830444336, "max_episode_reward": 70.25746154785156, "mean_episode_length": 78.18055555555556, "success_rate": 0.3472222222222222, "collision_rate": 0.6527777777777778, "out_of_bounds_rate": 0.0, "timeout_rate": 0.0, "policy_loss": 0.0023761310148984194, "value_loss": 13.851185083389282, "entropy": 0.6130316257476807, "approx_kl": 0.006850184057839215, "clip_fraction": 0.084442138671875, "grad_norm": 20.982720851898193, "explained_variance": 0.3336648941040039, "action_std_mean": 0.3288015127182007, "optimizer_iterations": 4.0, "lr": 9.426560000000001e-05}
{"step": 303104, "wall_time": 1790699035.3364565, "episodes_completed": 74.0, "mean_episode_reward": 10.79312320013304, "std_episode_reward": 18.830365069558823, "min_episode_reward": -9.820627212524414, "max_episode_reward": 68.13670349121094, "mean_episode_length": 80.35135135135135, "success_rate": 0.33783783783783783, "collision_rate": 0.6621621621621622, "out_of_bounds_rate": 0.0, "timeout_rate": 0.0, "policy_loss": 0.003169700503349304, "value_loss": 14.651617288589478, "entropy": 0.6128828525543213, "approx_kl": 0.010968905524350703, "clip_fraction": 0.1156005859375, "grad_norm": 24.807353496551514, "explained_variance": 0.306210994720459, "action_std_mean": 0.32877621054649353, "optimizer_iterations": 4.0, "lr": 9.410176000000001e-05}
{"step": 311296, "wall_time": 1790699066.944126, "episodes_completed": 64.0, "mean_episode_reward": 9.750792443752289, "std_episode_reward": 21.40309116920856, "min_episode_reward": -9.862592697143555, "max_episode_reward": 80.98631286621094, "mean_episode_length": 85.25, "success_rate": 0.203125, "collision_rate": 0.796875, "out_of_bounds_rate": 0.0, "timeout_rate": 0.0, "policy_loss": 0.0033957160194404423, "value_loss": 14.537678956985474, "entropy": 0.6127597987651825, "approx_kl": 0.012668443960137665, "clip_fraction": 0.13446044921875, "grad_norm": 19.383724689483643, "explained_variance": 0.2607467770576477, "action_std_mean": 0.3287724256515503, "optimizer_iterations": 4.0, "lr": 9.393792e-05}
{"step": 319488, "wall_time": 1790699098.4651968, "episodes_completed": 66.0, "mean_episode_reward": 10.613369515447905, "std_episode_reward": 19.639251595387577, "min_episode_reward": -9.826067924499512, "max_episode_reward": 64.31431579589844, "mean_episode_length": 82.84848484848484, "success_rate": 0.3787878787878788, "collision_rate": 0.6212121212121212, "out_of_bounds_rate": 0.0, "timeout_rate": 0.0, "policy_loss": 0.0062979282811284065, "value_loss": 13.1764554977417, "entropy": 0.612734854221344, "approx_kl": 0.01075139525346458, "clip_fraction": 0.107177734375, "grad_norm": 18.608290672302246, "explained_variance": 0.30593860149383545, "action_std_mean": 0.32875242829322815, "optimizer_iterations": 4.0, "lr": 9.377408e-05}
{"step": 327680, "wall_time": 1790699130.2690816, "episodes_completed": 63.0, "mean_episode_reward": 15.172478395795066, "std_episode_reward": 26.465983195701487, "min_episode_reward": -9.846693992614746, "max_episode_reward": 102.83082580566406, "mean_episode_length": 105.26984126984127, "success_rate": 0.3968253968253968, "collision_rate": 0.6031746031746031, "out_of_bounds_rate": 0.0, "timeout_rate": 0.0, "policy_loss": 0.006739464588463306, "value_loss": 11.676148414611816, "entropy": 0.6125465333461761, "approx_kl": 0.023319989442825317, "clip_fraction": 0.190399169921875, "grad_norm": 20.59073781967163, "explained_variance": 0.2738468647003174, "action_std_mean": 0.32870885729789734, "optimizer_iterations": 4.0, "lr": 9.361024000000001e-05}
{"step": 335872, "wall_time": 1790699162.2807612, "episodes_completed": 68.0, "mean_episode_reward": 12.017649194773506, "std_episode_reward": 20.740255365904478, "min_episode_reward": -9.817556381225586, "max_episode_reward": 79.89152526855469, "mean_episode_length": 84.73529411764706, "success_rate": 0.36764705882352944, "collision_rate": 0.6323529411764706, "out_of_bounds_rate": 0.0, "timeout_rate": 0.0, "policy_loss": 0.010338112246245146, "value_loss": 12.0638267993927, "entropy": 0.6122762858867645, "approx_kl": 0.03176992479711771, "clip_fraction": 0.267120361328125, "grad_norm": 22.178884029388428, "explained_variance": 0.3379369378089905, "action_std_mean": 0.3286705017089844, "optimizer_iterations": 4.0, "lr": 9.34464e-05}
{"step": 344064, "wall_time": 1790699194.1340036, "episodes_completed": 74.0, "mean_episode_reward": 5.288894640432821, "std_episode_reward": 16.73112315421141, "min_episode_reward": -9.877121925354004, "max_episode_reward": 83.40230560302734, "mean_episode_length": 61.86486486486486, "success_rate": 0.22972972972972974, "collision_rate": 0.7702702702702703, "out_of_bounds_rate": 0.0, "timeout_rate": 0.0, "policy_loss": 0.008789919782429934, "value_loss": 16.945011615753174, "entropy": 0.6120757162570953, "approx_kl": 0.014818520518019795, "clip_fraction": 0.163421630859375, "grad_norm": 40.6808385848999, "explained_variance": 0.2651408314704895, "action_std_mean": 0.32864367961883545, "optimizer_iterations": 4.0, "lr": 9.328256e-05}
{"step": 352256, "wall_time": 1790699225.643981, "episodes_completed": 70.0, "mean_episode_reward": 11.219007444381713, "std_episode_reward": 23.411224712696466, "min_episode_reward": -9.810839653015137, "max_episode_reward": 83.93387603759766, "mean_episode_length": 90.32857142857142, "success_rate": 0.2857142857142857, "collision_rate": 0.7142857142857143, "out_of_bounds_rate": 0.0, "timeout_rate": 0.0, "policy_loss": 0.00418274593539536, "value_loss": 13.923918008804321, "entropy": 0.6119562983512878, "approx_kl": 0.01349928299896419, "clip_fraction": 0.15081787109375, "grad_norm": 29.656894207000732, "explained_variance": 0.4296416640281677, "action_std_mean": 0.32863903045654297, "optimizer_iterations": 4.0, "lr": 9.311872000000001e-05}
{"step": 360448, "wall_time": 1790699257.5787773, "episodes_completed": 88.0, "mean_episode_reward": 8.57830399274826, "std_episode_reward": 21.64837369201965, "min_episode_reward": -9.92389965057373, "max_episode_reward": 94.16058349609375, "mean_episode_length": 72.19318181818181, "success_rate": 0.26136363636363635, "collision_rate": 0.7386363636363636, "out_of_bounds_rate": 0.0, "timeout_rate": 0.0, "policy_loss": 0.005546718603000045, "value_loss": 16.498204231262207, "entropy": 0.6119740307331085, "approx_kl": 0.017899750382639468, "clip_fraction": 0.169036865234375, "grad_norm": 41.77799320220947, "explained_variance": 0.34921908378601074, "action_std_mean": 0.3286523222923279, "optimizer_iterations": 4.0, "lr": 9.295488e-05}
{"step": 368640, "wall_time": 1790699288.626136, "episodes_completed": 57.0, "mean_episode_reward": 14.021014556550144, "std_episode_reward": 24.50454873938511, "min_episode_reward": -9.968172073364258, "max_episode_reward": 90.46115112304688, "mean_episode_length": 107.08771929824562, "success_rate": 0.3157894736842105, "collision_rate": 0.6842105263157895, "out_of_bounds_rate": 0.0, "timeout_rate": 0.0, "policy_loss": 0.010152136906981468, "value_loss": 10.059271097183228, "entropy": 0.6120063960552216, "approx_kl": 0.018484147265553474, "clip_fraction": 0.168731689453125, "grad_norm": 26.61728525161743, "explained_variance": 0.3795648217201233, "action_std_mean": 0.328632652759552, "optimizer_iterations": 4.0, "lr": 9.279104e-05}
{"step": 376832, "wall_time": 1790699320.2798073, "episodes_completed": 72.0, "mean_episode_reward": 9.840469274255964, "std_episode_reward": 18.987875183578005, "min_episode_reward": -9.807371139526367, "max_episode_reward": 64.54536437988281, "mean_episode_length": 87.94444444444444, "success_rate": 0.2638888888888889, "collision_rate": 0.7361111111111112, "out_of_bounds_rate": 0.0, "timeout_rate": 0.0, "policy_loss": 0.0024887470062822104, "value_loss": 15.932490348815918, "entropy": 0.6118213832378387, "approx_kl": 0.007824388099834323, "clip_fraction": 0.095489501953125, "grad_norm": 26.83553981781006, "explained_variance": 0.31025558710098267, "action_std_mean": 0.3285989463329315, "optimizer_iterations": 4.0, "lr": 9.26272e-05}
{"step": 385024, "wall_time": 1790699352.0951238, "episodes_completed": 77.0, "mean_episode_reward": 10.457660767939183, "std_episode_reward": 19.585048109154766, "min_episode_reward": -9.842613220214844, "max_episode_reward": 64.7562484741211, "mean_episode_length": 84.48051948051948, "success_rate": 0.3116883116883117, "collision_rate": 0.6883116883116883, "out_of_bounds_rate": 0.0, "timeout_rate": 0.0, "policy_loss": 0.0031013116240501404, "value_loss": 14.485646724700928, "entropy": 0.6116428971290588, "approx_kl": 0.009261777624487877, "clip_fraction": 0.1072998046875, "grad_norm": 24.82286834716797, "explained_variance": 0.3058849573135376, "action_std_mean": 0.3285767436027527, "optimizer_iterations": 4.0, "lr": 9.246336e-05}
{"step": 393216, "wall_time": 1790699383.8000102, "episodes_completed": 77.0, "mean_episode_reward": 9.724010195050921, "std_episode_reward": 19.78889748941437, "min_episode_reward": -9.81333065032959, "max_episode_reward": 74.23553466796875, "mean_episode_length": 77.66233766233766, "success_rate": 0.33766233766233766, "collision_rate": 0.6623376623376623, "out_of_bounds_rate": 0.0, "timeout_rate": 0.0, "policy_loss": 0.004904318600893021, "value_loss": 13.795509576797485, "entropy": 0.6115458309650421, "approx_kl": 0.011945393402129412, "clip_fraction": 0.12353515625, "grad_norm": 29.406126022338867, "explained_variance": 0.37531137466430664, "action_std_mean": 0.32857829332351685, "optimizer_iterations": 4.0, "lr": 9.229952e-05}
{"step": 401408, "wall_time": 1790699415.7602267, "episodes_completed": 59.0, "mean_episode_reward": 12.683749013027903, "std_episode_reward": 24.001536566760805, "min_episode_reward": -9.804620742797852, "max_episode_reward": 94.11302185058594, "mean_episode_length": 101.76271186440678, "success_rate": 0.2711864406779661, "collision_rate": 0.7288135593220338, "out_of_bounds_rate": 0.0, "timeout_rate": 0.0, "policy_loss": 0.012440260965377092, "value_loss": 11.620136737823486, "entropy": 0.6116029620170593, "approx_kl": 0.02421169215813279, "clip_fraction": 0.212860107421875, "grad_norm": 45.66967487335205, "explained_variance": 0.49137818813323975, "action_std_mean": 0.32859763503074646, "optimizer_iterations": 4.0, "lr": 9.213568e-05}
{"step": 409600, "wall_time": 1790699446.9367175, "episodes_completed": 57.0, "mean_episode_reward": 14.652913553672924, "std_episode_reward": 21.796598390676913, "min_episode_reward": -9.888298034667969, "max_episode_reward": 77.72116088867188, "mean_episode_length": 99.43859649122807, "success_rate": 0.3684210526315789, "collision_rate": 0.631578947368421, "out_of_bounds_rate": 0.0, "timeout_rate": 0.0, "policy_loss": 0.004729393403977156, "value_loss": 11.256148099899292, "entropy": 0.6117151975631714, "approx_kl": 0.01238046120852232, "clip_fraction": 0.120147705078125, "grad_norm": 23.45027780532837, "explained_variance": 0.3343653082847595, "action_std_mean": 0.32861268520355225, "optimizer_iterations": 4.0, "lr": 9.197184000000001e-05}
{"step": 417792, "wall_time": 1790699478.6689672, "episodes_completed": 60.0, "mean_episode_reward": 14.404716157913208, "std_episode_reward": 22.976120444712237, "min_episode_reward": -9.831790924072266, "max_episode_reward": 86.16453552246094, "mean_episode_length": 103.4, "success_rate": 0.31666666666666665, "collision_rate": 0.6833333333333333, "out_of_bounds_rate": 0.0, "timeout_rate": 0.0, "policy_loss": 0.005421776324510574, "value_loss": 12.395334720611572, "entropy": 0.6118070185184479, "approx_kl": 0.015302243293263018, "clip_fraction": 0.157073974609375, "grad_norm": 32.74335956573486, "explained_variance": 0.4572764039039612, "action_std_mean": 0.3286338448524475, "optimizer_iterations": 4.0, "lr": 9.1808e-05}
{"step": 425984, "wall_time": 1790699509.975872, "episodes_completed": 43.0, "mean_episode_reward": 19.0162727777348, "std_episode_reward": 25.026682547329663, "min_episode_reward": -9.802577018737793, "max_episode_reward": 80.82701110839844, "mean_episode_length": 124.79069767441861, "success_rate": 0.4186046511627907, "collision_rate": 0.5813953488372093, "out_of_bounds_rate": 0.0, "timeout_rate": 0.0, "policy_loss": 0.003549397340975702, "value_loss": 8.245189189910889, "entropy": 0.611950695514679, "approx_kl": 0.012172556016594172, "clip_fraction": 0.133758544921875, "grad_norm": 30.720316410064697, "explained_variance": 0.4205135107040405, "action_std_mean": 0.3286609649658203, "optimizer_iterations": 4.0, "lr": 9.164416e-05}
{"step": 434176, "wall_time": 1790699541.3327007, "episodes_completed": 63.0, "mean_episode_reward": 16.27946805197095, "std_episode_reward": 24.05433874061432, "min_episode_reward": -9.84565544128418, "max_episode_reward": 101.25189971923828, "mean_episode_length": 98.15873015873017, "success_rate": 0.4603174603174603, "collision_rate": 0.5396825396825397, "out_of_bounds_rate": 0.0, "timeout_rate": 0.0, "policy_loss": 2.2541731595993042e-05, "value_loss": 8.540070533752441, "entropy": 0.6120945513248444, "approx_kl": 0.005174062884179875, "clip_fraction": 0.060882568359375, "grad_norm": 33.51999759674072, "explained_variance": 0.4599444270133972, "action_std_mean": 0.3286724090576172, "optimizer_iterations": 4.0, "lr": 9.148032000000001e-05}
{"step": 442368, "wall_time": 1790699572.8525102, "episodes_completed": 76.0, "mean_episode_reward": 8.953389983428153, "std_episode_reward": 20.394171715217066, "min_episode_reward": -10.084538459777832, "max_episode_reward": 78.20992279052734, "mean_episode_length": 76.4342105263158, "success_rate": 0.25, "collision_rate": 0.75, "out_of_bounds_rate": 0.0, "timeout_rate": 0.0, "policy_loss": 0.005336865317076445, "value_loss": 13.753268718719482, "entropy": 0.6121364235877991, "approx_kl": 0.013941794051788747, "clip_fraction": 0.13153076171875, "grad_norm": 22.309346199035645, "explained_variance": 0.40318232774734497, "action_std_mean": 0.32868286967277527, "optimizer_iterations": 4.0, "lr": 9.131648e-05}
{"step": 450560, "wall_time": 1790699604.2266781, "episodes_completed": 68.0, "mean_episode_reward": 12.668875532991747, "std_episode_reward": 21.90679389120756, "min_episode_reward": -9.890296936035156, "max_episode_reward": 93.38706970214844, "mean_episode_length": 92.95588235294117, "success_rate": 0.3088235294117647, "collision_rate": 0.6911764705882353, "out_of_bounds_rate": 0.0, "timeout_rate": 0.0, "policy_loss": 0.003585824742913246, "value_loss": 13.176602125167847, "entropy": 0.6122142970561981, "approx_kl": 0.014367683790624142, "clip_fraction": 0.155975341796875, "grad_norm": 30.140535831451416, "explained_variance": 0.3901282548904419, "action_std_mean": 0.3286985158920288, "optimizer_iterations": 4.0, "lr": 9.115264e-05}
{"step": 458752, "wall_time": 1790699635.2897458, "episodes_completed": 65.0, "mean_episode_reward": 10.443935166872464, "std_episode_reward": 22.19674056025156, "min_episode_reward": -9.894418716430664, "max_episode_reward": 81.64129638671875, "mean_episode_length": 87.03076923076924, "success_rate": 0.2923076923076923, "collision_rate": 0.7076923076923077, "out_of_bounds_rate": 0.0, "timeout_rate": 0.0, "policy_loss": 0.002366074360907078, "value_loss": 11.124680042266846, "entropy": 0.6122883856296539, "approx_kl": 0.010564502328634262, "clip_fraction": 0.126129150390625, "grad_norm": 20.995086193084717, "explained_variance": 0.5346503257751465, "action_std_mean": 0.3287056088447571, "optimizer_iterations": 4.0, "lr": 9.09888e-05}
{"step": 466944, "wall_time": 1790699666.8144321, "episodes_completed": 74.0, "mean_episode_reward": 8.855109266332677, "std_episode_reward": 21.922007379880696, "min_episode_reward": -9.930384635925293, "max_episode_reward": 88.87191772460938, "mean_episode_length": 92.56756756756756, "success_rate": 0.14864864864864866, "collision_rate": 0.8513513513513513, "out_of_bounds_rate": 0.0, "timeout_rate": 0.0, "policy_loss": 0.009610668988898396, "value_loss": 17.912519454956055, "entropy": 0.6123292744159698, "approx_kl": 0.019208197481930256, "clip_fraction": 0.2081298828125, "grad_norm": 47.937275886535645, "explained_variance": 0.4173125624656677, "action_std_mean": 0.32871687412261963, "optimizer_iterations": 4.0, "lr": 9.082496000000001e-05}
{"step": 475136, "wall_time": 1790699698.5593917, "episodes_completed": 60.0, "mean_episode_reward": 6.607999730110168, "std_episode_reward": 18.397795668688154, "min_episode_reward": -9.893976211547852, "max_episode_reward": 89.11347198486328, "mean_episode_length": 82.08333333333333, "success_rate": 0.15, "collision_rate": 0.85, "out_of_bounds_rate": 0.0, "timeout_rate": 0.0, "policy_loss": 0.003105748910456896, "value_loss": 13.761197805404663, "entropy": 0.6123806834220886, "approx_kl": 0.008984327723737806, "clip_fraction": 0.080535888671875, "grad_norm": 42.866220474243164, "explained_variance": 0.43960416316986084, "action_std_mean": 0.32871806621551514, "optimizer_iterations": 4.0, "lr": 9.066112e-05}
{"step": 483328, "wall_time": 1790699730.3215265, "episodes_completed": 67.0, "mean_episode_reward": 6.305753544195374, "std_episode_reward": 16.114131522924573, "min_episode_reward": -9.82168960571289, "max_episode_reward": 61.69388961791992, "mean_episode_length": 85.77611940298507, "success_rate": 0.26865671641791045, "collision_rate": 0.7313432835820896, "out_of_bounds_rate": 0.0, "timeout_rate": 0.0, "policy_loss": -0.0006045405752956867, "value_loss": 12.432127714157104, "entropy": 0.6123690605163574, "approx_kl": 0.006170459819259122, "clip_fraction": 0.079315185546875, "grad_norm": 30.710413932800293, "explained_variance": 0.3998754024505615, "action_std_mean": 0.32871562242507935, "optimizer_iterations": 4.0, "lr": 9.049728e-05}
{"step": 491520, "wall_time": 1790699761.7885437, "episodes_completed": 69.0, "mean_episode_reward": 9.580328167348668, "std_episode_reward": 17.38576183267355, "min_episode_reward": -9.84624195098877, "max_episode_reward": 72.71255493164062, "mean_episode_length": 90.8840579710145, "success_rate": 0.2463768115942029, "collision_rate": 0.7536231884057971, "out_of_bounds_rate": 0.0, "timeout_rate": 0.0, "policy_loss": -0.0009393880609422922, "value_loss": 13.53856635093689, "entropy": 0.612367182970047, "approx_kl": 0.003823072009254247, "clip_fraction": 0.04107666015625, "grad_norm": 31.3436541557312, "explained_variance": 0.39524275064468384, "action_std_mean": 0.3287181854248047, "optimizer_iterations": 4.0, "lr": 9.033344000000001e-05}
{"step": 499712, "wall_time": 1790699793.1723216, "episodes_completed": 51.0, "mean_episode_reward": 8.29679786457735, "std_episode_reward": 19.42135774161896, "min_episode_reward": -9.845277786254883, "max_episode_reward": 61.89195251464844, "mean_episode_length": 99.37254901960785, "success_rate": 0.27450980392156865, "collision_rate": 0.7254901960784313, "out_of_bounds_rate": 0.0, "timeout_rate": 0.0, "policy_loss": 0.007786020170897245, "value_loss": 8.591600894927979, "entropy": 0.6123790740966797, "approx_kl": 0.01692246343009174, "clip_fraction": 0.170806884765625, "grad_norm": 21.75873374938965, "explained_variance": 0.5667158365249634, "action_std_mean": 0.32871538400650024, "optimizer_iterations": 4.0, "lr": 9.016960000000001e-05}
{"step": 507904, "wall_time": 1790699824.8837695, "episodes_completed": 65.0, "mean_episode_reward": 7.696340905703031, "std_episode_reward": 18.80893987720574, "min_episode_reward": -10.020623207092285, "max_episode_reward": 61.91730499267578, "mean_episode_length": 83.04615384615384, "success_rate": 0.26153846153846155, "collision_rate": 0.7384615384615385, "out_of_bounds_rate": 0.0, "timeout_rate": 0.0, "policy_loss": 0.008144766790792346, "value_loss": 10.92031216621399, "entropy": 0.6123629808425903, "approx_kl": 0.0158598804846406, "clip_fraction": 0.18341064453125, "grad_norm": 23.816200733184814, "explained_variance": 0.49527013301849365, "action_std_mean": 0.3287234306335449, "optimizer_iterations": 4.0, "lr": 9.000576e-05}
{"step": 516096, "wall_time": 1790699856.0836337, "episodes_completed": 63.0, "mean_episode_reward": 8.360980593968952, "std_episode_reward": 16.96699879252167, "min_episode_reward": -9.914119720458984, "max_episode_reward": 68.79137420654297, "mean_episode_length": 81.47619047619048, "success_rate": 0.31746031746031744, "collision_rate": 0.6825396825396826, "out_of_bounds_rate": 0.0, "timeout_rate": 0.0, "policy_loss": 0.005249484675005078, "value_loss": 11.508447885513306, "entropy": 0.6124432384967804, "approx_kl": 0.018227056367322803, "clip_fraction": 0.20452880859375, "grad_norm": 26.21091318130493, "explained_variance": 0.441326379776001, "action_std_mean": 0.32873809337615967, "optimizer_iterations": 4.0, "lr": 8.984192e-05}
{"step": 524288, "wall_time": 1790699887.9576025, "episodes_completed": 59.0, "mean_episode_reward": 13.1785825228287, "std_episode_reward": 22.121500768321592, "min_episode_reward": -9.885483741760254, "max_episode_reward": 83.51535034179688, "mean_episode_length": 99.01694915254237, "success_rate": 0.3898305084745763, "collision_rate": 0.6101694915254238, "out_of_bounds_rate": 0.0, "timeout_rate": 0.0, "policy_loss": 0.0005377011839300394, "value_loss": 9.496802806854248, "entropy": 0.6125543117523193, "approx_kl": 0.006047900998964906, "clip_fraction": 0.071075439453125, "grad_norm": 15.955566167831421, "explained_variance": 0.47065526247024536, "action_std_mean": 0.32876884937286377, "optimizer_iterations": 4.0, "lr": 8.967808000000001e-05}
{"step": 532480, "wall_time": 1790699919.2127502, "episodes_completed": 66.0, "mean_episode_reward": 12.629664724523371, "std_episode_reward": 20.331552999211226, "min_episode_reward": -9.854291915893555, "max_episode_reward": 75.63591003417969, "mean_episode_length": 91.75757575757575, "success_rate": 0.3181818181818182, "collision_rate": 0.6818181818181818, "out_of_bounds_rate": 0.0, "timeout_rate": 0.0, "policy_loss": 0.0019237587694078684, "value_loss": 11.277266025543213, "entropy": 0.6127419769763947, "approx_kl": 0.009132301551289856, "clip_fraction": 0.097412109375, "grad_norm": 22.72780418395996, "explained_variance": 0.49167513847351074, "action_std_mean": 0.32879266142845154, "optimizer_iterations": 4.0, "lr": 8.951424e-05}
{"step": 540672, "wall_time": 1790699950.961056, "episodes_completed": 81.0, "mean_episode_reward": 10.55808044951639, "std_episode_reward": 18.704200281056114, "min_episode_reward": -9.870587348937988, "max_episode_reward": 67.35015106201172, "mean_episode_length": 77.24691358024691, "success_rate": 0.345679012345679, "collision_rate": 0.654320987654321, "out_of_bounds_rate": 0.0, "timeout_rate": 0.0, "policy_loss": 0.011005392298102379, "value_loss": 13.702722311019897, "entropy": 0.6128243207931519, "approx_kl": 0.01957928342744708, "clip_fraction": 0.18646240234375, "grad_norm": 38.45231056213379, "explained_variance": 0.43231046199798584, "action_std_mean": 0.32879504561424255, "optimizer_iterations": 4.0, "lr": 8.93504e-05}
{"step": 548864, "wall_time": 1790699982.4164937, "episodes_completed": 71.0, "mean_episode_reward": 12.066871266969493, "std_episode_reward": 20.219256093930017, "min_episode_reward": -9.854897499084473, "max_episode_reward": 80.94918823242188, "mean_episode_length": 95.01408450704226, "success_rate": 0.2676056338028169, "collision_rate": 0.7323943661971831, "out_of_bounds_rate": 0.0, "timeout_rate": 0.0, "policy_loss": 0.010793294524773955, "value_loss": 13.593497037887573, "entropy": 0.6128158867359161, "approx_kl": 0.01628758991137147, "clip_fraction": 0.1790771484375, "grad_norm": 54.445372581481934, "explained_variance": 0.43666011095046997, "action_std_mean": 0.32878994941711426, "optimizer_iterations": 4.0, "lr": 8.918656000000001e-05}
{"step": 557056, "wall_time": 1790700014.1368906, "episodes_completed": 80.0, "mean_episode_reward": 6.959443664550781, "std_episode_reward": 19.385045405573358, "min_episode_reward": -9.855335235595703, "max_episode_reward": 83.78314208984375, "mean_episode_length": 75.6, "success_rate": 0.15, "collision_rate": 0.85, "out_of_bounds_rate": 0.0, "timeout_rate": 0.0, "policy_loss": 0.002338985912501812, "value_loss": 15.5620436668396, "entropy": 0.6127780079841614, "approx_kl": 0.005619080271571875, "clip_fraction": 0.071533203125, "grad_norm": 49.38638496398926, "explained_variance": 0.46701157093048096, "action_std_mean": 0.32878726720809937, "optimizer_iterations": 4.0, "lr": 8.902272e-05}
{"step": 565248, "wall_time": 1790700045.6704786, "episodes_completed": 71.0, "mean_episode_reward": 10.67619803925635, "std_episode_reward": 16.72539926298736, "min_episode_reward": -9.820697784423828, "max_episode_reward": 56.4911003112793, "mean_episode_length": 82.73239436619718, "success_rate": 0.29577464788732394, "collision_rate": 0.704225352112676, "out_of_bounds_rate": 0.0, "timeout_rate": 0.0, "policy_loss": 0.0012756404466927052, "value_loss": 13.815505504608154, "entropy": 0.6127581596374512, "approx_kl": 0.005813784548081458, "clip_fraction": 0.068756103515625, "grad_norm": 40.66451168060303, "explained_variance": 0.4672071933746338, "action_std_mean": 0.3287820816040039, "optimizer_iterations": 4.0, "lr": 8.885888e-05}
{"step": 573440, "wall_time": 1790700076.9959276, "episodes_completed": 75.0, "mean_episode_reward": 8.019170659383137, "std_episode_reward": 19.946101962279723, "min_episode_reward": -9.818580627441406, "max_episode_reward": 67.73577117919922, "mean_episode_length": 74.06666666666666, "success_rate": 0.24, "collision_rate": 0.76, "out_of_bounds_rate": 0.0, "timeout_rate": 0.0, "policy_loss": -0.0005471161566674709, "value_loss": 15.905325174331665, "entropy": 0.6127337515354156, "approx_kl": 0.003863051417283714, "clip_fraction": 0.044403076171875, "grad_norm": 28.632001399993896, "explained_variance": 0.39236873388290405, "action_std_mean": 0.32878756523132324, "optimizer_iterations": 4.0, "lr": 8.869504e-05}
{"step": 581632, "wall_time": 1790700108.4669206, "episodes_completed": 76.0, "mean_episode_reward": 11.224448291878952, "std_episode_reward": 21.009785579456732, "min_episode_reward": -9.822208404541016, "max_episode_reward": 74.0343246459961, "mean_episode_length": 79.35526315789474, "success_rate": 0.3684210526315789, "collision_rate": 0.631578947368421, "out_of_bounds_rate": 0.0, "timeout_rate": 0.0, "policy_loss": 0.007480395259335637, "value_loss": 12.65922498703003, "entropy": 0.6127850711345673, "approx_kl": 0.020609031431376934, "clip_fraction": 0.155120849609375, "grad_norm": 25.582176208496094, "explained_variance": 0.44917571544647217, "action_std_mean": 0.32879555225372314, "optimizer_iterations": 4.0, "lr": 8.85312e-05}
{"step": 589824, "wall_time": 1790700140.2575588, "episodes_completed": 64.0, "mean_episode_reward": 13.020286746323109, "std_episode_reward": 25.287383767272924, "min_episode_reward": -9.81871509552002, "max_episode_reward": 92.4886703491211, "mean_episode_length": 94.828125, "success_rate": 0.3125, "collision_rate": 0.6875, "out_of_bounds_rate": 0.0, "timeout_rate": 0.0, "policy_loss": 0.0009635458700358868, "value_loss": 10.585980892181396, "entropy": 0.6127903759479523, "approx_kl": 0.004552369704470038, "clip_fraction": 0.047332763671875, "grad_norm": 45.57231330871582, "explained_variance": 0.5344960689544678, "action_std_mean": 0.32878249883651733, "optimizer_iterations": 4.0, "lr": 8.836736000000001e-05}
{"step": 598016, "wall_time": 1790700171.350727, "episodes_completed": 80.0, "mean_episode_reward": 12.703360712528228, "std_episode_reward": 22.082741549971498, "min_episode_reward": -9.922974586486816, "max_episode_reward": 103.10350036621094, "mean_episode_length": 89.2, "success_rate": 0.3125, "collision_rate": 0.6875, "out_of_bounds_rate": 0.0, "timeout_rate": 0.0, "policy_loss": 0.003977605141699314, "value_loss": 15.263689756393433, "entropy": 0.6126896440982819, "approx_kl": 0.008589104400016367, "clip_fraction": 0.0975341796875, "grad_norm": 38.032532691955566, "explained_variance": 0.379047155380249, "action_std_mean": 0.32876741886138916, "optimizer_iterations": 4.0, "lr": 8.820352e-05}
{"step": 606208, "wall_time": 1790700202.9039161, "episodes_completed": 85.0, "mean_episode_reward": 10.780488732281853, "std_episode_reward": 22.212825652965897, "min_episode_reward": -9.855576515197754, "max_episode_reward": 93.40474700927734, "mean_episode_length": 81.24705882352941, "success_rate": 0.3058823529411765, "collision_rate": 0.6941176470588235, "out_of_bounds_rate": 0.0, "timeout_rate": 0.0, "policy_loss": 0.003471183590590954, "value_loss": 13.45049524307251, "entropy": 0.6126154065132141, "approx_kl": 0.011021089158020914, "clip_fraction": 0.119781494140625, "grad_norm": 28.059343814849854, "explained_variance": 0.5040450692176819, "action_std_mean": 0.3287608325481415, "optimizer_iterations": 4.0, "lr": 8.803968000000001e-05}
{"step": 614400, "wall_time": 1790700233.9916658, "episodes_completed": 60.0, "mean_episode_reward": 10.836274154980977, "std_episode_reward": 20.583176814867553, "min_episode_reward": -9.82341480255127, "max_episode_reward": 72.8026123046875, "mean_episode_length": 87.16666666666667, "success_rate": 0.3, "collision_rate": 0.7, "out_of_bounds_rate": 0.0, "timeout_rate": 0.0, "policy_loss": 0.0011108689941465855, "value_loss": 10.31331729888916, "entropy": 0.6126058101654053, "approx_kl": 0.005728030810132623, "clip_fraction": 0.065155029296875, "grad_norm": 28.0706467628479, "explained_variance": 0.590889036655426, "action_std_mean": 0.32876503467559814, "optimizer_iterations": 4.0, "lr": 8.787584e-05}
{"step": 622592, "wall_time": 1790700265.4147472, "episodes_completed": 65.0, "mean_episode_reward": 13.240480239574726, "std_episode_reward": 16.998849812369105, "min_episode_reward": -10.112467765808105, "max_episode_reward": 53.51602554321289, "mean_episode_length": 89.6, "success_rate": 0.35384615384615387, "collision_rate": 0.6461538461538462, "out_of_bounds_rate": 0.0, "timeout_rate": 0.0, "policy_loss": 0.00437844661064446, "value_loss": 12.75616717338562, "entropy": 0.6126384139060974, "approx_kl": 0.014943003188818693, "clip_fraction": 0.16058349609375, "grad_norm": 46.58215808868408, "explained_variance": 0.45765507221221924, "action_std_mean": 0.328771710395813, "optimizer_iterations": 4.0, "lr": 8.7712e-05}
{"step": 630784, "wall_time": 1790700296.7892675, "episodes_completed": 66.0, "mean_episode_reward": 14.174223957639752, "std_episode_reward": 24.640884065943283, "min_episode_reward": -9.889619827270508, "max_episode_reward": 91.59516143798828, "mean_episode_length": 96.51515151515152, "success_rate": 0.3484848484848485, "collision_rate": 0.6515151515151515, "out_of_bounds_rate": 0.0, "timeout_rate": 0.0, "policy_loss": 0.0014488801825791597, "value_loss": 11.689497232437134, "entropy": 0.6126792728900909, "approx_kl": 0.005986450240015984, "clip_fraction": 0.069488525390625, "grad_norm": 48.104942321777344, "explained_variance": 0.4794715642929077, "action_std_mean": 0.3287792205810547, "optimizer_iterations": 4.0, "lr": 8.754816000000001e-05}
{"step": 638976, "wall_time": 1790700328.3035297, "episodes_completed": 70.0, "mean_episode_reward": 12.467130960736956, "std_episode_reward": 19.44641923591115, "min_episode_reward": -9.81536865234375, "max_episode_reward": 63.2531852722168, "mean_episode_length": 91.97142857142858, "success_rate": 0.3, "collision_rate": 0.7, "out_of_bounds_rate": 0.0, "timeout_rate": 0.0, "policy_loss": -0.00043687786092050374, "value_loss": 12.019105434417725, "entropy": 0.6127156019210815, "approx_kl": 0.004140211618505418, "clip_fraction": 0.043304443359375, "grad_norm": 31.458781242370605, "explained_variance": 0.5099795460700989, "action_std_mean": 0.3287811577320099, "optimizer_iterations": 4.0, "lr": 8.738432000000001e-05}
{"step": 647168, "wall_time": 1790700360.0177057, "episodes_completed": 81.0, "mean_episode_reward": 10.330613342332251, "std_episode_reward": 22.020866021452644, "min_episode_reward": -9.887650489807129, "max_episode_reward": 106.5995864868164, "mean_episode_length": 80.54320987654322, "success_rate": 0.2839506172839506, "collision_rate": 0.7160493827160493, "out_of_bounds_rate": 0.0, "timeout_rate": 0.0, "policy_loss": 0.004248391836881638, "value_loss": 13.550704956054688, "entropy": 0.6126939952373505, "approx_kl": 0.007046597544103861, "clip_fraction": 0.084747314453125, "grad_norm": 55.97054576873779, "explained_variance": 0.5129474997520447, "action_std_mean": 0.3287662863731384, "optimizer_iterations": 4.0, "lr": 8.722048e-05}
{"step": 655360, "wall_time": 1790700391.6987174, "episodes_completed": 68.0, "mean_episode_reward": 12.9532429821351, "std_episode_reward": 23.14958591416547, "min_episode_reward": -9.852510452270508, "max_episode_reward": 95.2965316772461, "mean_episode_length": 93.20588235294117, "success_rate": 0.29411764705882354, "collision_rate": 0.7058823529411765, "out_of_bounds_rate": 0.0, "timeout_rate": 0.0, "policy_loss": 0.0013284808956086636, "value_loss": 12.121317863464355, "entropy": 0.6125666499137878, "approx_kl": 0.008029803168028593, "clip_fraction": 0.096710205078125, "grad_norm": 43.710519313812256, "explained_variance": 0.5634499788284302, "action_std_mean": 0.32874032855033875, "optimizer_iterations": 4.0, "lr": 8.705664e-05}
{"step": 663552, "wall_time": 1790700423.5094104, "episodes_completed": 68.0, "mean_episode_reward": 10.698769955074086, "std_episode_reward": 24.216655812185962, "min_episode_reward": -11.673338890075684, "max_episode_reward": 85.89913940429688, "mean_episode_length": 87.80882352941177, "success_rate": 0.22058823529411764, "collision_rate": 0.7794117647058824, "out_of_bounds_rate": 0.0, "timeout_rate": 0.0, "policy_loss": 0.0004360195016488433, "value_loss": 14.040467500686646, "entropy": 0.6124253571033478, "approx_kl": 0.005908459424972534, "clip_fraction": 0.072784423828125, "grad_norm": 40.717416763305664, "explained_variance": 0.5025262832641602, "action_std_mean": 0.328727126121521, "optimizer_iterations": 4.0, "lr": 8.689280000000001e-05}
{"step": 671744, "wall_time": 1790700455.3360302, "episodes_completed": 77.0, "mean_episode_reward": 8.434895806498341, "std_episode_reward": 21.931404442891473, "min_episode_reward": -9.907407760620117, "max_episode_reward": 94.31727600097656, "mean_episode_length": 76.20779220779221, "success_rate": 0.2077922077922078, "collision_rate": 0.7922077922077922, "out_of_bounds_rate": 0.0, "timeout_rate": 0.0, "policy_loss": 0.001797820907086134, "value_loss": 14.455167770385742, "entropy": 0.6123837828636169, "approx_kl": 0.005905353929847479, "clip_fraction": 0.0653076171875, "grad_norm": 48.78804016113281, "explained_variance": 0.48593515157699585, "action_std_mean": 0.3287279009819031, "optimizer_iterations": 4.0, "lr": 8.672896e-05}
{"step": 679936, "wall_time": 1790700486.6452692, "episodes_completed": 46.0, "mean_episode_reward": 13.302034771960715, "std_episode_reward": 23.664773154350954, "min_episode_reward": -9.864701271057129, "max_episode_reward": 106.49589538574219, "mean_episode_length": 96.78260869565217, "success_rate": 0.30434782608695654, "collision_rate": 0.6956521739130435, "out_of_bounds_rate": 0.0, "timeout_rate": 0.0, "policy_loss": 0.00190259562805295, "value_loss": 9.859979152679443, "entropy": 0.6123806238174438, "approx_kl": 0.009554271819069982, "clip_fraction": 0.090850830078125, "grad_norm": 33.35102939605713, "explained_variance": 0.5622389912605286, "action_std_mean": 0.3287253677845001, "optimizer_iterations": 4.0, "lr": 8.656512000000002e-05}
{"step": 688128, "wall_time": 1790700518.2564082, "episodes_completed": 69.0, "mean_episode_reward": 13.53786407691845, "std_episode_reward": 20.17716426380877, "min_episode_reward": -9.863003730773926, "max_episode_reward": 69.45120239257812, "mean_episode_length": 93.8840579710145, "success_rate": 0.34782608695652173, "collision_rate": 0.6521739130434783, "out_of_bounds_rate": 0.0, "timeout_rate": 0.0, "policy_loss": 0.001442441949620843, "value_loss": 12.322903633117676, "entropy": 0.6123802363872528, "approx_kl": 0.006670490955002606, "clip_fraction": 0.077545166015625, "grad_norm": 48.665931701660156, "explained_variance": 0.547135591506958, "action_std_mean": 0.3287317752838135, "optimizer_iterations": 4.0, "lr": 8.640128000000001e-05}
{"step": 696320, "wall_time": 1790700549.8362265, "episodes_completed": 70.0, "mean_episode_reward": 8.262440245492117, "std_episode_reward": 18.278960384935726, "min_episode_reward": -9.871992111206055, "max_episode_reward": 65.99940490722656, "mean_episode_length": 70.5, "success_rate": 0.3, "collision_rate": 0.7, "out_of_bounds_rate": 0.0, "timeout_rate": 0.0, "policy_loss": 0.002570167649537325, "value_loss": 12.550811290740967, "entropy": 0.6124429106712341, "approx_kl": 0.0083186908159405, "clip_fraction": 0.084930419921875, "grad_norm": 35.56645488739014, "explained_variance": 0.5361511707305908, "action_std_mean": 0.3287489414215088, "optimizer_iterations": 4.0, "lr": 8.623744e-05}
{"step": 704512, "wall_time": 1790700581.3011441, "episodes_completed": 73.0, "mean_episode_reward": 10.880973789789905, "std_episode_reward": 21.628094315678204, "min_episode_reward": -9.870779037475586, "max_episode_reward": 89.12916564941406, "mean_episode_length": 87.63013698630137, "success_rate": 0.2876712328767123, "collision_rate": 0.7123287671232876, "out_of_bounds_rate": 0.0, "timeout_rate": 0.0, "policy_loss": 0.0007413458079099655, "value_loss": 12.7812819480896, "entropy": 0.612546443939209, "approx_kl": 0.006882790708914399, "clip_fraction": 0.0806884765625, "grad_norm": 33.631832122802734, "explained_variance": 0.5300717353820801, "action_std_mean": 0.3287598490715027, "optimizer_iterations": 4.0, "lr": 8.60736e-05}
{"step": 712704, "wall_time": 1790700612.690894, "episodes_completed": 76.0, "mean_episode_reward": 9.466554039403013, "std_episode_reward": 16.15659922119077, "min_episode_reward": -9.812105178833008, "max_episode_reward": 44.256568908691406, "mean_episode_length": 72.88157894736842, "success_rate": 0.32894736842105265, "collision_rate": 0.6710526315789473, "out_of_bounds_rate": 0.0, "timeout_rate": 0.0, "policy_loss": 0.0008418955840170383, "value_loss": 11.977949619293213, "entropy": 0.6125935614109039, "approx_kl": 0.005178518360480666, "clip_fraction": 0.06060791015625, "grad_norm": 41.03564119338989, "explained_variance": 0.589300274848938, "action_std_mean": 0.3287660479545593, "optimizer_iterations": 4.0, "lr": 8.590976e-05}
{"step": 720896, "wall_time": 1790700644.003463, "episodes_completed": 64.0, "mean_episode_reward": 12.116322487592697, "std_episode_reward": 22.775247873703663, "min_episode_reward": -9.844010353088379, "max_episode_reward": 76.07440185546875, "mean_episode_length": 85.0625, "success_rate": 0.328125, "collision_rate": 0.671875, "out_of_bounds_rate": 0.0, "timeout_rate": 0.0, "policy_loss": 0.0009877816773951054, "value_loss": 12.357849836349487, "entropy": 0.6126323044300079, "approx_kl": 0.004077499557752162, "clip_fraction": 0.04583740234375, "grad_norm": 38.823344707489014, "explained_variance": 0.440520703792572, "action_std_mean": 0.3287729322910309, "optimizer_iterations": 4.0, "lr": 8.574592e-05}
{"step": 729088, "wall_time": 1790700676.1601636, "episodes_completed": 75.0, "mean_episode_reward": 12.058571656545004, "std_episode_reward": 20.035504949867953, "min_episode_reward": -9.841090202331543, "max_episode_reward": 67.09284210205078, "mean_episode_length": 88.73333333333333, "success_rate": 0.29333333333333333, "collision_rate": 0.7066666666666667, "out_of_bounds_rate": 0.0, "timeout_rate": 0.0, "policy_loss": 0.0008219850715249777, "value_loss": 14.805135011672974, "entropy": 0.6126588881015778, "approx_kl": 0.003972311911638826, "clip_fraction": 0.04052734375, "grad_norm": 42.838566303253174, "explained_variance": 0.4768472909927368, "action_std_mean": 0.3287714123725891, "optimizer_iterations": 4.0, "lr": 8.558208000000001e-05}
{"step": 737280, "wall_time": 1790700708.0277305, "episodes_completed": 86.0, "mean_episode_reward": 10.62653643031453, "std_episode_reward": 24.35146243765098, "min_episode_reward": -9.850247383117676, "max_episode_reward": 95.60602569580078, "mean_episode_length": 81.13953488372093, "success_rate": 0.32558139534883723, "collision_rate": 0.6744186046511628, "out_of_bounds_rate": 0.0, "timeout_rate": 0.0, "policy_loss": 0.0014416842022910714, "value_loss": 13.214219808578491, "entropy": 0.6126333773136139, "approx_kl": 0.004784603021107614, "clip_fraction": 0.059295654296875, "grad_norm": 30.301093101501465, "explained_variance": 0.5360898971557617, "action_std_mean": 0.328762024641037, "optimizer_iterations": 4.0, "lr": 8.541824e-05}
{"step": 745472, "wall_time": 1790700739.5343475, "episodes_completed": 66.0, "mean_episode_reward": 11.297232743465539, "std_episode_reward": 22.551546385492664, "min_episode_reward": -9.854681968688965, "max_episode_reward": 89.36396789550781, "mean_episode_length": 92.62121212121212, "success_rate": 0.22727272727272727, "collision_rate": 0.7727272727272727, "out_of_bounds_rate": 0.0, "timeout_rate": 0.0, "policy_loss": 0.0018060305155813694, "value_loss": 14.376085758209229, "entropy": 0.6125788986682892, "approx_kl": 0.007066512946039438, "clip_fraction": 0.078460693359375, "grad_norm": 27.517410278320312, "explained_variance": 0.45355749130249023, "action_std_mean": 0.32875728607177734, "optimizer_iterations": 4.0, "lr": 8.52544e-05}
{"step": 753664, "wall_time": 1790700770.8050146, "episodes_completed": 86.0, "mean_episode_reward": 8.392143593278043, "std_episode_reward": 19.016698640027116, "min_episode_reward": -9.867081642150879, "max_episode_reward": 82.56657409667969, "mean_episode_length": 69.63953488372093, "success_rate": 0.26744186046511625, "collision_rate": 0.7325581395348837, "out_of_bounds_rate": 0.0, "timeout_rate": 0.0, "policy_loss": 0.004711678717285395, "value_loss": 14.806670427322388, "entropy": 0.6125680804252625, "approx_kl": 0.011106245219707489, "clip_fraction": 0.127197265625, "grad_norm": 45.97718334197998, "explained_variance": 0.5269228219985962, "action_std_mean": 0.32876020669937134, "optimizer_iterations": 4.0, "lr": 8.509056000000001e-05}
{"step": 761856, "wall_time": 1790700802.1782653, "episodes_completed": 68.0, "mean_episode_reward": 9.20247696427738, "std_episode_reward": 19.440656103998286, "min_episode_reward": -10.030550003051758, "max_episode_reward": 76.45477294921875, "mean_episode_length": 79.91176470588235, "success_rate": 0.25, "collision_rate": 0.75, "out_of_bounds_rate": 0.0, "timeout_rate": 0.0, "policy_loss": 0.005299592623487115, "value_loss": 14.509557008743286, "entropy": 0.6125911176204681, "approx_kl": 0.012343177804723382, "clip_fraction": 0.139862060546875, "grad_norm": 50.516082763671875, "explained_variance": 0.5169150829315186, "action_std_mean": 0.32876038551330566, "optimizer_iterations": 4.0, "lr": 8.492672e-05}
{"step": 770048, "wall_time": 1790700833.74716, "episodes_completed": 77.0, "mean_episode_reward": 10.88783412784725, "std_episode_reward": 20.060514895052894, "min_episode_reward": -9.857856750488281, "max_episode_reward": 95.76225280761719, "mean_episode_length": 89.54545454545455, "success_rate": 0.24675324675324675, "collision_rate": 0.7532467532467533, "out_of_bounds_rate": 0.0, "timeout_rate": 0.0, "policy_loss": 0.00519076525233686, "value_loss": 14.592949867248535, "entropy": 0.6125821471214294, "approx_kl": 0.00975023489445448, "clip_fraction": 0.10955810546875, "grad_norm": 41.937872886657715, "explained_variance": 0.476662814617157, "action_std_mean": 0.3287544250488281, "optimizer_iterations": 4.0, "lr": 8.476288e-05}
{"step": 778240, "wall_time": 1790700865.872341, "episodes_completed": 86.0, "mean_episode_reward": 6.634048395378645, "std_episode_reward": 16.828897759134065, "min_episode_reward": -9.847989082336426, "max_episode_reward": 74.79314422607422, "mean_episode_length": 62.13953488372093, "success_rate": 0.27906976744186046, "collision_rate": 0.7209302325581395, "out_of_bounds_rate": 0.0, "timeout_rate": 0.0, "policy_loss": 0.001006904523819685, "value_loss": 14.587291240692139, "entropy": 0.6125462651252747, "approx_kl": 0.005704957526177168, "clip_fraction": 0.0792236328125, "grad_norm": 38.59035015106201, "explained_variance": 0.531954288482666, "action_std_mean": 0.32874950766563416, "optimizer_iterations": 4.0, "lr": 8.459904000000001e-05}
{"step": 786432, "wall_time": 1790700897.8473778, "episodes_completed": 81.0, "mean_episode_reward": 8.872979699829479, "std_episode_reward": 19.84738350997997, "min_episode_reward": -9.866079330444336, "max_episode_reward": 79.2273941040039, "mean_episode_length": 81.1604938271605, "success_rate": 0.2345679012345679, "collision_rate": 0.7654320987654321, "out_of_bounds_rate": 0.0, "timeout_rate": 0.0, "policy_loss": 0.001621539006009698, "value_loss": 13.075419902801514, "entropy": 0.6125442981719971, "approx_kl": 0.005600417556706816, "clip_fraction": 0.0709228515625, "grad_norm": 43.17757987976074, "explained_variance": 0.5491175651550293, "action_std_mean": 0.3287549614906311, "optimizer_iterations": 4.0, "lr": 8.44352e-05}
{"step": 794624, "wall_time": 1790700929.6209779, "episodes_completed": 81.0, "mean_episode_reward": 9.81871113953767, "std_episode_reward": 19.64250907723795, "min_episode_reward": -9.8742036819458, "max_episode_reward": 77.16291809082031, "mean_episode_length": 78.76543209876543, "success_rate": 0.2716049382716049, "collision_rate": 0.7283950617283951, "out_of_bounds_rate": 0.0, "timeout_rate": 0.0, "policy_loss": 0.001525110099464655, "value_loss": 11.491547346115112, "entropy": 0.6125955581665039, "approx_kl": 0.005188652139622718, "clip_fraction": 0.066986083984375, "grad_norm": 35.32031536102295, "explained_variance": 0.6253432035446167, "action_std_mean": 0.3287641406059265, "optimizer_iterations": 4.0, "lr": 8.427136e-05}
{"step": 802816, "wall_time": 1790700961.670942, "episodes_completed": 89.0, "mean_episode_reward": 8.95369132717004, "std_episode_reward": 19.526238746849256, "min_episode_reward": -9.849925994873047, "max_episode_reward": 89.61701965332031, "mean_episode_length": 75.52808988764045, "success_rate": 0.2696629213483146, "collision_rate": 0.7303370786516854, "out_of_bounds_rate": 0.0, "timeout_rate": 0.0, "policy_loss": 0.002330989111214876, "value_loss": 13.391868591308594, "entropy": 0.6126429736614227, "approx_kl": 0.005533668911084533, "clip_fraction": 0.063812255859375, "grad_norm": 58.94930458068848, "explained_variance": 0.6194345951080322, "action_std_mean": 0.328768253326416, "optimizer_iterations": 4.0, "lr": 8.410752000000001e-05}
{"step": 811008, "wall_time": 1790700993.2669182, "episodes_completed": 71.0, "mean_episode_reward": 12.17538078066329, "std_episode_reward": 19.45577702247777, "min_episode_reward": -9.820115089416504, "max_episode_reward": 80.28768920898438, "mean_episode_length": 93.04225352112677, "success_rate": 0.28169014084507044, "collision_rate": 0.7183098591549296, "out_of_bounds_rate": 0.0, "timeout_rate": 0.0, "policy_loss": 0.0008897079387679696, "value_loss": 13.738720655441284, "entropy": 0.6126393377780914, "approx_kl": 0.0034931040136143565, "clip_fraction": 0.039337158203125, "grad_norm": 34.304179191589355, "explained_variance": 0.4969884753227234, "action_std_mean": 0.32875335216522217, "optimizer_iterations": 4.0, "lr": 8.394368e-05}
{"step": 819200, "wall_time": 1790701024.7131999, "episodes_completed": 85.0, "mean_episode_reward": 9.582200201819925, "std_episode_reward": 19.665582905864873, "min_episode_reward": -9.903351783752441, "max_episode_reward": 66.74918365478516, "mean_episode_length": 75.52941176470588, "success_rate": 0.29411764705882354, "collision_rate": 0.7058823529411765, "out_of_bounds_rate": 0.0, "timeout_rate": 0.0, "policy_loss": 0.0018507905770093203, "value_loss": 14.453152894973755, "entropy": 0.6125220060348511, "approx_kl": 0.005615953239612281, "clip_fraction": 0.066741943359375, "grad_norm": 42.160969257354736, "explained_variance": 0.4871450662612915, "action_std_mean": 0.32873326539993286, "optimizer_iterations": 4.0, "lr": 8.377984e-05}
{"step": 827392, "wall_time": 1790701056.2042527, "episodes_completed": 75.0, "mean_episode_reward": 11.289037322998047, "std_episode_reward": 19.334038931853808, "min_episode_reward": -9.825592041015625, "max_episode_reward": 81.07167053222656, "mean_episode_length": 83.6, "success_rate": 0.30666666666666664, "collision_rate": 0.6933333333333334, "out_of_bounds_rate": 0.0, "timeout_rate": 0.0, "policy_loss": 0.001881851116195321, "value_loss": 14.294887781143188, "entropy": 0.6124199628829956, "approx_kl": 0.00740829121787101, "clip_fraction": 0.078338623046875, "grad_norm": 54.07498645782471, "explained_variance": 0.4739135503768921, "action_std_mean": 0.3287234604358673, "optimizer_iterations": 4.0, "lr": 8.361600000000001e-05}
{"step": 835584, "wall_time": 1790701087.9585662, "episodes_completed": 72.0, "mean_episode_reward": 13.359450863467323, "std_episode_reward": 20.59844193720478, "min_episode_reward": -9.854598999023438, "max_episode_reward": 78.93980407714844, "mean_episode_length": 94.76388888888889, "success_rate": 0.3055555555555556, "collision_rate": 0.6944444444444444, "out_of_bounds_rate": 0.0, "timeout_rate": 0.0, "policy_loss": 0.0020747140515595675, "value_loss": 15.314568758010864, "entropy": 0.6123865246772766, "approx_kl": 0.006067333975806832, "clip_fraction": 0.071746826171875, "grad_norm": 62.42526817321777, "explained_variance": 0.3936711549758911, "action_std_mean": 0.3287222385406494, "optimizer_iterations": 4.0, "lr": 8.345216e-05}
{"step": 843776, "wall_time": 1790701119.3515973, "episodes_completed": 76.0, "mean_episode_reward": 10.809581505624871, "std_episode_reward": 18.92314736941928, "min_episode_reward": -9.845991134643555, "max_episode_reward": 60.993839263916016, "mean_episode_length": 82.15789473684211, "success_rate": 0.27631578947368424, "collision_rate": 0.7236842105263158, "out_of_bounds_rate": 0.0, "timeout_rate": 0.0, "policy_loss": 0.004326155525632203, "value_loss": 12.76237940788269, "entropy": 0.6123874485492706, "approx_kl": 0.007706318632699549, "clip_fraction": 0.09466552734375, "grad_norm": 40.25833082199097, "explained_variance": 0.5497515201568604, "action_std_mean": 0.32872557640075684, "optimizer_iterations": 4.0, "lr": 8.328832e-05}
{"step": 851968, "wall_time": 1790701150.6009784, "episodes_completed": 81.0, "mean_episode_reward": 8.146451496783598, "std_episode_reward": 19.156910035585625, "min_episode_reward": -9.843239784240723, "max_episode_reward": 73.50190734863281, "mean_episode_length": 70.69135802469135, "success_rate": 0.2839506172839506, "collision_rate": 0.7160493827160493, "out_of_bounds_rate": 0.0, "timeout_rate": 0.0, "policy_loss": -0.00018389476463198662, "value_loss": 13.531039476394653, "entropy": 0.6124139428138733, "approx_kl": 0.0042187407379969954, "clip_fraction": 0.0465087890625, "grad_norm": 60.88256072998047, "explained_variance": 0.5354408025741577, "action_std_mean": 0.328730046749115, "optimizer_iterations": 4.0, "lr": 8.312448e-05}
{"step": 860160, "wall_time": 1790701181.9862504, "episodes_completed": 85.0, "mean_episode_reward": 9.31578016281128, "std_episode_reward": 19.859425501166612, "min_episode_reward": -9.810466766357422, "max_episode_reward": 80.43936920166016, "mean_episode_length": 77.38823529411765, "success_rate": 0.25882352941176473, "collision_rate": 0.7411764705882353, "out_of_bounds_rate": 0.0, "timeout_rate": 0.0, "policy_loss": 0.003075440530665219, "value_loss": 16.354166507720947, "entropy": 0.6124396622180939, "approx_kl": 0.014146783854812384, "clip_fraction": 0.134674072265625, "grad_norm": 50.525269508361816, "explained_variance": 0.4843859076499939, "action_std_mean": 0.32873380184173584, "optimizer_iterations": 4.0, "lr": 8.296064e-05}
{"step": 868352, "wall_time": 1790701212.9681377, "episodes_completed": 59.0, "mean_episode_reward": 8.50433741585683, "std_episode_reward": 21.163225036979455, "min_episode_reward": -9.827333450317383, "max_episode_reward": 78.81346893310547, "mean_episode_length": 83.40677966101696, "success_rate": 0.1864406779661017, "collision_rate": 0.8135593220338984, "out_of_bounds_rate": 0.0, "timeout_rate": 0.0, "policy_loss": 0.005489922594279051, "value_loss": 9.476378440856934, "entropy": 0.6124673187732697, "approx_kl": 0.012989815324544907, "clip_fraction": 0.126434326171875, "grad_norm": 48.41206741333008, "explained_variance": 0.6310462951660156, "action_std_mean": 0.3287402391433716, "optimizer_iterations": 4.0, "lr": 8.279680000000001e-05}
{"step": 876544, "wall_time": 1790701244.4485328, "episodes_completed": 82.0, "mean_episode_reward": 11.496384353172488, "std_episode_reward": 20.999690957063567, "min_episode_reward": -9.812163352966309, "max_episode_reward": 86.03223419189453, "mean_episode_length": 83.85365853658537, "success_rate": 0.32926829268292684, "collision_rate": 0.6707317073170732, "out_of_bounds_rate": 0.0, "timeout_rate": 0.0, "policy_loss": 0.0031082674395292997, "value_loss": 14.330612897872925, "entropy": 0.6124981045722961, "approx_kl": 0.007477461593225598, "clip_fraction": 0.094085693359375, "grad_norm": 48.55405235290527, "explained_variance": 0.4567691683769226, "action_std_mean": 0.32874026894569397, "optimizer_iterations": 4.0, "lr": 8.263296e-05}
{"step": 884736, "wall_time": 1790701275.9048698, "episodes_completed": 60.0, "mean_episode_reward": 8.112009143829345, "std_episode_reward": 20.585217673816445, "min_episode_reward": -9.883912086486816, "max_episode_reward": 74.94131469726562, "mean_episode_length": 80.68333333333334, "success_rate": 0.18333333333333332, "collision_rate": 0.8166666666666667, "out_of_bounds_rate": 0.0, "timeout_rate": 0.0, "policy_loss": 0.0015731104649603367, "value_loss": 11.957614183425903, "entropy": 0.6124903857707977, "approx_kl": 0.006910515017807484, "clip_fraction": 0.090850830078125, "grad_norm": 38.78728151321411, "explained_variance": 0.5857545137405396, "action_std_mean": 0.3287382125854492, "optimizer_iterations": 4.0, "lr": 8.246912e-05}
{"step": 892928, "wall_time": 1790701307.2713518, "episodes_completed": 76.0, "mean_episode_reward": 9.414048878770126, "std_episode_reward": 18.048539670946962, "min_episode_reward": -9.845675468444824, "max_episode_reward": 60.53693389892578, "mean_episode_length": 82.21052631578948, "success_rate": 0.25, "collision_rate": 0.75, "out_of_bounds_rate": 0.0, "timeout_rate": 0.0, "policy_loss": 0.0029326998628675938, "value_loss": 11.911948204040527, "entropy": 0.612492024898529, "approx_kl": 0.014396865153685212, "clip_fraction": 0.15789794921875, "grad_norm": 25.68923044204712, "explained_variance": 0.5808529853820801, "action_std_mean": 0.32874399423599243, "optimizer_iterations": 4.0, "lr": 8.230528000000001e-05}
{"step": 901120, "wall_time": 1790701338.5934188, "episodes_completed": 57.0, "mean_episode_reward": 14.355590427130984, "std_episode_reward": 23.66308705221164, "min_episode_reward": -9.806892395019531, "max_episode_reward": 80.69122314453125, "mean_episode_length": 100.10526315789474, "success_rate": 0.3157894736842105, "collision_rate": 0.6842105263157895, "out_of_bounds_rate": 0.0, "timeout_rate": 0.0, "policy_loss": 0.0016353537212125957, "value_loss": 9.878584146499634, "entropy": 0.6125343143939972, "approx_kl": 0.007194439065642655, "clip_fraction": 0.08587646484375, "grad_norm": 27.001294136047363, "explained_variance": 0.573650062084198, "action_std_mean": 0.32874974608421326, "optimizer_iterations": 4.0, "lr": 8.214144e-05}
{"step": 909312, "wall_time": 1790701369.991199, "episodes_completed": 45.0, "mean_episode_reward": 11.293073887295193, "std_episode_reward": 22.922888767174204, "min_episode_reward": -9.81863784790039, "max_episode_reward": 75.21503448486328, "mean_episode_length": 89.71111111111111, "success_rate": 0.26666666666666666, "collision_rate": 0.7333333333333333, "out_of_bounds_rate": 0.0, "timeout_rate": 0.0, "policy_loss": 0.0010917545296251774, "value_loss": 9.109494686126709, "entropy": 0.612577497959137, "approx_kl": 0.007131999125704169, "clip_fraction": 0.0767822265625, "grad_norm": 25.877010345458984, "explained_variance": 0.6706193685531616, "action_std_mean": 0.32876405119895935, "optimizer_iterations": 4.0, "lr": 8.19776e-05}
{"step": 917504, "wall_time": 1790701401.7099752, "episodes_completed": 66.0, "mean_episode_reward": 9.48613919238701, "std_episode_reward": 21.570985695324975, "min_episode_reward": -9.854294776916504, "max_episode_reward": 80.5211181640625, "mean_episode_length": 87.12121212121212, "success_rate": 0.2727272727272727, "collision_rate": 0.7121212121212122, "out_of_bounds_rate": 0.0, "timeout_rate": 0.015151515151515152, "policy_loss": 0.0015579902101308107, "value_loss": 11.75666332244873, "entropy": 0.6127350330352783, "approx_kl": 0.010130979237146676, "clip_fraction": 0.0914306640625, "grad_norm": 24.8808650970459, "explained_variance": 0.5910359621047974, "action_std_mean": 0.3288102149963379, "optimizer_iterations": 4.0, "lr": 8.181376000000001e-05}
{"step": 925696, "wall_time": 1790701432.7903445, "episodes_completed": 48.0, "mean_episode_reward": 14.513197660446167, "std_episode_reward": 22.393665074023804, "min_episode_reward": -9.809202194213867, "max_episode_reward": 74.51456451416016, "mean_episode_length": 107.6875, "success_rate": 0.3333333333333333, "collision_rate": 0.6666666666666666, "out_of_bounds_rate": 0.0, "timeout_rate": 0.0, "policy_loss": -0.0003251931630074978, "value_loss": 7.6572922468185425, "entropy": 0.6130292117595673, "approx_kl": 0.0049956561997532845, "clip_fraction": 0.0484619140625, "grad_norm": 22.683456420898438, "explained_variance": 0.6976659297943115, "action_std_mean": 0.3288531005382538, "optimizer_iterations": 4.0, "lr": 8.164992e-05}
{"step": 933888, "wall_time": 1790701464.074529, "episodes_completed": 56.0, "mean_episode_reward": 9.944429159164429, "std_episode_reward": 16.49343386811181, "min_episode_reward": -10.407214164733887, "max_episode_reward": 61.906211853027344, "mean_episode_length": 80.82142857142857, "success_rate": 0.25, "collision_rate": 0.75, "out_of_bounds_rate": 0.0, "timeout_rate": 0.0, "policy_loss": 0.0032270068768411875, "value_loss": 12.469334840774536, "entropy": 0.6132415235042572, "approx_kl": 0.011662379372864962, "clip_fraction": 0.132568359375, "grad_norm": 35.81758451461792, "explained_variance": 0.5717862248420715, "action_std_mean": 0.3288767337799072, "optimizer_iterations": 4.0, "lr": 8.148608e-05}
{"step": 942080, "wall_time": 1790701495.4111922, "episodes_completed": 53.0, "mean_episode_reward": 13.249738270381712, "std_episode_reward": 24.147945889067095, "min_episode_reward": -9.816641807556152, "max_episode_reward": 90.45684814453125, "mean_episode_length": 108.41509433962264, "success_rate": 0.2830188679245283, "collision_rate": 0.7169811320754716, "out_of_bounds_rate": 0.0, "timeout_rate": 0.0, "policy_loss": 0.003360434900969267, "value_loss": 9.869850873947144, "entropy": 0.6133770644664764, "approx_kl": 0.00753459834959358, "clip_fraction": 0.095733642578125, "grad_norm": 34.51321268081665, "explained_variance": 0.5840427279472351, "action_std_mean": 0.328900545835495, "optimizer_iterations": 4.0, "lr": 8.132224000000001e-05}
{"step": 950272, "wall_time": 1790701526.593815, "episodes_completed": 68.0, "mean_episode_reward": 10.608237476909862, "std_episode_reward": 21.802709007666017, "min_episode_reward": -9.85715103149414, "max_episode_reward": 87.21670532226562, "mean_episode_length": 83.91176470588235, "success_rate": 0.29411764705882354, "collision_rate": 0.7058823529411765, "out_of_bounds_rate": 0.0, "timeout_rate": 0.0, "policy_loss": 0.001922867726534605, "value_loss": 9.927460670471191, "entropy": 0.6135391294956207, "approx_kl": 0.007592380978167057, "clip_fraction": 0.092437744140625, "grad_norm": 40.758788108825684, "explained_variance": 0.6373558044433594, "action_std_mean": 0.32893437147140503, "optimizer_iterations": 4.0, "lr": 8.11584e-05}
{"step": 958464, "wall_time": 1790701558.2382665, "episodes_completed": 74.0, "mean_episode_reward": 10.266474230869397, "std_episode_reward": 21.21721348729217, "min_episode_reward": -9.84834098815918, "max_episode_reward": 72.89936828613281, "mean_episode_length": 79.75675675675676, "success_rate": 0.2972972972972973, "collision_rate": 0.6891891891891891, "out_of_bounds_rate": 0.0, "timeout_rate": 0.013513513513513514, "policy_loss": 0.001129484735429287, "value_loss": 11.38576602935791, "entropy": 0.6137445569038391, "approx_kl": 0.005764859379269183, "clip_fraction": 0.072998046875, "grad_norm": 48.39838695526123, "explained_variance": 0.5905338525772095, "action_std_mean": 0.32896512746810913, "optimizer_iterations": 4.0, "lr": 8.099456e-05}
{"step": 966656, "wall_time": 1790701589.5377355, "episodes_completed": 48.0, "mean_episode_reward": 15.397929042577744, "std_episode_reward": 21.96746230130078, "min_episode_reward": -9.807637214660645, "max_episode_reward": 82.63230895996094, "mean_episode_length": 108.16666666666667, "success_rate": 0.3541666666666667, "collision_rate": 0.6458333333333334, "out_of_bounds_rate": 0.0, "timeout_rate": 0.0, "policy_loss": 0.0018314931076020002, "value_loss": 10.217941761016846, "entropy": 0.6139132678508759, "approx_kl": 0.007061966694891453, "clip_fraction": 0.075531005859375, "grad_norm": 25.77589225769043, "explained_variance": 0.5424947738647461, "action_std_mean": 0.3289916515350342, "optimizer_iterations": 4.0, "lr": 8.083072e-05}
{"step": 974848, "wall_time": 1790701620.8767416, "episodes_completed": 67.0, "mean_episode_reward": 10.244842771273941, "std_episode_reward": 23.56968591989046, "min_episode_reward": -9.904955863952637, "max_episode_reward": 89.11585235595703, "mean_episode_length": 79.31343283582089, "success_rate": 0.29850746268656714, "collision_rate": 0.7014925373134329, "out_of_bounds_rate": 0.0, "timeout_rate": 0.0, "policy_loss": 4.999799421057105e-05, "value_loss": 9.326552391052246, "entropy": 0.6140217185020447, "approx_kl": 0.005245544365607202, "clip_fraction": 0.0616455078125, "grad_norm": 25.27740716934204, "explained_variance": 0.6312415599822998, "action_std_mean": 0.3289843201637268, "optimizer_iterations": 4.0, "lr": 8.066688e-05}
{"step": 983040, "wall_time": 1790701651.6511986, "episodes_completed": 51.0, "mean_episode_reward": 13.794113714320988, "std_episode_reward": 24.491881988668478, "min_episode_reward": -9.84788990020752, "max_episode_reward": 90.22392272949219, "mean_episode_length": 98.62745098039215, "success_rate": 0.3137254901960784, "collision_rate": 0.6666666666666666, "out_of_bounds_rate": 0.0, "timeout_rate": 0.0196078431372549, "policy_loss": 0.001974743790924549, "value_loss": 8.611753702163696, "entropy": 0.6139074563980103, "approx_kl": 0.009845783584751189, "clip_fraction": 0.1260986328125, "grad_norm": 27.815462827682495, "explained_variance": 0.7157893776893616, "action_std_mean": 0.3289629817008972, "optimizer_iterations": 4.0, "lr": 8.050304e-05}
{"step": 991232, "wall_time": 1790701682.2611108, "episodes_completed": 54.0, "mean_episode_reward": 12.850134410240033, "std_episode_reward": 23.670572195402688, "min_episode_reward": -9.827494621276855, "max_episode_reward": 79.07914733886719, "mean_episode_length": 97.53703703703704, "success_rate": 0.2777777777777778, "collision_rate": 0.7037037037037037, "out_of_bounds_rate": 0.0, "timeout_rate": 0.018518518518518517, "policy_loss": 0.0020126907620579004, "value_loss": 8.880861282348633, "entropy": 0.6138143539428711, "approx_kl": 0.011107804719358683, "clip_fraction": 0.11688232421875, "grad_norm": 41.44717025756836, "explained_variance": 0.6945048570632935, "action_std_mean": 0.32895809412002563, "optimizer_iterations": 4.0, "lr": 8.03392e-05}
{"step": 999424, "wall_time": 1790701713.3532336, "episodes_completed": 68.0, "mean_episode_reward": 9.26672843405429, "std_episode_reward": 23.20255716173928, "min_episode_reward": -9.89101505279541, "max_episode_reward": 107.17174530029297, "mean_episode_length": 79.8970588235294, "success_rate": 0.27941176470588236, "collision_rate": 0.7058823529411765, "out_of_bounds_rate": 0.0, "timeout_rate": 0.014705882352941176, "policy_loss": 0.0053593614138662815, "value_loss": 9.177915096282959, "entropy": 0.6137999594211578, "approx_kl": 0.01095242379233241, "clip_fraction": 0.1314697265625, "grad_norm": 57.83409595489502, "explained_variance": 0.7043386697769165, "action_std_mean": 0.3289591670036316, "optimizer_iterations": 4.0, "lr": 8.017536000000001e-05}
{"step": 1007616, "wall_time": 1790701744.6196368, "episodes_completed": 56.0, "mean_episode_reward": 12.180422774383, "std_episode_reward": 20.55396137084111, "min_episode_reward": -9.817618370056152, "max_episode_reward": 85.28585052490234, "mean_episode_length": 88.05357142857143, "success_rate": 0.32142857142857145, "collision_rate": 0.6785714285714286, "out_of_bounds_rate": 0.0, "timeout_rate": 0.0, "policy_loss": 0.0015995028661563993, "value_loss": 9.21056866645813, "entropy": 0.6138226091861725, "approx_kl": 0.006948486436158419, "clip_fraction": 0.09454345703125, "grad_norm": 57.38560914993286, "explained_variance": 0.684843897819519, "action_std_mean": 0.32896852493286133, "optimizer_iterations": 4.0, "lr": 8.001152000000001e-05}
{"step": 1015808, "wall_time": 1790701775.723996, "episodes_completed": 55.0, "mean_episode_reward": 16.170444922013715, "std_episode_reward": 21.673425823666037, "min_episode_reward": -9.822738647460938, "max_episode_reward": 67.92292022705078, "mean_episode_length": 102.34545454545454, "success_rate": 0.36363636363636365, "collision_rate": 0.6363636363636364, "out_of_bounds_rate": 0.0, "timeout_rate": 0.0, "policy_loss": 0.004439147654920816, "value_loss": 9.806406021118164, "entropy": 0.6138690412044525, "approx_kl": 0.008306362316943705, "clip_fraction": 0.10150146484375, "grad_norm": 81.67240238189697, "explained_variance": 0.6021727323532104, "action_std_mean": 0.328971266746521, "optimizer_iterations": 4.0, "lr": 7.984768e-05}
{"step": 1024000, "wall_time": 1790701807.1283514, "episodes_completed": 73.0, "mean_episode_reward": 10.149220684211548, "std_episode_reward": 19.983861636203102, "min_episode_reward": -9.836593627929688, "max_episode_reward": 103.2530288696289, "mean_episode_length": 81.95890410958904, "success_rate": 0.273972602739726, "collision_rate": 0.7123287671232876, "out_of_bounds_rate": 0.0, "timeout_rate": 0.0136986301369863, "policy_loss": 0.0014931736513972282, "value_loss": 11.863426685333252, "entropy": 0.6138865649700165, "approx_kl": 0.0037834255199413747, "clip_fraction": 0.039215087890625, "grad_norm": 49.21193552017212, "explained_variance": 0.6069062948226929, "action_std_mean": 0.32898014783859253, "optimizer_iterations": 4.0, "lr": 7.968384e-05}
{"step": 1032192, "wall_time": 1790701838.2337852, "episodes_completed": 62.0, "mean_episode_reward": 11.89411450153397, "std_episode_reward": 22.554670500071538, "min_episode_reward": -9.80738353729248, "max_episode_reward": 86.4559326171875, "mean_episode_length": 85.01612903225806, "success_rate": 0.3225806451612903, "collision_rate": 0.6612903225806451, "out_of_bounds_rate": 0.0, "timeout_rate": 0.016129032258064516, "policy_loss": 0.003588411957025528, "value_loss": 10.776011943817139, "entropy": 0.6139349937438965, "approx_kl": 0.010558071080595255, "clip_fraction": 0.08203125, "grad_norm": 31.26123571395874, "explained_variance": 0.6202554106712341, "action_std_mean": 0.32897713780403137, "optimizer_iterations": 4.0, "lr": 7.952000000000001e-05}
{"step": 1040384, "wall_time": 1790701869.5748515, "episodes_completed": 63.0, "mean_episode_reward": 12.293594254387749, "std_episode_reward": 23.643590498865446, "min_episode_reward": -9.847358703613281, "max_episode_reward": 90.53487396240234, "mean_episode_length": 86.26984126984127, "success_rate": 0.3333333333333333, "collision_rate": 0.6666666666666666, "out_of_bounds_rate": 0.0, "timeout_rate": 0.0, "policy_loss": 0.00016940559726208448, "value_loss": 11.967275142669678, "entropy": 0.6138763725757599, "approx_kl": 0.004001308465376496, "clip_fraction": 0.0440673828125, "grad_norm": 32.07654047012329, "explained_variance": 0.5847752094268799, "action_std_mean": 0.3289572596549988, "optimizer_iterations": 4.0, "lr": 7.935616e-05}
{"step": 1048576, "wall_time": 1790701900.9213624, "episodes_completed": 69.0, "mean_episode_reward": 12.693980203158613, "std_episode_reward": 23.368909182916326, "min_episode_reward": -9.86352825164795, "max_episode_reward": 109.45911407470703, "mean_episode_length": 94.79710144927536, "success_rate": 0.2608695652173913, "collision_rate": 0.7391304347826086, "out_of_bounds_rate": 0.0, "timeout_rate": 0.0, "policy_loss": 0.0005976723041385412, "value_loss": 11.267466306686401, "entropy": 0.6137422323226929, "approx_kl": 0.0060461091343313456, "clip_fraction": 0.06915283203125, "grad_norm": 33.856125831604004, "explained_variance": 0.6468814611434937, "action_std_mean": 0.3289335370063782, "optimizer_iterations": 4.0, "lr": 7.919232e-05}
{"step": 1056768, "wall_time": 1790701932.3130498, "episodes_completed": 62.0, "mean_episode_reward": 13.47032989994172, "std_episode_reward": 22.442314679924472, "min_episode_reward": -9.818548202514648, "max_episode_reward": 79.56048583984375, "mean_episode_length": 86.2741935483871, "success_rate": 0.3870967741935484, "collision_rate": 0.6129032258064516, "out_of_bounds_rate": 0.0, "timeout_rate": 0.0, "policy_loss": 6.031244993209839e-06, "value_loss": 10.413981437683105, "entropy": 0.613596111536026, "approx_kl": 0.006780833471566439, "clip_fraction": 0.076171875, "grad_norm": 29.76730251312256, "explained_variance": 0.6194366216659546, "action_std_mean": 0.3289073705673218, "optimizer_iterations": 4.0, "lr": 7.902848000000001e-05}
{"step": 1064960, "wall_time": 1790701963.6903083, "episodes_completed": 45.0, "mean_episode_reward": 18.356790267096624, "std_episode_reward": 22.631883219035945, "min_episode_reward": -9.800431251525879, "max_episode_reward": 71.45574188232422, "mean_episode_length": 116.42222222222222, "success_rate": 0.4, "collision_rate": 0.6, "out_of_bounds_rate": 0.0, "timeout_rate": 0.0, "policy_loss": 0.007078562397509813, "value_loss": 8.670539617538452, "entropy": 0.6134475767612457, "approx_kl": 0.011967700906097889, "clip_fraction": 0.129913330078125, "grad_norm": 45.16663122177124, "explained_variance": 0.6322437524795532, "action_std_mean": 0.32888829708099365, "optimizer_iterations": 4.0, "lr": 7.886464e-05}
{"step": 1073152, "wall_time": 1790701994.5688229, "episodes_completed": 56.0, "mean_episode_reward": 12.983857257025582, "std_episode_reward": 24.272728317928213, "min_episode_reward": -9.806533813476562, "max_episode_reward": 98.0400390625, "mean_episode_length": 97.98214285714286, "success_rate": 0.32142857142857145, "collision_rate": 0.6785714285714286, "out_of_bounds_rate": 0.0, "timeout_rate": 0.0, "policy_loss": -0.0007411304395645857, "value_loss": 10.556246519088745, "entropy": 0.6133640110492706, "approx_kl": 0.009497168473899364, "clip_fraction": 0.12225341796875, "grad_norm": 30.489325046539307, "explained_variance": 0.5952548980712891, "action_std_mean": 0.3288825750350952, "optimizer_iterations": 4.0, "lr": 7.87008e-05}
{"step": 1081344, "wall_time": 1790702025.5611649, "episodes_completed": 51.0, "mean_episode_reward": 8.910571276118942, "std_episode_reward": 20.099186465242415, "min_episode_reward": -11.600702285766602, "max_episode_reward": 81.4136734008789, "mean_episode_length": 88.3529411764706, "success_rate": 0.19607843137254902, "collision_rate": 0.7843137254901961, "out_of_bounds_rate": 0.0, "timeout_rate": 0.0196078431372549, "policy_loss": 0.004143235273659229, "value_loss": 10.797471046447754, "entropy": 0.6133262515068054, "approx_kl": 0.012746363878250122, "clip_fraction": 0.117828369140625, "grad_norm": 35.12366533279419, "explained_variance": 0.6402435302734375, "action_std_mean": 0.3288642168045044, "optimizer_iterations": 4.0, "lr": 7.853696000000001e-05}
{"step": 1089536, "wall_time": 1790702056.7358565, "episodes_completed": 68.0, "mean_episode_reward": 8.777755979229422, "std_episode_reward": 21.272485368876033, "min_episode_reward": -9.88051700592041, "max_episode_reward": 96.2176513671875, "mean_episode_length": 84.52941176470588, "success_rate": 0.2647058823529412, "collision_rate": 0.7058823529411765, "out_of_bounds_rate": 0.0, "timeout_rate": 0.029411764705882353, "policy_loss": 0.0012439483543857932, "value_loss": 9.17732286453247, "entropy": 0.6131967902183533, "approx_kl": 0.0091063620056957, "clip_fraction": 0.10595703125, "grad_norm": 48.28920221328735, "explained_variance": 0.7024494409561157, "action_std_mean": 0.3288474977016449, "optimizer_iterations": 4.0, "lr": 7.837312e-05}
{"step": 1097728, "wall_time": 1790702088.21423, "episodes_completed": 58.0, "mean_episode_reward": 9.192456253643694, "std_episode_reward": 19.014583102750056, "min_episode_reward": -9.80565071105957, "max_episode_reward": 58.9808235168457, "mean_episode_length": 86.67241379310344, "success_rate": 0.22413793103448276, "collision_rate": 0.7758620689655172, "out_of_bounds_rate": 0.0, "timeout_rate": 0.0, "policy_loss": 0.00039913016371428967, "value_loss": 11.23837947845459, "entropy": 0.613145262002945, "approx_kl": 0.007557468372397125, "clip_fraction": 0.080963134765625, "grad_norm": 29.255748748779297, "explained_variance": 0.6260244846343994, "action_std_mean": 0.3288494646549225, "optimizer_iterations": 4.0, "lr": 7.820928e-05}
{"step": 1105920, "wall_time": 1790702118.9211342, "episodes_completed": 49.0, "mean_episode_reward": 14.013642573843198, "std_episode_reward": 25.07657597853971, "min_episode_reward": -9.839332580566406, "max_episode_reward": 84.75025177001953, "mean_episode_length": 106.18367346938776, "success_rate": 0.2653061224489796, "collision_rate": 0.7346938775510204, "out_of_bounds_rate": 0.0, "timeout_rate": 0.0, "policy_loss": 0.0012569964164867997, "value_loss": 8.847115516662598, "entropy": 0.6131721138954163, "approx_kl": 0.009512790129519999, "clip_fraction": 0.130157470703125, "grad_norm": 36.79022693634033, "explained_variance": 0.7393187284469604, "action_std_mean": 0.3288550078868866, "optimizer_iterations": 4.0, "lr": 7.804544e-05}
{"step": 1114112, "wall_time": 1790702149.1225615, "episodes_completed": 45.0, "mean_episode_reward": 11.974381546179453, "std_episode_reward": 19.248389090625878, "min_episode_reward": -9.844884872436523, "max_episode_reward": 75.84590911865234, "mean_episode_length": 97.08888888888889, "success_rate": 0.24444444444444444, "collision_rate": 0.7333333333333333, "out_of_bounds_rate": 0.0, "timeout_rate": 0.022222222222222223, "policy_loss": 0.001053330022841692, "value_loss": 8.064944505691528, "entropy": 0.6132087707519531, "approx_kl": 0.006577213993296027, "clip_fraction": 0.081817626953125, "grad_norm": 41.75097703933716, "explained_variance": 0.7688060402870178, "action_std_mean": 0.32885921001434326, "optimizer_iterations": 4.0, "lr": 7.78816e-05}
{"step": 1122304, "wall_time": 1790702179.9818954, "episodes_completed": 67.0, "mean_episode_reward": 8.088700288489683, "std_episode_reward": 19.880381146189546, "min_episode_reward": -9.85618782043457, "max_episode_reward": 93.75320434570312, "mean_episode_length": 83.70149253731343, "success_rate": 0.208955223880597, "collision_rate": 0.7611940298507462, "out_of_bounds_rate": 0.0, "timeout_rate": 0.029850746268656716, "policy_loss": 0.000751379004213959, "value_loss": 11.422996759414673, "entropy": 0.6132271885871887, "approx_kl": 0.004123116610571742, "clip_fraction": 0.047882080078125, "grad_norm": 42.09409713745117, "explained_variance": 0.692367672920227, "action_std_mean": 0.32885873317718506, "optimizer_iterations": 4.0, "lr": 7.771776e-05}
{"step": 1130496, "wall_time": 1790702210.2099009, "episodes_completed": 51.0, "mean_episode_reward": 12.535338308296952, "std_episode_reward": 19.092165479503866, "min_episode_reward": -9.873092651367188, "max_episode_reward": 67.55049896240234, "mean_episode_length": 83.7843137254902, "success_rate": 0.35294117647058826, "collision_rate": 0.6470588235294118, "out_of_bounds_rate": 0.0, "timeout_rate": 0.0, "policy_loss": 0.0009217793121933937, "value_loss": 7.982823729515076, "entropy": 0.6131937205791473, "approx_kl": 0.0068371829693205655, "clip_fraction": 0.08453369140625, "grad_norm": 30.255902767181396, "explained_variance": 0.7167929410934448, "action_std_mean": 0.3288419246673584, "optimizer_iterations": 4.0, "lr": 7.755392e-05}
{"step": 1138688, "wall_time": 1790702240.56141, "episodes_completed": 65.0, "mean_episode_reward": 9.975229652111347, "std_episode_reward": 18.472997288064672, "min_episode_reward": -9.810420989990234, "max_episode_reward": 77.90179443359375, "mean_episode_length": 89.46153846153847, "success_rate": 0.23076923076923078, "collision_rate": 0.7692307692307693, "out_of_bounds_rate": 0.0, "timeout_rate": 0.0, "policy_loss": -0.0006032953970134258, "value_loss": 11.980302572250366, "entropy": 0.6130702495574951, "approx_kl": 0.0037113315775059164, "clip_fraction": 0.0443115234375, "grad_norm": 58.307679176330566, "explained_variance": 0.6506046652793884, "action_std_mean": 0.3288189470767975, "optimizer_iterations": 4.0, "lr": 7.739008000000001e-05}
{"step": 1146880, "wall_time": 1790702271.098921, "episodes_completed": 82.0, "mean_episode_reward": 9.920475436419975, "std_episode_reward": 21.05064336649481, "min_episode_reward": -9.91164493560791, "max_episode_reward": 79.68846893310547, "mean_episode_length": 81.3048780487805, "success_rate": 0.2926829268292683, "collision_rate": 0.7073170731707317, "out_of_bounds_rate": 0.0, "timeout_rate": 0.0, "policy_loss": 0.0006980408215895295, "value_loss": 12.44718599319458, "entropy": 0.6129542887210846, "approx_kl": 0.004780715273227543, "clip_fraction": 0.058563232421875, "grad_norm": 38.333033084869385, "explained_variance": 0.5807145833969116, "action_std_mean": 0.3288128972053528, "optimizer_iterations": 4.0, "lr": 7.722624e-05}
{"step": 1155072, "wall_time": 1790702301.352441, "episodes_completed": 58.0, "mean_episode_reward": 17.317257593417988, "std_episode_reward": 21.709051157427826, "min_episode_reward": -9.812521934509277, "max_episode_reward": 87.32160186767578, "mean_episode_length": 105.77586206896552, "success_rate": 0.3793103448275862, "collision_rate": 0.6206896551724138, "out_of_bounds_rate": 0.0, "timeout_rate": 0.0, "policy_loss": 0.0018862348515540361, "value_loss": 8.131059169769287, "entropy": 0.612949937582016, "approx_kl": 0.007507761707529426, "clip_fraction": 0.075439453125, "grad_norm": 39.778215408325195, "explained_variance": 0.726327657699585, "action_std_mean": 0.3288085460662842, "optimizer_iterations": 4.0, "lr": 7.70624e-05}
{"step": 1163264, "wall_time": 1790702331.8659146, "episodes_completed": 65.0, "mean_episode_reward": 12.019283375373254, "std_episode_reward": 21.74444635813774, "min_episode_reward": -9.82872486114502, "max_episode_reward": 90.23835754394531, "mean_episode_length": 91.95384615384616, "success_rate": 0.3076923076923077, "collision_rate": 0.6923076923076923, "out_of_bounds_rate": 0.0, "timeout_rate": 0.0, "policy_loss": 0.00020147557370364666, "value_loss": 11.772684574127197, "entropy": 0.6128782629966736, "approx_kl": 0.003964862495195121, "clip_fraction": 0.031219482421875, "grad_norm": 28.682030200958252, "explained_variance": 0.6420117616653442, "action_std_mean": 0.3287821412086487, "optimizer_iterations": 4.0, "lr": 7.689855999999999e-05}
{"step": 1171456, "wall_time": 1790702362.5533102, "episodes_completed": 55.0, "mean_episode_reward": 11.581958710063587, "std_episode_reward": 21.113866662079555, "min_episode_reward": -9.82264232635498, "max_episode_reward": 68.17467498779297, "mean_episode_length": 95.0, "success_rate": 0.23636363636363636, "collision_rate": 0.7636363636363637, "out_of_bounds_rate": 0.0, "timeout_rate": 0.0, "policy_loss": -0.0002114265225827694, "value_loss": 10.230772256851196, "entropy": 0.6127017438411713, "approx_kl": 0.006806503632105887, "clip_fraction": 0.0860595703125, "grad_norm": 25.870275497436523, "explained_variance": 0.6863574981689453, "action_std_mean": 0.32875627279281616, "optimizer_iterations": 4.0, "lr": 7.673472000000001e-05}
{"step": 1179648, "wall_time": 1790702392.9760675, "episodes_completed": 73.0, "mean_episode_reward": 9.496414948816168, "std_episode_reward": 20.45141759548842, "min_episode_reward": -9.810287475585938, "max_episode_reward": 100.89611053466797, "mean_episode_length": 70.42465753424658, "success_rate": 0.3150684931506849, "collision_rate": 0.684931506849315, "out_of_bounds_rate": 0.0, "timeout_rate": 0.0, "policy_loss": -0.0009567993693053722, "value_loss": 10.890462875366211, "entropy": 0.6125999987125397, "approx_kl": 0.0034202052047476172, "clip_fraction": 0.033843994140625, "grad_norm": 39.339369773864746, "explained_variance": 0.6596304774284363, "action_std_mean": 0.32875627279281616, "optimizer_iterations": 4.0, "lr": 7.657088e-05}
{"step": 1187840, "wall_time": 1790702423.2166662, "episodes_completed": 60.0, "mean_episode_reward": 13.232912328839301, "std_episode_reward": 22.996011341154993, "min_episode_reward": -9.817444801330566, "max_episode_reward": 83.16889953613281, "mean_episode_length": 96.86666666666666, "success_rate": 0.36666666666666664, "collision_rate": 0.6, "out_of_bounds_rate": 0.0, "timeout_rate": 0.03333333333333333, "policy_loss": -0.0008546458557248116, "value_loss": 8.094332933425903, "entropy": 0.612613171339035, "approx_kl": 0.0036821762332692742, "clip_fraction": 0.03961181640625, "grad_norm": 30.604291915893555, "explained_variance": 0.7591124176979065, "action_std_mean": 0.3287525177001953, "optimizer_iterations": 4.0, "lr": 7.640704e-05}
{"step": 1196032, "wall_time": 1790702453.495266, "episodes_completed": 62.0, "mean_episode_reward": 14.674615959967337, "std_episode_reward": 23.59969055790321, "min_episode_reward": -9.813947677612305, "max_episode_reward": 77.64447021484375, "mean_episode_length": 92.06451612903226, "success_rate": 0.3709677419354839, "collision_rate": 0.6290322580645161, "out_of_bounds_rate": 0.0, "timeout_rate": 0.0, "policy_loss": 0.0004173790803179145, "value_loss": 11.140896797180176, "entropy": 0.6125623285770416, "approx_kl": 0.0038999358657747507, "clip_fraction": 0.042694091796875, "grad_norm": 57.22233009338379, "explained_variance": 0.6331662535667419, "action_std_mean": 0.32873573899269104, "optimizer_iterations": 4.0, "lr": 7.624320000000001e-05}
{"step": 1204224, "wall_time": 1790702483.9679651, "episodes_completed": 75.0, "mean_episode_reward": 11.08284938812256, "std_episode_reward": 24.181085370902277, "min_episode_reward": -9.811635971069336, "max_episode_reward": 97.72447967529297, "mean_episode_length": 88.21333333333334, "success_rate": 0.22666666666666666, "collision_rate": 0.7733333333333333, "out_of_bounds_rate": 0.0, "timeout_rate": 0.0, "policy_loss": 0.00362429884262383, "value_loss": 12.777787685394287, "entropy": 0.6124449074268341, "approx_kl": 0.00870404695160687, "clip_fraction": 0.103118896484375, "grad_norm": 102.53153991699219, "explained_variance": 0.6564711332321167, "action_std_mean": 0.32871490716934204, "optimizer_iterations": 4.0, "lr": 7.607936e-05}
{"step": 1212416, "wall_time": 1790702514.5736356, "episodes_completed": 78.0, "mean_episode_reward": 10.784247490075918, "std_episode_reward": 22.11143942554983, "min_episode_reward": -9.812975883483887, "max_episode_reward": 91.82131958007812, "mean_episode_length": 90.8974358974359, "success_rate": 0.19230769230769232, "collision_rate": 0.8076923076923077, "out_of_bounds_rate": 0.0, "timeout_rate": 0.0, "policy_loss": 0.0010927849216386676, "value_loss": 14.728631019592285, "entropy": 0.6123150289058685, "approx_kl": 0.003743499575648457, "clip_fraction": 0.042388916015625, "grad_norm": 54.56812286376953, "explained_variance": 0.6283738613128662, "action_std_mean": 0.32868799567222595, "optimizer_iterations": 4.0, "lr": 7.591552e-05}
{"step": 1220608, "wall_time": 1790702545.1145468, "episodes_completed": 74.0, "mean_episode_reward": 11.225850317929241, "std_episode_reward": 21.2647979019082, "min_episode_reward": -9.827317237854004, "max_episode_reward": 92.91741180419922, "mean_episode_length": 84.98648648648648, "success_rate": 0.2972972972972973, "collision_rate": 0.7027027027027027, "out_of_bounds_rate": 0.0, "timeout_rate": 0.0, "policy_loss": 0.0017845728434622288, "value_loss": 13.270160913467407, "entropy": 0.6121339201927185, "approx_kl": 0.008008205273654312, "clip_fraction": 0.084197998046875, "grad_norm": 85.74375534057617, "explained_variance": 0.610564112663269, "action_std_mean": 0.3286592364311218, "optimizer_iterations": 4.0, "lr": 7.575168000000001e-05}
{"step": 1228800, "wall_time": 1790702575.4326606, "episodes_completed": 69.0, "mean_episode_reward": 11.529981937961303, "std_episode_reward": 20.897267626905364, "min_episode_reward": -10.172293663024902, "max_episode_reward": 78.84278869628906, "mean_episode_length": 86.65217391304348, "success_rate": 0.34782608695652173, "collision_rate": 0.6521739130434783, "out_of_bounds_rate": 0.0, "timeout_rate": 0.0, "policy_loss": 0.0031035630963742733, "value_loss": 11.149983406066895, "entropy": 0.6119901835918427, "approx_kl": 0.012210090440930799, "clip_fraction": 0.100982666015625, "grad_norm": 60.8189697265625, "explained_variance": 0.6414754390716553, "action_std_mean": 0.32864245772361755, "optimizer_iterations": 4.0, "lr": 7.558784000000001e-05}
{"step": 1236992, "wall_time": 1790702605.5846844, "episodes_completed": 60.0, "mean_episode_reward": 16.070013022422792, "std_episode_reward": 27.636877503129337, "min_episode_reward": -9.882101058959961, "max_episode_reward": 96.9674072265625, "mean_episode_length": 103.78333333333333, "success_rate": 0.36666666666666664, "collision_rate": 0.6333333333333333, "out_of_bounds_rate": 0.0, "timeout_rate": 0.0, "policy_loss": 0.003370061982423067, "value_loss": 8.250240087509155, "entropy": 0.6118797957897186, "approx_kl": 0.008144987863488495, "clip_fraction": 0.089447021484375, "grad_norm": 32.39835739135742, "explained_variance": 0.6889111399650574, "action_std_mean": 0.3286154270172119, "optimizer_iterations": 4.0, "lr": 7.5424e-05}
{"step": 1245184, "wall_time": 1790702636.0809937, "episodes_completed": 67.0, "mean_episode_reward": 11.231687446138752, "std_episode_reward": 19.92162559784134, "min_episode_reward": -9.848368644714355, "max_episode_reward": 76.46642303466797, "mean_episode_length": 87.5223880597015, "success_rate": 0.2537313432835821, "collision_rate": 0.746268656716418, "out_of_bounds_rate": 0.0, "timeout_rate": 0.0, "policy_loss": 0.0009439836721867323, "value_loss": 13.608410835266113, "entropy": 0.611683577299118, "approx_kl": 0.004913795506581664, "clip_fraction": 0.057037353515625, "grad_norm": 50.921969413757324, "explained_variance": 0.5961560010910034, "action_std_mean": 0.32857558131217957, "optimizer_iterations": 4.0, "lr": 7.526016e-05}
{"step": 1253376, "wall_time": 1790702666.85068, "episodes_completed": 72.0, "mean_episode_reward": 12.308950497044457, "std_episode_reward": 20.616108107029095, "min_episode_reward": -10.300797462463379, "max_episode_reward": 71.96717834472656, "mean_episode_length": 90.34722222222223, "success_rate": 0.3055555555555556, "collision_rate": 0.6944444444444444, "out_of_bounds_rate": 0.0, "timeout_rate": 0.0, "policy_loss": 0.0014417932252399623, "value_loss": 13.015761613845825, "entropy": 0.6114378869533539, "approx_kl": 0.007370099192485213, "clip_fraction": 0.082183837890625, "grad_norm": 52.472707748413086, "explained_variance": 0.6164919137954712, "action_std_mean": 0.3285420536994934, "optimizer_iterations": 4.0, "lr": 7.509632e-05}
{"step": 1261568, "wall_time": 1790702697.1062236, "episodes_completed": 71.0, "mean_episode_reward": 12.252735352851975, "std_episode_reward": 22.012939090074138, "min_episode_reward": -9.80912971496582, "max_episode_reward": 99.04573822021484, "mean_episode_length": 89.64788732394366, "success_rate": 0.29577464788732394, "collision_rate": 0.704225352112676, "out_of_bounds_rate": 0.0, "timeout_rate": 0.0, "policy_loss": 0.00033763283863663673, "value_loss": 12.376803636550903, "entropy": 0.6112804412841797, "approx_kl": 0.002853063924703747, "clip_fraction": 0.0286865234375, "grad_norm": 50.41426658630371, "explained_variance": 0.6358627080917358, "action_std_mean": 0.3285268247127533, "optimizer_iterations": 4.0, "lr": 7.493248e-05}
{"step": 1269760, "wall_time": 1790702727.7579088, "episodes_completed": 89.0, "mean_episode_reward": 10.708798199557187, "std_episode_reward": 20.897295708100653, "min_episode_reward": -9.835613250732422, "max_episode_reward": 82.6107406616211, "mean_episode_length": 72.64044943820225, "success_rate": 0.3707865168539326, "collision_rate": 0.6292134831460674, "out_of_bounds_rate": 0.0, "timeout_rate": 0.0, "policy_loss": 0.0038252926897257566, "value_loss": 12.203068017959595, "entropy": 0.6112024188041687, "approx_kl": 0.006335081183351576, "clip_fraction": 0.04827880859375, "grad_norm": 51.020559310913086, "explained_variance": 0.6314302682876587, "action_std_mean": 0.3285154104232788, "optimizer_iterations": 4.0, "lr": 7.476864e-05}
{"step": 1277952, "wall_time": 1790702757.9898965, "episodes_completed": 82.0, "mean_episode_reward": 9.754870595001593, "std_episode_reward": 19.741430505860976, "min_episode_reward": -9.925314903259277, "max_episode_reward": 90.67200469970703, "mean_episode_length": 76.53658536585365, "success_rate": 0.2926829268292683, "collision_rate": 0.7073170731707317, "out_of_bounds_rate": 0.0, "timeout_rate": 0.0, "policy_loss": -0.000342401210218668, "value_loss": 14.174558162689209, "entropy": 0.6111314594745636, "approx_kl": 0.0025084331864491105, "clip_fraction": 0.026031494140625, "grad_norm": 82.65200805664062, "explained_variance": 0.5914381146430969, "action_std_mean": 0.32850342988967896, "optimizer_iterations": 4.0, "lr": 7.460480000000001e-05}
{"step": 1286144, "wall_time": 1790702787.9956088, "episodes_completed": 81.0, "mean_episode_reward": 8.294609952855993, "std_episode_reward": 17.85909058594151, "min_episode_reward": -10.073466300964355, "max_episode_reward": 67.7572250366211, "mean_episode_length": 75.70370370370371, "success_rate": 0.2345679012345679, "collision_rate": 0.7654320987654321, "out_of_bounds_rate": 0.0, "timeout_rate": 0.0, "policy_loss": 0.0018219587800558656, "value_loss": 13.161373138427734, "entropy": 0.6110438704490662, "approx_kl": 0.002232497383374721, "clip_fraction": 0.01611328125, "grad_norm": 64.4277400970459, "explained_variance": 0.6455817818641663, "action_std_mean": 0.3284822404384613, "optimizer_iterations": 4.0, "lr": 7.444096e-05}
{"step": 1294336, "wall_time": 1790702818.0431263, "episodes_completed": 58.0, "mean_episode_reward": 10.936229113874765, "std_episode_reward": 17.059774062597707, "min_episode_reward": -9.907999992370605, "max_episode_reward": 69.55950927734375, "mean_episode_length": 76.32758620689656, "success_rate": 0.3275862068965517, "collision_rate": 0.6724137931034483, "out_of_bounds_rate": 0.0, "timeout_rate": 0.0, "policy_loss": -0.0012530554085969925, "value_loss": 8.635880708694458, "entropy": 0.6108973622322083, "approx_kl": 0.002397016389295459, "clip_fraction": 0.023834228515625, "grad_norm": 45.08269023895264, "explained_variance": 0.7487064599990845, "action_std_mean": 0.3284533619880676, "optimizer_iterations": 4.0, "lr": 7.427712e-05}
{"step": 1302528, "wall_time": 1790702848.0693898, "episodes_completed": 58.0, "mean_episode_reward": 13.52023538227739, "std_episode_reward": 21.435747853235526, "min_episode_reward": -9.833492279052734, "max_episode_reward": 67.62741088867188, "mean_episode_length": 100.65517241379311, "success_rate": 0.29310344827586204, "collision_rate": 0.7068965517241379, "out_of_bounds_rate": 0.0, "timeout_rate": 0.0, "policy_loss": -0.000791774713434279, "value_loss": 9.703046083450317, "entropy": 0.610711008310318, "approx_kl": 0.004682513885200024, "clip_fraction": 0.05218505859375, "grad_norm": 41.804420471191406, "explained_variance": 0.7074060440063477, "action_std_mean": 0.32841935753822327, "optimizer_iterations": 4.0, "lr": 7.411327999999999e-05}
{"step": 1310720, "wall_time": 1790702877.9628034, "episodes_completed": 61.0, "mean_episode_reward": 12.391559876135139, "std_episode_reward": 22.242388953617173, "min_episode_reward": -9.811944007873535, "max_episode_reward": 80.65534210205078, "mean_episode_length": 91.44262295081967, "success_rate": 0.32786885245901637, "collision_rate": 0.639344262295082, "out_of_bounds_rate": 0.0, "timeout_rate": 0.03278688524590164, "policy_loss": 0.0032200301066040993, "value_loss": 8.625444650650024, "entropy": 0.6105285882949829, "approx_kl": 0.01014151331037283, "clip_fraction": 0.100128173828125, "grad_norm": 60.434508323669434, "explained_variance": 0.7453392148017883, "action_std_mean": 0.32839882373809814, "optimizer_iterations": 4.0, "lr": 7.394944e-05}
{"step": 1318912, "wall_time": 1790702907.8188443, "episodes_completed": 71.0, "mean_episode_reward": 10.930448297043922, "std_episode_reward": 21.302812425933343, "min_episode_reward": -9.843408584594727, "max_episode_reward": 82.4646224975586, "mean_episode_length": 85.69014084507042, "success_rate": 0.29577464788732394, "collision_rate": 0.704225352112676, "out_of_bounds_rate": 0.0, "timeout_rate": 0.0, "policy_loss": 1.634843647480011e-05, "value_loss": 11.491926193237305, "entropy": 0.6104310750961304, "approx_kl": 0.004459717718418688, "clip_fraction": 0.04351806640625, "grad_norm": 39.49639415740967, "explained_variance": 0.6509398221969604, "action_std_mean": 0.328385591506958, "optimizer_iterations": 4.0, "lr": 7.378560000000001e-05}
{"step": 1327104, "wall_time": 1790702937.9112346, "episodes_completed": 59.0, "mean_episode_reward": 12.362408015687587, "std_episode_reward": 22.320911927446087, "min_episode_reward": -9.816611289978027, "max_episode_reward": 71.84638214111328, "mean_episode_length": 93.66101694915254, "success_rate": 0.2711864406779661, "collision_rate": 0.7288135593220338, "out_of_bounds_rate": 0.0, "timeout_rate": 0.0, "policy_loss": 0.0035847779363393784, "value_loss": 10.556415557861328, "entropy": 0.6103659570217133, "approx_kl": 0.007955058244988322, "clip_fraction": 0.084991455078125, "grad_norm": 39.63943958282471, "explained_variance": 0.6668500304222107, "action_std_mean": 0.32837963104248047, "optimizer_iterations": 4.0, "lr": 7.362176e-05}
{"step": 1335296, "wall_time": 1790702968.1183321, "episodes_completed": 66.0, "mean_episode_reward": 13.953229362314397, "std_episode_reward": 22.797806035932155, "min_episode_reward": -9.811308860778809, "max_episode_reward": 81.75015258789062, "mean_episode_length": 96.51515151515152, "success_rate": 0.3333333333333333, "collision_rate": 0.6666666666666666, "out_of_bounds_rate": 0.0, "timeout_rate": 0.0, "policy_loss": 0.0016286014579236507, "value_loss": 12.622510194778442, "entropy": 0.6103462874889374, "approx_kl": 0.006746133847627789, "clip_fraction": 0.058074951171875, "grad_norm": 69.11368465423584, "explained_variance": 0.5915735363960266, "action_std_mean": 0.32837963104248047, "optimizer_iterations": 4.0, "lr": 7.345792000000001e-05}
{"step": 1343488, "wall_time": 1790702998.4022255, "episodes_completed": 72.0, "mean_episode_reward": 7.4982399344444275, "std_episode_reward": 17.444301108355955, "min_episode_reward": -9.828502655029297, "max_episode_reward": 52.50167465209961, "mean_episode_length": 67.55555555555556, "success_rate": 0.25, "collision_rate": 0.75, "out_of_bounds_rate": 0.0, "timeout_rate": 0.0, "policy_loss": 0.005345845129340887, "value_loss": 11.285056114196777, "entropy": 0.6103407442569733, "approx_kl": 0.01727751176804304, "clip_fraction": 0.1685791015625, "grad_norm": 78.99432373046875, "explained_variance": 0.7315639853477478, "action_std_mean": 0.3283742070198059, "optimizer_iterations": 4.0, "lr": 7.329408e-05}
{"step": 1351680, "wall_time": 1790703028.2666602, "episodes_completed": 70.0, "mean_episode_reward": 12.464270877838135, "std_episode_reward": 19.983594556647205, "min_episode_reward": -9.81814956665039, "max_episode_reward": 80.46282196044922, "mean_episode_length": 92.27142857142857, "success_rate": 0.3, "collision_rate": 0.7, "out_of_bounds_rate": 0.0, "timeout_rate": 0.0, "policy_loss": 0.006311687640845776, "value_loss": 11.524637222290039, "entropy": 0.6102970242500305, "approx_kl": 0.01645265775732696, "clip_fraction": 0.1546630859375, "grad_norm": 77.85256004333496, "explained_variance": 0.6981766223907471, "action_std_mean": 0.32836616039276123, "optimizer_iterations": 4.0, "lr": 7.313024e-05}
{"step": 1359872, "wall_time": 1790703058.2231927, "episodes_completed": 62.0, "mean_episode_reward": 10.379936795080862, "std_episode_reward": 23.46136942110319, "min_episode_reward": -9.820184707641602, "max_episode_reward": 95.48716735839844, "mean_episode_length": 82.69354838709677, "success_rate": 0.27419354838709675, "collision_rate": 0.7258064516129032, "out_of_bounds_rate": 0.0, "timeout_rate": 0.0, "policy_loss": 4.085712134838104e-06, "value_loss": 9.963118076324463, "entropy": 0.6102416813373566, "approx_kl": 0.0026560408296063542, "clip_fraction": 0.02764892578125, "grad_norm": 35.75069570541382, "explained_variance": 0.7274608612060547, "action_std_mean": 0.32835230231285095, "optimizer_iterations": 4.0, "lr": 7.29664e-05}
{"step": 1368064, "wall_time": 1790703088.433465, "episodes_completed": 67.0, "mean_episode_reward": 11.488699770685452, "std_episode_reward": 23.37590735431677, "min_episode_reward": -10.58680534362793, "max_episode_reward": 90.46178436279297, "mean_episode_length": 86.04477611940298, "success_rate": 0.26865671641791045, "collision_rate": 0.7313432835820896, "out_of_bounds_rate": 0.0, "timeout_rate": 0.0, "policy_loss": 0.0013573751784861088, "value_loss": 10.976642847061157, "entropy": 0.6101433336734772, "approx_kl": 0.00721194501966238, "clip_fraction": 0.07855224609375, "grad_norm": 104.28466510772705, "explained_variance": 0.7218180894851685, "action_std_mean": 0.3283362090587616, "optimizer_iterations": 4.0, "lr": 7.280256000000001e-05}
{"step": 1376256, "wall_time": 1790703118.659693, "episodes_completed": 70.0, "mean_episode_reward": 11.32285588979721, "std_episode_reward": 21.884846808229028, "min_episode_reward": -9.83159351348877, "max_episode_reward": 79.47181701660156, "mean_episode_length": 90.02857142857142, "success_rate": 0.2857142857142857, "collision_rate": 0.7, "out_of_bounds_rate": 0.0, "timeout_rate": 0.014285714285714285, "policy_loss": 0.004826817195862532, "value_loss": 12.440573692321777, "entropy": 0.6100572943687439, "approx_kl": 0.007353979162871838, "clip_fraction": 0.08062744140625, "grad_norm": 80.413987159729, "explained_variance": 0.7049426436424255, "action_std_mean": 0.3283265233039856, "optimizer_iterations": 4.0, "lr": 7.263872e-05}
{"step": 1384448, "wall_time": 1790703149.0725353, "episodes_completed": 92.0, "mean_episode_reward": 5.3673146652138755, "std_episode_reward": 17.039188904816953, "min_episode_reward": -9.915114402770996, "max_episode_reward": 87.79927825927734, "mean_episode_length": 68.42391304347827, "success_rate": 0.18478260869565216, "collision_rate": 0.8152173913043478, "out_of_bounds_rate": 0.0, "timeout_rate": 0.0, "policy_loss": -0.0001797834411263466, "value_loss": 14.379018545150757, "entropy": 0.6100011467933655, "approx_kl": 0.002656606025993824, "clip_fraction": 0.02838134765625, "grad_norm": 97.70036029815674, "explained_variance": 0.687950611114502, "action_std_mean": 0.32831522822380066, "optimizer_iterations": 4.0, "lr": 7.247488e-05}
{"step": 1392640, "wall_time": 1790703179.2754617, "episodes_completed": 79.0, "mean_episode_reward": 10.264302090753484, "std_episode_reward": 21.319506215475545, "min_episode_reward": -9.813741683959961, "max_episode_reward": 82.87079620361328, "mean_episode_length": 83.9746835443038, "success_rate": 0.26582278481012656, "collision_rate": 0.7341772151898734, "out_of_bounds_rate": 0.0, "timeout_rate": 0.0, "policy_loss": 0.0005863355472683907, "value_loss": 13.981889963150024, "entropy": 0.6099156737327576, "approx_kl": 0.0017872476018965244, "clip_fraction": 0.012847900390625, "grad_norm": 71.19981956481934, "explained_variance": 0.6107179522514343, "action_std_mean": 0.3282974362373352, "optimizer_iterations": 4.0, "lr": 7.231104e-05}
{"step": 1400832, "wall_time": 1790703209.3630044, "episodes_completed": 62.0, "mean_episode_reward": 10.900492998861498, "std_episode_reward": 22.227021242896065, "min_episode_reward": -9.86486530303955, "max_episode_reward": 72.48627471923828, "mean_episode_length": 89.29032258064517, "success_rate": 0.24193548387096775, "collision_rate": 0.7580645161290323, "out_of_bounds_rate": 0.0, "timeout_rate": 0.0, "policy_loss": 0.001561255194246769, "value_loss": 9.776459217071533, "entropy": 0.6098107397556305, "approx_kl": 0.008650684147141874, "clip_fraction": 0.094024658203125, "grad_norm": 50.02095031738281, "explained_variance": 0.7446649670600891, "action_std_mean": 0.32828623056411743, "optimizer_iterations": 4.0, "lr": 7.21472e-05}
{"step": 1409024, "wall_time": 1790703239.438074, "episodes_completed": 83.0, "mean_episode_reward": 8.546660130282483, "std_episode_reward": 18.43358121223898, "min_episode_reward": -9.868378639221191, "max_episode_reward": 66.29705810546875, "mean_episode_length": 72.03614457831326, "success_rate": 0.27710843373493976, "collision_rate": 0.7228915662650602, "out_of_bounds_rate": 0.0, "timeout_rate": 0.0, "policy_loss": 2.959510311484337e-05, "value_loss": 11.613417625427246, "entropy": 0.609739363193512, "approx_kl": 0.0025731183268362656, "clip_fraction": 0.025115966796875, "grad_norm": 37.1875262260437, "explained_variance": 0.6779763698577881, "action_std_mean": 0.3282662630081177, "optimizer_iterations": 4.0, "lr": 7.198336000000002e-05}
{"step": 1417216, "wall_time": 1790703269.4453378, "episodes_completed": 60.0, "mean_episode_reward": 12.510843873023987, "std_episode_reward": 24.63452169060334, "min_episode_reward": -9.834718704223633, "max_episode_reward": 94.36446380615234, "mean_episode_length": 94.2, "success_rate": 0.26666666666666666, "collision_rate": 0.7333333333333333, "out_of_bounds_rate": 0.0, "timeout_rate": 0.0, "policy_loss": 0.0005639214068651199, "value_loss": 10.880533695220947, "entropy": 0.6095830500125885, "approx_kl": 0.005073909152997658, "clip_fraction": 0.054290771484375, "grad_norm": 45.467955112457275, "explained_variance": 0.6784541606903076, "action_std_mean": 0.3282371461391449, "optimizer_iterations": 4.0, "lr": 7.181952000000001e-05}
{"step": 1425408, "wall_time": 1790703299.7999797, "episodes_completed": 87.0, "mean_episode_reward": 5.911832392900839, "std_episode_reward": 15.25114833304915, "min_episode_reward": -9.842365264892578, "max_episode_reward": 47.856903076171875, "mean_episode_length": 70.67816091954023, "success_rate": 0.16091954022988506, "collision_rate": 0.8390804597701149, "out_of_bounds_rate": 0.0, "timeout_rate": 0.0, "policy_loss": 0.00029598106630146503, "value_loss": 16.761686325073242, "entropy": 0.6094240844249725, "approx_kl": 0.002644663749379106, "clip_fraction": 0.02923583984375, "grad_norm": 74.74675846099854, "explained_variance": 0.6101720333099365, "action_std_mean": 0.32821476459503174, "optimizer_iterations": 4.0, "lr": 7.165568e-05}
{"step": 1433600, "wall_time": 1790703329.725075, "episodes_completed": 58.0, "mean_episode_reward": 13.672565345106454, "std_episode_reward": 21.3996718223218, "min_episode_reward": -9.808836936950684, "max_episode_reward": 83.7501220703125, "mean_episode_length": 93.5, "success_rate": 0.3793103448275862, "collision_rate": 0.6206896551724138, "out_of_bounds_rate": 0.0, "timeout_rate": 0.0, "policy_loss": 0.0006162500940263271, "value_loss": 9.352282524108887, "entropy": 0.6093211472034454, "approx_kl": 0.004688997549237683, "clip_fraction": 0.056365966796875, "grad_norm": 44.42992115020752, "explained_variance": 0.6598042249679565, "action_std_mean": 0.3282080888748169, "optimizer_iterations": 4.0, "lr": 7.149184e-05}
{"step": 1441792, "wall_time": 1790703359.8292775, "episodes_completed": 64.0, "mean_episode_reward": 13.660912722349167, "std_episode_reward": 23.76509527981046, "min_episode_reward": -9.823704719543457, "max_episode_reward": 95.6751708984375, "mean_episode_length": 93.828125, "success_rate": 0.328125, "collision_rate": 0.671875, "out_of_bounds_rate": 0.0, "timeout_rate": 0.0, "policy_loss": -0.00048457575030624866, "value_loss": 10.36638069152832, "entropy": 0.6092909574508667, "approx_kl": 0.0032212224905379117, "clip_fraction": 0.032073974609375, "grad_norm": 46.637507915496826, "explained_variance": 0.6964232921600342, "action_std_mean": 0.3282005786895752, "optimizer_iterations": 4.0, "lr": 7.1328e-05}
{"step": 1449984, "wall_time": 1790703390.319464, "episodes_completed": 92.0, "mean_episode_reward": 6.831659524337105, "std_episode_reward": 21.391085828853793, "min_episode_reward": -9.846220016479492, "max_episode_reward": 77.98152923583984, "mean_episode_length": 71.42391304347827, "success_rate": 0.17391304347826086, "collision_rate": 0.8260869565217391, "out_of_bounds_rate": 0.0, "timeout_rate": 0.0, "policy_loss": 0.0014301943592727184, "value_loss": 13.895223140716553, "entropy": 0.6092207431793213, "approx_kl": 0.006042274180799723, "clip_fraction": 0.078582763671875, "grad_norm": 68.52602577209473, "explained_variance": 0.6800885200500488, "action_std_mean": 0.3281804025173187, "optimizer_iterations": 4.0, "lr": 7.116416e-05}
{"step": 1458176, "wall_time": 1790703420.6149516, "episodes_completed": 60.0, "mean_episode_reward": 15.607797209421793, "std_episode_reward": 23.17288295543825, "min_episode_reward": -9.813376426696777, "max_episode_reward": 83.40336608886719, "mean_episode_length": 109.63333333333334, "success_rate": 0.2833333333333333, "collision_rate": 0.7166666666666667, "out_of_bounds_rate": 0.0, "timeout_rate": 0.0, "policy_loss": -0.0009640860371291637, "value_loss": 11.707773208618164, "entropy": 0.609073668718338, "approx_kl": 0.0024636269081383944, "clip_fraction": 0.0201416015625, "grad_norm": 39.63926935195923, "explained_variance": 0.6362035274505615, "action_std_mean": 0.32815247774124146, "optimizer_iterations": 4.0, "lr": 7.100032000000001e-05}
{"step": 1466368, "wall_time": 1790703451.0912187, "episodes_completed": 82.0, "mean_episode_reward": 7.891161744187518, "std_episode_reward": 16.969727410979992, "min_episode_reward": -9.823989868164062, "max_episode_reward": 54.458030700683594, "mean_episode_length": 69.14634146341463, "success_rate": 0.2682926829268293, "collision_rate": 0.7317073170731707, "out_of_bounds_rate": 0.0, "timeout_rate": 0.0, "policy_loss": 7.617310620844364e-05, "value_loss": 12.656335592269897, "entropy": 0.6089011132717133, "approx_kl": 0.004035726189613342, "clip_fraction": 0.046875, "grad_norm": 60.31543827056885, "explained_variance": 0.6881266832351685, "action_std_mean": 0.32812416553497314, "optimizer_iterations": 4.0, "lr": 7.083648e-05}
{"step": 1474560, "wall_time": 1790703481.1196268, "episodes_completed": 66.0, "mean_episode_reward": 13.133255842960242, "std_episode_reward": 20.651471216501907, "min_episode_reward": -9.986045837402344, "max_episode_reward": 60.78376770019531, "mean_episode_length": 94.16666666666667, "success_rate": 0.2878787878787879, "collision_rate": 0.7121212121212122, "out_of_bounds_rate": 0.0, "timeout_rate": 0.0, "policy_loss": -0.0004162403056398034, "value_loss": 11.492048263549805, "entropy": 0.6087400019168854, "approx_kl": 0.002728523744735867, "clip_fraction": 0.029205322265625, "grad_norm": 51.241944313049316, "explained_variance": 0.6623464822769165, "action_std_mean": 0.3281026780605316, "optimizer_iterations": 4.0, "lr": 7.067264000000001e-05}
{"step": 1482752, "wall_time": 1790703511.8100333, "episodes_completed": 89.0, "mean_episode_reward": 9.544645523757078, "std_episode_reward": 20.658183806981274, "min_episode_reward": -9.917607307434082, "max_episode_reward": 81.23443603515625, "mean_episode_length": 77.34831460674157, "success_rate": 0.2696629213483146, "collision_rate": 0.7303370786516854, "out_of_bounds_rate": 0.0, "timeout_rate": 0.0, "policy_loss": 0.0005373125895857811, "value_loss": 12.35548996925354, "entropy": 0.6086498200893402, "approx_kl": 0.004746343591250479, "clip_fraction": 0.045379638671875, "grad_norm": 88.4960789680481, "explained_variance": 0.6859595775604248, "action_std_mean": 0.3280993103981018, "optimizer_iterations": 4.0, "lr": 7.05088e-05}
{"step": 1490944, "wall_time": 1790703541.915992, "episodes_completed": 81.0, "mean_episode_reward": 8.006484950030291, "std_episode_reward": 19.433467363217474, "min_episode_reward": -9.874542236328125, "max_episode_reward": 68.9636001586914, "mean_episode_length": 71.18518518518519, "success_rate": 0.24691358024691357, "collision_rate": 0.7530864197530864, "out_of_bounds_rate": 0.0, "timeout_rate": 0.0, "policy_loss": 0.0013273837976157665, "value_loss": 10.698529243469238, "entropy": 0.6086390018463135, "approx_kl": 0.005254157003946602, "clip_fraction": 0.051239013671875, "grad_norm": 75.45424270629883, "explained_variance": 0.7257909774780273, "action_std_mean": 0.3280956745147705, "optimizer_iterations": 4.0, "lr": 7.034496e-05}
{"step": 1499136, "wall_time": 1790703571.7683947, "episodes_completed": 70.0, "mean_episode_reward": 9.953275878088816, "std_episode_reward": 17.322667652687432, "min_episode_reward": -9.809216499328613, "max_episode_reward": 67.50958251953125, "mean_episode_length": 76.6, "success_rate": 0.2857142857142857, "collision_rate": 0.7142857142857143, "out_of_bounds_rate": 0.0, "timeout_rate": 0.0, "policy_loss": -0.0005873444024473429, "value_loss": 11.932364463806152, "entropy": 0.6086081266403198, "approx_kl": 0.0025954341399483383, "clip_fraction": 0.0252685546875, "grad_norm": 65.84091854095459, "explained_variance": 0.706043004989624, "action_std_mean": 0.3280872106552124, "optimizer_iterations": 4.0, "lr": 7.018112e-05}
{"step": 1507328, "wall_time": 1790703601.3430374, "episodes_completed": 48.0, "mean_episode_reward": 18.5658257206281, "std_episode_reward": 28.72182213710602, "min_episode_reward": -9.810038566589355, "max_episode_reward": 100.3243179321289, "mean_episode_length": 120.25, "success_rate": 0.3333333333333333, "collision_rate": 0.6666666666666666, "out_of_bounds_rate": 0.0, "timeout_rate": 0.0, "policy_loss": 0.002141518285498023, "value_loss": 8.93660283088684, "entropy": 0.6085569858551025, "approx_kl": 0.003959439927712083, "clip_fraction": 0.04205322265625, "grad_norm": 50.54592704772949, "explained_variance": 0.6557201743125916, "action_std_mean": 0.3280842900276184, "optimizer_iterations": 4.0, "lr": 7.001728000000001e-05}
{"step": 1515520, "wall_time": 1790703631.906374, "episodes_completed": 65.0, "mean_episode_reward": 10.885204968085656, "std_episode_reward": 20.596452825248466, "min_episode_reward": -9.810159683227539, "max_episode_reward": 79.77033233642578, "mean_episode_length": 87.76923076923077, "success_rate": 0.23076923076923078, "collision_rate": 0.7692307692307693, "out_of_bounds_rate": 0.0, "timeout_rate": 0.0, "policy_loss": 0.0056788004003465176, "value_loss": 13.548102378845215, "entropy": 0.6085671186447144, "approx_kl": 0.008578049018979073, "clip_fraction": 0.0421142578125, "grad_norm": 79.35911846160889, "explained_variance": 0.5473371744155884, "action_std_mean": 0.3280879855155945, "optimizer_iterations": 4.0, "lr": 6.985344e-05}
{"step": 1523712, "wall_time": 1790703662.0048096, "episodes_completed": 68.0, "mean_episode_reward": 13.949406154015485, "std_episode_reward": 21.129704539494675, "min_episode_reward": -9.828601837158203, "max_episode_reward": 77.01972198486328, "mean_episode_length": 87.79411764705883, "success_rate": 0.38235294117647056, "collision_rate": 0.6176470588235294, "out_of_bounds_rate": 0.0, "timeout_rate": 0.0, "policy_loss": 0.0013505090028047562, "value_loss": 11.304178953170776, "entropy": 0.6085902452468872, "approx_kl": 0.006374865799443796, "clip_fraction": 0.073089599609375, "grad_norm": 56.11954879760742, "explained_variance": 0.6118546724319458, "action_std_mean": 0.32809239625930786, "optimizer_iterations": 4.0, "lr": 6.96896e-05}
{"step": 1531904, "wall_time": 1790703692.1139436, "episodes_completed": 75.0, "mean_episode_reward": 11.055547472635904, "std_episode_reward": 19.927907474119184, "min_episode_reward": -9.848648071289062, "max_episode_reward": 87.3641586303711, "mean_episode_length": 83.84, "success_rate": 0.26666666666666666, "collision_rate": 0.7333333333333333, "out_of_bounds_rate": 0.0, "timeout_rate": 0.0, "policy_loss": 5.209818482398987e-05, "value_loss": 12.68526840209961, "entropy": 0.6086229979991913, "approx_kl": 0.004404791863635182, "clip_fraction": 0.051239013671875, "grad_norm": 79.68488502502441, "explained_variance": 0.5902884006500244, "action_std_mean": 0.3280969262123108, "optimizer_iterations": 4.0, "lr": 6.952576e-05}
{"step": 1540096, "wall_time": 1790703722.1005397, "episodes_completed": 81.0, "mean_episode_reward": 7.554190635681152, "std_episode_reward": 19.61920495330782, "min_episode_reward": -9.832234382629395, "max_episode_reward": 82.0923080444336, "mean_episode_length": 76.20987654320987, "success_rate": 0.18518518518518517, "collision_rate": 0.8148148148148148, "out_of_bounds_rate": 0.0, "timeout_rate": 0.0, "policy_loss": 0.0010646777227520943, "value_loss": 13.36607313156128, "entropy": 0.6086443066596985, "approx_kl": 0.0037872866450925358, "clip_fraction": 0.0416259765625, "grad_norm": 62.63844108581543, "explained_variance": 0.6772314310073853, "action_std_mean": 0.3280981779098511, "optimizer_iterations": 4.0, "lr": 6.936192e-05}
{"step": 1548288, "wall_time": 1790703751.6988506, "episodes_completed": 58.0, "mean_episode_reward": 11.27181780749354, "std_episode_reward": 24.495606836032312, "min_episode_reward": -9.813051223754883, "max_episode_reward": 101.8895034790039, "mean_episode_length": 86.89655172413794, "success_rate": 0.25862068965517243, "collision_rate": 0.7413793103448276, "out_of_bounds_rate": 0.0, "timeout_rate": 0.0, "policy_loss": 0.0028437096625566483, "value_loss": 9.825848817825317, "entropy": 0.6086427867412567, "approx_kl": 0.008006330928765237, "clip_fraction": 0.093505859375, "grad_norm": 64.0869836807251, "explained_variance": 0.7219620943069458, "action_std_mean": 0.32809215784072876, "optimizer_iterations": 4.0, "lr": 6.919808000000002e-05}
{"step": 1556480, "wall_time": 1790703781.4551551, "episodes_completed": 56.0, "mean_episode_reward": 15.250782387597221, "std_episode_reward": 20.950998512063332, "min_episode_reward": -9.826272010803223, "max_episode_reward": 70.6488265991211, "mean_episode_length": 102.98214285714286, "success_rate": 0.32142857142857145, "collision_rate": 0.6785714285714286, "out_of_bounds_rate": 0.0, "timeout_rate": 0.0, "policy_loss": 0.005961424903944135, "value_loss": 8.954866886138916, "entropy": 0.6086030304431915, "approx_kl": 0.014427023474127054, "clip_fraction": 0.1275634765625, "grad_norm": 70.44554805755615, "explained_variance": 0.7454129457473755, "action_std_mean": 0.32808661460876465, "optimizer_iterations": 4.0, "lr": 6.903424e-05}
{"step": 1564672, "wall_time": 1790703811.3128233, "episodes_completed": 65.0, "mean_episode_reward": 10.515736370820266, "std_episode_reward": 23.423645206437552, "min_episode_reward": -9.841606140136719, "max_episode_reward": 89.73497772216797, "mean_episode_length": 94.78461538461538, "success_rate": 0.18461538461538463, "collision_rate": 0.8, "out_of_bounds_rate": 0.0, "timeout_rate": 0.015384615384615385, "policy_loss": 0.000924181193113327, "value_loss": 11.564516067504883, "entropy": 0.6085626482963562, "approx_kl": 0.003412238904275, "clip_fraction": 0.040435791015625, "grad_norm": 53.45628261566162, "explained_variance": 0.6858246326446533, "action_std_mean": 0.32807305455207825, "optimizer_iterations": 4.0, "lr": 6.88704e-05}
{"step": 1572864, "wall_time": 1790703841.505433, "episodes_completed": 70.0, "mean_episode_reward": 10.924550826208932, "std_episode_reward": 22.130464167391008, "min_episode_reward": -9.876880645751953, "max_episode_reward": 88.3386001586914, "mean_episode_length": 81.97142857142858, "success_rate": 0.2714285714285714, "collision_rate": 0.7285714285714285, "out_of_bounds_rate": 0.0, "timeout_rate": 0.0, "policy_loss": 0.0006251961458474398, "value_loss": 9.855833053588867, "entropy": 0.6084737777709961, "approx_kl": 0.004912123025860637, "clip_fraction": 0.0560302734375, "grad_norm": 47.99654483795166, "explained_variance": 0.731203556060791, "action_std_mean": 0.32806408405303955, "optimizer_iterations": 4.0, "lr": 6.870656e-05}
{"step": 1581056, "wall_time": 1790703871.63978, "episodes_completed": 64.0, "mean_episode_reward": 12.126364141702652, "std_episode_reward": 22.498352193659915, "min_episode_reward": -9.822729110717773, "max_episode_reward": 68.80365753173828, "mean_episode_length": 92.046875, "success_rate": 0.265625, "collision_rate": 0.734375, "out_of_bounds_rate": 0.0, "timeout_rate": 0.0, "policy_loss": 0.0033026288729161024, "value_loss": 11.252418518066406, "entropy": 0.608454167842865, "approx_kl": 0.010508015635423362, "clip_fraction": 0.104461669921875, "grad_norm": 71.34746932983398, "explained_variance": 0.6249810457229614, "action_std_mean": 0.32806718349456787, "optimizer_iterations": 4.0, "lr": 6.854272e-05}
{"step": 1589248, "wall_time": 1790703902.0239336, "episodes_completed": 82.0, "mean_episode_reward": 8.733394971707972, "std_episode_reward": 17.084281677389733, "min_episode_reward": -9.914450645446777, "max_episode_reward": 60.6668701171875, "mean_episode_length": 70.82926829268293, "success_rate": 0.2804878048780488, "collision_rate": 0.7195121951219512, "out_of_bounds_rate": 0.0, "timeout_rate": 0.0, "policy_loss": 0.001816445030272007, "value_loss": 12.719281911849976, "entropy": 0.6084741055965424, "approx_kl": 0.004228669626172632, "clip_fraction": 0.046600341796875, "grad_norm": 90.03168773651123, "explained_variance": 0.6707408428192139, "action_std_mean": 0.3280697762966156, "optimizer_iterations": 4.0, "lr": 6.837888e-05}
{"step": 1597440, "wall_time": 1790703932.2536082, "episodes_completed": 61.0, "mean_episode_reward": 11.88378463025953, "std_episode_reward": 18.523603185715444, "min_episode_reward": -9.830915451049805, "max_episode_reward": 67.03401184082031, "mean_episode_length": 91.67213114754098, "success_rate": 0.26229508196721313, "collision_rate": 0.7377049180327869, "out_of_bounds_rate": 0.0, "timeout_rate": 0.0, "policy_loss": 0.0007494064047932625, "value_loss": 11.991901636123657, "entropy": 0.6084733307361603, "approx_kl": 0.005949647049419582, "clip_fraction": 0.065521240234375, "grad_norm": 62.04782009124756, "explained_variance": 0.6345798969268799, "action_std_mean": 0.32806479930877686, "optimizer_iterations": 4.0, "lr": 6.821504000000001e-05}
{"step": 1605632, "wall_time": 1790703962.158198, "episodes_completed": 66.0, "mean_episode_reward": 11.651734843398586, "std_episode_reward": 21.64160637264391, "min_episode_reward": -9.806737899780273, "max_episode_reward": 79.2029037475586, "mean_episode_length": 94.81818181818181, "success_rate": 0.30303030303030304, "collision_rate": 0.696969696969697, "out_of_bounds_rate": 0.0, "timeout_rate": 0.0, "policy_loss": 0.0031978266779333353, "value_loss": 12.440608024597168, "entropy": 0.608428418636322, "approx_kl": 0.009800511645153165, "clip_fraction": 0.112091064453125, "grad_norm": 85.26884460449219, "explained_variance": 0.6292306184768677, "action_std_mean": 0.32805335521698, "optimizer_iterations": 4.0, "lr": 6.80512e-05}
{"step": 1613824, "wall_time": 1790703992.4285793, "episodes_completed": 73.0, "mean_episode_reward": 10.508899081243227, "std_episode_reward": 18.701168943891044, "min_episode_reward": -9.822893142700195, "max_episode_reward": 67.37217712402344, "mean_episode_length": 78.36986301369863, "success_rate": 0.3287671232876712, "collision_rate": 0.6712328767123288, "out_of_bounds_rate": 0.0, "timeout_rate": 0.0, "policy_loss": 0.0010116947814822197, "value_loss": 10.606956243515015, "entropy": 0.6083375215530396, "approx_kl": 0.003063032927457243, "clip_fraction": 0.032501220703125, "grad_norm": 52.90060043334961, "explained_variance": 0.6644036173820496, "action_std_mean": 0.3280336856842041, "optimizer_iterations": 4.0, "lr": 6.788736e-05}
{"step": 1622016, "wall_time": 1790704022.7312977, "episodes_completed": 77.0, "mean_episode_reward": 9.677842406483439, "std_episode_reward": 17.538552519388066, "min_episode_reward": -9.832359313964844, "max_episode_reward": 55.72245788574219, "mean_episode_length": 78.51948051948052, "success_rate": 0.3116883116883117, "collision_rate": 0.6883116883116883, "out_of_bounds_rate": 0.0, "timeout_rate": 0.0, "policy_loss": 0.002561539877206087, "value_loss": 11.663264274597168, "entropy": 0.6081869006156921, "approx_kl": 0.004838732711505145, "clip_fraction": 0.05682373046875, "grad_norm": 53.30541753768921, "explained_variance": 0.6581753492355347, "action_std_mean": 0.32799965143203735, "optimizer_iterations": 4.0, "lr": 6.772352e-05}
{"step": 1630208, "wall_time": 1790704052.8481238, "episodes_completed": 64.0, "mean_episode_reward": 16.129584215581417, "std_episode_reward": 23.358163195231075, "min_episode_reward": -9.801047325134277, "max_episode_reward": 103.98764038085938, "mean_episode_length": 95.5, "success_rate": 0.40625, "collision_rate": 0.59375, "out_of_bounds_rate": 0.0, "timeout_rate": 0.0, "policy_loss": 0.004072043113410473, "value_loss": 9.197121620178223, "entropy": 0.6079727113246918, "approx_kl": 0.00779368297662586, "clip_fraction": 0.08819580078125, "grad_norm": 47.67443561553955, "explained_variance": 0.698201060295105, "action_std_mean": 0.3279671370983124, "optimizer_iterations": 4.0, "lr": 6.755968e-05}
{"step": 1638400, "wall_time": 1790704083.2961874, "episodes_completed": 69.0, "mean_episode_reward": 13.068524996439615, "std_episode_reward": 20.868859460899884, "min_episode_reward": -9.81241512298584, "max_episode_reward": 76.74488067626953, "mean_episode_length": 93.97101449275362, "success_rate": 0.3188405797101449, "collision_rate": 0.6811594202898551, "out_of_bounds_rate": 0.0, "timeout_rate": 0.0, "policy_loss": -0.00029799656476825476, "value_loss": 9.959570407867432, "entropy": 0.6077922880649567, "approx_kl": 0.003174360957928002, "clip_fraction": 0.0350341796875, "grad_norm": 80.9895191192627, "explained_variance": 0.725831151008606, "action_std_mean": 0.32794150710105896, "optimizer_iterations": 4.0, "lr": 6.739584e-05}
{"step": 1646592, "wall_time": 1790704113.6207337, "episodes_completed": 67.0, "mean_episode_reward": 12.103874121139299, "std_episode_reward": 17.630847621936763, "min_episode_reward": -9.807994842529297, "max_episode_reward": 73.30329895019531, "mean_episode_length": 96.14925373134328, "success_rate": 0.26865671641791045, "collision_rate": 0.7313432835820896, "out_of_bounds_rate": 0.0, "timeout_rate": 0.0, "policy_loss": -0.000637310091406107, "value_loss": 12.941956281661987, "entropy": 0.6076596975326538, "approx_kl": 0.0020348698017187417, "clip_fraction": 0.018218994140625, "grad_norm": 63.539076805114746, "explained_variance": 0.6294987201690674, "action_std_mean": 0.3279280364513397, "optimizer_iterations": 4.0, "lr": 6.723200000000001e-05}
{"step": 1654784, "wall_time": 1790704143.6052682, "episodes_completed": 64.0, "mean_episode_reward": 12.285815991461277, "std_episode_reward": 19.66828613482804, "min_episode_reward": -9.831399917602539, "max_episode_reward": 74.69001007080078, "mean_episode_length": 89.375, "success_rate": 0.3125, "collision_rate": 0.6875, "out_of_bounds_rate": 0.0, "timeout_rate": 0.0, "policy_loss": 0.00021741818636655807, "value_loss": 12.068493127822876, "entropy": 0.6076021194458008, "approx_kl": 0.0021451466891448945, "clip_fraction": 0.020751953125, "grad_norm": 47.23587989807129, "explained_variance": 0.6793491244316101, "action_std_mean": 0.327922523021698, "optimizer_iterations": 4.0, "lr": 6.706816e-05}
{"step": 1662976, "wall_time": 1790704173.7044945, "episodes_completed": 55.0, "mean_episode_reward": 12.96524864543568, "std_episode_reward": 24.05418146024491, "min_episode_reward": -10.089945793151855, "max_episode_reward": 107.16707611083984, "mean_episode_length": 96.50909090909092, "success_rate": 0.2909090909090909, "collision_rate": 0.7090909090909091, "out_of_bounds_rate": 0.0, "timeout_rate": 0.0, "policy_loss": 0.001264580525457859, "value_loss": 8.892799139022827, "entropy": 0.6075607240200043, "approx_kl": 0.00547962001292035, "clip_fraction": 0.06011962890625, "grad_norm": 40.82436656951904, "explained_variance": 0.7190181612968445, "action_std_mean": 0.3279087543487549, "optimizer_iterations": 4.0, "lr": 6.690432e-05}
{"step": 1671168, "wall_time": 1790704203.608493, "episodes_completed": 69.0, "mean_episode_reward": 9.210834551548611, "std_episode_reward": 19.433280886667987, "min_episode_reward": -9.8407564163208, "max_episode_reward": 83.27974700927734, "mean_episode_length": 75.69565217391305, "success_rate": 0.2753623188405797, "collision_rate": 0.7246376811594203, "out_of_bounds_rate": 0.0, "timeout_rate": 0.0, "policy_loss": 0.0001769079826772213, "value_loss": 11.835341691970825, "entropy": 0.6074527502059937, "approx_kl": 0.0013832748809363693, "clip_fraction": 0.010986328125, "grad_norm": 57.350046157836914, "explained_variance": 0.6808934211730957, "action_std_mean": 0.32788360118865967, "optimizer_iterations": 4.0, "lr": 6.674048000000001e-05}
{"step": 1679360, "wall_time": 1790704233.8318117, "episodes_completed": 81.0, "mean_episode_reward": 9.946483158770903, "std_episode_reward": 20.847946777768286, "min_episode_reward": -9.939449310302734, "max_episode_reward": 70.48165893554688, "mean_episode_length": 80.18518518518519, "success_rate": 0.25925925925925924, "collision_rate": 0.7407407407407407, "out_of_bounds_rate": 0.0, "timeout_rate": 0.0, "policy_loss": 0.00048016617074608803, "value_loss": 12.91066575050354, "entropy": 0.6073180139064789, "approx_kl": 0.0020033007604070008, "clip_fraction": 0.01837158203125, "grad_norm": 104.77283096313477, "explained_variance": 0.6716928482055664, "action_std_mean": 0.32787030935287476, "optimizer_iterations": 4.0, "lr": 6.657664e-05}
{"step": 1687552, "wall_time": 1790704264.1426477, "episodes_completed": 80.0, "mean_episode_reward": 10.286885148286819, "std_episode_reward": 17.908166658263333, "min_episode_reward": -9.851419448852539, "max_episode_reward": 60.21627426147461, "mean_episode_length": 81.375, "success_rate": 0.2875, "collision_rate": 0.7125, "out_of_bounds_rate": 0.0, "timeout_rate": 0.0, "policy_loss": 0.0004542169626802206, "value_loss": 12.621681451797485, "entropy": 0.6072540879249573, "approx_kl": 0.0029540605028159916, "clip_fraction": 0.029083251953125, "grad_norm": 76.4547815322876, "explained_variance": 0.6708735227584839, "action_std_mean": 0.3278593420982361, "optimizer_iterations": 4.0, "lr": 6.64128e-05}
{"step": 1695744, "wall_time": 1790704294.4536636, "episodes_completed": 77.0, "mean_episode_reward": 10.759738045853453, "std_episode_reward": 20.183169547444507, "min_episode_reward": -9.851234436035156, "max_episode_reward": 66.0255355834961, "mean_episode_length": 81.79220779220779, "success_rate": 0.2727272727272727, "collision_rate": 0.7272727272727273, "out_of_bounds_rate": 0.0, "timeout_rate": 0.0, "policy_loss": 0.0013951401924714446, "value_loss": 11.937881231307983, "entropy": 0.6071934103965759, "approx_kl": 0.00504119589459151, "clip_fraction": 0.0635986328125, "grad_norm": 92.38791179656982, "explained_variance": 0.659531831741333, "action_std_mean": 0.32785433530807495, "optimizer_iterations": 4.0, "lr": 6.624896e-05}
{"step": 1703936, "wall_time": 1790704325.080818, "episodes_completed": 80.0, "mean_episode_reward": 7.516019657254219, "std_episode_reward": 17.693070148083137, "min_episode_reward": -10.63264274597168, "max_episode_reward": 84.49661254882812, "mean_episode_length": 73.4875, "success_rate": 0.25, "collision_rate": 0.75, "out_of_bounds_rate": 0.0, "timeout_rate": 0.0, "policy_loss": 0.0032262858003377914, "value_loss": 11.977273941040039, "entropy": 0.6071858406066895, "approx_kl": 0.008333339588716626, "clip_fraction": 0.09368896484375, "grad_norm": 96.66135787963867, "explained_variance": 0.7351731061935425, "action_std_mean": 0.3278581500053406, "optimizer_iterations": 4.0, "lr": 6.608512e-05}
{"step": 1712128, "wall_time": 1790704355.6179862, "episodes_completed": 76.0, "mean_episode_reward": 13.487454376722637, "std_episode_reward": 22.6094843439371, "min_episode_reward": -9.839614868164062, "max_episode_reward": 80.45122528076172, "mean_episode_length": 96.85526315789474, "success_rate": 0.2894736842105263, "collision_rate": 0.7105263157894737, "out_of_bounds_rate": 0.0, "timeout_rate": 0.0, "policy_loss": 0.0012508835643529892, "value_loss": 11.320045232772827, "entropy": 0.6072287261486053, "approx_kl": 0.00782000832259655, "clip_fraction": 0.093414306640625, "grad_norm": 64.11579990386963, "explained_variance": 0.7090277671813965, "action_std_mean": 0.32787030935287476, "optimizer_iterations": 4.0, "lr": 6.592128e-05}
{"step": 1720320, "wall_time": 1790704385.7942152, "episodes_completed": 69.0, "mean_episode_reward": 10.925257510033207, "std_episode_reward": 25.225543831192486, "min_episode_reward": -9.831670761108398, "max_episode_reward": 99.45213317871094, "mean_episode_length": 88.4927536231884, "success_rate": 0.21739130434782608, "collision_rate": 0.782608695652174, "out_of_bounds_rate": 0.0, "timeout_rate": 0.0, "policy_loss": 0.004506704397499561, "value_loss": 12.291374444961548, "entropy": 0.6072990894317627, "approx_kl": 0.014439956285059452, "clip_fraction": 0.14385986328125, "grad_norm": 95.60573196411133, "explained_variance": 0.6857036352157593, "action_std_mean": 0.3278788924217224, "optimizer_iterations": 4.0, "lr": 6.575744e-05}
{"step": 1728512, "wall_time": 1790704416.2151005, "episodes_completed": 74.0, "mean_episode_reward": 10.04067204449628, "std_episode_reward": 19.65371085445065, "min_episode_reward": -9.828306198120117, "max_episode_reward": 65.59925079345703, "mean_episode_length": 81.20270270270271, "success_rate": 0.25675675675675674, "collision_rate": 0.7432432432432432, "out_of_bounds_rate": 0.0, "timeout_rate": 0.0, "policy_loss": 0.0029672360979020596, "value_loss": 11.083767414093018, "entropy": 0.6073246896266937, "approx_kl": 0.008018264314159751, "clip_fraction": 0.09466552734375, "grad_norm": 63.06985378265381, "explained_variance": 0.6854593753814697, "action_std_mean": 0.327872633934021, "optimizer_iterations": 4.0, "lr": 6.559360000000001e-05}
{"step": 1736704, "wall_time": 1790704447.0163257, "episodes_completed": 78.0, "mean_episode_reward": 8.481229953276806, "std_episode_reward": 19.366574574454656, "min_episode_reward": -10.792102813720703, "max_episode_reward": 82.49496459960938, "mean_episode_length": 77.26923076923077, "success_rate": 0.21794871794871795, "collision_rate": 0.782051282051282, "out_of_bounds_rate": 0.0, "timeout_rate": 0.0, "policy_loss": -0.0002501346170902252, "value_loss": 13.851313352584839, "entropy": 0.6072534024715424, "approx_kl": 0.003484400629531592, "clip_fraction": 0.038238525390625, "grad_norm": 76.75996208190918, "explained_variance": 0.6176047325134277, "action_std_mean": 0.3278540372848511, "optimizer_iterations": 4.0, "lr": 6.542976000000001e-05}
{"step": 1744896, "wall_time": 1790704477.693609, "episodes_completed": 75.0, "mean_episode_reward": 10.646063683827718, "std_episode_reward": 18.683527141836162, "min_episode_reward": -9.813518524169922, "max_episode_reward": 77.8468017578125, "mean_episode_length": 76.46666666666667, "success_rate": 0.30666666666666664, "collision_rate": 0.6933333333333334, "out_of_bounds_rate": 0.0, "timeout_rate": 0.0, "policy_loss": 0.0009467208292335272, "value_loss": 11.457961082458496, "entropy": 0.6071384251117706, "approx_kl": 0.003491569950710982, "clip_fraction": 0.03973388671875, "grad_norm": 35.86992311477661, "explained_variance": 0.6973536014556885, "action_std_mean": 0.3278372585773468, "optimizer_iterations": 4.0, "lr": 6.526592e-05}
{"step": 1753088, "wall_time": 1790704507.6281614, "episodes_completed": 51.0, "mean_episode_reward": 16.387605265075084, "std_episode_reward": 18.961096324261888, "min_episode_reward": -11.427698135375977, "max_episode_reward": 68.74104309082031, "mean_episode_length": 108.05882352941177, "success_rate": 0.35294117647058826, "collision_rate": 0.6470588235294118, "out_of_bounds_rate": 0.0, "timeout_rate": 0.0, "policy_loss": 9.629316627979279e-05, "value_loss": 9.315587759017944, "entropy": 0.607027530670166, "approx_kl": 0.003963675495469943, "clip_fraction": 0.0413818359375, "grad_norm": 55.486945152282715, "explained_variance": 0.6958004832267761, "action_std_mean": 0.32781392335891724, "optimizer_iterations": 4.0, "lr": 6.510207999999999e-05}
{"step": 1761280, "wall_time": 1790704537.8648071, "episodes_completed": 71.0, "mean_episode_reward": 13.891504959321358, "std_episode_reward": 25.305620826781347, "min_episode_reward": -9.8152494430542, "max_episode_reward": 98.33708953857422, "mean_episode_length": 94.95774647887323, "success_rate": 0.29577464788732394, "collision_rate": 0.704225352112676, "out_of_bounds_rate": 0.0, "timeout_rate": 0.0, "policy_loss": 0.0021830378100275993, "value_loss": 10.611351490020752, "entropy": 0.6068417131900787, "approx_kl": 0.007535369601100683, "clip_fraction": 0.087738037109375, "grad_norm": 72.19011783599854, "explained_variance": 0.6962037086486816, "action_std_mean": 0.327775776386261, "optimizer_iterations": 4.0, "lr": 6.493824000000001e-05}
{"step": 1769472, "wall_time": 1790704568.2674315, "episodes_completed": 66.0, "mean_episode_reward": 11.186606522762414, "std_episode_reward": 21.45303319497228, "min_episode_reward": -9.946915626525879, "max_episode_reward": 101.35401153564453, "mean_episode_length": 87.37878787878788, "success_rate": 0.24242424242424243, "collision_rate": 0.7575757575757576, "out_of_bounds_rate": 0.0, "timeout_rate": 0.0, "policy_loss": 0.0017512431368231773, "value_loss": 10.850289583206177, "entropy": 0.6066043078899384, "approx_kl": 0.00372888712445274, "clip_fraction": 0.039215087890625, "grad_norm": 70.46740627288818, "explained_variance": 0.7114685773849487, "action_std_mean": 0.3277355134487152, "optimizer_iterations": 4.0, "lr": 6.47744e-05}
{"step": 1777664, "wall_time": 1790704598.538239, "episodes_completed": 69.0, "mean_episode_reward": 10.903645978457686, "std_episode_reward": 21.773873953616093, "min_episode_reward": -9.847335815429688, "max_episode_reward": 70.34793090820312, "mean_episode_length": 85.98550724637681, "success_rate": 0.2608695652173913, "collision_rate": 0.7391304347826086, "out_of_bounds_rate": 0.0, "timeout_rate": 0.0, "policy_loss": 0.002595064346678555, "value_loss": 11.147213697433472, "entropy": 0.6063698530197144, "approx_kl": 0.0042247355449944735, "clip_fraction": 0.0517578125, "grad_norm": 84.57266807556152, "explained_variance": 0.6821350455284119, "action_std_mean": 0.32770222425460815, "optimizer_iterations": 4.0, "lr": 6.461056e-05}
{"step": 1785856, "wall_time": 1790704628.1763184, "episodes_completed": 57.0, "mean_episode_reward": 11.324515501658121, "std_episode_reward": 21.670089328160365, "min_episode_reward": -9.804734230041504, "max_episode_reward": 76.82989501953125, "mean_episode_length": 94.71929824561404, "success_rate": 0.24561403508771928, "collision_rate": 0.7543859649122807, "out_of_bounds_rate": 0.0, "timeout_rate": 0.0, "policy_loss": -0.0007207302842289209, "value_loss": 9.743568181991577, "entropy": 0.6061891317367554, "approx_kl": 0.002450619387673214, "clip_fraction": 0.02337646484375, "grad_norm": 53.602006912231445, "explained_variance": 0.728645384311676, "action_std_mean": 0.3276764452457428, "optimizer_iterations": 4.0, "lr": 6.444672000000001e-05}
{"step": 1794048, "wall_time": 1790704658.7357082, "episodes_completed": 82.0, "mean_episode_reward": 10.710157324628133, "std_episode_reward": 19.721075560842184, "min_episode_reward": -9.90998649597168, "max_episode_reward": 57.97629928588867, "mean_episode_length": 78.57317073170732, "success_rate": 0.32926829268292684, "collision_rate": 0.6707317073170732, "out_of_bounds_rate": 0.0, "timeout_rate": 0.0, "policy_loss": 0.00019446806982159615, "value_loss": 12.44325566291809, "entropy": 0.6060399413108826, "approx_kl": 0.002802332688588649, "clip_fraction": 0.028717041015625, "grad_norm": 57.272128105163574, "explained_variance": 0.6055819988250732, "action_std_mean": 0.3276541829109192, "optimizer_iterations": 4.0, "lr": 6.428288e-05}
{"step": 1802240, "wall_time": 1790704689.1649163, "episodes_completed": 70.0, "mean_episode_reward": 10.717875596455166, "std_episode_reward": 20.30670797232809, "min_episode_reward": -9.831204414367676, "max_episode_reward": 63.98929977416992, "mean_episode_length": 77.17142857142858, "success_rate": 0.3142857142857143, "collision_rate": 0.6857142857142857, "out_of_bounds_rate": 0.0, "timeout_rate": 0.0, "policy_loss": 0.00039640802424401045, "value_loss": 9.344300270080566, "entropy": 0.6059054732322693, "approx_kl": 0.002641234139446169, "clip_fraction": 0.02789306640625, "grad_norm": 37.04384756088257, "explained_variance": 0.713912844657898, "action_std_mean": 0.32763242721557617, "optimizer_iterations": 4.0, "lr": 6.411904e-05}
{"step": 1810432, "wall_time": 1790704719.2801952, "episodes_completed": 55.0, "mean_episode_reward": 10.9554874940352, "std_episode_reward": 20.07810377195989, "min_episode_reward": -9.84530258178711, "max_episode_reward": 71.44921112060547, "mean_episode_length": 93.72727272727273, "success_rate": 0.3090909090909091, "collision_rate": 0.6909090909090909, "out_of_bounds_rate": 0.0, "timeout_rate": 0.0, "policy_loss": 0.002353161107748747, "value_loss": 9.17807912826538, "entropy": 0.6057922542095184, "approx_kl": 0.008453096263110638, "clip_fraction": 0.08758544921875, "grad_norm": 49.6267671585083, "explained_variance": 0.7025582790374756, "action_std_mean": 0.3276251256465912, "optimizer_iterations": 4.0, "lr": 6.395520000000001e-05}
{"step": 1818624, "wall_time": 1790704749.9446046, "episodes_completed": 72.0, "mean_episode_reward": 10.354104293717278, "std_episode_reward": 21.563309872705908, "min_episode_reward": -9.92784309387207, "max_episode_reward": 92.70663452148438, "mean_episode_length": 80.79166666666667, "success_rate": 0.2916666666666667, "collision_rate": 0.7083333333333334, "out_of_bounds_rate": 0.0, "timeout_rate": 0.0, "policy_loss": 0.0011134869419038296, "value_loss": 9.719086647033691, "entropy": 0.6058081090450287, "approx_kl": 0.007722127018496394, "clip_fraction": 0.07415771484375, "grad_norm": 59.109076499938965, "explained_variance": 0.7082672119140625, "action_std_mean": 0.32764163613319397, "optimizer_iterations": 4.0, "lr": 6.379136000000001e-05}
{"step": 1826816, "wall_time": 1790704780.4225268, "episodes_completed": 74.0, "mean_episode_reward": 11.512861715780723, "std_episode_reward": 20.25666277709971, "min_episode_reward": -9.83371353149414, "max_episode_reward": 68.40362548828125, "mean_episode_length": 86.8108108108108, "success_rate": 0.2702702702702703, "collision_rate": 0.7297297297297297, "out_of_bounds_rate": 0.0, "timeout_rate": 0.0, "policy_loss": -0.0002149823121726513, "value_loss": 10.700794458389282, "entropy": 0.605894148349762, "approx_kl": 0.003009520296473056, "clip_fraction": 0.031494140625, "grad_norm": 45.99626350402832, "explained_variance": 0.7217040061950684, "action_std_mean": 0.32764342427253723, "optimizer_iterations": 4.0, "lr": 6.362752e-05}
{"step": 1835008, "wall_time": 1790704810.9246838, "episodes_completed": 67.0, "mean_episode_reward": 11.71371067104055, "std_episode_reward": 18.6416951182847, "min_episode_reward": -9.815582275390625, "max_episode_reward": 84.15520477294922, "mean_episode_length": 96.65671641791045, "success_rate": 0.19402985074626866, "collision_rate": 0.8059701492537313, "out_of_bounds_rate": 0.0, "timeout_rate": 0.0, "policy_loss": 0.0027912778314203024, "value_loss": 13.164817333221436, "entropy": 0.6058700978755951, "approx_kl": 0.005824643187224865, "clip_fraction": 0.04730224609375, "grad_norm": 62.216654777526855, "explained_variance": 0.651272714138031, "action_std_mean": 0.3276342749595642, "optimizer_iterations": 4.0, "lr": 6.346368e-05}
{"step": 1843200, "wall_time": 1790704841.335193, "episodes_completed": 86.0, "mean_episode_reward": 8.95863383869792, "std_episode_reward": 18.210921247287786, "min_episode_reward": -9.828669548034668, "max_episode_reward": 67.2574462890625, "mean_episode_length": 78.40697674418605, "success_rate": 0.2558139534883721, "collision_rate": 0.7441860465116279, "out_of_bounds_rate": 0.0, "timeout_rate": 0.0, "policy_loss": 0.0007478718180209398, "value_loss": 11.773199796676636, "entropy": 0.6058289706707001, "approx_kl": 0.003901739022694528, "clip_fraction": 0.041290283203125, "grad_norm": 59.15538215637207, "explained_variance": 0.7008381485939026, "action_std_mean": 0.327636182308197, "optimizer_iterations": 4.0, "lr": 6.329984e-05}
{"step": 1851392, "wall_time": 1790704871.6191847, "episodes_completed": 64.0, "mean_episode_reward": 13.941069297492504, "std_episode_reward": 23.658067692084042, "min_episode_reward": -9.812524795532227, "max_episode_reward": 77.03731536865234, "mean_episode_length": 103.953125, "success_rate": 0.296875, "collision_rate": 0.703125, "out_of_bounds_rate": 0.0, "timeout_rate": 0.0, "policy_loss": 0.00015753600746393204, "value_loss": 9.154245615005493, "entropy": 0.605857253074646, "approx_kl": 0.0024705797695787624, "clip_fraction": 0.02630615234375, "grad_norm": 42.33364820480347, "explained_variance": 0.7049378752708435, "action_std_mean": 0.3276350498199463, "optimizer_iterations": 4.0, "lr": 6.3136e-05}
{"step": 1859584, "wall_time": 1790704901.766918, "episodes_completed": 67.0, "mean_episode_reward": 10.450327840425185, "std_episode_reward": 20.054505107948554, "min_episode_reward": -9.896178245544434, "max_episode_reward": 79.80491638183594, "mean_episode_length": 82.8955223880597, "success_rate": 0.2835820895522388, "collision_rate": 0.7164179104477612, "out_of_bounds_rate": 0.0, "timeout_rate": 0.0, "policy_loss": 0.0013013652060180902, "value_loss": 10.504772901535034, "entropy": 0.6058269441127777, "approx_kl": 0.006643910426646471, "clip_fraction": 0.0684814453125, "grad_norm": 30.9570894241333, "explained_variance": 0.7134019732475281, "action_std_mean": 0.3276289403438568, "optimizer_iterations": 4.0, "lr": 6.297216e-05}
{"step": 1867776, "wall_time": 1790704931.829195, "episodes_completed": 72.0, "mean_episode_reward": 8.67425772216585, "std_episode_reward": 18.814728559767314, "min_episode_reward": -9.811616897583008, "max_episode_reward": 66.6895751953125, "mean_episode_length": 82.27777777777777, "success_rate": 0.20833333333333334, "collision_rate": 0.7916666666666666, "out_of_bounds_rate": 0.0, "timeout_rate": 0.0, "policy_loss": 0.0012617954052984715, "value_loss": 12.667398452758789, "entropy": 0.6057715117931366, "approx_kl": 0.007289765635505319, "clip_fraction": 0.09234619140625, "grad_norm": 50.81471061706543, "explained_variance": 0.7067807912826538, "action_std_mean": 0.3276107907295227, "optimizer_iterations": 4.0, "lr": 6.280832000000001e-05}
{"step": 1875968, "wall_time": 1790704961.9419637, "episodes_completed": 79.0, "mean_episode_reward": 12.20682343350181, "std_episode_reward": 20.356009874770738, "min_episode_reward": -9.811897277832031, "max_episode_reward": 88.35658264160156, "mean_episode_length": 82.72151898734177, "success_rate": 0.34177215189873417, "collision_rate": 0.6582278481012658, "out_of_bounds_rate": 0.0, "timeout_rate": 0.0, "policy_loss": 0.0005668052472174168, "value_loss": 12.490708112716675, "entropy": 0.6056373119354248, "approx_kl": 0.0032775196596048772, "clip_fraction": 0.03399658203125, "grad_norm": 51.855599880218506, "explained_variance": 0.6268171072006226, "action_std_mean": 0.32758644223213196, "optimizer_iterations": 4.0, "lr": 6.264448000000001e-05}
{"step": 1884160, "wall_time": 1790704992.4702113, "episodes_completed": 82.0, "mean_episode_reward": 8.998219397009873, "std_episode_reward": 18.80431497187428, "min_episode_reward": -9.83834457397461, "max_episode_reward": 73.18215942382812, "mean_episode_length": 74.5609756097561, "success_rate": 0.25609756097560976, "collision_rate": 0.7439024390243902, "out_of_bounds_rate": 0.0, "timeout_rate": 0.0, "policy_loss": 0.0008130709175020456, "value_loss": 13.42465353012085, "entropy": 0.6054858267307281, "approx_kl": 0.006783601536881179, "clip_fraction": 0.076629638671875, "grad_norm": 48.696682929992676, "explained_variance": 0.6460533142089844, "action_std_mean": 0.3275620937347412, "optimizer_iterations": 4.0, "lr": 6.248064e-05}
{"step": 1892352, "wall_time": 1790705022.566671, "episodes_completed": 59.0, "mean_episode_reward": 12.659234224739722, "std_episode_reward": 22.767345119255204, "min_episode_reward": -9.81185245513916, "max_episode_reward": 83.09870147705078, "mean_episode_length": 95.71186440677967, "success_rate": 0.3389830508474576, "collision_rate": 0.6610169491525424, "out_of_bounds_rate": 0.0, "timeout_rate": 0.0, "policy_loss": 0.0012777280062437057, "value_loss": 8.118144035339355, "entropy": 0.6053510010242462, "approx_kl": 0.003066045290324837, "clip_fraction": 0.03131103515625, "grad_norm": 48.75065803527832, "explained_variance": 0.7402570247650146, "action_std_mean": 0.3275439739227295, "optimizer_iterations": 4.0, "lr": 6.231679999999999e-05}
{"step": 1900544, "wall_time": 1790705052.4974833, "episodes_completed": 65.0, "mean_episode_reward": 13.119198989868163, "std_episode_reward": 24.48553328218112, "min_episode_reward": -9.80919075012207, "max_episode_reward": 84.91641235351562, "mean_episode_length": 93.3076923076923, "success_rate": 0.27692307692307694, "collision_rate": 0.7230769230769231, "out_of_bounds_rate": 0.0, "timeout_rate": 0.0, "policy_loss": 0.002171283238567412, "value_loss": 9.891836881637573, "entropy": 0.6052539944648743, "approx_kl": 0.00655583874322474, "clip_fraction": 0.07464599609375, "grad_norm": 56.12077236175537, "explained_variance": 0.6902540326118469, "action_std_mean": 0.32753095030784607, "optimizer_iterations": 4.0, "lr": 6.215296000000001e-05}
{"step": 1908736, "wall_time": 1790705082.751122, "episodes_completed": 89.0, "mean_episode_reward": 7.392251443327143, "std_episode_reward": 19.73140414646825, "min_episode_reward": -9.819416999816895, "max_episode_reward": 98.19731140136719, "mean_episode_length": 74.40449438202248, "success_rate": 0.20224719101123595, "collision_rate": 0.797752808988764, "out_of_bounds_rate": 0.0, "timeout_rate": 0.0, "policy_loss": 0.006157590541988611, "value_loss": 14.832462549209595, "entropy": 0.6051778197288513, "approx_kl": 0.013213379308581352, "clip_fraction": 0.132568359375, "grad_norm": 83.61585807800293, "explained_variance": 0.644040584564209, "action_std_mean": 0.3275170922279358, "optimizer_iterations": 4.0, "lr": 6.198912e-05}
{"step": 1916928, "wall_time": 1790705113.2637875, "episodes_completed": 77.0, "mean_episode_reward": 8.851509013733306, "std_episode_reward": 18.11355911600125, "min_episode_reward": -9.816007614135742, "max_episode_reward": 99.82928466796875, "mean_episode_length": 76.42857142857143, "success_rate": 0.22077922077922077, "collision_rate": 0.7792207792207793, "out_of_bounds_rate": 0.0, "timeout_rate": 0.0, "policy_loss": 0.0011365553364157677, "value_loss": 13.75166368484497, "entropy": 0.6050948202610016, "approx_kl": 0.0034821600711438805, "clip_fraction": 0.039337158203125, "grad_norm": 76.60059928894043, "explained_variance": 0.6729344129562378, "action_std_mean": 0.32750290632247925, "optimizer_iterations": 4.0, "lr": 6.182528e-05}
{"step": 1925120, "wall_time": 1790705142.8946562, "episodes_completed": 65.0, "mean_episode_reward": 9.999964537987342, "std_episode_reward": 18.478341891138463, "min_episode_reward": -9.807544708251953, "max_episode_reward": 67.41897583007812, "mean_episode_length": 80.76923076923077, "success_rate": 0.27692307692307694, "collision_rate": 0.7230769230769231, "out_of_bounds_rate": 0.0, "timeout_rate": 0.0, "policy_loss": -3.6334735341370106e-05, "value_loss": 8.953531980514526, "entropy": 0.6049879789352417, "approx_kl": 0.0042994566319976, "clip_fraction": 0.043060302734375, "grad_norm": 44.77092218399048, "explained_variance": 0.754643440246582, "action_std_mean": 0.327478289604187, "optimizer_iterations": 4.0, "lr": 6.166144000000001e-05}
{"step": 1933312, "wall_time": 1790705172.7455595, "episodes_completed": 65.0, "mean_episode_reward": 12.380758300194373, "std_episode_reward": 19.661918219766882, "min_episode_reward": -10.022377967834473, "max_episode_reward": 76.85462951660156, "mean_episode_length": 91.53846153846153, "success_rate": 0.3076923076923077, "collision_rate": 0.6923076923076923, "out_of_bounds_rate": 0.0, "timeout_rate": 0.0, "policy_loss": 0.00020091049373149872, "value_loss": 10.65909194946289, "entropy": 0.6048359572887421, "approx_kl": 0.004959807498380542, "clip_fraction": 0.0499267578125, "grad_norm": 57.024434089660645, "explained_variance": 0.674652636051178, "action_std_mean": 0.3274553716182709, "optimizer_iterations": 4.0, "lr": 6.14976e-05}
{"step": 1941504, "wall_time": 1790705202.5090203, "episodes_completed": 72.0, "mean_episode_reward": 7.459374651519789, "std_episode_reward": 18.03736684819943, "min_episode_reward": -9.818245887756348, "max_episode_reward": 102.75296783447266, "mean_episode_length": 77.65277777777777, "success_rate": 0.19444444444444445, "collision_rate": 0.7916666666666666, "out_of_bounds_rate": 0.0, "timeout_rate": 0.013888888888888888, "policy_loss": 0.0006003126036375761, "value_loss": 11.80639123916626, "entropy": 0.604701817035675, "approx_kl": 0.0027308272547088563, "clip_fraction": 0.025177001953125, "grad_norm": 82.03879451751709, "explained_variance": 0.7042897343635559, "action_std_mean": 0.32743510603904724, "optimizer_iterations": 4.0, "lr": 6.133375999999999e-05}
{"step": 1949696, "wall_time": 1790705232.5872045, "episodes_completed": 64.0, "mean_episode_reward": 10.813018433749676, "std_episode_reward": 17.753395813016557, "min_episode_reward": -9.860527038574219, "max_episode_reward": 61.592132568359375, "mean_episode_length": 91.53125, "success_rate": 0.28125, "collision_rate": 0.71875, "out_of_bounds_rate": 0.0, "timeout_rate": 0.0, "policy_loss": 0.0006074546836316586, "value_loss": 11.038448810577393, "entropy": 0.6045888662338257, "approx_kl": 0.006820703099947423, "clip_fraction": 0.07855224609375, "grad_norm": 50.02621603012085, "explained_variance": 0.6677857637405396, "action_std_mean": 0.3274208605289459, "optimizer_iterations": 4.0, "lr": 6.116992e-05}
{"step": 1957888, "wall_time": 1790705263.0547268, "episodes_completed": 65.0, "mean_episode_reward": 12.513334509042593, "std_episode_reward": 21.315148925036315, "min_episode_reward": -9.873261451721191, "max_episode_reward": 88.09649658203125, "mean_episode_length": 93.93846153846154, "success_rate": 0.24615384615384617, "collision_rate": 0.7538461538461538, "out_of_bounds_rate": 0.0, "timeout_rate": 0.0, "policy_loss": 0.0014883412513881922, "value_loss": 12.860644578933716, "entropy": 0.6045072078704834, "approx_kl": 0.007470965385437012, "clip_fraction": 0.084716796875, "grad_norm": 74.40107154846191, "explained_variance": 0.6047181487083435, "action_std_mean": 0.32740694284439087, "optimizer_iterations": 4.0, "lr": 6.100608000000001e-05}
{"step": 1966080, "wall_time": 1790705293.233588, "episodes_completed": 79.0, "mean_episode_reward": 8.628067388564725, "std_episode_reward": 21.308911007871767, "min_episode_reward": -10.972530364990234, "max_episode_reward": 68.58313751220703, "mean_episode_length": 83.0886075949367, "success_rate": 0.16455696202531644, "collision_rate": 0.8354430379746836, "out_of_bounds_rate": 0.0, "timeout_rate": 0.0, "policy_loss": 0.0012606424279510975, "value_loss": 14.357896566390991, "entropy": 0.6044222414493561, "approx_kl": 0.0028291253838688135, "clip_fraction": 0.023681640625, "grad_norm": 83.23414421081543, "explained_variance": 0.6693965196609497, "action_std_mean": 0.32739344239234924, "optimizer_iterations": 4.0, "lr": 6.084224000000001e-05}
{"step": 1974272, "wall_time": 1790705323.406045, "episodes_completed": 81.0, "mean_episode_reward": 8.10603866459411, "std_episode_reward": 18.06291669455273, "min_episode_reward": -10.028968811035156, "max_episode_reward": 76.8708267211914, "mean_episode_length": 76.77777777777777, "success_rate": 0.2345679012345679, "collision_rate": 0.7654320987654321, "out_of_bounds_rate": 0.0, "timeout_rate": 0.0, "policy_loss": 0.00047465646639466286, "value_loss": 12.551638841629028, "entropy": 0.6043565273284912, "approx_kl": 0.00472219055518508, "clip_fraction": 0.054107666015625, "grad_norm": 91.42130851745605, "explained_variance": 0.6751773357391357, "action_std_mean": 0.32738828659057617, "optimizer_iterations": 4.0, "lr": 6.0678400000000005e-05}
{"step": 1982464, "wall_time": 1790705353.486828, "episodes_completed": 62.0, "mean_episode_reward": 12.36571938760819, "std_episode_reward": 24.511824169171117, "min_episode_reward": -10.648805618286133, "max_episode_reward": 98.75411987304688, "mean_episode_length": 94.53225806451613, "success_rate": 0.25806451612903225, "collision_rate": 0.7419354838709677, "out_of_bounds_rate": 0.0, "timeout_rate": 0.0, "policy_loss": 0.0032158251851797104, "value_loss": 10.825199604034424, "entropy": 0.6043442189693451, "approx_kl": 0.008422579383477569, "clip_fraction": 0.096466064453125, "grad_norm": 87.46866798400879, "explained_variance": 0.674288272857666, "action_std_mean": 0.3273913562297821, "optimizer_iterations": 4.0, "lr": 6.0514559999999995e-05}
{"step": 1990656, "wall_time": 1790705383.1374125, "episodes_completed": 48.0, "mean_episode_reward": 18.855384518702824, "std_episode_reward": 25.004712339361127, "min_episode_reward": -9.80778980255127, "max_episode_reward": 84.08785247802734, "mean_episode_length": 125.0, "success_rate": 0.4166666666666667, "collision_rate": 0.5833333333333334, "out_of_bounds_rate": 0.0, "timeout_rate": 0.0, "policy_loss": -0.000235536543186754, "value_loss": 6.704724431037903, "entropy": 0.6043658256530762, "approx_kl": 0.004502017982304096, "clip_fraction": 0.0482177734375, "grad_norm": 61.945284843444824, "explained_variance": 0.7495318055152893, "action_std_mean": 0.32739460468292236, "optimizer_iterations": 4.0, "lr": 6.0350720000000006e-05}
{"step": 1998848, "wall_time": 1790705413.1704476, "episodes_completed": 61.0, "mean_episode_reward": 11.769720577802815, "std_episode_reward": 18.309332453798643, "min_episode_reward": -9.825421333312988, "max_episode_reward": 61.932212829589844, "mean_episode_length": 88.65573770491804, "success_rate": 0.2786885245901639, "collision_rate": 0.7213114754098361, "out_of_bounds_rate": 0.0, "timeout_rate": 0.0, "policy_loss": 0.0009061465971171856, "value_loss": 9.358132362365723, "entropy": 0.6043737530708313, "approx_kl": 0.005169548268895596, "clip_fraction": 0.04681396484375, "grad_norm": 53.70775604248047, "explained_variance": 0.721534788608551, "action_std_mean": 0.32739031314849854, "optimizer_iterations": 4.0, "lr": 6.018688e-05}
{"step": 2007040, "wall_time": 1790705442.7308996, "episodes_completed": 56.0, "mean_episode_reward": 12.472680594239916, "std_episode_reward": 23.38850855601787, "min_episode_reward": -9.800314903259277, "max_episode_reward": 91.52557373046875, "mean_episode_length": 93.69642857142857, "success_rate": 0.2857142857142857, "collision_rate": 0.7142857142857143, "out_of_bounds_rate": 0.0, "timeout_rate": 0.0, "policy_loss": 0.0036229705438017845, "value_loss": 10.120347261428833, "entropy": 0.6043227016925812, "approx_kl": 0.008383042295463383, "clip_fraction": 0.08770751953125, "grad_norm": 61.044742584228516, "explained_variance": 0.7115368247032166, "action_std_mean": 0.32737812399864197, "optimizer_iterations": 4.0, "lr": 6.002304000000001e-05}
{"step": 2015232, "wall_time": 1790705472.507918, "episodes_completed": 59.0, "mean_episode_reward": 15.39255234548601, "std_episode_reward": 23.95734230690865, "min_episode_reward": -9.844464302062988, "max_episode_reward": 74.31734466552734, "mean_episode_length": 102.35593220338983, "success_rate": 0.3728813559322034, "collision_rate": 0.6101694915254238, "out_of_bounds_rate": 0.0, "timeout_rate": 0.01694915254237288, "policy_loss": -0.001231190050020814, "value_loss": 9.166719198226929, "entropy": 0.6042522192001343, "approx_kl": 0.007841564249247313, "clip_fraction": 0.084808349609375, "grad_norm": 26.60020399093628, "explained_variance": 0.7076624631881714, "action_std_mean": 0.3273687958717346, "optimizer_iterations": 4.0, "lr": 5.9859200000000004e-05}
{"step": 2023424, "wall_time": 1790705501.9004338, "episodes_completed": 56.0, "mean_episode_reward": 10.071250060839313, "std_episode_reward": 17.763991313557035, "min_episode_reward": -9.822291374206543, "max_episode_reward": 64.33560180664062, "mean_episode_length": 82.625, "success_rate": 0.26785714285714285, "collision_rate": 0.7142857142857143, "out_of_bounds_rate": 0.0, "timeout_rate": 0.017857142857142856, "policy_loss": 0.0013252194039523602, "value_loss": 8.986493110656738, "entropy": 0.6042081713676453, "approx_kl": 0.00459615106228739, "clip_fraction": 0.048583984375, "grad_norm": 40.00119876861572, "explained_variance": 0.7322593331336975, "action_std_mean": 0.32736635208129883, "optimizer_iterations": 4.0, "lr": 5.969536e-05}
{"step": 2031616, "wall_time": 1790705531.9627664, "episodes_completed": 49.0, "mean_episode_reward": 16.23438905209911, "std_episode_reward": 25.133693248390447, "min_episode_reward": -9.817911148071289, "max_episode_reward": 85.73722076416016, "mean_episode_length": 107.3061224489796, "success_rate": 0.3877551020408163, "collision_rate": 0.6122448979591837, "out_of_bounds_rate": 0.0, "timeout_rate": 0.0, "policy_loss": 0.004406504798680544, "value_loss": 7.815093517303467, "entropy": 0.6041973531246185, "approx_kl": 0.01193807227537036, "clip_fraction": 0.11224365234375, "grad_norm": 49.79439067840576, "explained_variance": 0.7366757392883301, "action_std_mean": 0.3273637294769287, "optimizer_iterations": 4.0, "lr": 5.953152e-05}
{"step": 2039808, "wall_time": 1790705562.0479622, "episodes_completed": 67.0, "mean_episode_reward": 11.42655862979035, "std_episode_reward": 20.697755005767014, "min_episode_reward": -9.850440979003906, "max_episode_reward": 68.90169525146484, "mean_episode_length": 89.80597014925372, "success_rate": 0.31343283582089554, "collision_rate": 0.6865671641791045, "out_of_bounds_rate": 0.0, "timeout_rate": 0.0, "policy_loss": 0.004357959376648068, "value_loss": 10.105037212371826, "entropy": 0.6041670739650726, "approx_kl": 0.009083069628104568, "clip_fraction": 0.096038818359375, "grad_norm": 31.54203224182129, "explained_variance": 0.6887835264205933, "action_std_mean": 0.32735252380371094, "optimizer_iterations": 4.0, "lr": 5.936768e-05}
{"step": 2048000, "wall_time": 1790705592.2464876, "episodes_completed": 66.0, "mean_episode_reward": 14.207759134697191, "std_episode_reward": 21.51575265270573, "min_episode_reward": -9.810321807861328, "max_episode_reward": 61.47998809814453, "mean_episode_length": 99.62121212121212, "success_rate": 0.3333333333333333, "collision_rate": 0.6666666666666666, "out_of_bounds_rate": 0.0, "timeout_rate": 0.0, "policy_loss": 0.003702704096212983, "value_loss": 8.966437339782715, "entropy": 0.6040692031383514, "approx_kl": 0.008088476140983403, "clip_fraction": 0.0992431640625, "grad_norm": 31.31364393234253, "explained_variance": 0.7274966239929199, "action_std_mean": 0.32732903957366943, "optimizer_iterations": 4.0, "lr": 5.9203840000000014e-05}
{"step": 2056192, "wall_time": 1790705622.0812397, "episodes_completed": 52.0, "mean_episode_reward": 12.449854291402376, "std_episode_reward": 23.042752108081814, "min_episode_reward": -9.819751739501953, "max_episode_reward": 77.6810302734375, "mean_episode_length": 103.01923076923077, "success_rate": 0.19230769230769232, "collision_rate": 0.8076923076923077, "out_of_bounds_rate": 0.0, "timeout_rate": 0.0, "policy_loss": 0.001249757595360279, "value_loss": 8.692280054092407, "entropy": 0.603946179151535, "approx_kl": 0.006253304600249976, "clip_fraction": 0.071746826171875, "grad_norm": 34.77189302444458, "explained_variance": 0.7541444301605225, "action_std_mean": 0.3273216485977173, "optimizer_iterations": 4.0, "lr": 5.9040000000000004e-05}
{"step": 2064384, "wall_time": 1790705652.301204, "episodes_completed": 70.0, "mean_episode_reward": 13.561304603304182, "std_episode_reward": 21.887427138305107, "min_episode_reward": -9.801216125488281, "max_episode_reward": 81.02294921875, "mean_episode_length": 93.14285714285714, "success_rate": 0.34285714285714286, "collision_rate": 0.6571428571428571, "out_of_bounds_rate": 0.0, "timeout_rate": 0.0, "policy_loss": 0.0037696589715778828, "value_loss": 12.449134349822998, "entropy": 0.6039499342441559, "approx_kl": 0.009084888035431504, "clip_fraction": 0.097503662109375, "grad_norm": 43.7758846282959, "explained_variance": 0.6408865451812744, "action_std_mean": 0.32732483744621277, "optimizer_iterations": 4.0, "lr": 5.887616e-05}
{"step": 2072576, "wall_time": 1790705682.5966444, "episodes_completed": 60.0, "mean_episode_reward": 13.587151741981506, "std_episode_reward": 19.45141710427684, "min_episode_reward": -9.818147659301758, "max_episode_reward": 59.8554573059082, "mean_episode_length": 101.08333333333333, "success_rate": 0.31666666666666665, "collision_rate": 0.6833333333333333, "out_of_bounds_rate": 0.0, "timeout_rate": 0.0, "policy_loss": 0.0010209803003817797, "value_loss": 9.483269453048706, "entropy": 0.6039469540119171, "approx_kl": 0.006145153660327196, "clip_fraction": 0.07037353515625, "grad_norm": 32.77631092071533, "explained_variance": 0.7037984132766724, "action_std_mean": 0.32731419801712036, "optimizer_iterations": 4.0, "lr": 5.871232e-05}
{"step": 2080768, "wall_time": 1790705712.8291557, "episodes_completed": 60.0, "mean_episode_reward": 12.452221282323201, "std_episode_reward": 19.259690812050252, "min_episode_reward": -9.808947563171387, "max_episode_reward": 73.97712707519531, "mean_episode_length": 91.45, "success_rate": 0.3333333333333333, "collision_rate": 0.6666666666666666, "out_of_bounds_rate": 0.0, "timeout_rate": 0.0, "policy_loss": 0.003446828224696219, "value_loss": 8.322473526000977, "entropy": 0.6038568317890167, "approx_kl": 0.012203320511616766, "clip_fraction": 0.124755859375, "grad_norm": 28.34811305999756, "explained_variance": 0.7551968097686768, "action_std_mean": 0.32729417085647583, "optimizer_iterations": 4.0, "lr": 5.854848e-05}
{"step": 2088960, "wall_time": 1790705743.141747, "episodes_completed": 68.0, "mean_episode_reward": 11.691000251209035, "std_episode_reward": 18.759326066258083, "min_episode_reward": -9.821269989013672, "max_episode_reward": 66.37287139892578, "mean_episode_length": 99.08823529411765, "success_rate": 0.22058823529411764, "collision_rate": 0.7794117647058824, "out_of_bounds_rate": 0.0, "timeout_rate": 0.0, "policy_loss": 0.003303461940959096, "value_loss": 11.806698322296143, "entropy": 0.6037459671497345, "approx_kl": 0.009634400834329426, "clip_fraction": 0.105438232421875, "grad_norm": 64.49998092651367, "explained_variance": 0.6658451557159424, "action_std_mean": 0.3272804617881775, "optimizer_iterations": 4.0, "lr": 5.838464e-05}
{"step": 2097152, "wall_time": 1790705773.2058759, "episodes_completed": 60.0, "mean_episode_reward": 12.174957180023194, "std_episode_reward": 24.50964321127804, "min_episode_reward": -11.80528450012207, "max_episode_reward": 84.00656127929688, "mean_episode_length": 93.71666666666667, "success_rate": 0.26666666666666666, "collision_rate": 0.7333333333333333, "out_of_bounds_rate": 0.0, "timeout_rate": 0.0, "policy_loss": 0.002294591162353754, "value_loss": 9.876594305038452, "entropy": 0.6036753356456757, "approx_kl": 0.007730015320703387, "clip_fraction": 0.085418701171875, "grad_norm": 46.46371555328369, "explained_variance": 0.7104240655899048, "action_std_mean": 0.32726961374282837, "optimizer_iterations": 4.0, "lr": 5.822080000000001e-05}
{"step": 2105344, "wall_time": 1790705803.4943373, "episodes_completed": 73.0, "mean_episode_reward": 9.534887294246726, "std_episode_reward": 18.693261154063467, "min_episode_reward": -9.961021423339844, "max_episode_reward": 64.41664123535156, "mean_episode_length": 80.0, "success_rate": 0.2465753424657534, "collision_rate": 0.7534246575342466, "out_of_bounds_rate": 0.0, "timeout_rate": 0.0, "policy_loss": 0.0014638369902968407, "value_loss": 11.627400398254395, "entropy": 0.6036159098148346, "approx_kl": 0.006202880467753857, "clip_fraction": 0.064727783203125, "grad_norm": 45.9055814743042, "explained_variance": 0.7142728567123413, "action_std_mean": 0.327260285615921, "optimizer_iterations": 4.0, "lr": 5.805696000000001e-05}
{"step": 2113536, "wall_time": 1790705833.789739, "episodes_completed": 67.0, "mean_episode_reward": 10.866220645050504, "std_episode_reward": 19.80194011406611, "min_episode_reward": -9.803592681884766, "max_episode_reward": 70.10639953613281, "mean_episode_length": 93.86567164179104, "success_rate": 0.22388059701492538, "collision_rate": 0.7761194029850746, "out_of_bounds_rate": 0.0, "timeout_rate": 0.0, "policy_loss": 6.27860426902771e-05, "value_loss": 11.276201486587524, "entropy": 0.6035464406013489, "approx_kl": 0.003666732140118256, "clip_fraction": 0.03271484375, "grad_norm": 44.43435764312744, "explained_variance": 0.7080076932907104, "action_std_mean": 0.3272447884082794, "optimizer_iterations": 4.0, "lr": 5.789312e-05}
{"step": 2121728, "wall_time": 1790705863.6544642, "episodes_completed": 67.0, "mean_episode_reward": 6.887591860187587, "std_episode_reward": 18.477151742564235, "min_episode_reward": -9.847430229187012, "max_episode_reward": 79.92701721191406, "mean_episode_length": 68.49253731343283, "success_rate": 0.29850746268656714, "collision_rate": 0.7014925373134329, "out_of_bounds_rate": 0.0, "timeout_rate": 0.0, "policy_loss": 0.0013776645064353943, "value_loss": 10.042072772979736, "entropy": 0.6034312844276428, "approx_kl": 0.005350070452550426, "clip_fraction": 0.059478759765625, "grad_norm": 51.3928656578064, "explained_variance": 0.7185864448547363, "action_std_mean": 0.3272184729576111, "optimizer_iterations": 4.0, "lr": 5.7729279999999995e-05}
{"step": 2129920, "wall_time": 1790705893.309773, "episodes_completed": 44.0, "mean_episode_reward": 14.2193599505858, "std_episode_reward": 25.471133633077976, "min_episode_reward": -9.827470779418945, "max_episode_reward": 82.25547790527344, "mean_episode_length": 108.4090909090909, "success_rate": 0.3181818181818182, "collision_rate": 0.6818181818181818, "out_of_bounds_rate": 0.0, "timeout_rate": 0.0, "policy_loss": 0.003607212915085256, "value_loss": 7.025102972984314, "entropy": 0.6032487452030182, "approx_kl": 0.011337612755596638, "clip_fraction": 0.106781005859375, "grad_norm": 42.12537097930908, "explained_variance": 0.7760753035545349, "action_std_mean": 0.32718637585639954, "optimizer_iterations": 4.0, "lr": 5.7565440000000006e-05}
{"step": 2138112, "wall_time": 1790705923.1792197, "episodes_completed": 70.0, "mean_episode_reward": 9.815875584738595, "std_episode_reward": 20.656448060780356, "min_episode_reward": -9.821714401245117, "max_episode_reward": 78.03489685058594, "mean_episode_length": 89.75714285714285, "success_rate": 0.3, "collision_rate": 0.7, "out_of_bounds_rate": 0.0, "timeout_rate": 0.0, "policy_loss": 0.004988964647054672, "value_loss": 11.521243333816528, "entropy": 0.6030752062797546, "approx_kl": 0.01328708603978157, "clip_fraction": 0.13067626953125, "grad_norm": 35.50250864028931, "explained_variance": 0.6593121290206909, "action_std_mean": 0.3271694779396057, "optimizer_iterations": 4.0, "lr": 5.740160000000001e-05}
{"step": 2146304, "wall_time": 1790705952.8595197, "episodes_completed": 52.0, "mean_episode_reward": 12.970651525717516, "std_episode_reward": 24.11589069566975, "min_episode_reward": -9.861565589904785, "max_episode_reward": 98.47676849365234, "mean_episode_length": 99.6923076923077, "success_rate": 0.28846153846153844, "collision_rate": 0.7115384615384616, "out_of_bounds_rate": 0.0, "timeout_rate": 0.0, "policy_loss": 0.0065348155330866575, "value_loss": 9.995449304580688, "entropy": 0.6029995977878571, "approx_kl": 0.021015961887314916, "clip_fraction": 0.179718017578125, "grad_norm": 43.45609426498413, "explained_variance": 0.6883125305175781, "action_std_mean": 0.32715874910354614, "optimizer_iterations": 4.0, "lr": 5.723776000000001e-05}
{"step": 2154496, "wall_time": 1790705982.7379909, "episodes_completed": 50.0, "mean_episode_reward": 16.615247087478636, "std_episode_reward": 28.055117909521044, "min_episode_reward": -9.810528755187988, "max_episode_reward": 92.34883117675781, "mean_episode_length": 111.56, "success_rate": 0.42, "collision_rate": 0.58, "out_of_bounds_rate": 0.0, "timeout_rate": 0.0, "policy_loss": 0.003920337418094277, "value_loss": 6.487924575805664, "entropy": 0.6029309928417206, "approx_kl": 0.011780081316828728, "clip_fraction": 0.108428955078125, "grad_norm": 37.01606321334839, "explained_variance": 0.784324586391449, "action_std_mean": 0.32714569568634033, "optimizer_iterations": 4.0, "lr": 5.7073920000000004e-05}
{"step": 2162688, "wall_time": 1790706012.0991662, "episodes_completed": 46.0, "mean_episode_reward": 10.017459620600162, "std_episode_reward": 20.89541234436711, "min_episode_reward": -9.855993270874023, "max_episode_reward": 75.7555160522461, "mean_episode_length": 85.5, "success_rate": 0.21739130434782608, "collision_rate": 0.782608695652174, "out_of_bounds_rate": 0.0, "timeout_rate": 0.0, "policy_loss": 0.0025716153904795647, "value_loss": 7.6332879066467285, "entropy": 0.6028524041175842, "approx_kl": 0.007357215508818626, "clip_fraction": 0.092498779296875, "grad_norm": 52.59980583190918, "explained_variance": 0.798818826675415, "action_std_mean": 0.3271332383155823, "optimizer_iterations": 4.0, "lr": 5.691008e-05}
{"step": 2170880, "wall_time": 1790706041.9570909, "episodes_completed": 66.0, "mean_episode_reward": 10.644667426067771, "std_episode_reward": 21.29605224650325, "min_episode_reward": -9.864527702331543, "max_episode_reward": 101.09261322021484, "mean_episode_length": 90.5, "success_rate": 0.2727272727272727, "collision_rate": 0.7121212121212122, "out_of_bounds_rate": 0.0, "timeout_rate": 0.015151515151515152, "policy_loss": 0.009217351907864213, "value_loss": 10.03847599029541, "entropy": 0.6027828454971313, "approx_kl": 0.026799116283655167, "clip_fraction": 0.171783447265625, "grad_norm": 66.99604988098145, "explained_variance": 0.7680827975273132, "action_std_mean": 0.327125608921051, "optimizer_iterations": 4.0, "lr": 5.674624e-05}
{"step": 2179072, "wall_time": 1790706071.8443546, "episodes_completed": 55.0, "mean_episode_reward": 13.36701926318082, "std_episode_reward": 24.134137729243154, "min_episode_reward": -9.8129243850708, "max_episode_reward": 89.97459411621094, "mean_episode_length": 105.12727272727273, "success_rate": 0.3090909090909091, "collision_rate": 0.6909090909090909, "out_of_bounds_rate": 0.0, "timeout_rate": 0.0, "policy_loss": 0.0008770725689828396, "value_loss": 8.727219343185425, "entropy": 0.6027738451957703, "approx_kl": 0.007369326369371265, "clip_fraction": 0.0714111328125, "grad_norm": 30.391155242919922, "explained_variance": 0.7467933297157288, "action_std_mean": 0.3271361291408539, "optimizer_iterations": 4.0, "lr": 5.65824e-05}
{"step": 2187264, "wall_time": 1790706101.9139464, "episodes_completed": 69.0, "mean_episode_reward": 9.278021335601807, "std_episode_reward": 18.69825697871373, "min_episode_reward": -9.823532104492188, "max_episode_reward": 78.00991821289062, "mean_episode_length": 78.76811594202898, "success_rate": 0.2753623188405797, "collision_rate": 0.7246376811594203, "out_of_bounds_rate": 0.0, "timeout_rate": 0.0, "policy_loss": 0.0011632731184363365, "value_loss": 11.346257448196411, "entropy": 0.6028616428375244, "approx_kl": 0.005205129098612815, "clip_fraction": 0.059051513671875, "grad_norm": 34.784926891326904, "explained_variance": 0.6823698282241821, "action_std_mean": 0.32715120911598206, "optimizer_iterations": 4.0, "lr": 5.6418560000000006e-05}
{"step": 2195456, "wall_time": 1790706131.6151557, "episodes_completed": 60.0, "mean_episode_reward": 11.50556849638621, "std_episode_reward": 23.160426880290352, "min_episode_reward": -9.807703018188477, "max_episode_reward": 93.5492935180664, "mean_episode_length": 83.15, "success_rate": 0.3333333333333333, "collision_rate": 0.6666666666666666, "out_of_bounds_rate": 0.0, "timeout_rate": 0.0, "policy_loss": -2.4522945750504732e-05, "value_loss": 7.62656307220459, "entropy": 0.6029728353023529, "approx_kl": 0.0026128681347472593, "clip_fraction": 0.02423095703125, "grad_norm": 31.751012802124023, "explained_variance": 0.7975102663040161, "action_std_mean": 0.32718032598495483, "optimizer_iterations": 4.0, "lr": 5.6254720000000003e-05}
{"step": 2203648, "wall_time": 1790706161.268327, "episodes_completed": 62.0, "mean_episode_reward": 11.64352705594032, "std_episode_reward": 20.74340009811189, "min_episode_reward": -9.819147109985352, "max_episode_reward": 101.25223541259766, "mean_episode_length": 92.37096774193549, "success_rate": 0.3225806451612903, "collision_rate": 0.6612903225806451, "out_of_bounds_rate": 0.0, "timeout_rate": 0.016129032258064516, "policy_loss": 0.001835719682276249, "value_loss": 10.372694492340088, "entropy": 0.6031714975833893, "approx_kl": 0.005693942657671869, "clip_fraction": 0.06781005859375, "grad_norm": 65.22194290161133, "explained_variance": 0.7462725639343262, "action_std_mean": 0.32721203565597534, "optimizer_iterations": 4.0, "lr": 5.609088e-05}
{"step": 2211840, "wall_time": 1790706190.74679, "episodes_completed": 66.0, "mean_episode_reward": 11.088525952714862, "std_episode_reward": 19.398412706977744, "min_episode_reward": -9.839069366455078, "max_episode_reward": 60.28163528442383, "mean_episode_length": 75.75757575757575, "success_rate": 0.36363636363636365, "collision_rate": 0.6363636363636364, "out_of_bounds_rate": 0.0, "timeout_rate": 0.0, "policy_loss": -9.038019925355911e-05, "value_loss": 8.213720798492432, "entropy": 0.6033618748188019, "approx_kl": 0.0030878038378432393, "clip_fraction": 0.03436279296875, "grad_norm": 43.78159809112549, "explained_variance": 0.7673413753509521, "action_std_mean": 0.3272460699081421, "optimizer_iterations": 4.0, "lr": 5.592704e-05}
{"step": 2220032, "wall_time": 1790706220.360902, "episodes_completed": 72.0, "mean_episode_reward": 10.46584227350023, "std_episode_reward": 26.172073062044255, "min_episode_reward": -9.861185073852539, "max_episode_reward": 104.10662078857422, "mean_episode_length": 77.08333333333333, "success_rate": 0.3611111111111111, "collision_rate": 0.6388888888888888, "out_of_bounds_rate": 0.0, "timeout_rate": 0.0, "policy_loss": 0.003918277565389872, "value_loss": 11.203503847122192, "entropy": 0.6035481691360474, "approx_kl": 0.012935217469930649, "clip_fraction": 0.14117431640625, "grad_norm": 64.0406904220581, "explained_variance": 0.7347865700721741, "action_std_mean": 0.3272647261619568, "optimizer_iterations": 4.0, "lr": 5.57632e-05}
{"step": 2228224, "wall_time": 1790706250.481547, "episodes_completed": 61.0, "mean_episode_reward": 7.5661835983151295, "std_episode_reward": 17.56168651250463, "min_episode_reward": -9.825258255004883, "max_episode_reward": 49.743377685546875, "mean_episode_length": 73.9672131147541, "success_rate": 0.21311475409836064, "collision_rate": 0.7868852459016393, "out_of_bounds_rate": 0.0, "timeout_rate": 0.0, "policy_loss": 0.0011782146175391972, "value_loss": 10.81566309928894, "entropy": 0.6036123633384705, "approx_kl": 0.00526887271553278, "clip_fraction": 0.0689697265625, "grad_norm": 66.79649925231934, "explained_variance": 0.7597490549087524, "action_std_mean": 0.32726341485977173, "optimizer_iterations": 4.0, "lr": 5.559936e-05}
{"step": 2236416, "wall_time": 1790706280.6230838, "episodes_completed": 64.0, "mean_episode_reward": 9.377860833890736, "std_episode_reward": 19.637031389464045, "min_episode_reward": -9.807014465332031, "max_episode_reward": 80.5019302368164, "mean_episode_length": 89.875, "success_rate": 0.21875, "collision_rate": 0.765625, "out_of_bounds_rate": 0.0, "timeout_rate": 0.015625, "policy_loss": 0.001890153856948018, "value_loss": 10.885550498962402, "entropy": 0.6035833656787872, "approx_kl": 0.007162414258345962, "clip_fraction": 0.06976318359375, "grad_norm": 69.45374870300293, "explained_variance": 0.7402721643447876, "action_std_mean": 0.32725679874420166, "optimizer_iterations": 4.0, "lr": 5.543552000000001e-05}
{"step": 2244608, "wall_time": 1790706310.0674021, "episodes_completed": 57.0, "mean_episode_reward": 7.630565283591287, "std_episode_reward": 17.607438235155772, "min_episode_reward": -15.011940956115723, "max_episode_reward": 60.61702346801758, "mean_episode_length": 75.82456140350877, "success_rate": 0.2982456140350877, "collision_rate": 0.7017543859649122, "out_of_bounds_rate": 0.0, "timeout_rate": 0.0, "policy_loss": 9.975139982998371e-05, "value_loss": 6.8647685050964355, "entropy": 0.6035509407520294, "approx_kl": 0.00606561207678169, "clip_fraction": 0.071258544921875, "grad_norm": 47.72880172729492, "explained_variance": 0.834957480430603, "action_std_mean": 0.3272565007209778, "optimizer_iterations": 4.0, "lr": 5.527168000000001e-05}
{"step": 2252800, "wall_time": 1790706339.2561824, "episodes_completed": 53.0, "mean_episode_reward": 10.077643178543955, "std_episode_reward": 21.886927589891204, "min_episode_reward": -9.802687644958496, "max_episode_reward": 83.76821899414062, "mean_episode_length": 76.49056603773585, "success_rate": 0.32075471698113206, "collision_rate": 0.6792452830188679, "out_of_bounds_rate": 0.0, "timeout_rate": 0.0, "policy_loss": -0.0005304402438923717, "value_loss": 6.4049787521362305, "entropy": 0.603567510843277, "approx_kl": 0.005176485050469637, "clip_fraction": 0.066741943359375, "grad_norm": 35.9063138961792, "explained_variance": 0.8340026140213013, "action_std_mean": 0.3272642493247986, "optimizer_iterations": 4.0, "lr": 5.510784e-05}
{"step": 2260992, "wall_time": 1790706368.9367507, "episodes_completed": 47.0, "mean_episode_reward": 8.890451421128942, "std_episode_reward": 17.705537206981088, "min_episode_reward": -9.81717586517334, "max_episode_reward": 71.4564208984375, "mean_episode_length": 85.19148936170212, "success_rate": 0.2553191489361702, "collision_rate": 0.7446808510638298, "out_of_bounds_rate": 0.0, "timeout_rate": 0.0, "policy_loss": 0.001562369056046009, "value_loss": 7.1369311809539795, "entropy": 0.6036314368247986, "approx_kl": 0.006307625095359981, "clip_fraction": 0.064788818359375, "grad_norm": 49.04752826690674, "explained_variance": 0.8250110149383545, "action_std_mean": 0.32727673649787903, "optimizer_iterations": 4.0, "lr": 5.4943999999999994e-05}
{"step": 2269184, "wall_time": 1790706398.3877249, "episodes_completed": 57.0, "mean_episode_reward": 12.24857398187905, "std_episode_reward": 21.472538981050782, "min_episode_reward": -9.810552597045898, "max_episode_reward": 79.57722473144531, "mean_episode_length": 96.98245614035088, "success_rate": 0.3333333333333333, "collision_rate": 0.6491228070175439, "out_of_bounds_rate": 0.0, "timeout_rate": 0.017543859649122806, "policy_loss": 0.0040975892916321754, "value_loss": 8.913781642913818, "entropy": 0.6036842465400696, "approx_kl": 0.01151361083611846, "clip_fraction": 0.12890625, "grad_norm": 49.428247928619385, "explained_variance": 0.7531254887580872, "action_std_mean": 0.3272775411605835, "optimizer_iterations": 4.0, "lr": 5.4780160000000005e-05}
{"step": 2277376, "wall_time": 1790706428.2350955, "episodes_completed": 67.0, "mean_episode_reward": 9.125451024566123, "std_episode_reward": 19.969105564124316, "min_episode_reward": -9.840018272399902, "max_episode_reward": 83.96444702148438, "mean_episode_length": 78.74626865671642, "success_rate": 0.34328358208955223, "collision_rate": 0.6268656716417911, "out_of_bounds_rate": 0.0, "timeout_rate": 0.029850746268656716, "policy_loss": 0.0009323162958025932, "value_loss": 8.292930603027344, "entropy": 0.6036500334739685, "approx_kl": 0.004947897628881037, "clip_fraction": 0.061248779296875, "grad_norm": 41.74538326263428, "explained_variance": 0.7854164242744446, "action_std_mean": 0.32726138830184937, "optimizer_iterations": 4.0, "lr": 5.461632000000001e-05}
{"step": 2285568, "wall_time": 1790706457.9370873, "episodes_completed": 47.0, "mean_episode_reward": 13.925912025127005, "std_episode_reward": 22.588823929262407, "min_episode_reward": -12.111979484558105, "max_episode_reward": 72.37950134277344, "mean_episode_length": 120.61702127659575, "success_rate": 0.2127659574468085, "collision_rate": 0.7872340425531915, "out_of_bounds_rate": 0.0, "timeout_rate": 0.0, "policy_loss": 0.0016287935432046652, "value_loss": 7.860571384429932, "entropy": 0.6035423576831818, "approx_kl": 0.006386638735421002, "clip_fraction": 0.074859619140625, "grad_norm": 68.58115196228027, "explained_variance": 0.8159914016723633, "action_std_mean": 0.32724499702453613, "optimizer_iterations": 4.0, "lr": 5.4452480000000006e-05}
{"step": 2293760, "wall_time": 1790706487.6277587, "episodes_completed": 66.0, "mean_episode_reward": 9.61637958613309, "std_episode_reward": 19.922020084676532, "min_episode_reward": -9.845438957214355, "max_episode_reward": 73.29061889648438, "mean_episode_length": 92.04545454545455, "success_rate": 0.2727272727272727, "collision_rate": 0.7272727272727273, "out_of_bounds_rate": 0.0, "timeout_rate": 0.0, "policy_loss": 0.0057596208062022924, "value_loss": 10.850507020950317, "entropy": 0.6034552156925201, "approx_kl": 0.01295893988572061, "clip_fraction": 0.127899169921875, "grad_norm": 53.31764602661133, "explained_variance": 0.7071743607521057, "action_std_mean": 0.32723385095596313, "optimizer_iterations": 4.0, "lr": 5.4288640000000003e-05}
{"step": 2301952, "wall_time": 1790706517.5563102, "episodes_completed": 71.0, "mean_episode_reward": 8.214017968782237, "std_episode_reward": 15.43098286312657, "min_episode_reward": -9.815044403076172, "max_episode_reward": 58.73957824707031, "mean_episode_length": 73.77464788732394, "success_rate": 0.2535211267605634, "collision_rate": 0.7464788732394366, "out_of_bounds_rate": 0.0, "timeout_rate": 0.0, "policy_loss": 0.0017953836359083652, "value_loss": 12.394115924835205, "entropy": 0.6033906042575836, "approx_kl": 0.006063611363060772, "clip_fraction": 0.064544677734375, "grad_norm": 55.637407302856445, "explained_variance": 0.72740638256073, "action_std_mean": 0.32722148299217224, "optimizer_iterations": 4.0, "lr": 5.41248e-05}
{"step": 2310144, "wall_time": 1790706547.153048, "episodes_completed": 58.0, "mean_episode_reward": 14.218092096262964, "std_episode_reward": 22.589896131535017, "min_episode_reward": -9.812505722045898, "max_episode_reward": 81.23236083984375, "mean_episode_length": 99.74137931034483, "success_rate": 0.29310344827586204, "collision_rate": 0.7068965517241379, "out_of_bounds_rate": 0.0, "timeout_rate": 0.0, "policy_loss": 0.0019713949877768755, "value_loss": 9.82170033454895, "entropy": 0.6033201217651367, "approx_kl": 0.005480735911987722, "clip_fraction": 0.06622314453125, "grad_norm": 55.241098403930664, "explained_variance": 0.7540265917778015, "action_std_mean": 0.32721415162086487, "optimizer_iterations": 4.0, "lr": 5.3960960000000005e-05}
{"step": 2318336, "wall_time": 1790706576.2282007, "episodes_completed": 58.0, "mean_episode_reward": 9.613562123528842, "std_episode_reward": 19.649756043824837, "min_episode_reward": -9.815206527709961, "max_episode_reward": 63.679786682128906, "mean_episode_length": 83.3103448275862, "success_rate": 0.22413793103448276, "collision_rate": 0.7758620689655172, "out_of_bounds_rate": 0.0, "timeout_rate": 0.0, "policy_loss": 0.0009767507435753942, "value_loss": 10.191655397415161, "entropy": 0.6032870709896088, "approx_kl": 0.0033611105754971504, "clip_fraction": 0.03778076171875, "grad_norm": 37.03271436691284, "explained_variance": 0.7160614728927612, "action_std_mean": 0.327208936214447, "optimizer_iterations": 4.0, "lr": 5.379712e-05}
{"step": 2326528, "wall_time": 1790706605.7155702, "episodes_completed": 71.0, "mean_episode_reward": 8.1921231511613, "std_episode_reward": 15.737010167528059, "min_episode_reward": -9.811003684997559, "max_episode_reward": 44.87766647338867, "mean_episode_length": 75.59154929577464, "success_rate": 0.22535211267605634, "collision_rate": 0.7746478873239436, "out_of_bounds_rate": 0.0, "timeout_rate": 0.0, "policy_loss": 0.001687367563135922, "value_loss": 8.971922636032104, "entropy": 0.6032688319683075, "approx_kl": 0.005082466232124716, "clip_fraction": 0.0560302734375, "grad_norm": 54.012084007263184, "explained_variance": 0.7821980118751526, "action_std_mean": 0.32721298933029175, "optimizer_iterations": 4.0, "lr": 5.3633280000000006e-05}
{"step": 2334720, "wall_time": 1790706634.881225, "episodes_completed": 46.0, "mean_episode_reward": 9.95347798259362, "std_episode_reward": 17.934394977931664, "min_episode_reward": -9.886327743530273, "max_episode_reward": 73.55493927001953, "mean_episode_length": 94.04347826086956, "success_rate": 0.32608695652173914, "collision_rate": 0.6521739130434783, "out_of_bounds_rate": 0.0, "timeout_rate": 0.021739130434782608, "policy_loss": 0.0006746065337210894, "value_loss": 5.265010237693787, "entropy": 0.6033187806606293, "approx_kl": 0.004810597456526011, "clip_fraction": 0.05670166015625, "grad_norm": 38.784454345703125, "explained_variance": 0.8745548725128174, "action_std_mean": 0.3272264003753662, "optimizer_iterations": 4.0, "lr": 5.346944e-05}
{"step": 2342912, "wall_time": 1790706664.8135722, "episodes_completed": 60.0, "mean_episode_reward": 12.283548212051391, "std_episode_reward": 18.571654486995108, "min_episode_reward": -11.190689086914062, "max_episode_reward": 59.99987030029297, "mean_episode_length": 91.46666666666667, "success_rate": 0.36666666666666664, "collision_rate": 0.6333333333333333, "out_of_bounds_rate": 0.0, "timeout_rate": 0.0, "policy_loss": 0.00041433656588196754, "value_loss": 9.083275556564331, "entropy": 0.6033754050731659, "approx_kl": 0.005466179980430752, "clip_fraction": 0.06915283203125, "grad_norm": 40.36910152435303, "explained_variance": 0.7183717489242554, "action_std_mean": 0.3272225558757782, "optimizer_iterations": 4.0, "lr": 5.33056e-05}
{"step": 2351104, "wall_time": 1790706694.8780577, "episodes_completed": 61.0, "mean_episode_reward": 9.62641592494777, "std_episode_reward": 17.686642694580822, "min_episode_reward": -9.808430671691895, "max_episode_reward": 66.13005065917969, "mean_episode_length": 90.88524590163935, "success_rate": 0.2786885245901639, "collision_rate": 0.7213114754098361, "out_of_bounds_rate": 0.0, "timeout_rate": 0.0, "policy_loss": -0.00048324139788746834, "value_loss": 10.342740058898926, "entropy": 0.6033332049846649, "approx_kl": 0.0030095363326836377, "clip_fraction": 0.032440185546875, "grad_norm": 67.84212493896484, "explained_variance": 0.7233411073684692, "action_std_mean": 0.3272181451320648, "optimizer_iterations": 4.0, "lr": 5.314176e-05}
{"step": 2359296, "wall_time": 1790706724.338029, "episodes_completed": 59.0, "mean_episode_reward": 11.205838154938261, "std_episode_reward": 20.38450183576819, "min_episode_reward": -9.856344223022461, "max_episode_reward": 81.46430969238281, "mean_episode_length": 90.96610169491525, "success_rate": 0.3050847457627119, "collision_rate": 0.6949152542372882, "out_of_bounds_rate": 0.0, "timeout_rate": 0.0, "policy_loss": -0.00036397064104676247, "value_loss": 8.462833642959595, "entropy": 0.6033242046833038, "approx_kl": 0.0021871360950171947, "clip_fraction": 0.018798828125, "grad_norm": 35.371731758117676, "explained_variance": 0.7980943918228149, "action_std_mean": 0.3272205591201782, "optimizer_iterations": 4.0, "lr": 5.297792e-05}
{"step": 2367488, "wall_time": 1790706754.5582356, "episodes_completed": 70.0, "mean_episode_reward": 8.22330346277782, "std_episode_reward": 20.345175149055, "min_episode_reward": -9.811772346496582, "max_episode_reward": 84.61351776123047, "mean_episode_length": 76.34285714285714, "success_rate": 0.22857142857142856, "collision_rate": 0.7714285714285715, "out_of_bounds_rate": 0.0, "timeout_rate": 0.0, "policy_loss": 0.00037057441659271717, "value_loss": 11.136700868606567, "entropy": 0.6033375263214111, "approx_kl": 0.003625015786383301, "clip_fraction": 0.039306640625, "grad_norm": 35.65799045562744, "explained_variance": 0.7107340097427368, "action_std_mean": 0.3272190988063812, "optimizer_iterations": 4.0, "lr": 5.281408000000001e-05}
{"step": 2375680, "wall_time": 1790706784.517085, "episodes_completed": 67.0, "mean_episode_reward": 10.438632858333303, "std_episode_reward": 22.147699532304753, "min_episode_reward": -9.813756942749023, "max_episode_reward": 89.34419250488281, "mean_episode_length": 87.8955223880597, "success_rate": 0.23880597014925373, "collision_rate": 0.7611940298507462, "out_of_bounds_rate": 0.0, "timeout_rate": 0.0, "policy_loss": 0.004569058306515217, "value_loss": 10.194764137268066, "entropy": 0.6032932102680206, "approx_kl": 0.013686401071026921, "clip_fraction": 0.145355224609375, "grad_norm": 58.60982084274292, "explained_variance": 0.7277517318725586, "action_std_mean": 0.32720354199409485, "optimizer_iterations": 4.0, "lr": 5.265024000000001e-05}
{"step": 2383872, "wall_time": 1790706814.7294798, "episodes_completed": 49.0, "mean_episode_reward": 18.32682125908988, "std_episode_reward": 23.98763271950723, "min_episode_reward": -9.810860633850098, "max_episode_reward": 82.54715728759766, "mean_episode_length": 116.81632653061224, "success_rate": 0.3469387755102041, "collision_rate": 0.6530612244897959, "out_of_bounds_rate": 0.0, "timeout_rate": 0.0, "policy_loss": 0.0003030375810340047, "value_loss": 7.915796995162964, "entropy": 0.6031988859176636, "approx_kl": 0.003607912571169436, "clip_fraction": 0.040496826171875, "grad_norm": 50.30966091156006, "explained_variance": 0.765937089920044, "action_std_mean": 0.32719194889068604, "optimizer_iterations": 4.0, "lr": 5.24864e-05}
{"step": 2392064, "wall_time": 1790706844.5822508, "episodes_completed": 56.0, "mean_episode_reward": 17.61681161608015, "std_episode_reward": 24.36110713902436, "min_episode_reward": -9.819474220275879, "max_episode_reward": 86.44758605957031, "mean_episode_length": 109.78571428571429, "success_rate": 0.39285714285714285, "collision_rate": 0.6071428571428571, "out_of_bounds_rate": 0.0, "timeout_rate": 0.0, "policy_loss": 0.0010625490685924888, "value_loss": 7.7938913106918335, "entropy": 0.603162407875061, "approx_kl": 0.006594814039999619, "clip_fraction": 0.070648193359375, "grad_norm": 38.29603099822998, "explained_variance": 0.7392628788948059, "action_std_mean": 0.32719656825065613, "optimizer_iterations": 4.0, "lr": 5.232256e-05}
{"step": 2400256, "wall_time": 1790706874.2873628, "episodes_completed": 73.0, "mean_episode_reward": 9.783561007617271, "std_episode_reward": 20.64887368543017, "min_episode_reward": -9.8148775100708, "max_episode_reward": 82.91505432128906, "mean_episode_length": 77.1917808219178, "success_rate": 0.2876712328767123, "collision_rate": 0.7123287671232876, "out_of_bounds_rate": 0.0, "timeout_rate": 0.0, "policy_loss": -0.0002487930469214916, "value_loss": 9.448354482650757, "entropy": 0.6032107770442963, "approx_kl": 0.0021460118878167123, "clip_fraction": 0.019683837890625, "grad_norm": 42.940617084503174, "explained_variance": 0.7599558234214783, "action_std_mean": 0.3272078335285187, "optimizer_iterations": 4.0, "lr": 5.2158719999999994e-05}
{"step": 2408448, "wall_time": 1790706903.6857827, "episodes_completed": 55.0, "mean_episode_reward": 11.826880489696157, "std_episode_reward": 26.071653375729028, "min_episode_reward": -9.805679321289062, "max_episode_reward": 91.24649810791016, "mean_episode_length": 92.34545454545454, "success_rate": 0.2727272727272727, "collision_rate": 0.7272727272727273, "out_of_bounds_rate": 0.0, "timeout_rate": 0.0, "policy_loss": -0.0003420663997530937, "value_loss": 7.832391619682312, "entropy": 0.6032951474189758, "approx_kl": 0.0031723868451081216, "clip_fraction": 0.03271484375, "grad_norm": 25.890648365020752, "explained_variance": 0.7981059551239014, "action_std_mean": 0.3272252380847931, "optimizer_iterations": 4.0, "lr": 5.1994880000000005e-05}
{"step": 2416640, "wall_time": 1790706934.0428326, "episodes_completed": 68.0, "mean_episode_reward": 11.497962313539842, "std_episode_reward": 21.465254538368093, "min_episode_reward": -9.867507934570312, "max_episode_reward": 94.28499603271484, "mean_episode_length": 89.04411764705883, "success_rate": 0.29411764705882354, "collision_rate": 0.7058823529411765, "out_of_bounds_rate": 0.0, "timeout_rate": 0.0, "policy_loss": 0.0013241283595561981, "value_loss": 9.998612403869629, "entropy": 0.6034186780452728, "approx_kl": 0.005829341476783156, "clip_fraction": 0.065185546875, "grad_norm": 42.49391555786133, "explained_variance": 0.7435882687568665, "action_std_mean": 0.32725393772125244, "optimizer_iterations": 4.0, "lr": 5.183104000000001e-05}
{"step": 2424832, "wall_time": 1790706963.9874983, "episodes_completed": 63.0, "mean_episode_reward": 8.274866240365165, "std_episode_reward": 17.1232877798755, "min_episode_reward": -9.842317581176758, "max_episode_reward": 57.713157653808594, "mean_episode_length": 76.55555555555556, "success_rate": 0.2698412698412698, "collision_rate": 0.7301587301587301, "out_of_bounds_rate": 0.0, "timeout_rate": 0.0, "policy_loss": 0.004791677463799715, "value_loss": 9.493500709533691, "entropy": 0.6036063134670258, "approx_kl": 0.008788287290371954, "clip_fraction": 0.088287353515625, "grad_norm": 44.98002529144287, "explained_variance": 0.7690658569335938, "action_std_mean": 0.327284038066864, "optimizer_iterations": 4.0, "lr": 5.1667200000000006e-05}
{"step": 2433024, "wall_time": 1790706994.290978, "episodes_completed": 69.0, "mean_episode_reward": 11.38523345062698, "std_episode_reward": 22.969153784237143, "min_episode_reward": -9.813879013061523, "max_episode_reward": 97.28300476074219, "mean_episode_length": 80.47826086956522, "success_rate": 0.34782608695652173, "collision_rate": 0.6521739130434783, "out_of_bounds_rate": 0.0, "timeout_rate": 0.0, "policy_loss": 0.004416244570165873, "value_loss": 9.882551908493042, "entropy": 0.6037719547748566, "approx_kl": 0.010030945530161262, "clip_fraction": 0.10308837890625, "grad_norm": 43.196593284606934, "explained_variance": 0.7288856506347656, "action_std_mean": 0.3273071050643921, "optimizer_iterations": 4.0, "lr": 5.150336e-05}
{"step": 2441216, "wall_time": 1790707023.8906875, "episodes_completed": 51.0, "mean_episode_reward": 12.981477073594636, "std_episode_reward": 18.8308943805396, "min_episode_reward": -9.80397891998291, "max_episode_reward": 74.86187744140625, "mean_episode_length": 98.25490196078431, "success_rate": 0.37254901960784315, "collision_rate": 0.6274509803921569, "out_of_bounds_rate": 0.0, "timeout_rate": 0.0, "policy_loss": 0.0008599036373198032, "value_loss": 9.286836385726929, "entropy": 0.6039078533649445, "approx_kl": 0.005086033546831459, "clip_fraction": 0.063323974609375, "grad_norm": 33.10316467285156, "explained_variance": 0.7256799340248108, "action_std_mean": 0.32732775807380676, "optimizer_iterations": 4.0, "lr": 5.133951999999999e-05}
{"step": 2449408, "wall_time": 1790707053.4505165, "episodes_completed": 64.0, "mean_episode_reward": 9.593116335570812, "std_episode_reward": 15.953361617007749, "min_episode_reward": -9.81096363067627, "max_episode_reward": 62.73563003540039, "mean_episode_length": 79.015625, "success_rate": 0.265625, "collision_rate": 0.734375, "out_of_bounds_rate": 0.0, "timeout_rate": 0.0, "policy_loss": 0.002627386711537838, "value_loss": 10.24953317642212, "entropy": 0.6040237843990326, "approx_kl": 0.005143118440173566, "clip_fraction": 0.062255859375, "grad_norm": 76.23101043701172, "explained_variance": 0.7496843338012695, "action_std_mean": 0.3273441791534424, "optimizer_iterations": 4.0, "lr": 5.1175680000000004e-05}
{"step": 2457600, "wall_time": 1790707083.5084877, "episodes_completed": 63.0, "mean_episode_reward": 10.848944482349214, "std_episode_reward": 17.194202402191124, "min_episode_reward": -9.931880950927734, "max_episode_reward": 64.08203887939453, "mean_episode_length": 95.73015873015873, "success_rate": 0.2698412698412698, "collision_rate": 0.7301587301587301, "out_of_bounds_rate": 0.0, "timeout_rate": 0.0, "policy_loss": -0.0004341946914792061, "value_loss": 9.678821086883545, "entropy": 0.6041202545166016, "approx_kl": 0.0027340789092704654, "clip_fraction": 0.022613525390625, "grad_norm": 44.734046936035156, "explained_variance": 0.7869383692741394, "action_std_mean": 0.3273593783378601, "optimizer_iterations": 4.0, "lr": 5.101184000000001e-05}
{"step": 2465792, "wall_time": 1790707113.1163187, "episodes_completed": 51.0, "mean_episode_reward": 12.402075879714069, "std_episode_reward": 25.457003415393956, "min_episode_reward": -9.838741302490234, "max_episode_reward": 85.85862731933594, "mean_episode_length": 95.43137254901961, "success_rate": 0.23529411764705882, "collision_rate": 0.7647058823529411, "out_of_bounds_rate": 0.0, "timeout_rate": 0.0, "policy_loss": 0.0003470424562692642, "value_loss": 10.395001888275146, "entropy": 0.6041960716247559, "approx_kl": 0.0041235091630369425, "clip_fraction": 0.043670654296875, "grad_norm": 42.72031211853027, "explained_variance": 0.7321121692657471, "action_std_mean": 0.32736650109291077, "optimizer_iterations": 4.0, "lr": 5.0848000000000005e-05}
{"step": 2473984, "wall_time": 1790707142.660059, "episodes_completed": 55.0, "mean_episode_reward": 13.629440090873025, "std_episode_reward": 25.372094818373224, "min_episode_reward": -9.81452465057373, "max_episode_reward": 86.62259674072266, "mean_episode_length": 108.36363636363636, "success_rate": 0.2909090909090909, "collision_rate": 0.7090909090909091, "out_of_bounds_rate": 0.0, "timeout_rate": 0.0, "policy_loss": 0.001082725590094924, "value_loss": 8.589574575424194, "entropy": 0.6042153835296631, "approx_kl": 0.004332651034928858, "clip_fraction": 0.046722412109375, "grad_norm": 36.614659786224365, "explained_variance": 0.7602361440658569, "action_std_mean": 0.327364057302475, "optimizer_iterations": 4.0, "lr": 5.068416e-05}
{"step": 2482176, "wall_time": 1790707172.5276644, "episodes_completed": 64.0, "mean_episode_reward": 14.140525877475739, "std_episode_reward": 23.086341936375497, "min_episode_reward": -9.828742980957031, "max_episode_reward": 78.2481918334961, "mean_episode_length": 103.0625, "success_rate": 0.359375, "collision_rate": 0.640625, "out_of_bounds_rate": 0.0, "timeout_rate": 0.0, "policy_loss": 0.0014322083443403244, "value_loss": 8.69618558883667, "entropy": 0.6041838824748993, "approx_kl": 0.009998313151299953, "clip_fraction": 0.11334228515625, "grad_norm": 40.71810817718506, "explained_variance": 0.7613240480422974, "action_std_mean": 0.3273558020591736, "optimizer_iterations": 4.0, "lr": 5.052032e-05}
{"step": 2490368, "wall_time": 1790707202.1371176, "episodes_completed": 62.0, "mean_episode_reward": 10.013292604877103, "std_episode_reward": 22.02622923095588, "min_episode_reward": -9.829837799072266, "max_episode_reward": 76.30648803710938, "mean_episode_length": 84.20967741935483, "success_rate": 0.25806451612903225, "collision_rate": 0.7419354838709677, "out_of_bounds_rate": 0.0, "timeout_rate": 0.0, "policy_loss": 0.004190581850707531, "value_loss": 6.955648422241211, "entropy": 0.6041288375854492, "approx_kl": 0.010151663329452276, "clip_fraction": 0.11962890625, "grad_norm": 43.30144786834717, "explained_variance": 0.8392077684402466, "action_std_mean": 0.3273424208164215, "optimizer_iterations": 4.0, "lr": 5.035648e-05}
{"step": 2498560, "wall_time": 1790707232.2906566, "episodes_completed": 59.0, "mean_episode_reward": 16.33745527267456, "std_episode_reward": 24.95541213692759, "min_episode_reward": -9.820042610168457, "max_episode_reward": 79.88662719726562, "mean_episode_length": 111.7457627118644, "success_rate": 0.3898305084745763, "collision_rate": 0.6101694915254238, "out_of_bounds_rate": 0.0, "timeout_rate": 0.0, "policy_loss": 0.002525327494367957, "value_loss": 8.68867540359497, "entropy": 0.6040486693382263, "approx_kl": 0.003870074695441872, "clip_fraction": 0.040374755859375, "grad_norm": 51.937499046325684, "explained_variance": 0.7555726766586304, "action_std_mean": 0.32733434438705444, "optimizer_iterations": 4.0, "lr": 5.019264e-05}
{"step": 2506752, "wall_time": 1790707262.716237, "episodes_completed": 77.0, "mean_episode_reward": 10.24241928001503, "std_episode_reward": 22.524692630184067, "min_episode_reward": -10.103178024291992, "max_episode_reward": 82.25196838378906, "mean_episode_length": 88.67532467532467, "success_rate": 0.23376623376623376, "collision_rate": 0.7662337662337663, "out_of_bounds_rate": 0.0, "timeout_rate": 0.0, "policy_loss": 0.0013810754753649235, "value_loss": 11.716469049453735, "entropy": 0.6040236055850983, "approx_kl": 0.005264606268610805, "clip_fraction": 0.048919677734375, "grad_norm": 60.27178955078125, "explained_variance": 0.6943515539169312, "action_std_mean": 0.3273354172706604, "optimizer_iterations": 4.0, "lr": 5.002880000000001e-05}
{"step": 2514944, "wall_time": 1790707292.7332745, "episodes_completed": 80.0, "mean_episode_reward": 11.82372688651085, "std_episode_reward": 18.76857936717299, "min_episode_reward": -9.886667251586914, "max_episode_reward": 77.75386810302734, "mean_episode_length": 81.9375, "success_rate": 0.35, "collision_rate": 0.65, "out_of_bounds_rate": 0.0, "timeout_rate": 0.0, "policy_loss": -0.00012848898768424988, "value_loss": 11.78440523147583, "entropy": 0.6040153503417969, "approx_kl": 0.0017498814995633438, "clip_fraction": 0.01446533203125, "grad_norm": 53.37772846221924, "explained_variance": 0.682748556137085, "action_std_mean": 0.32732295989990234, "optimizer_iterations": 4.0, "lr": 4.986496e-05}
{"step": 2523136, "wall_time": 1790707322.0757303, "episodes_completed": 50.0, "mean_episode_reward": 18.159346714019776, "std_episode_reward": 25.585178778627547, "min_episode_reward": -9.802167892456055, "max_episode_reward": 101.04000854492188, "mean_episode_length": 113.54, "success_rate": 0.38, "collision_rate": 0.62, "out_of_bounds_rate": 0.0, "timeout_rate": 0.0, "policy_loss": -0.00020778400357812643, "value_loss": 7.152505874633789, "entropy": 0.6039344370365143, "approx_kl": 0.004833946411963552, "clip_fraction": 0.0592041015625, "grad_norm": 47.22839069366455, "explained_variance": 0.779778242111206, "action_std_mean": 0.32731834053993225, "optimizer_iterations": 4.0, "lr": 4.970112e-05}
{"step": 2531328, "wall_time": 1790707352.2014732, "episodes_completed": 73.0, "mean_episode_reward": 9.271815228135619, "std_episode_reward": 17.35584421721002, "min_episode_reward": -9.835077285766602, "max_episode_reward": 79.7786636352539, "mean_episode_length": 69.21917808219177, "success_rate": 0.3150684931506849, "collision_rate": 0.684931506849315, "out_of_bounds_rate": 0.0, "timeout_rate": 0.0, "policy_loss": 0.00019550323486328125, "value_loss": 9.663049459457397, "entropy": 0.6039302945137024, "approx_kl": 0.003671410377137363, "clip_fraction": 0.04296875, "grad_norm": 49.25223255157471, "explained_variance": 0.7505699396133423, "action_std_mean": 0.3273157477378845, "optimizer_iterations": 4.0, "lr": 4.9537279999999996e-05}
{"step": 2539520, "wall_time": 1790707382.1031296, "episodes_completed": 68.0, "mean_episode_reward": 9.563937250305624, "std_episode_reward": 20.25750712649389, "min_episode_reward": -9.83443832397461, "max_episode_reward": 85.77679443359375, "mean_episode_length": 82.94117647058823, "success_rate": 0.27941176470588236, "collision_rate": 0.7205882352941176, "out_of_bounds_rate": 0.0, "timeout_rate": 0.0, "policy_loss": -0.0005683355266228318, "value_loss": 10.160087823867798, "entropy": 0.6039144992828369, "approx_kl": 0.0033836474176496267, "clip_fraction": 0.038604736328125, "grad_norm": 39.39476203918457, "explained_variance": 0.7518938779830933, "action_std_mean": 0.3273165225982666, "optimizer_iterations": 4.0, "lr": 4.937344000000001e-05}
{"step": 2547712, "wall_time": 1790707411.4142523, "episodes_completed": 59.0, "mean_episode_reward": 9.362183797157417, "std_episode_reward": 18.503147361654715, "min_episode_reward": -9.809155464172363, "max_episode_reward": 63.7119140625, "mean_episode_length": 83.96610169491525, "success_rate": 0.3220338983050847, "collision_rate": 0.6779661016949152, "out_of_bounds_rate": 0.0, "timeout_rate": 0.0, "policy_loss": 0.00013926951214671135, "value_loss": 9.301531076431274, "entropy": 0.6039171516895294, "approx_kl": 0.002152485918486491, "clip_fraction": 0.019927978515625, "grad_norm": 39.452070236206055, "explained_variance": 0.7480913400650024, "action_std_mean": 0.32731086015701294, "optimizer_iterations": 4.0, "lr": 4.92096e-05}
{"step": 2555904, "wall_time": 1790707440.6196687, "episodes_completed": 45.0, "mean_episode_reward": 15.891716045803493, "std_episode_reward": 24.02896580761606, "min_episode_reward": -9.809737205505371, "max_episode_reward": 84.90331268310547, "mean_episode_length": 108.08888888888889, "success_rate": 0.37777777777777777, "collision_rate": 0.6222222222222222, "out_of_bounds_rate": 0.0, "timeout_rate": 0.0, "policy_loss": 0.0008158411365002394, "value_loss": 7.7298887968063354, "entropy": 0.603874146938324, "approx_kl": 0.006128887413069606, "clip_fraction": 0.06903076171875, "grad_norm": 23.357746601104736, "explained_variance": 0.76759272813797, "action_std_mean": 0.32730671763420105, "optimizer_iterations": 4.0, "lr": 4.904576000000001e-05}
{"step": 2564096, "wall_time": 1790707470.5809283, "episodes_completed": 78.0, "mean_episode_reward": 8.620076603136766, "std_episode_reward": 20.046518006530516, "min_episode_reward": -9.836847305297852, "max_episode_reward": 68.82278442382812, "mean_episode_length": 77.75641025641026, "success_rate": 0.2692307692307692, "collision_rate": 0.717948717948718, "out_of_bounds_rate": 0.0, "timeout_rate": 0.01282051282051282, "policy_loss": 0.0025938786566257477, "value_loss": 9.210548162460327, "entropy": 0.6038485765457153, "approx_kl": 0.0073182121850550175, "clip_fraction": 0.07867431640625, "grad_norm": 42.609222412109375, "explained_variance": 0.7839425206184387, "action_std_mean": 0.32730090618133545, "optimizer_iterations": 4.0, "lr": 4.8881920000000005e-05}
{"step": 2572288, "wall_time": 1790707500.4852183, "episodes_completed": 59.0, "mean_episode_reward": 8.974448567729885, "std_episode_reward": 19.42990497295233, "min_episode_reward": -9.813326835632324, "max_episode_reward": 80.32967376708984, "mean_episode_length": 85.84745762711864, "success_rate": 0.15254237288135594, "collision_rate": 0.847457627118644, "out_of_bounds_rate": 0.0, "timeout_rate": 0.0, "policy_loss": 0.0004983567632734776, "value_loss": 11.453254222869873, "entropy": 0.6038041114807129, "approx_kl": 0.005312402121489868, "clip_fraction": 0.05218505859375, "grad_norm": 44.66452121734619, "explained_variance": 0.7348694801330566, "action_std_mean": 0.32729238271713257, "optimizer_iterations": 4.0, "lr": 4.871808e-05}
{"step": 2580480, "wall_time": 1790707530.3012054, "episodes_completed": 64.0, "mean_episode_reward": 12.445109359920025, "std_episode_reward": 18.66668954218408, "min_episode_reward": -10.461451530456543, "max_episode_reward": 67.75164794921875, "mean_episode_length": 94.296875, "success_rate": 0.3125, "collision_rate": 0.6875, "out_of_bounds_rate": 0.0, "timeout_rate": 0.0, "policy_loss": -0.00022569997236132622, "value_loss": 10.348896026611328, "entropy": 0.6037626564502716, "approx_kl": 0.0047947741113603115, "clip_fraction": 0.05279541015625, "grad_norm": 42.29491329193115, "explained_variance": 0.7541255950927734, "action_std_mean": 0.32729262113571167, "optimizer_iterations": 4.0, "lr": 4.8554240000000006e-05}
{"step": 2588672, "wall_time": 1790707560.6770446, "episodes_completed": 71.0, "mean_episode_reward": 8.786564524744598, "std_episode_reward": 18.11371986275692, "min_episode_reward": -9.813101768493652, "max_episode_reward": 60.6323356628418, "mean_episode_length": 78.4225352112676, "success_rate": 0.2676056338028169, "collision_rate": 0.7323943661971831, "out_of_bounds_rate": 0.0, "timeout_rate": 0.0, "policy_loss": -0.0007840457838028669, "value_loss": 8.675056457519531, "entropy": 0.6037661731243134, "approx_kl": 0.0047489486751146615, "clip_fraction": 0.053924560546875, "grad_norm": 45.34798717498779, "explained_variance": 0.8004477024078369, "action_std_mean": 0.32729023694992065, "optimizer_iterations": 4.0, "lr": 4.8390400000000003e-05}
{"step": 2596864, "wall_time": 1790707590.584329, "episodes_completed": 68.0, "mean_episode_reward": 7.169986156856313, "std_episode_reward": 18.285443717257927, "min_episode_reward": -9.830533981323242, "max_episode_reward": 78.76702880859375, "mean_episode_length": 69.1470588235294, "success_rate": 0.29411764705882354, "collision_rate": 0.7058823529411765, "out_of_bounds_rate": 0.0, "timeout_rate": 0.0, "policy_loss": 0.00015585892833769321, "value_loss": 9.203896284103394, "entropy": 0.6037341952323914, "approx_kl": 0.0035218229750171304, "clip_fraction": 0.04339599609375, "grad_norm": 55.49750518798828, "explained_variance": 0.7843862771987915, "action_std_mean": 0.32727861404418945, "optimizer_iterations": 4.0, "lr": 4.822656e-05}
{"step": 2605056, "wall_time": 1790707620.6620796, "episodes_completed": 68.0, "mean_episode_reward": 10.765851876314949, "std_episode_reward": 22.660917580003797, "min_episode_reward": -9.918644905090332, "max_episode_reward": 79.42820739746094, "mean_episode_length": 85.51470588235294, "success_rate": 0.27941176470588236, "collision_rate": 0.7205882352941176, "out_of_bounds_rate": 0.0, "timeout_rate": 0.0, "policy_loss": -0.000553871039301157, "value_loss": 10.715384244918823, "entropy": 0.6036625504493713, "approx_kl": 0.002778984373435378, "clip_fraction": 0.03033447265625, "grad_norm": 41.94149732589722, "explained_variance": 0.7232643365859985, "action_std_mean": 0.32727357745170593, "optimizer_iterations": 4.0, "lr": 4.8062720000000005e-05}
{"step": 2613248, "wall_time": 1790707650.402207, "episodes_completed": 65.0, "mean_episode_reward": 9.783241418691782, "std_episode_reward": 19.878947039586517, "min_episode_reward": -9.85007381439209, "max_episode_reward": 90.92346954345703, "mean_episode_length": 83.06153846153846, "success_rate": 0.23076923076923078, "collision_rate": 0.7692307692307693, "out_of_bounds_rate": 0.0, "timeout_rate": 0.0, "policy_loss": 0.0025423644110560417, "value_loss": 10.572418451309204, "entropy": 0.6036316156387329, "approx_kl": 0.005114845640491694, "clip_fraction": 0.051055908203125, "grad_norm": 45.390849113464355, "explained_variance": 0.7416976690292358, "action_std_mean": 0.32726019620895386, "optimizer_iterations": 4.0, "lr": 4.789888e-05}
{"step": 2621440, "wall_time": 1790707680.6081874, "episodes_completed": 76.0, "mean_episode_reward": 9.030536413192749, "std_episode_reward": 18.08929334989391, "min_episode_reward": -9.8123140335083, "max_episode_reward": 61.05543518066406, "mean_episode_length": 82.94736842105263, "success_rate": 0.21052631578947367, "collision_rate": 0.7894736842105263, "out_of_bounds_rate": 0.0, "timeout_rate": 0.0, "policy_loss": 0.0005997335538268089, "value_loss": 13.377796173095703, "entropy": 0.6035237908363342, "approx_kl": 0.004561127134365961, "clip_fraction": 0.05316162109375, "grad_norm": 47.37597846984863, "explained_variance": 0.6699115037918091, "action_std_mean": 0.3272404670715332, "optimizer_iterations": 4.0, "lr": 4.773504e-05}
{"step": 2629632, "wall_time": 1790707710.5186536, "episodes_completed": 62.0, "mean_episode_reward": 12.032936488428424, "std_episode_reward": 19.12298479262564, "min_episode_reward": -9.845868110656738, "max_episode_reward": 71.22327423095703, "mean_episode_length": 87.53225806451613, "success_rate": 0.3387096774193548, "collision_rate": 0.6612903225806451, "out_of_bounds_rate": 0.0, "timeout_rate": 0.0, "policy_loss": 0.002475149231031537, "value_loss": 8.858963251113892, "entropy": 0.6033842861652374, "approx_kl": 0.0074469950050115585, "clip_fraction": 0.084716796875, "grad_norm": 42.4973669052124, "explained_variance": 0.7773150205612183, "action_std_mean": 0.32720866799354553, "optimizer_iterations": 4.0, "lr": 4.75712e-05}
{"step": 2637824, "wall_time": 1790707740.5136204, "episodes_completed": 57.0, "mean_episode_reward": 9.229007620560495, "std_episode_reward": 21.831605844714417, "min_episode_reward": -9.829133033752441, "max_episode_reward": 98.66813659667969, "mean_episode_length": 78.45614035087719, "success_rate": 0.24561403508771928, "collision_rate": 0.7543859649122807, "out_of_bounds_rate": 0.0, "timeout_rate": 0.0, "policy_loss": -0.0007565717678517103, "value_loss": 8.91506290435791, "entropy": 0.60316202044487, "approx_kl": 0.004100564910913818, "clip_fraction": 0.050018310546875, "grad_norm": 32.19946765899658, "explained_variance": 0.7783085703849792, "action_std_mean": 0.32716983556747437, "optimizer_iterations": 4.0, "lr": 4.740736e-05}
{"step": 2646016, "wall_time": 1790707770.7273588, "episodes_completed": 64.0, "mean_episode_reward": 10.312678933143616, "std_episode_reward": 22.467014738806636, "min_episode_reward": -9.812460899353027, "max_episode_reward": 72.44833374023438, "mean_episode_length": 85.84375, "success_rate": 0.28125, "collision_rate": 0.71875, "out_of_bounds_rate": 0.0, "timeout_rate": 0.0, "policy_loss": -0.0007243531290441751, "value_loss": 8.05578875541687, "entropy": 0.6029476523399353, "approx_kl": 0.003228635265259072, "clip_fraction": 0.034942626953125, "grad_norm": 50.80024719238281, "explained_variance": 0.799210786819458, "action_std_mean": 0.3271442651748657, "optimizer_iterations": 4.0, "lr": 4.724352000000001e-05}
{"step": 2654208, "wall_time": 1790707800.9722462, "episodes_completed": 49.0, "mean_episode_reward": 18.002322936544612, "std_episode_reward": 22.929979114121476, "min_episode_reward": -9.811127662658691, "max_episode_reward": 63.336490631103516, "mean_episode_length": 121.26530612244898, "success_rate": 0.2653061224489796, "collision_rate": 0.7346938775510204, "out_of_bounds_rate": 0.0, "timeout_rate": 0.0, "policy_loss": 0.002875799313187599, "value_loss": 6.92610502243042, "entropy": 0.6028221547603607, "approx_kl": 0.008289622492156923, "clip_fraction": 0.08056640625, "grad_norm": 49.525078773498535, "explained_variance": 0.820806622505188, "action_std_mean": 0.32712846994400024, "optimizer_iterations": 4.0, "lr": 4.707968e-05}
{"step": 2662400, "wall_time": 1790707830.9252439, "episodes_completed": 48.0, "mean_episode_reward": 18.53845465183258, "std_episode_reward": 28.36138584448495, "min_episode_reward": -9.800252914428711, "max_episode_reward": 94.36933135986328, "mean_episode_length": 118.64583333333333, "success_rate": 0.3333333333333333, "collision_rate": 0.6666666666666666, "out_of_bounds_rate": 0.0, "timeout_rate": 0.0, "policy_loss": 0.0006786109879612923, "value_loss": 6.281351685523987, "entropy": 0.6027331650257111, "approx_kl": 0.003652129729744047, "clip_fraction": 0.039581298828125, "grad_norm": 21.83637285232544, "explained_variance": 0.8548051118850708, "action_std_mean": 0.3271193206310272, "optimizer_iterations": 4.0, "lr": 4.691584e-05}
{"step": 2670592, "wall_time": 1790707860.5536096, "episodes_completed": 52.0, "mean_episode_reward": 11.103489729074331, "std_episode_reward": 20.315069208493977, "min_episode_reward": -9.852643013000488, "max_episode_reward": 65.79369354248047, "mean_episode_length": 96.46153846153847, "success_rate": 0.23076923076923078, "collision_rate": 0.75, "out_of_bounds_rate": 0.0, "timeout_rate": 0.019230769230769232, "policy_loss": 0.0004478673217818141, "value_loss": 8.58186650276184, "entropy": 0.6026939153671265, "approx_kl": 0.004829245415749028, "clip_fraction": 0.058868408203125, "grad_norm": 27.976303100585938, "explained_variance": 0.7964967489242554, "action_std_mean": 0.3271150588989258, "optimizer_iterations": 4.0, "lr": 4.675200000000001e-05}
{"step": 2678784, "wall_time": 1790707890.5708613, "episodes_completed": 74.0, "mean_episode_reward": 7.520401767782263, "std_episode_reward": 19.871689122989586, "min_episode_reward": -9.836708068847656, "max_episode_reward": 97.52854919433594, "mean_episode_length": 76.13513513513513, "success_rate": 0.16216216216216217, "collision_rate": 0.8378378378378378, "out_of_bounds_rate": 0.0, "timeout_rate": 0.0, "policy_loss": -2.8195790946483612e-05, "value_loss": 12.206257343292236, "entropy": 0.6026699542999268, "approx_kl": 0.002865071699488908, "clip_fraction": 0.031005859375, "grad_norm": 58.84659290313721, "explained_variance": 0.7150543928146362, "action_std_mean": 0.3271116018295288, "optimizer_iterations": 4.0, "lr": 4.6588160000000006e-05}
{"step": 2686976, "wall_time": 1790707920.6290548, "episodes_completed": 68.0, "mean_episode_reward": 10.437705054002649, "std_episode_reward": 20.011549852187127, "min_episode_reward": -9.823872566223145, "max_episode_reward": 76.34467315673828, "mean_episode_length": 86.6470588235294, "success_rate": 0.3088235294117647, "collision_rate": 0.6764705882352942, "out_of_bounds_rate": 0.0, "timeout_rate": 0.014705882352941176, "policy_loss": -8.738518226891756e-05, "value_loss": 9.388122081756592, "entropy": 0.602650374174118, "approx_kl": 0.0035437470651231706, "clip_fraction": 0.040679931640625, "grad_norm": 37.02380180358887, "explained_variance": 0.7674311995506287, "action_std_mean": 0.3271089196205139, "optimizer_iterations": 4.0, "lr": 4.642432e-05}
{"step": 2695168, "wall_time": 1790707949.611486, "episodes_completed": 58.0, "mean_episode_reward": 7.839305392627058, "std_episode_reward": 19.299208146718872, "min_episode_reward": -9.814949035644531, "max_episode_reward": 77.73697662353516, "mean_episode_length": 78.58620689655173, "success_rate": 0.1724137931034483, "collision_rate": 0.8275862068965517, "out_of_bounds_rate": 0.0, "timeout_rate": 0.0, "policy_loss": 0.002322419546544552, "value_loss": 8.481802940368652, "entropy": 0.6026187539100647, "approx_kl": 0.0072810479323379695, "clip_fraction": 0.077545166015625, "grad_norm": 52.27785587310791, "explained_variance": 0.8220674991607666, "action_std_mean": 0.3270956873893738, "optimizer_iterations": 4.0, "lr": 4.626048000000001e-05}
{"step": 2703360, "wall_time": 1790707979.0412247, "episodes_completed": 52.0, "mean_episode_reward": 10.44970286809481, "std_episode_reward": 20.090143552364335, "min_episode_reward": -9.834254264831543, "max_episode_reward": 75.10406494140625, "mean_episode_length": 87.09615384615384, "success_rate": 0.25, "collision_rate": 0.75, "out_of_bounds_rate": 0.0, "timeout_rate": 0.0, "policy_loss": 7.362524047493935e-05, "value_loss": 7.408896446228027, "entropy": 0.6025325059890747, "approx_kl": 0.0031258265953511, "clip_fraction": 0.03314208984375, "grad_norm": 41.7493577003479, "explained_variance": 0.8033062219619751, "action_std_mean": 0.3270861506462097, "optimizer_iterations": 4.0, "lr": 4.6096640000000005e-05}
{"step": 2711552, "wall_time": 1790708008.7180035, "episodes_completed": 80.0, "mean_episode_reward": 9.1352798236534, "std_episode_reward": 18.69842658110065, "min_episode_reward": -9.814623832702637, "max_episode_reward": 63.762149810791016, "mean_episode_length": 84.0625, "success_rate": 0.225, "collision_rate": 0.7625, "out_of_bounds_rate": 0.0, "timeout_rate": 0.0125, "policy_loss": 0.002151709981262684, "value_loss": 12.979039907455444, "entropy": 0.6024911999702454, "approx_kl": 0.006372376810759306, "clip_fraction": 0.071380615234375, "grad_norm": 62.94242000579834, "explained_variance": 0.6932373046875, "action_std_mean": 0.32708024978637695, "optimizer_iterations": 4.0, "lr": 4.5932799999999995e-05}
{"step": 2719744, "wall_time": 1790708038.5182536, "episodes_completed": 72.0, "mean_episode_reward": 6.359344707594977, "std_episode_reward": 19.369511432216317, "min_episode_reward": -9.810883522033691, "max_episode_reward": 89.4373779296875, "mean_episode_length": 76.33333333333333, "success_rate": 0.18055555555555555, "collision_rate": 0.8194444444444444, "out_of_bounds_rate": 0.0, "timeout_rate": 0.0, "policy_loss": 0.0013361359015107155, "value_loss": 9.961748123168945, "entropy": 0.6024539470672607, "approx_kl": 0.007071673579048365, "clip_fraction": 0.0723876953125, "grad_norm": 41.50943422317505, "explained_variance": 0.810224711894989, "action_std_mean": 0.3270761966705322, "optimizer_iterations": 4.0, "lr": 4.5768960000000006e-05}
{"step": 2727936, "wall_time": 1790708067.8552318, "episodes_completed": 54.0, "mean_episode_reward": 13.295863151550293, "std_episode_reward": 23.816256673331548, "min_episode_reward": -9.816264152526855, "max_episode_reward": 84.96446990966797, "mean_episode_length": 98.98148148148148, "success_rate": 0.2777777777777778, "collision_rate": 0.7222222222222222, "out_of_bounds_rate": 0.0, "timeout_rate": 0.0, "policy_loss": 0.00186413642950356, "value_loss": 7.604205012321472, "entropy": 0.6024322807788849, "approx_kl": 0.004965376458130777, "clip_fraction": 0.06011962890625, "grad_norm": 39.30906963348389, "explained_variance": 0.7942609190940857, "action_std_mean": 0.3270718455314636, "optimizer_iterations": 4.0, "lr": 4.560512e-05}
{"step": 2736128, "wall_time": 1790708097.424227, "episodes_completed": 58.0, "mean_episode_reward": 12.148126876045918, "std_episode_reward": 22.79821457894761, "min_episode_reward": -9.816411972045898, "max_episode_reward": 86.8096923828125, "mean_episode_length": 100.05172413793103, "success_rate": 0.29310344827586204, "collision_rate": 0.7068965517241379, "out_of_bounds_rate": 0.0, "timeout_rate": 0.0, "policy_loss": -0.00014570821076631546, "value_loss": 8.035582661628723, "entropy": 0.6023833751678467, "approx_kl": 0.004463454883079976, "clip_fraction": 0.053985595703125, "grad_norm": 48.4629602432251, "explained_variance": 0.8042209148406982, "action_std_mean": 0.3270567059516907, "optimizer_iterations": 4.0, "lr": 4.544128e-05}
{"step": 2744320, "wall_time": 1790708127.2281773, "episodes_completed": 48.0, "mean_episode_reward": 15.740692834059397, "std_episode_reward": 22.29015798648031, "min_episode_reward": -9.814906120300293, "max_episode_reward": 80.5464859008789, "mean_episode_length": 118.875, "success_rate": 0.3333333333333333, "collision_rate": 0.6666666666666666, "out_of_bounds_rate": 0.0, "timeout_rate": 0.0, "policy_loss": 0.0018044335301965475, "value_loss": 7.5700366497039795, "entropy": 0.6022598147392273, "approx_kl": 0.004630409763194621, "clip_fraction": 0.046173095703125, "grad_norm": 41.566415309906006, "explained_variance": 0.7755234241485596, "action_std_mean": 0.32702866196632385, "optimizer_iterations": 4.0, "lr": 4.5277440000000004e-05}
{"step": 2752512, "wall_time": 1790708157.5531356, "episodes_completed": 68.0, "mean_episode_reward": 10.67435610294342, "std_episode_reward": 21.48717644958999, "min_episode_reward": -9.828481674194336, "max_episode_reward": 73.21676635742188, "mean_episode_length": 91.1029411764706, "success_rate": 0.2647058823529412, "collision_rate": 0.7352941176470589, "out_of_bounds_rate": 0.0, "timeout_rate": 0.0, "policy_loss": 0.0014154547825455666, "value_loss": 9.979488134384155, "entropy": 0.6020796000957489, "approx_kl": 0.006628560600802302, "clip_fraction": 0.08154296875, "grad_norm": 49.08690166473389, "explained_variance": 0.7619075179100037, "action_std_mean": 0.32700127363204956, "optimizer_iterations": 4.0, "lr": 4.51136e-05}
{"step": 2760704, "wall_time": 1790708187.3362417, "episodes_completed": 59.0, "mean_episode_reward": 7.408129013190835, "std_episode_reward": 18.108670802007914, "min_episode_reward": -9.826348304748535, "max_episode_reward": 64.06611633300781, "mean_episode_length": 84.98305084745763, "success_rate": 0.0847457627118644, "collision_rate": 0.9152542372881356, "out_of_bounds_rate": 0.0, "timeout_rate": 0.0, "policy_loss": 0.0005061689298599958, "value_loss": 10.114070177078247, "entropy": 0.6019294857978821, "approx_kl": 0.004448919382411987, "clip_fraction": 0.050811767578125, "grad_norm": 44.09988975524902, "explained_variance": 0.769473135471344, "action_std_mean": 0.3269825577735901, "optimizer_iterations": 4.0, "lr": 4.4949760000000005e-05}
{"step": 2768896, "wall_time": 1790708217.3019466, "episodes_completed": 82.0, "mean_episode_reward": 4.756594867241092, "std_episode_reward": 14.244917614026296, "min_episode_reward": -10.18232536315918, "max_episode_reward": 47.955787658691406, "mean_episode_length": 72.89024390243902, "success_rate": 0.18292682926829268, "collision_rate": 0.8170731707317073, "out_of_bounds_rate": 0.0, "timeout_rate": 0.0, "policy_loss": 0.001524181803688407, "value_loss": 11.404710292816162, "entropy": 0.6018333435058594, "approx_kl": 0.005125883297296241, "clip_fraction": 0.0616455078125, "grad_norm": 69.28769111633301, "explained_variance": 0.7383877635002136, "action_std_mean": 0.32696962356567383, "optimizer_iterations": 4.0, "lr": 4.478592e-05}
{"step": 2777088, "wall_time": 1790708247.0829022, "episodes_completed": 48.0, "mean_episode_reward": 15.139460732539495, "std_episode_reward": 26.546784203320815, "min_episode_reward": -9.84000301361084, "max_episode_reward": 74.29273223876953, "mean_episode_length": 118.875, "success_rate": 0.2708333333333333, "collision_rate": 0.7291666666666666, "out_of_bounds_rate": 0.0, "timeout_rate": 0.0, "policy_loss": 0.0009677077177911997, "value_loss": 7.108534097671509, "entropy": 0.6017613410949707, "approx_kl": 0.005574388662353158, "clip_fraction": 0.0716552734375, "grad_norm": 38.78383827209473, "explained_variance": 0.8014677166938782, "action_std_mean": 0.3269616961479187, "optimizer_iterations": 4.0, "lr": 4.462208e-05}
{"step": 2785280, "wall_time": 1790708277.0837686, "episodes_completed": 69.0, "mean_episode_reward": 10.363106299137723, "std_episode_reward": 20.692290899370267, "min_episode_reward": -9.81659984588623, "max_episode_reward": 91.2293930053711, "mean_episode_length": 87.56521739130434, "success_rate": 0.2753623188405797, "collision_rate": 0.7246376811594203, "out_of_bounds_rate": 0.0, "timeout_rate": 0.0, "policy_loss": 0.0032449965365231037, "value_loss": 8.807526588439941, "entropy": 0.60172438621521, "approx_kl": 0.009177158703096211, "clip_fraction": 0.087371826171875, "grad_norm": 68.76151275634766, "explained_variance": 0.7997281551361084, "action_std_mean": 0.3269546627998352, "optimizer_iterations": 4.0, "lr": 4.4458240000000003e-05}
{"step": 2793472, "wall_time": 1790708306.0778818, "episodes_completed": 48.0, "mean_episode_reward": 14.54670379559199, "std_episode_reward": 24.76370098703291, "min_episode_reward": -9.825211524963379, "max_episode_reward": 96.54625701904297, "mean_episode_length": 113.875, "success_rate": 0.2916666666666667, "collision_rate": 0.7083333333333334, "out_of_bounds_rate": 0.0, "timeout_rate": 0.0, "policy_loss": 0.0003468331415206194, "value_loss": 7.887459993362427, "entropy": 0.6016762256622314, "approx_kl": 0.004454647132661194, "clip_fraction": 0.050537109375, "grad_norm": 38.1848840713501, "explained_variance": 0.8162592649459839, "action_std_mean": 0.3269481062889099, "optimizer_iterations": 4.0, "lr": 4.42944e-05}
{"step": 2801664, "wall_time": 1790708335.6805034, "episodes_completed": 47.0, "mean_episode_reward": 15.280238293586894, "std_episode_reward": 23.84319051739548, "min_episode_reward": -10.195033073425293, "max_episode_reward": 83.3636474609375, "mean_episode_length": 116.25531914893617, "success_rate": 0.2127659574468085, "collision_rate": 0.7872340425531915, "out_of_bounds_rate": 0.0, "timeout_rate": 0.0, "policy_loss": 0.0006603964138776064, "value_loss": 7.206969141960144, "entropy": 0.6016340851783752, "approx_kl": 0.008319121552631259, "clip_fraction": 0.084503173828125, "grad_norm": 23.065823078155518, "explained_variance": 0.8380802869796753, "action_std_mean": 0.3269382417201996, "optimizer_iterations": 4.0, "lr": 4.413056e-05}
{"step": 2809856, "wall_time": 1790708365.5091934, "episodes_completed": 54.0, "mean_episode_reward": 10.931849735754508, "std_episode_reward": 20.008274613359227, "min_episode_reward": -9.803359031677246, "max_episode_reward": 80.77770233154297, "mean_episode_length": 107.03703703703704, "success_rate": 0.2222222222222222, "collision_rate": 0.7777777777777778, "out_of_bounds_rate": 0.0, "timeout_rate": 0.0, "policy_loss": 0.0037622610107064247, "value_loss": 6.452994346618652, "entropy": 0.6015610098838806, "approx_kl": 0.01058287057094276, "clip_fraction": 0.115142822265625, "grad_norm": 56.31496572494507, "explained_variance": 0.8744086027145386, "action_std_mean": 0.32692357897758484, "optimizer_iterations": 4.0, "lr": 4.396672000000001e-05}
{"step": 2818048, "wall_time": 1790708395.480494, "episodes_completed": 46.0, "mean_episode_reward": 15.147765283999236, "std_episode_reward": 23.890353642121962, "min_episode_reward": -10.192234992980957, "max_episode_reward": 102.1396484375, "mean_episode_length": 108.76086956521739, "success_rate": 0.34782608695652173, "collision_rate": 0.6521739130434783, "out_of_bounds_rate": 0.0, "timeout_rate": 0.0, "policy_loss": 0.0016812316607683897, "value_loss": 6.978248596191406, "entropy": 0.6014693677425385, "approx_kl": 0.005427175492513925, "clip_fraction": 0.066986083984375, "grad_norm": 29.89098072052002, "explained_variance": 0.8079505562782288, "action_std_mean": 0.3269087076187134, "optimizer_iterations": 4.0, "lr": 4.380288e-05}
{"step": 2826240, "wall_time": 1790708425.6163273, "episodes_completed": 64.0, "mean_episode_reward": 7.787764571607113, "std_episode_reward": 18.07391782437216, "min_episode_reward": -10.097278594970703, "max_episode_reward": 55.89372634887695, "mean_episode_length": 86.03125, "success_rate": 0.28125, "collision_rate": 0.71875, "out_of_bounds_rate": 0.0, "timeout_rate": 0.0, "policy_loss": 3.791903145611286e-05, "value_loss": 7.362471580505371, "entropy": 0.6013523936271667, "approx_kl": 0.003687359538162127, "clip_fraction": 0.0406494140625, "grad_norm": 35.05072546005249, "explained_variance": 0.8095208406448364, "action_std_mean": 0.3268800377845764, "optimizer_iterations": 4.0, "lr": 4.3639039999999996e-05}
{"step": 2834432, "wall_time": 1790708455.7359214, "episodes_completed": 65.0, "mean_episode_reward": 7.116558038271391, "std_episode_reward": 18.599258975396843, "min_episode_reward": -10.611551284790039, "max_episode_reward": 97.01353454589844, "mean_episode_length": 78.83076923076923, "success_rate": 0.24615384615384617, "collision_rate": 0.7538461538461538, "out_of_bounds_rate": 0.0, "timeout_rate": 0.0, "policy_loss": 0.0007586363062728196, "value_loss": 8.775668621063232, "entropy": 0.6011635065078735, "approx_kl": 0.004246033437084407, "clip_fraction": 0.046539306640625, "grad_norm": 48.535343170166016, "explained_variance": 0.8020042181015015, "action_std_mean": 0.32684963941574097, "optimizer_iterations": 4.0, "lr": 4.347520000000001e-05}
{"step": 2842624, "wall_time": 1790708486.0350301, "episodes_completed": 52.0, "mean_episode_reward": 11.902380833258995, "std_episode_reward": 15.391394371448898, "min_episode_reward": -9.800127029418945, "max_episode_reward": 55.75152587890625, "mean_episode_length": 108.26923076923077, "success_rate": 0.3076923076923077, "collision_rate": 0.6923076923076923, "out_of_bounds_rate": 0.0, "timeout_rate": 0.0, "policy_loss": -0.0004124674014747143, "value_loss": 7.99255895614624, "entropy": 0.6009736657142639, "approx_kl": 0.006098006386309862, "clip_fraction": 0.073272705078125, "grad_norm": 34.14723587036133, "explained_variance": 0.8045662045478821, "action_std_mean": 0.3268161416053772, "optimizer_iterations": 4.0, "lr": 4.3311360000000004e-05}
{"step": 2850816, "wall_time": 1790708516.3923411, "episodes_completed": 59.0, "mean_episode_reward": 8.289639828568799, "std_episode_reward": 18.623559109690884, "min_episode_reward": -9.83294677734375, "max_episode_reward": 58.181793212890625, "mean_episode_length": 87.32203389830508, "success_rate": 0.2033898305084746, "collision_rate": 0.7966101694915254, "out_of_bounds_rate": 0.0, "timeout_rate": 0.0, "policy_loss": 0.0004700154531747103, "value_loss": 9.682557821273804, "entropy": 0.6007706224918365, "approx_kl": 0.0024256278993561864, "clip_fraction": 0.023162841796875, "grad_norm": 40.746108055114746, "explained_variance": 0.7760447859764099, "action_std_mean": 0.32678672671318054, "optimizer_iterations": 4.0, "lr": 4.3147519999999994e-05}
{"step": 2859008, "wall_time": 1790708546.4719434, "episodes_completed": 59.0, "mean_episode_reward": 11.444214546074301, "std_episode_reward": 21.652702900376493, "min_episode_reward": -9.807255744934082, "max_episode_reward": 84.32318878173828, "mean_episode_length": 88.88135593220339, "success_rate": 0.3389830508474576, "collision_rate": 0.6610169491525424, "out_of_bounds_rate": 0.0, "timeout_rate": 0.0, "policy_loss": 0.0010215548099949956, "value_loss": 8.905275344848633, "entropy": 0.6006012856960297, "approx_kl": 0.0014656467828899622, "clip_fraction": 0.0106201171875, "grad_norm": 72.31465244293213, "explained_variance": 0.8031440377235413, "action_std_mean": 0.32676076889038086, "optimizer_iterations": 4.0, "lr": 4.2983680000000005e-05}
{"step": 2867200, "wall_time": 1790708576.6898293, "episodes_completed": 79.0, "mean_episode_reward": 8.694295961645585, "std_episode_reward": 21.2280480962714, "min_episode_reward": -9.807435989379883, "max_episode_reward": 98.91646575927734, "mean_episode_length": 76.84810126582279, "success_rate": 0.25316455696202533, "collision_rate": 0.7468354430379747, "out_of_bounds_rate": 0.0, "timeout_rate": 0.0, "policy_loss": -0.0008127093315124512, "value_loss": 9.40587306022644, "entropy": 0.6004401445388794, "approx_kl": 0.001909944083308801, "clip_fraction": 0.016998291015625, "grad_norm": 54.54720401763916, "explained_variance": 0.8199114203453064, "action_std_mean": 0.3267337679862976, "optimizer_iterations": 4.0, "lr": 4.281984e-05}
{"step": 2875392, "wall_time": 1790708606.8879342, "episodes_completed": 44.0, "mean_episode_reward": 19.325423652475532, "std_episode_reward": 22.73953416816753, "min_episode_reward": -9.807392120361328, "max_episode_reward": 76.2080078125, "mean_episode_length": 128.1590909090909, "success_rate": 0.3409090909090909, "collision_rate": 0.6590909090909091, "out_of_bounds_rate": 0.0, "timeout_rate": 0.0, "policy_loss": 0.0015042703016661108, "value_loss": 5.352295398712158, "entropy": 0.6002837121486664, "approx_kl": 0.0050963339454028755, "clip_fraction": 0.062591552734375, "grad_norm": 42.30283069610596, "explained_variance": 0.8534615635871887, "action_std_mean": 0.326712429523468, "optimizer_iterations": 4.0, "lr": 4.2656000000000006e-05}
{"step": 2883584, "wall_time": 1790708636.9310799, "episodes_completed": 72.0, "mean_episode_reward": 7.516042086813185, "std_episode_reward": 18.21948622326783, "min_episode_reward": -9.812289237976074, "max_episode_reward": 72.50726318359375, "mean_episode_length": 83.91666666666667, "success_rate": 0.2222222222222222, "collision_rate": 0.7777777777777778, "out_of_bounds_rate": 0.0, "timeout_rate": 0.0, "policy_loss": 0.0013046213425695896, "value_loss": 10.576651096343994, "entropy": 0.6001599133014679, "approx_kl": 0.007428866112604737, "clip_fraction": 0.087860107421875, "grad_norm": 62.45153999328613, "explained_variance": 0.7493863105773926, "action_std_mean": 0.32669252157211304, "optimizer_iterations": 4.0, "lr": 4.2492160000000003e-05}
{"step": 2891776, "wall_time": 1790708667.4312098, "episodes_completed": 71.0, "mean_episode_reward": 6.6117634773254395, "std_episode_reward": 17.209357487465695, "min_episode_reward": -9.814621925354004, "max_episode_reward": 75.3170394897461, "mean_episode_length": 78.14084507042253, "success_rate": 0.18309859154929578, "collision_rate": 0.8169014084507042, "out_of_bounds_rate": 0.0, "timeout_rate": 0.0, "policy_loss": 0.0005699563771486282, "value_loss": 12.08475923538208, "entropy": 0.6000357568264008, "approx_kl": 0.0018995262507814914, "clip_fraction": 0.017242431640625, "grad_norm": 78.05348777770996, "explained_variance": 0.7365984916687012, "action_std_mean": 0.3266744017601013, "optimizer_iterations": 4.0, "lr": 4.232832e-05}
{"step": 2899968, "wall_time": 1790708697.735935, "episodes_completed": 81.0, "mean_episode_reward": 7.739492410494957, "std_episode_reward": 18.68497638895049, "min_episode_reward": -9.959254264831543, "max_episode_reward": 73.82598876953125, "mean_episode_length": 75.32098765432099, "success_rate": 0.2345679012345679, "collision_rate": 0.7654320987654321, "out_of_bounds_rate": 0.0, "timeout_rate": 0.0, "policy_loss": -0.0001371630933135748, "value_loss": 10.763063430786133, "entropy": 0.5999204814434052, "approx_kl": 0.0027110404626000673, "clip_fraction": 0.03033447265625, "grad_norm": 46.160983085632324, "explained_variance": 0.7706266641616821, "action_std_mean": 0.3266522288322449, "optimizer_iterations": 4.0, "lr": 4.2164480000000005e-05}
{"step": 2908160, "wall_time": 1790708726.952823, "episodes_completed": 46.0, "mean_episode_reward": 6.81540992985601, "std_episode_reward": 14.725580855162692, "min_episode_reward": -9.804551124572754, "max_episode_reward": 39.49756622314453, "mean_episode_length": 82.0, "success_rate": 0.13043478260869565, "collision_rate": 0.8695652173913043, "out_of_bounds_rate": 0.0, "timeout_rate": 0.0, "policy_loss": 0.00015852577053010464, "value_loss": 6.351120829582214, "entropy": 0.5998016893863678, "approx_kl": 0.002516284119337797, "clip_fraction": 0.026458740234375, "grad_norm": 51.981377601623535, "explained_variance": 0.8651041984558105, "action_std_mean": 0.3266461491584778, "optimizer_iterations": 4.0, "lr": 4.200064e-05}
{"step": 2916352, "wall_time": 1790708756.579468, "episodes_completed": 46.0, "mean_episode_reward": 12.645627104717752, "std_episode_reward": 21.524186116264914, "min_episode_reward": -9.813990592956543, "max_episode_reward": 87.53669738769531, "mean_episode_length": 97.58695652173913, "success_rate": 0.34782608695652173, "collision_rate": 0.6521739130434783, "out_of_bounds_rate": 0.0, "timeout_rate": 0.0, "policy_loss": -0.00025676190853118896, "value_loss": 6.798632740974426, "entropy": 0.5997904241085052, "approx_kl": 0.005545675638131797, "clip_fraction": 0.067047119140625, "grad_norm": 31.582446575164795, "explained_variance": 0.8314415216445923, "action_std_mean": 0.3266434073448181, "optimizer_iterations": 4.0, "lr": 4.18368e-05}
{"step": 2924544, "wall_time": 1790708786.5939922, "episodes_completed": 54.0, "mean_episode_reward": 7.919999212302543, "std_episode_reward": 21.63702588558752, "min_episode_reward": -9.933612823486328, "max_episode_reward": 93.77963256835938, "mean_episode_length": 90.72222222222223, "success_rate": 0.16666666666666666, "collision_rate": 0.7962962962962963, "out_of_bounds_rate": 0.0, "timeout_rate": 0.037037037037037035, "policy_loss": 0.0026180827990174294, "value_loss": 7.195884704589844, "entropy": 0.5997782051563263, "approx_kl": 0.01324015820864588, "clip_fraction": 0.140655517578125, "grad_norm": 40.37691879272461, "explained_variance": 0.8157522678375244, "action_std_mean": 0.32664743065834045, "optimizer_iterations": 4.0, "lr": 4.167296e-05}
{"step": 2932736, "wall_time": 1790708816.3874462, "episodes_completed": 49.0, "mean_episode_reward": 12.487487803308332, "std_episode_reward": 21.844901198250323, "min_episode_reward": -9.843710899353027, "max_episode_reward": 84.55553436279297, "mean_episode_length": 103.95918367346938, "success_rate": 0.20408163265306123, "collision_rate": 0.7755102040816326, "out_of_bounds_rate": 0.0, "timeout_rate": 0.02040816326530612, "policy_loss": 2.0619016140699387e-05, "value_loss": 6.245004415512085, "entropy": 0.5998132824897766, "approx_kl": 0.004766996135003865, "clip_fraction": 0.05780029296875, "grad_norm": 44.82402324676514, "explained_variance": 0.8533165454864502, "action_std_mean": 0.32665297389030457, "optimizer_iterations": 4.0, "lr": 4.150912e-05}
{"step": 2940928, "wall_time": 1790708846.645959, "episodes_completed": 54.0, "mean_episode_reward": 12.790387777094212, "std_episode_reward": 19.950107218345334, "min_episode_reward": -9.807964324951172, "max_episode_reward": 77.30919647216797, "mean_episode_length": 118.16666666666667, "success_rate": 0.2222222222222222, "collision_rate": 0.7592592592592593, "out_of_bounds_rate": 0.0, "timeout_rate": 0.018518518518518517, "policy_loss": 0.005452703218907118, "value_loss": 8.608977317810059, "entropy": 0.5998606979846954, "approx_kl": 0.015094720525667071, "clip_fraction": 0.13360595703125, "grad_norm": 40.95319843292236, "explained_variance": 0.8261060118675232, "action_std_mean": 0.3266691565513611, "optimizer_iterations": 4.0, "lr": 4.134528e-05}
{"step": 2949120, "wall_time": 1790708876.8572018, "episodes_completed": 71.0, "mean_episode_reward": 12.203226445426404, "std_episode_reward": 22.51850814835122, "min_episode_reward": -9.833022117614746, "max_episode_reward": 90.01270294189453, "mean_episode_length": 97.14084507042253, "success_rate": 0.2676056338028169, "collision_rate": 0.7323943661971831, "out_of_bounds_rate": 0.0, "timeout_rate": 0.0, "policy_loss": 0.0005891746841371059, "value_loss": 9.81092619895935, "entropy": 0.5999683737754822, "approx_kl": 0.00359715917147696, "clip_fraction": 0.04046630859375, "grad_norm": 49.7988076210022, "explained_variance": 0.7547255754470825, "action_std_mean": 0.3266822397708893, "optimizer_iterations": 4.0, "lr": 4.118144e-05}
{"step": 2957312, "wall_time": 1790708907.1163187, "episodes_completed": 75.0, "mean_episode_reward": 6.326487998962403, "std_episode_reward": 18.10024118081912, "min_episode_reward": -9.812559127807617, "max_episode_reward": 55.66773986816406, "mean_episode_length": 66.41333333333333, "success_rate": 0.21333333333333335, "collision_rate": 0.7866666666666666, "out_of_bounds_rate": 0.0, "timeout_rate": 0.0, "policy_loss": 0.003424783004447818, "value_loss": 11.604557752609253, "entropy": 0.6000206470489502, "approx_kl": 0.008748313295654953, "clip_fraction": 0.0875244140625, "grad_norm": 58.57089424133301, "explained_variance": 0.7749364972114563, "action_std_mean": 0.3266853392124176, "optimizer_iterations": 4.0, "lr": 4.10176e-05}
{"step": 2965504, "wall_time": 1790708936.914864, "episodes_completed": 73.0, "mean_episode_reward": 8.516851745239675, "std_episode_reward": 15.684902837392363, "min_episode_reward": -9.868432998657227, "max_episode_reward": 50.97772216796875, "mean_episode_length": 82.05479452054794, "success_rate": 0.2328767123287671, "collision_rate": 0.7671232876712328, "out_of_bounds_rate": 0.0, "timeout_rate": 0.0, "policy_loss": 0.00034422753378748894, "value_loss": 10.130484819412231, "entropy": 0.6000255346298218, "approx_kl": 0.0029439546051435173, "clip_fraction": 0.0322265625, "grad_norm": 63.17054462432861, "explained_variance": 0.7683882713317871, "action_std_mean": 0.3266814351081848, "optimizer_iterations": 4.0, "lr": 4.0853759999999996e-05}
{"step": 2973696, "wall_time": 1790708966.6379526, "episodes_completed": 62.0, "mean_episode_reward": 8.532848842682377, "std_episode_reward": 21.003049555337906, "min_episode_reward": -10.101219177246094, "max_episode_reward": 71.19001007080078, "mean_episode_length": 89.83870967741936, "success_rate": 0.1935483870967742, "collision_rate": 0.8064516129032258, "out_of_bounds_rate": 0.0, "timeout_rate": 0.0, "policy_loss": 0.0010714447125792503, "value_loss": 9.765882968902588, "entropy": 0.5999737977981567, "approx_kl": 0.006345859728753567, "clip_fraction": 0.074005126953125, "grad_norm": 51.295169830322266, "explained_variance": 0.7867963314056396, "action_std_mean": 0.3266638517379761, "optimizer_iterations": 4.0, "lr": 4.0689920000000006e-05}
{"step": 2981888, "wall_time": 1790708996.543273, "episodes_completed": 58.0, "mean_episode_reward": 12.70700587075332, "std_episode_reward": 20.369986686748682, "min_episode_reward": -10.451003074645996, "max_episode_reward": 75.39198303222656, "mean_episode_length": 104.79310344827586, "success_rate": 0.29310344827586204, "collision_rate": 0.7068965517241379, "out_of_bounds_rate": 0.0, "timeout_rate": 0.0, "policy_loss": 0.0005196626298129559, "value_loss": 7.316899061203003, "entropy": 0.5998550355434418, "approx_kl": 0.0026549169851932675, "clip_fraction": 0.028656005859375, "grad_norm": 50.46109390258789, "explained_variance": 0.8173030018806458, "action_std_mean": 0.3266437351703644, "optimizer_iterations": 4.0, "lr": 4.052608e-05}
{"step": 2990080, "wall_time": 1790709026.6176653, "episodes_completed": 83.0, "mean_episode_reward": 7.207008367561432, "std_episode_reward": 19.145134060640412, "min_episode_reward": -9.806419372558594, "max_episode_reward": 84.71834564208984, "mean_episode_length": 74.98795180722891, "success_rate": 0.21686746987951808, "collision_rate": 0.7831325301204819, "out_of_bounds_rate": 0.0, "timeout_rate": 0.0, "policy_loss": 0.0012656801845878363, "value_loss": 10.039352893829346, "entropy": 0.5997516214847565, "approx_kl": 0.00690678512910381, "clip_fraction": 0.073211669921875, "grad_norm": 53.06656360626221, "explained_variance": 0.8022595643997192, "action_std_mean": 0.3266345262527466, "optimizer_iterations": 4.0, "lr": 4.036224000000001e-05}
{"step": 2998272, "wall_time": 1790709056.4484618, "episodes_completed": 58.0, "mean_episode_reward": 9.70347861585946, "std_episode_reward": 22.801858419522684, "min_episode_reward": -9.8097562789917, "max_episode_reward": 95.74632263183594, "mean_episode_length": 94.53448275862068, "success_rate": 0.25862068965517243, "collision_rate": 0.7413793103448276, "out_of_bounds_rate": 0.0, "timeout_rate": 0.0, "policy_loss": 0.00014015519991517067, "value_loss": 8.508929967880249, "entropy": 0.5997136831283569, "approx_kl": 0.0013835105200996622, "clip_fraction": 0.012542724609375, "grad_norm": 42.864601135253906, "explained_variance": 0.8202282786369324, "action_std_mean": 0.32663094997406006, "optimizer_iterations": 4.0, "lr": 4.0198400000000005e-05}
{"step": 3006464, "wall_time": 1790709086.2136729, "episodes_completed": 61.0, "mean_episode_reward": 10.334699544750276, "std_episode_reward": 16.683617924099092, "min_episode_reward": -9.868880271911621, "max_episode_reward": 62.087772369384766, "mean_episode_length": 90.21311475409836, "success_rate": 0.2459016393442623, "collision_rate": 0.7540983606557377, "out_of_bounds_rate": 0.0, "timeout_rate": 0.0, "policy_loss": 0.0008079672697931528, "value_loss": 10.491263389587402, "entropy": 0.5996750891208649, "approx_kl": 0.002422499470412731, "clip_fraction": 0.020599365234375, "grad_norm": 39.202027320861816, "explained_variance": 0.7545744180679321, "action_std_mean": 0.32661664485931396, "optimizer_iterations": 4.0, "lr": 4.003456e-05}
{"step": 3014656, "wall_time": 1790709115.8611293, "episodes_completed": 71.0, "mean_episode_reward": 8.533359816376592, "std_episode_reward": 22.195086590395974, "min_episode_reward": -9.810083389282227, "max_episode_reward": 90.201171875, "mean_episode_length": 81.7605633802817, "success_rate": 0.23943661971830985, "collision_rate": 0.7605633802816901, "out_of_bounds_rate": 0.0, "timeout_rate": 0.0, "policy_loss": 8.695153519511223e-05, "value_loss": 10.96408462524414, "entropy": 0.5995728075504303, "approx_kl": 0.004116912663448602, "clip_fraction": 0.041046142578125, "grad_norm": 53.71289348602295, "explained_variance": 0.7703065872192383, "action_std_mean": 0.3266017735004425, "optimizer_iterations": 4.0, "lr": 3.9870720000000006e-05}
{"step": 3022848, "wall_time": 1790709145.9834304, "episodes_completed": 57.0, "mean_episode_reward": 10.609507134086208, "std_episode_reward": 19.555027037630047, "min_episode_reward": -9.817068099975586, "max_episode_reward": 68.59638977050781, "mean_episode_length": 92.85964912280701, "success_rate": 0.24561403508771928, "collision_rate": 0.7543859649122807, "out_of_bounds_rate": 0.0, "timeout_rate": 0.0, "policy_loss": -0.00026308800443075597, "value_loss": 7.917579531669617, "entropy": 0.5995196104049683, "approx_kl": 0.0012943288311362267, "clip_fraction": 0.009552001953125, "grad_norm": 32.86191177368164, "explained_variance": 0.8235561847686768, "action_std_mean": 0.3266077935695648, "optimizer_iterations": 4.0, "lr": 3.970688e-05}
{"step": 3031040, "wall_time": 1790709176.1832004, "episodes_completed": 55.0, "mean_episode_reward": 13.556286595084451, "std_episode_reward": 24.09020944011312, "min_episode_reward": -9.814671516418457, "max_episode_reward": 89.99188232421875, "mean_episode_length": 105.34545454545454, "success_rate": 0.23636363636363636, "collision_rate": 0.7636363636363637, "out_of_bounds_rate": 0.0, "timeout_rate": 0.0, "policy_loss": 0.0007413208950310946, "value_loss": 8.849246501922607, "entropy": 0.599594235420227, "approx_kl": 0.0063755514565855265, "clip_fraction": 0.059814453125, "grad_norm": 50.31405162811279, "explained_variance": 0.798530638217926, "action_std_mean": 0.3266242742538452, "optimizer_iterations": 4.0, "lr": 3.954304e-05}
{"step": 3039232, "wall_time": 1790709205.5178099, "episodes_completed": 38.0, "mean_episode_reward": 16.36903026229457, "std_episode_reward": 24.302506000710235, "min_episode_reward": -9.812154769897461, "max_episode_reward": 78.81735229492188, "mean_episode_length": 114.10526315789474, "success_rate": 0.23684210526315788, "collision_rate": 0.7631578947368421, "out_of_bounds_rate": 0.0, "timeout_rate": 0.0, "policy_loss": 3.2057520002126694e-05, "value_loss": 5.689430594444275, "entropy": 0.599677175283432, "approx_kl": 0.0024579117161920294, "clip_fraction": 0.028228759765625, "grad_norm": 31.60909938812256, "explained_variance": 0.875067949295044, "action_std_mean": 0.3266288936138153, "optimizer_iterations": 4.0, "lr": 3.9379200000000004e-05}
{"step": 3047424, "wall_time": 1790709235.6096406, "episodes_completed": 60.0, "mean_episode_reward": 10.969342597325642, "std_episode_reward": 21.797368298328035, "min_episode_reward": -10.132176399230957, "max_episode_reward": 99.70865631103516, "mean_episode_length": 89.36666666666666, "success_rate": 0.31666666666666665, "collision_rate": 0.6666666666666666, "out_of_bounds_rate": 0.0, "timeout_rate": 0.016666666666666666, "policy_loss": 0.000386473024263978, "value_loss": 9.720259428024292, "entropy": 0.599680095911026, "approx_kl": 0.0027446319290902466, "clip_fraction": 0.026580810546875, "grad_norm": 39.88729476928711, "explained_variance": 0.7715097069740295, "action_std_mean": 0.3266265094280243, "optimizer_iterations": 4.0, "lr": 3.921536e-05}
{"step": 3055616, "wall_time": 1790709265.1666558, "episodes_completed": 40.0, "mean_episode_reward": 12.141842687129975, "std_episode_reward": 23.460604732751428, "min_episode_reward": -9.855876922607422, "max_episode_reward": 80.1133804321289, "mean_episode_length": 110.975, "success_rate": 0.2, "collision_rate": 0.8, "out_of_bounds_rate": 0.0, "timeout_rate": 0.0, "policy_loss": 8.442066609859467e-05, "value_loss": 6.147707223892212, "entropy": 0.5996599793434143, "approx_kl": 0.0057049493480008096, "clip_fraction": 0.059844970703125, "grad_norm": 29.958301067352295, "explained_variance": 0.863854706287384, "action_std_mean": 0.3266232907772064, "optimizer_iterations": 4.0, "lr": 3.905152e-05}
{"step": 3063808, "wall_time": 1790709294.6457918, "episodes_completed": 56.0, "mean_episode_reward": 14.87526546205793, "std_episode_reward": 24.64852492435125, "min_episode_reward": -9.807928085327148, "max_episode_reward": 107.10263061523438, "mean_episode_length": 109.91071428571429, "success_rate": 0.3392857142857143, "collision_rate": 0.6607142857142857, "out_of_bounds_rate": 0.0, "timeout_rate": 0.0, "policy_loss": 0.0008153244853019714, "value_loss": 8.698988676071167, "entropy": 0.5996324419975281, "approx_kl": 0.007730934768915176, "clip_fraction": 0.092010498046875, "grad_norm": 38.73862838745117, "explained_variance": 0.7698009014129639, "action_std_mean": 0.3266110420227051, "optimizer_iterations": 4.0, "lr": 3.888768e-05}
{"step": 3072000, "wall_time": 1790709323.937631, "episodes_completed": 46.0, "mean_episode_reward": 16.55714320099872, "std_episode_reward": 21.103640840704152, "min_episode_reward": -9.832770347595215, "max_episode_reward": 68.35697937011719, "mean_episode_length": 118.71739130434783, "success_rate": 0.2826086956521739, "collision_rate": 0.717391304347826, "out_of_bounds_rate": 0.0, "timeout_rate": 0.0, "policy_loss": 0.0004081402439624071, "value_loss": 6.414758324623108, "entropy": 0.5995469987392426, "approx_kl": 0.004417654126882553, "clip_fraction": 0.051361083984375, "grad_norm": 36.653783321380615, "explained_variance": 0.852869987487793, "action_std_mean": 0.3266022801399231, "optimizer_iterations": 4.0, "lr": 3.872384e-05}
{"step": 3080192, "wall_time": 1790709356.4797218, "episodes_completed": 48.0, "mean_episode_reward": 10.893425981203714, "std_episode_reward": 21.96073586889425, "min_episode_reward": -10.05152416229248, "max_episode_reward": 75.30655670166016, "mean_episode_length": 106.83333333333333, "success_rate": 0.1875, "collision_rate": 0.8125, "out_of_bounds_rate": 0.0, "timeout_rate": 0.0, "policy_loss": 0.0012263930402696133, "value_loss": 8.43139100074768, "entropy": 0.5995256006717682, "approx_kl": 0.003454139266978018, "clip_fraction": 0.0369873046875, "grad_norm": 48.69974899291992, "explained_variance": 0.8000986576080322, "action_std_mean": 0.3266039490699768, "optimizer_iterations": 4.0, "lr": 3.856000000000001e-05}
{"step": 3088384, "wall_time": 1790709385.9187195, "episodes_completed": 48.0, "mean_episode_reward": 13.591093162695566, "std_episode_reward": 25.88063872992934, "min_episode_reward": -9.806232452392578, "max_episode_reward": 99.87854766845703, "mean_episode_length": 106.58333333333333, "success_rate": 0.3541666666666667, "collision_rate": 0.6458333333333334, "out_of_bounds_rate": 0.0, "timeout_rate": 0.0, "policy_loss": -0.0006821078713983297, "value_loss": 7.3254876136779785, "entropy": 0.599535346031189, "approx_kl": 0.0027135289274156094, "clip_fraction": 0.02850341796875, "grad_norm": 41.128456115722656, "explained_variance": 0.8205021619796753, "action_std_mean": 0.326604962348938, "optimizer_iterations": 4.0, "lr": 3.839616e-05}
{"step": 3096576, "wall_time": 1790709415.179674, "episodes_completed": 47.0, "mean_episode_reward": 10.619154422841174, "std_episode_reward": 23.550442137206893, "min_episode_reward": -12.1414794921875, "max_episode_reward": 94.1742172241211, "mean_episode_length": 101.42553191489361, "success_rate": 0.3191489361702128, "collision_rate": 0.6808510638297872, "out_of_bounds_rate": 0.0, "timeout_rate": 0.0, "policy_loss": 0.0012103167246095836, "value_loss": 7.559695482254028, "entropy": 0.5995440185070038, "approx_kl": 0.003992983023636043, "clip_fraction": 0.045074462890625, "grad_norm": 49.76348400115967, "explained_variance": 0.8039069771766663, "action_std_mean": 0.3266066610813141, "optimizer_iterations": 4.0, "lr": 3.823232e-05}
{"step": 3104768, "wall_time": 1790709444.8207767, "episodes_completed": 57.0, "mean_episode_reward": 9.538969240690532, "std_episode_reward": 25.034142907493404, "min_episode_reward": -9.828774452209473, "max_episode_reward": 104.62744140625, "mean_episode_length": 84.40350877192982, "success_rate": 0.3157894736842105, "collision_rate": 0.6842105263157895, "out_of_bounds_rate": 0.0, "timeout_rate": 0.0, "policy_loss": 0.0019910666160285473, "value_loss": 7.326967835426331, "entropy": 0.5995497703552246, "approx_kl": 0.005819877027533948, "clip_fraction": 0.06280517578125, "grad_norm": 58.82961416244507, "explained_variance": 0.8304704427719116, "action_std_mean": 0.3266061246395111, "optimizer_iterations": 4.0, "lr": 3.806848000000001e-05}
{"step": 3112960, "wall_time": 1790709474.8307915, "episodes_completed": 51.0, "mean_episode_reward": 9.083939277073917, "std_episode_reward": 16.57936032479855, "min_episode_reward": -9.80873966217041, "max_episode_reward": 63.184303283691406, "mean_episode_length": 93.58823529411765, "success_rate": 0.17647058823529413, "collision_rate": 0.7843137254901961, "out_of_bounds_rate": 0.0, "timeout_rate": 0.0392156862745098, "policy_loss": 0.0009731430327519774, "value_loss": 8.241949319839478, "entropy": 0.599536657333374, "approx_kl": 0.005981218826491386, "clip_fraction": 0.06634521484375, "grad_norm": 37.76757192611694, "explained_variance": 0.8332090377807617, "action_std_mean": 0.32659968733787537, "optimizer_iterations": 4.0, "lr": 3.790464e-05}
{"step": 3121152, "wall_time": 1790709505.1020634, "episodes_completed": 64.0, "mean_episode_reward": 15.010972633957863, "std_episode_reward": 22.524515113799158, "min_episode_reward": -9.810201644897461, "max_episode_reward": 106.90516662597656, "mean_episode_length": 95.421875, "success_rate": 0.375, "collision_rate": 0.625, "out_of_bounds_rate": 0.0, "timeout_rate": 0.0, "policy_loss": 0.001654546009376645, "value_loss": 8.458881139755249, "entropy": 0.5994769334793091, "approx_kl": 0.0038052217569202185, "clip_fraction": 0.044281005859375, "grad_norm": 52.42091464996338, "explained_variance": 0.769340455532074, "action_std_mean": 0.32658618688583374, "optimizer_iterations": 4.0, "lr": 3.7740799999999996e-05}
{"step": 3129344, "wall_time": 1790709534.3743823, "episodes_completed": 40.0, "mean_episode_reward": 16.071294060349466, "std_episode_reward": 24.72743342509853, "min_episode_reward": -9.816522598266602, "max_episode_reward": 92.0175552368164, "mean_episode_length": 116.6, "success_rate": 0.325, "collision_rate": 0.65, "out_of_bounds_rate": 0.0, "timeout_rate": 0.025, "policy_loss": -0.00166520313359797, "value_loss": 5.4945491552352905, "entropy": 0.5994086861610413, "approx_kl": 0.0035091663157800213, "clip_fraction": 0.042449951171875, "grad_norm": 30.006962776184082, "explained_variance": 0.8362487554550171, "action_std_mean": 0.32658281922340393, "optimizer_iterations": 4.0, "lr": 3.757696000000001e-05}
{"step": 3137536, "wall_time": 1790709564.0639873, "episodes_completed": 73.0, "mean_episode_reward": 4.960855288048313, "std_episode_reward": 16.09606908189025, "min_episode_reward": -13.466392517089844, "max_episode_reward": 71.94693756103516, "mean_episode_length": 84.21917808219177, "success_rate": 0.1643835616438356, "collision_rate": 0.8356164383561644, "out_of_bounds_rate": 0.0, "timeout_rate": 0.0, "policy_loss": 0.0007077348418533802, "value_loss": 10.698806285858154, "entropy": 0.5993971526622772, "approx_kl": 0.0033914658706635237, "clip_fraction": 0.03515625, "grad_norm": 50.83858776092529, "explained_variance": 0.7488545179367065, "action_std_mean": 0.3265771269798279, "optimizer_iterations": 4.0, "lr": 3.7413120000000004e-05}
{"step": 3145728, "wall_time": 1790709593.8924286, "episodes_completed": 74.0, "mean_episode_reward": 7.676023689476219, "std_episode_reward": 18.17566273617124, "min_episode_reward": -9.838805198669434, "max_episode_reward": 55.70199966430664, "mean_episode_length": 79.87837837837837, "success_rate": 0.20270270270270271, "collision_rate": 0.7972972972972973, "out_of_bounds_rate": 0.0, "timeout_rate": 0.0, "policy_loss": -0.00016648101154714823, "value_loss": 11.136047840118408, "entropy": 0.5993501842021942, "approx_kl": 0.0020141942659392953, "clip_fraction": 0.017791748046875, "grad_norm": 51.16252422332764, "explained_variance": 0.7420815229415894, "action_std_mean": 0.3265681862831116, "optimizer_iterations": 4.0, "lr": 3.7249279999999994e-05}
{"step": 3153920, "wall_time": 1790709623.4714625, "episodes_completed": 41.0, "mean_episode_reward": 12.920221154282732, "std_episode_reward": 19.218116748673786, "min_episode_reward": -9.811678886413574, "max_episode_reward": 66.0975341796875, "mean_episode_length": 95.0, "success_rate": 0.2926829268292683, "collision_rate": 0.7073170731707317, "out_of_bounds_rate": 0.0, "timeout_rate": 0.0, "policy_loss": 8.339225314557552e-05, "value_loss": 6.533967852592468, "entropy": 0.5992816686630249, "approx_kl": 0.002489133592462167, "clip_fraction": 0.027984619140625, "grad_norm": 33.06875705718994, "explained_variance": 0.8482382297515869, "action_std_mean": 0.3265500068664551, "optimizer_iterations": 4.0, "lr": 3.7085440000000005e-05}
{"step": 3162112, "wall_time": 1790709652.5760565, "episodes_completed": 48.0, "mean_episode_reward": 10.241564273834229, "std_episode_reward": 20.073497445550515, "min_episode_reward": -10.166220664978027, "max_episode_reward": 95.41117858886719, "mean_episode_length": 79.70833333333333, "success_rate": 0.3958333333333333, "collision_rate": 0.6041666666666666, "out_of_bounds_rate": 0.0, "timeout_rate": 0.0, "policy_loss": 0.0014658088330179453, "value_loss": 5.591645240783691, "entropy": 0.599152684211731, "approx_kl": 0.003761116706300527, "clip_fraction": 0.03875732421875, "grad_norm": 36.33155155181885, "explained_variance": 0.8851274251937866, "action_std_mean": 0.3265254497528076, "optimizer_iterations": 4.0, "lr": 3.69216e-05}
{"step": 3170304, "wall_time": 1790709682.0131907, "episodes_completed": 32.0, "mean_episode_reward": 16.16866657882929, "std_episode_reward": 24.78591549973008, "min_episode_reward": -8.415508270263672, "max_episode_reward": 88.42854309082031, "mean_episode_length": 133.28125, "success_rate": 0.3125, "collision_rate": 0.65625, "out_of_bounds_rate": 0.0, "timeout_rate": 0.03125, "policy_loss": -0.001381119480356574, "value_loss": 5.331744432449341, "entropy": 0.598997175693512, "approx_kl": 0.0029913637408753857, "clip_fraction": 0.03582763671875, "grad_norm": 21.378317832946777, "explained_variance": 0.8815522193908691, "action_std_mean": 0.32649803161621094, "optimizer_iterations": 4.0, "lr": 3.675776e-05}
{"step": 3178496, "wall_time": 1790709710.7406793, "episodes_completed": 37.0, "mean_episode_reward": 12.809801581743601, "std_episode_reward": 23.187591286519083, "min_episode_reward": -9.81494426727295, "max_episode_reward": 86.410888671875, "mean_episode_length": 115.32432432432432, "success_rate": 0.35135135135135137, "collision_rate": 0.6216216216216216, "out_of_bounds_rate": 0.0, "timeout_rate": 0.02702702702702703, "policy_loss": 0.0002469499595463276, "value_loss": 5.158785700798035, "entropy": 0.5987952053546906, "approx_kl": 0.005478050792589784, "clip_fraction": 0.05987548828125, "grad_norm": 20.186762809753418, "explained_variance": 0.8890951871871948, "action_std_mean": 0.3264521360397339, "optimizer_iterations": 4.0, "lr": 3.6593920000000004e-05}
{"step": 3186688, "wall_time": 1790709740.3101208, "episodes_completed": 63.0, "mean_episode_reward": 6.6364664056944465, "std_episode_reward": 18.63494683934778, "min_episode_reward": -9.814494132995605, "max_episode_reward": 74.96402740478516, "mean_episode_length": 86.03174603174604, "success_rate": 0.15873015873015872, "collision_rate": 0.8095238095238095, "out_of_bounds_rate": 0.0, "timeout_rate": 0.031746031746031744, "policy_loss": 0.002689073560759425, "value_loss": 9.062650918960571, "entropy": 0.5984958112239838, "approx_kl": 0.010628053336404264, "clip_fraction": 0.120269775390625, "grad_norm": 31.34393835067749, "explained_variance": 0.803023636341095, "action_std_mean": 0.3264068365097046, "optimizer_iterations": 4.0, "lr": 3.643008e-05}
{"step": 3194880, "wall_time": 1790709770.344815, "episodes_completed": 55.0, "mean_episode_reward": 11.82563270222057, "std_episode_reward": 23.66086799035921, "min_episode_reward": -9.806130409240723, "max_episode_reward": 99.86641693115234, "mean_episode_length": 99.05454545454545, "success_rate": 0.2909090909090909, "collision_rate": 0.6909090909090909, "out_of_bounds_rate": 0.0, "timeout_rate": 0.01818181818181818, "policy_loss": 0.0017635455587878823, "value_loss": 7.679137945175171, "entropy": 0.5982455313205719, "approx_kl": 0.005856751406099647, "clip_fraction": 0.059844970703125, "grad_norm": 64.76974201202393, "explained_variance": 0.8190625905990601, "action_std_mean": 0.3263700008392334, "optimizer_iterations": 4.0, "lr": 3.6266240000000005e-05}
{"step": 3203072, "wall_time": 1790709800.4225957, "episodes_completed": 52.0, "mean_episode_reward": 13.913875864102291, "std_episode_reward": 25.295459795438816, "min_episode_reward": -9.802258491516113, "max_episode_reward": 87.17241668701172, "mean_episode_length": 119.03846153846153, "success_rate": 0.17307692307692307, "collision_rate": 0.8076923076923077, "out_of_bounds_rate": 0.0, "timeout_rate": 0.019230769230769232, "policy_loss": 0.00023938575759530067, "value_loss": 9.216815948486328, "entropy": 0.59803107380867, "approx_kl": 0.002825931820552796, "clip_fraction": 0.025115966796875, "grad_norm": 58.26144981384277, "explained_variance": 0.8184983730316162, "action_std_mean": 0.32633841037750244, "optimizer_iterations": 4.0, "lr": 3.61024e-05}
{"step": 3211264, "wall_time": 1790709830.205207, "episodes_completed": 50.0, "mean_episode_reward": 13.877178792953492, "std_episode_reward": 22.287473265162678, "min_episode_reward": -9.83938217163086, "max_episode_reward": 78.41647338867188, "mean_episode_length": 94.34, "success_rate": 0.34, "collision_rate": 0.66, "out_of_bounds_rate": 0.0, "timeout_rate": 0.0, "policy_loss": 0.0003721162211149931, "value_loss": 6.922230243682861, "entropy": 0.5978670418262482, "approx_kl": 0.004473246692214161, "clip_fraction": 0.049896240234375, "grad_norm": 42.493417739868164, "explained_variance": 0.8265677690505981, "action_std_mean": 0.32632309198379517, "optimizer_iterations": 4.0, "lr": 3.593856e-05}
{"step": 3219456, "wall_time": 1790709860.077307, "episodes_completed": 50.0, "mean_episode_reward": 14.166479749679565, "std_episode_reward": 22.50558198034535, "min_episode_reward": -9.81884479522705, "max_episode_reward": 85.45500183105469, "mean_episode_length": 104.9, "success_rate": 0.36, "collision_rate": 0.64, "out_of_bounds_rate": 0.0, "timeout_rate": 0.0, "policy_loss": -0.0001884328667074442, "value_loss": 6.898311257362366, "entropy": 0.597801148891449, "approx_kl": 0.002318142680451274, "clip_fraction": 0.023223876953125, "grad_norm": 43.59207725524902, "explained_variance": 0.8351394534111023, "action_std_mean": 0.3263143301010132, "optimizer_iterations": 4.0, "lr": 3.577472e-05}
{"step": 3227648, "wall_time": 1790709889.5687919, "episodes_completed": 47.0, "mean_episode_reward": 11.07322129416973, "std_episode_reward": 19.428127794600396, "min_episode_reward": -9.811299324035645, "max_episode_reward": 91.34895324707031, "mean_episode_length": 116.08510638297872, "success_rate": 0.2553191489361702, "collision_rate": 0.7021276595744681, "out_of_bounds_rate": 0.0, "timeout_rate": 0.0425531914893617, "policy_loss": 0.001984056900255382, "value_loss": 6.882493495941162, "entropy": 0.5977538228034973, "approx_kl": 0.003749228664673865, "clip_fraction": 0.042083740234375, "grad_norm": 40.991037368774414, "explained_variance": 0.8157114386558533, "action_std_mean": 0.32631078362464905, "optimizer_iterations": 4.0, "lr": 3.561088e-05}
{"step": 3235840, "wall_time": 1790709919.36116, "episodes_completed": 50.0, "mean_episode_reward": 11.998188276290893, "std_episode_reward": 23.431049243400537, "min_episode_reward": -12.285097122192383, "max_episode_reward": 95.88160705566406, "mean_episode_length": 114.16, "success_rate": 0.24, "collision_rate": 0.76, "out_of_bounds_rate": 0.0, "timeout_rate": 0.0, "policy_loss": -4.294561222195625e-06, "value_loss": 9.310956001281738, "entropy": 0.5977505147457123, "approx_kl": 0.0016659731627441943, "clip_fraction": 0.014068603515625, "grad_norm": 51.99763870239258, "explained_variance": 0.7702260613441467, "action_std_mean": 0.32631397247314453, "optimizer_iterations": 4.0, "lr": 3.544704e-05}
{"step": 3244032, "wall_time": 1790709949.2366567, "episodes_completed": 62.0, "mean_episode_reward": 9.748642121591876, "std_episode_reward": 21.503345146431567, "min_episode_reward": -9.806646347045898, "max_episode_reward": 90.35958099365234, "mean_episode_length": 93.40322580645162, "success_rate": 0.14516129032258066, "collision_rate": 0.8387096774193549, "out_of_bounds_rate": 0.0, "timeout_rate": 0.016129032258064516, "policy_loss": 0.000564392888918519, "value_loss": 8.33956789970398, "entropy": 0.5977837145328522, "approx_kl": 0.0041892502922564745, "clip_fraction": 0.041961669921875, "grad_norm": 51.20415496826172, "explained_variance": 0.8141012191772461, "action_std_mean": 0.3263224959373474, "optimizer_iterations": 4.0, "lr": 3.528320000000001e-05}
{"step": 3252224, "wall_time": 1790709979.474979, "episodes_completed": 58.0, "mean_episode_reward": 8.72585518298478, "std_episode_reward": 16.185998368876437, "min_episode_reward": -9.816620826721191, "max_episode_reward": 59.073699951171875, "mean_episode_length": 84.58620689655173, "success_rate": 0.27586206896551724, "collision_rate": 0.7068965517241379, "out_of_bounds_rate": 0.0, "timeout_rate": 0.017241379310344827, "policy_loss": 0.0024159112945199013, "value_loss": 9.75642466545105, "entropy": 0.5978472530841827, "approx_kl": 0.005178282619453967, "clip_fraction": 0.060760498046875, "grad_norm": 34.75453424453735, "explained_variance": 0.7501172423362732, "action_std_mean": 0.32633501291275024, "optimizer_iterations": 4.0, "lr": 3.511936e-05}
{"step": 3260416, "wall_time": 1790710009.149497, "episodes_completed": 41.0, "mean_episode_reward": 11.517078655522043, "std_episode_reward": 21.29143070583449, "min_episode_reward": -9.818826675415039, "max_episode_reward": 85.25100708007812, "mean_episode_length": 92.92682926829268, "success_rate": 0.3170731707317073, "collision_rate": 0.6829268292682927, "out_of_bounds_rate": 0.0, "timeout_rate": 0.0, "policy_loss": 0.0025519218761473894, "value_loss": 5.234291672706604, "entropy": 0.5979247987270355, "approx_kl": 0.008538348018191755, "clip_fraction": 0.09295654296875, "grad_norm": 36.24402666091919, "explained_variance": 0.8661031723022461, "action_std_mean": 0.3263458013534546, "optimizer_iterations": 4.0, "lr": 3.4955519999999996e-05}
{"step": 3268608, "wall_time": 1790710038.9960687, "episodes_completed": 56.0, "mean_episode_reward": 9.68457928193467, "std_episode_reward": 19.474638815751725, "min_episode_reward": -9.803515434265137, "max_episode_reward": 68.35346984863281, "mean_episode_length": 86.67857142857143, "success_rate": 0.2857142857142857, "collision_rate": 0.6964285714285714, "out_of_bounds_rate": 0.0, "timeout_rate": 0.017857142857142856, "policy_loss": 0.0022895406582392752, "value_loss": 8.27581262588501, "entropy": 0.597991406917572, "approx_kl": 0.004507786245085299, "clip_fraction": 0.047393798828125, "grad_norm": 46.70030117034912, "explained_variance": 0.822767972946167, "action_std_mean": 0.32635706663131714, "optimizer_iterations": 4.0, "lr": 3.4791680000000006e-05}
{"step": 3276800, "wall_time": 1790710069.0252967, "episodes_completed": 61.0, "mean_episode_reward": 10.17562593202122, "std_episode_reward": 18.38162723156061, "min_episode_reward": -9.807767868041992, "max_episode_reward": 83.86724853515625, "mean_episode_length": 85.44262295081967, "success_rate": 0.2459016393442623, "collision_rate": 0.7213114754098361, "out_of_bounds_rate": 0.0, "timeout_rate": 0.03278688524590164, "policy_loss": 0.0001638184767216444, "value_loss": 7.356749415397644, "entropy": 0.5980458855628967, "approx_kl": 0.0035068649449385703, "clip_fraction": 0.03759765625, "grad_norm": 47.405259132385254, "explained_variance": 0.8142813444137573, "action_std_mean": 0.326357901096344, "optimizer_iterations": 4.0, "lr": 3.4627840000000004e-05}
{"step": 3284992, "wall_time": 1790710098.6586022, "episodes_completed": 64.0, "mean_episode_reward": 6.543195657432079, "std_episode_reward": 16.173286476208926, "min_episode_reward": -9.814044952392578, "max_episode_reward": 58.984107971191406, "mean_episode_length": 73.984375, "success_rate": 0.21875, "collision_rate": 0.78125, "out_of_bounds_rate": 0.0, "timeout_rate": 0.0, "policy_loss": 6.005377508699894e-05, "value_loss": 10.472687005996704, "entropy": 0.5980441868305206, "approx_kl": 0.002788301993859932, "clip_fraction": 0.03143310546875, "grad_norm": 61.83175849914551, "explained_variance": 0.7556750774383545, "action_std_mean": 0.3263608515262604, "optimizer_iterations": 4.0, "lr": 3.4463999999999994e-05}
{"step": 3293184, "wall_time": 1790710128.1936715, "episodes_completed": 47.0, "mean_episode_reward": 9.531689146731763, "std_episode_reward": 21.65412379639131, "min_episode_reward": -10.03408145904541, "max_episode_reward": 98.03717041015625, "mean_episode_length": 113.34042553191489, "success_rate": 0.19148936170212766, "collision_rate": 0.8085106382978723, "out_of_bounds_rate": 0.0, "timeout_rate": 0.0, "policy_loss": -0.0012122131884098053, "value_loss": 6.511233925819397, "entropy": 0.5980822145938873, "approx_kl": 0.0013821795582771301, "clip_fraction": 0.0126953125, "grad_norm": 38.22860527038574, "explained_variance": 0.8625878095626831, "action_std_mean": 0.3263719081878662, "optimizer_iterations": 4.0, "lr": 3.4300160000000005e-05}
{"step": 3301376, "wall_time": 1790710158.2679508, "episodes_completed": 51.0, "mean_episode_reward": 14.979617843440934, "std_episode_reward": 23.750514394173436, "min_episode_reward": -9.814940452575684, "max_episode_reward": 105.84790802001953, "mean_episode_length": 112.3529411764706, "success_rate": 0.21568627450980393, "collision_rate": 0.7647058823529411, "out_of_bounds_rate": 0.0, "timeout_rate": 0.0196078431372549, "policy_loss": -0.000342413317412138, "value_loss": 7.948115229606628, "entropy": 0.5981544554233551, "approx_kl": 0.002928052141214721, "clip_fraction": 0.034332275390625, "grad_norm": 39.988648891448975, "explained_variance": 0.8313834071159363, "action_std_mean": 0.3263821601867676, "optimizer_iterations": 4.0, "lr": 3.413632e-05}
{"step": 3309568, "wall_time": 1790710188.5367126, "episodes_completed": 65.0, "mean_episode_reward": 11.753201475510231, "std_episode_reward": 22.317327400418026, "min_episode_reward": -10.277743339538574, "max_episode_reward": 82.64163208007812, "mean_episode_length": 100.29230769230769, "success_rate": 0.24615384615384617, "collision_rate": 0.7384615384615385, "out_of_bounds_rate": 0.0, "timeout_rate": 0.015384615384615385, "policy_loss": -0.0002725442172959447, "value_loss": 8.355961084365845, "entropy": 0.5982017815113068, "approx_kl": 0.0016868045640876517, "clip_fraction": 0.012359619140625, "grad_norm": 51.3145170211792, "explained_variance": 0.8103745579719543, "action_std_mean": 0.3263849914073944, "optimizer_iterations": 4.0, "lr": 3.3972480000000006e-05}
{"step": 3317760, "wall_time": 1790710218.968496, "episodes_completed": 53.0, "mean_episode_reward": 15.539889173687628, "std_episode_reward": 25.784483700336413, "min_episode_reward": -9.812159538269043, "max_episode_reward": 97.2974624633789, "mean_episode_length": 117.60377358490567, "success_rate": 0.2641509433962264, "collision_rate": 0.7358490566037735, "out_of_bounds_rate": 0.0, "timeout_rate": 0.0, "policy_loss": 0.00020857714116573334, "value_loss": 7.860036253929138, "entropy": 0.5982178747653961, "approx_kl": 0.0023871331359259784, "clip_fraction": 0.022705078125, "grad_norm": 45.40799522399902, "explained_variance": 0.8202904462814331, "action_std_mean": 0.3263891339302063, "optimizer_iterations": 4.0, "lr": 3.380864e-05}
{"step": 3325952, "wall_time": 1790710248.3959782, "episodes_completed": 53.0, "mean_episode_reward": 12.024717177984849, "std_episode_reward": 20.55232418866388, "min_episode_reward": -9.818124771118164, "max_episode_reward": 73.9318618774414, "mean_episode_length": 84.37735849056604, "success_rate": 0.32075471698113206, "collision_rate": 0.6792452830188679, "out_of_bounds_rate": 0.0, "timeout_rate": 0.0, "policy_loss": -0.00045347586274147034, "value_loss": 6.562969446182251, "entropy": 0.5982467532157898, "approx_kl": 0.0026740942848846316, "clip_fraction": 0.02783203125, "grad_norm": 56.55664253234863, "explained_variance": 0.8420678377151489, "action_std_mean": 0.3263922333717346, "optimizer_iterations": 4.0, "lr": 3.36448e-05}
{"step": 3334144, "wall_time": 1790710278.0093286, "episodes_completed": 53.0, "mean_episode_reward": 9.379991929978132, "std_episode_reward": 18.680454841029583, "min_episode_reward": -9.9697265625, "max_episode_reward": 64.07205200195312, "mean_episode_length": 91.33962264150944, "success_rate": 0.18867924528301888, "collision_rate": 0.7924528301886793, "out_of_bounds_rate": 0.0, "timeout_rate": 0.018867924528301886, "policy_loss": 0.0005553812370635569, "value_loss": 6.510234713554382, "entropy": 0.5982600450515747, "approx_kl": 0.005916180438362062, "clip_fraction": 0.069793701171875, "grad_norm": 60.011141777038574, "explained_variance": 0.8598682284355164, "action_std_mean": 0.3263935446739197, "optimizer_iterations": 4.0, "lr": 3.3480960000000004e-05}
{"step": 3342336, "wall_time": 1790710308.4774733, "episodes_completed": 71.0, "mean_episode_reward": 8.010400875458416, "std_episode_reward": 18.17384006348945, "min_episode_reward": -9.81533145904541, "max_episode_reward": 57.587188720703125, "mean_episode_length": 79.09859154929578, "success_rate": 0.23943661971830985, "collision_rate": 0.7464788732394366, "out_of_bounds_rate": 0.0, "timeout_rate": 0.014084507042253521, "policy_loss": -0.0003363206051290035, "value_loss": 9.657084226608276, "entropy": 0.5982706844806671, "approx_kl": 0.0025055726728169248, "clip_fraction": 0.028350830078125, "grad_norm": 57.732357025146484, "explained_variance": 0.7500373125076294, "action_std_mean": 0.3263964056968689, "optimizer_iterations": 4.0, "lr": 3.331712e-05}
{"step": 3350528, "wall_time": 1790710338.6331763, "episodes_completed": 58.0, "mean_episode_reward": 8.902009120917526, "std_episode_reward": 19.575749238285976, "min_episode_reward": -9.804438591003418, "max_episode_reward": 82.37471008300781, "mean_episode_length": 85.5, "success_rate": 0.2413793103448276, "collision_rate": 0.7413793103448276, "out_of_bounds_rate": 0.0, "timeout_rate": 0.017241379310344827, "policy_loss": 0.0009758053347468376, "value_loss": 8.358620882034302, "entropy": 0.5982992351055145, "approx_kl": 0.0026746554649434984, "clip_fraction": 0.026458740234375, "grad_norm": 57.3239164352417, "explained_variance": 0.8234522342681885, "action_std_mean": 0.3264051079750061, "optimizer_iterations": 4.0, "lr": 3.315328e-05}
{"step": 3358720, "wall_time": 1790710368.6740844, "episodes_completed": 69.0, "mean_episode_reward": 7.3475534665411795, "std_episode_reward": 20.510964829209126, "min_episode_reward": -9.815458297729492, "max_episode_reward": 77.01200866699219, "mean_episode_length": 77.1304347826087, "success_rate": 0.17391304347826086, "collision_rate": 0.8115942028985508, "out_of_bounds_rate": 0.0, "timeout_rate": 0.014492753623188406, "policy_loss": 0.0020225965417921543, "value_loss": 8.298304080963135, "entropy": 0.5983558595180511, "approx_kl": 0.00600315909832716, "clip_fraction": 0.068328857421875, "grad_norm": 61.269805908203125, "explained_variance": 0.804247260093689, "action_std_mean": 0.3264128565788269, "optimizer_iterations": 4.0, "lr": 3.298944e-05}
{"step": 3366912, "wall_time": 1790710398.093084, "episodes_completed": 44.0, "mean_episode_reward": 15.332344338975169, "std_episode_reward": 28.740326648033776, "min_episode_reward": -23.035125732421875, "max_episode_reward": 105.51374816894531, "mean_episode_length": 131.4318181818182, "success_rate": 0.1590909090909091, "collision_rate": 0.8181818181818182, "out_of_bounds_rate": 0.0, "timeout_rate": 0.022727272727272728, "policy_loss": -0.00018422817811369896, "value_loss": 6.142992973327637, "entropy": 0.5983939170837402, "approx_kl": 0.002232292987173423, "clip_fraction": 0.022613525390625, "grad_norm": 62.45803260803223, "explained_variance": 0.8665463924407959, "action_std_mean": 0.3264172375202179, "optimizer_iterations": 4.0, "lr": 3.28256e-05}
{"step": 3375104, "wall_time": 1790710428.2294838, "episodes_completed": 50.0, "mean_episode_reward": 11.082370347976685, "std_episode_reward": 22.495555274528126, "min_episode_reward": -9.806689262390137, "max_episode_reward": 78.48422241210938, "mean_episode_length": 90.24, "success_rate": 0.22, "collision_rate": 0.78, "out_of_bounds_rate": 0.0, "timeout_rate": 0.0, "policy_loss": -9.134970605373383e-05, "value_loss": 8.03758704662323, "entropy": 0.5984171330928802, "approx_kl": 0.0005385905460570939, "clip_fraction": 0.0018310546875, "grad_norm": 70.25884819030762, "explained_variance": 0.8173187375068665, "action_std_mean": 0.3264193832874298, "optimizer_iterations": 4.0, "lr": 3.266176e-05}
{"step": 3383296, "wall_time": 1790710458.272067, "episodes_completed": 67.0, "mean_episode_reward": 11.158995032532891, "std_episode_reward": 18.770197959433993, "min_episode_reward": -9.830313682556152, "max_episode_reward": 65.27909088134766, "mean_episode_length": 98.6268656716418, "success_rate": 0.23880597014925373, "collision_rate": 0.746268656716418, "out_of_bounds_rate": 0.0, "timeout_rate": 0.014925373134328358, "policy_loss": -0.00014429318252950907, "value_loss": 9.217545509338379, "entropy": 0.5984190106391907, "approx_kl": 0.002537785258027725, "clip_fraction": 0.026031494140625, "grad_norm": 51.357829093933105, "explained_variance": 0.8080840110778809, "action_std_mean": 0.32641562819480896, "optimizer_iterations": 4.0, "lr": 3.249792e-05}
{"step": 3391488, "wall_time": 1790710488.257588, "episodes_completed": 45.0, "mean_episode_reward": 16.936954752604166, "std_episode_reward": 23.60431852564581, "min_episode_reward": -9.80447006225586, "max_episode_reward": 75.50151824951172, "mean_episode_length": 123.06666666666666, "success_rate": 0.28888888888888886, "collision_rate": 0.7111111111111111, "out_of_bounds_rate": 0.0, "timeout_rate": 0.0, "policy_loss": -0.0007163655245676637, "value_loss": 6.645469307899475, "entropy": 0.5983874797821045, "approx_kl": 0.001388901611790061, "clip_fraction": 0.01031494140625, "grad_norm": 49.65690803527832, "explained_variance": 0.8342974185943604, "action_std_mean": 0.32640931010246277, "optimizer_iterations": 4.0, "lr": 3.233408e-05}
{"step": 3399680, "wall_time": 1790710517.9147441, "episodes_completed": 52.0, "mean_episode_reward": 10.480617000506474, "std_episode_reward": 23.64194931850919, "min_episode_reward": -9.814610481262207, "max_episode_reward": 91.7811508178711, "mean_episode_length": 82.48076923076923, "success_rate": 0.25, "collision_rate": 0.75, "out_of_bounds_rate": 0.0, "timeout_rate": 0.0, "policy_loss": 2.6728026568889618e-05, "value_loss": 6.689779758453369, "entropy": 0.5983438789844513, "approx_kl": 0.0013594443735200912, "clip_fraction": 0.010101318359375, "grad_norm": 66.22378540039062, "explained_variance": 0.8589129447937012, "action_std_mean": 0.32639986276626587, "optimizer_iterations": 4.0, "lr": 3.217024000000001e-05}
{"step": 3407872, "wall_time": 1790710547.5158296, "episodes_completed": 58.0, "mean_episode_reward": 8.323416175513431, "std_episode_reward": 19.666348073406404, "min_episode_reward": -9.801867485046387, "max_episode_reward": 92.90547943115234, "mean_episode_length": 90.06896551724138, "success_rate": 0.2413793103448276, "collision_rate": 0.7413793103448276, "out_of_bounds_rate": 0.0, "timeout_rate": 0.017241379310344827, "policy_loss": 0.0018287829589098692, "value_loss": 9.686172485351562, "entropy": 0.5982714891433716, "approx_kl": 0.005203700042329729, "clip_fraction": 0.050262451171875, "grad_norm": 41.07583284378052, "explained_variance": 0.7606102228164673, "action_std_mean": 0.3263815641403198, "optimizer_iterations": 4.0, "lr": 3.2006400000000006e-05}
{"step": 3416064, "wall_time": 1790710577.1844912, "episodes_completed": 33.0, "mean_episode_reward": 11.236232743118748, "std_episode_reward": 22.543719680614753, "min_episode_reward": -9.805116653442383, "max_episode_reward": 87.76716613769531, "mean_episode_length": 97.9090909090909, "success_rate": 0.2727272727272727, "collision_rate": 0.7272727272727273, "out_of_bounds_rate": 0.0, "timeout_rate": 0.0, "policy_loss": 0.0004111349117010832, "value_loss": 3.279153287410736, "entropy": 0.5981419086456299, "approx_kl": 0.0034297084202989936, "clip_fraction": 0.0374755859375, "grad_norm": 28.610841274261475, "explained_variance": 0.931877076625824, "action_std_mean": 0.3263587951660156, "optimizer_iterations": 4.0, "lr": 3.1842559999999996e-05}
{"step": 3424256, "wall_time": 1790710606.9724245, "episodes_completed": 49.0, "mean_episode_reward": 11.258264890738896, "std_episode_reward": 16.429794263204396, "min_episode_reward": -9.810471534729004, "max_episode_reward": 62.531944274902344, "mean_episode_length": 97.38775510204081, "success_rate": 0.30612244897959184, "collision_rate": 0.6530612244897959, "out_of_bounds_rate": 0.0, "timeout_rate": 0.04081632653061224, "policy_loss": -3.160256892442703e-05, "value_loss": 6.7835938930511475, "entropy": 0.5980061590671539, "approx_kl": 0.0038031443546060473, "clip_fraction": 0.04193115234375, "grad_norm": 59.668572425842285, "explained_variance": 0.8530519008636475, "action_std_mean": 0.32633793354034424, "optimizer_iterations": 4.0, "lr": 3.167872000000001e-05}
{"step": 3432448, "wall_time": 1790710636.6852489, "episodes_completed": 43.0, "mean_episode_reward": 17.131835429994172, "std_episode_reward": 24.579938445085908, "min_episode_reward": -9.800628662109375, "max_episode_reward": 105.0704116821289, "mean_episode_length": 124.83720930232558, "success_rate": 0.3488372093023256, "collision_rate": 0.627906976744186, "out_of_bounds_rate": 0.0, "timeout_rate": 0.023255813953488372, "policy_loss": 0.0006345589645206928, "value_loss": 5.553926229476929, "entropy": 0.5978938043117523, "approx_kl": 0.002028193383011967, "clip_fraction": 0.020294189453125, "grad_norm": 45.53653049468994, "explained_variance": 0.865666389465332, "action_std_mean": 0.32632389664649963, "optimizer_iterations": 4.0, "lr": 3.1514880000000004e-05}
{"step": 3440640, "wall_time": 1790710666.7254305, "episodes_completed": 53.0, "mean_episode_reward": 13.796633356022385, "std_episode_reward": 19.958963229776863, "min_episode_reward": -9.813758850097656, "max_episode_reward": 67.92660522460938, "mean_episode_length": 97.56603773584905, "success_rate": 0.33962264150943394, "collision_rate": 0.6415094339622641, "out_of_bounds_rate": 0.0, "timeout_rate": 0.018867924528301886, "policy_loss": 0.0011169560602866113, "value_loss": 8.48750638961792, "entropy": 0.5978206396102905, "approx_kl": 0.005878986790776253, "clip_fraction": 0.06500244140625, "grad_norm": 53.276347160339355, "explained_variance": 0.7705409526824951, "action_std_mean": 0.326313853263855, "optimizer_iterations": 4.0, "lr": 3.135104e-05}
{"step": 3448832, "wall_time": 1790710696.9468672, "episodes_completed": 69.0, "mean_episode_reward": 7.479891168898431, "std_episode_reward": 20.218864754783915, "min_episode_reward": -9.81442928314209, "max_episode_reward": 83.36253356933594, "mean_episode_length": 81.33333333333333, "success_rate": 0.21739130434782608, "collision_rate": 0.7681159420289855, "out_of_bounds_rate": 0.0, "timeout_rate": 0.014492753623188406, "policy_loss": 0.00012955861166119576, "value_loss": 9.846263647079468, "entropy": 0.5977681875228882, "approx_kl": 0.0034218866494484246, "clip_fraction": 0.04052734375, "grad_norm": 73.26832485198975, "explained_variance": 0.7817949056625366, "action_std_mean": 0.32630711793899536, "optimizer_iterations": 4.0, "lr": 3.1187200000000005e-05}
{"step": 3457024, "wall_time": 1790710726.0999358, "episodes_completed": 55.0, "mean_episode_reward": 7.067010688781738, "std_episode_reward": 19.901239889583593, "min_episode_reward": -13.494876861572266, "max_episode_reward": 87.89170837402344, "mean_episode_length": 80.47272727272727, "success_rate": 0.18181818181818182, "collision_rate": 0.8181818181818182, "out_of_bounds_rate": 0.0, "timeout_rate": 0.0, "policy_loss": 0.00044095527846366167, "value_loss": 6.770095229148865, "entropy": 0.5977346301078796, "approx_kl": 0.00537753407843411, "clip_fraction": 0.055389404296875, "grad_norm": 53.76281929016113, "explained_variance": 0.8462966084480286, "action_std_mean": 0.3263031542301178, "optimizer_iterations": 4.0, "lr": 3.102336e-05}
{"step": 3465216, "wall_time": 1790710755.5873885, "episodes_completed": 40.0, "mean_episode_reward": 14.94227637052536, "std_episode_reward": 22.71476768436201, "min_episode_reward": -9.826055526733398, "max_episode_reward": 90.59580993652344, "mean_episode_length": 110.05, "success_rate": 0.4, "collision_rate": 0.6, "out_of_bounds_rate": 0.0, "timeout_rate": 0.0, "policy_loss": 0.0006976665463298559, "value_loss": 6.333799719810486, "entropy": 0.5977163314819336, "approx_kl": 0.003572596819140017, "clip_fraction": 0.0406494140625, "grad_norm": 33.64080619812012, "explained_variance": 0.8335745334625244, "action_std_mean": 0.3263011872768402, "optimizer_iterations": 4.0, "lr": 3.085952e-05}
{"step": 3473408, "wall_time": 1790710784.7697673, "episodes_completed": 46.0, "mean_episode_reward": 11.686810840731082, "std_episode_reward": 20.989933038211326, "min_episode_reward": -9.811080932617188, "max_episode_reward": 63.529998779296875, "mean_episode_length": 96.56521739130434, "success_rate": 0.34782608695652173, "collision_rate": 0.6304347826086957, "out_of_bounds_rate": 0.0, "timeout_rate": 0.021739130434782608, "policy_loss": -0.0005400569643825293, "value_loss": 4.370803594589233, "entropy": 0.5977087020874023, "approx_kl": 0.0025608548457967117, "clip_fraction": 0.024444580078125, "grad_norm": 25.810182094573975, "explained_variance": 0.894362211227417, "action_std_mean": 0.3262982964515686, "optimizer_iterations": 4.0, "lr": 3.0695680000000004e-05}
{"step": 3481600, "wall_time": 1790710814.8973024, "episodes_completed": 53.0, "mean_episode_reward": 11.016982737577186, "std_episode_reward": 20.59122289298754, "min_episode_reward": -12.194019317626953, "max_episode_reward": 71.423095703125, "mean_episode_length": 108.33962264150944, "success_rate": 0.32075471698113206, "collision_rate": 0.660377358490566, "out_of_bounds_rate": 0.0, "timeout_rate": 0.018867924528301886, "policy_loss": 0.000653490424156189, "value_loss": 8.526150465011597, "entropy": 0.5976839363574982, "approx_kl": 0.002296809194376692, "clip_fraction": 0.02557373046875, "grad_norm": 33.930763244628906, "explained_variance": 0.8030584454536438, "action_std_mean": 0.32629263401031494, "optimizer_iterations": 4.0, "lr": 3.053184e-05}
{"step": 3489792, "wall_time": 1790710844.8258553, "episodes_completed": 48.0, "mean_episode_reward": 13.299290150403976, "std_episode_reward": 23.433985825292396, "min_episode_reward": -9.806936264038086, "max_episode_reward": 84.35105895996094, "mean_episode_length": 114.52083333333333, "success_rate": 0.20833333333333334, "collision_rate": 0.7708333333333334, "out_of_bounds_rate": 0.0, "timeout_rate": 0.020833333333333332, "policy_loss": -0.00033458461984992027, "value_loss": 6.520707368850708, "entropy": 0.5976420938968658, "approx_kl": 0.002766622608760372, "clip_fraction": 0.031158447265625, "grad_norm": 38.50760889053345, "explained_variance": 0.8453612923622131, "action_std_mean": 0.3262801170349121, "optimizer_iterations": 4.0, "lr": 3.0367999999999998e-05}
{"step": 3497984, "wall_time": 1790710874.9379034, "episodes_completed": 54.0, "mean_episode_reward": 13.366843700408936, "std_episode_reward": 23.37518180513273, "min_episode_reward": -9.815901756286621, "max_episode_reward": 83.55017852783203, "mean_episode_length": 110.5925925925926, "success_rate": 0.2777777777777778, "collision_rate": 0.7222222222222222, "out_of_bounds_rate": 0.0, "timeout_rate": 0.0, "policy_loss": 0.0011913832277059555, "value_loss": 7.321597576141357, "entropy": 0.5975648760795593, "approx_kl": 0.003515488817356527, "clip_fraction": 0.040496826171875, "grad_norm": 37.707313537597656, "explained_variance": 0.8417131304740906, "action_std_mean": 0.32627004384994507, "optimizer_iterations": 4.0, "lr": 3.0204160000000005e-05}
{"step": 3506176, "wall_time": 1790710905.1808956, "episodes_completed": 55.0, "mean_episode_reward": 13.161283484372225, "std_episode_reward": 23.265113266718416, "min_episode_reward": -9.802233695983887, "max_episode_reward": 76.84880065917969, "mean_episode_length": 106.2, "success_rate": 0.2545454545454545, "collision_rate": 0.7454545454545455, "out_of_bounds_rate": 0.0, "timeout_rate": 0.0, "policy_loss": -0.00024869292974472046, "value_loss": 6.2942140102386475, "entropy": 0.5975129306316376, "approx_kl": 0.0019314010278321803, "clip_fraction": 0.01904296875, "grad_norm": 41.670424461364746, "explained_variance": 0.8660074472427368, "action_std_mean": 0.3262588083744049, "optimizer_iterations": 4.0, "lr": 3.004032e-05}
{"step": 3514368, "wall_time": 1790710935.6380734, "episodes_completed": 50.0, "mean_episode_reward": 14.025658893585206, "std_episode_reward": 22.499269798742755, "min_episode_reward": -9.80775260925293, "max_episode_reward": 82.31207275390625, "mean_episode_length": 93.04, "success_rate": 0.38, "collision_rate": 0.62, "out_of_bounds_rate": 0.0, "timeout_rate": 0.0, "policy_loss": -0.0008163329912349582, "value_loss": 6.61842155456543, "entropy": 0.5974407196044922, "approx_kl": 0.002464603356202133, "clip_fraction": 0.02728271484375, "grad_norm": 25.86222553253174, "explained_variance": 0.8390768766403198, "action_std_mean": 0.32624855637550354, "optimizer_iterations": 4.0, "lr": 2.9876480000000006e-05}
{"step": 3522560, "wall_time": 1790710965.8731563, "episodes_completed": 57.0, "mean_episode_reward": 13.06332550550762, "std_episode_reward": 24.040995035371303, "min_episode_reward": -9.814910888671875, "max_episode_reward": 98.20870208740234, "mean_episode_length": 99.57894736842105, "success_rate": 0.22807017543859648, "collision_rate": 0.7719298245614035, "out_of_bounds_rate": 0.0, "timeout_rate": 0.0, "policy_loss": 0.0010626721195876598, "value_loss": 7.36543869972229, "entropy": 0.5973850190639496, "approx_kl": 0.006744131649611518, "clip_fraction": 0.076873779296875, "grad_norm": 52.13900566101074, "explained_variance": 0.8273985385894775, "action_std_mean": 0.32623904943466187, "optimizer_iterations": 4.0, "lr": 2.9712640000000004e-05}
{"step": 3530752, "wall_time": 1790710996.380404, "episodes_completed": 67.0, "mean_episode_reward": 9.957681214631494, "std_episode_reward": 21.09784615292977, "min_episode_reward": -9.854530334472656, "max_episode_reward": 80.59114074707031, "mean_episode_length": 97.25373134328358, "success_rate": 0.2835820895522388, "collision_rate": 0.7164179104477612, "out_of_bounds_rate": 0.0, "timeout_rate": 0.0, "policy_loss": 0.0006152892019599676, "value_loss": 9.85616135597229, "entropy": 0.5973315834999084, "approx_kl": 0.0029583050636574626, "clip_fraction": 0.035064697265625, "grad_norm": 47.51903438568115, "explained_variance": 0.7614930272102356, "action_std_mean": 0.32623201608657837, "optimizer_iterations": 4.0, "lr": 2.9548799999999997e-05}
{"step": 3538944, "wall_time": 1790711026.6518047, "episodes_completed": 67.0, "mean_episode_reward": 12.37686745088492, "std_episode_reward": 20.229700750999747, "min_episode_reward": -9.80993938446045, "max_episode_reward": 66.46910858154297, "mean_episode_length": 94.35820895522389, "success_rate": 0.23880597014925373, "collision_rate": 0.7611940298507462, "out_of_bounds_rate": 0.0, "timeout_rate": 0.0, "policy_loss": 0.001530865440145135, "value_loss": 10.460533857345581, "entropy": 0.5972930490970612, "approx_kl": 0.0022610446612816304, "clip_fraction": 0.02081298828125, "grad_norm": 40.07196617126465, "explained_variance": 0.7491763830184937, "action_std_mean": 0.3262258470058441, "optimizer_iterations": 4.0, "lr": 2.9384960000000005e-05}
{"step": 3547136, "wall_time": 1790711056.7722776, "episodes_completed": 66.0, "mean_episode_reward": 9.174927632013956, "std_episode_reward": 22.739026698607297, "min_episode_reward": -9.814756393432617, "max_episode_reward": 93.94404602050781, "mean_episode_length": 78.21212121212122, "success_rate": 0.25757575757575757, "collision_rate": 0.7424242424242424, "out_of_bounds_rate": 0.0, "timeout_rate": 0.0, "policy_loss": -9.940634481608868e-05, "value_loss": 9.162306070327759, "entropy": 0.5972409844398499, "approx_kl": 0.0035157768143108115, "clip_fraction": 0.03997802734375, "grad_norm": 46.60856342315674, "explained_variance": 0.7954592108726501, "action_std_mean": 0.3262098431587219, "optimizer_iterations": 4.0, "lr": 2.9221120000000002e-05}
{"step": 3555328, "wall_time": 1790711087.0490334, "episodes_completed": 65.0, "mean_episode_reward": 11.021215827648456, "std_episode_reward": 20.439694259580495, "min_episode_reward": -9.815281867980957, "max_episode_reward": 88.81501770019531, "mean_episode_length": 95.1076923076923, "success_rate": 0.3384615384615385, "collision_rate": 0.6615384615384615, "out_of_bounds_rate": 0.0, "timeout_rate": 0.0, "policy_loss": -0.00044788187369704247, "value_loss": 9.522517681121826, "entropy": 0.5971189439296722, "approx_kl": 0.0024640531482873484, "clip_fraction": 0.024810791015625, "grad_norm": 46.61867618560791, "explained_variance": 0.7754954099655151, "action_std_mean": 0.32618656754493713, "optimizer_iterations": 4.0, "lr": 2.905728e-05}
{"step": 3563520, "wall_time": 1790711116.1819782, "episodes_completed": 41.0, "mean_episode_reward": 13.536873910485244, "std_episode_reward": 24.78672066477685, "min_episode_reward": -10.545563697814941, "max_episode_reward": 106.73762512207031, "mean_episode_length": 113.58536585365853, "success_rate": 0.2926829268292683, "collision_rate": 0.7073170731707317, "out_of_bounds_rate": 0.0, "timeout_rate": 0.0, "policy_loss": 0.0003455348778516054, "value_loss": 5.010402083396912, "entropy": 0.5969802737236023, "approx_kl": 0.003984060604125261, "clip_fraction": 0.04425048828125, "grad_norm": 39.52442407608032, "explained_variance": 0.8952254056930542, "action_std_mean": 0.3261682391166687, "optimizer_iterations": 4.0, "lr": 2.8893440000000006e-05}
{"step": 3571712, "wall_time": 1790711145.8360004, "episodes_completed": 38.0, "mean_episode_reward": 21.87476941158897, "std_episode_reward": 26.87089953505656, "min_episode_reward": -9.85794448852539, "max_episode_reward": 93.69123840332031, "mean_episode_length": 125.89473684210526, "success_rate": 0.5, "collision_rate": 0.5, "out_of_bounds_rate": 0.0, "timeout_rate": 0.0, "policy_loss": 0.0012354186037555337, "value_loss": 5.931772828102112, "entropy": 0.5968838632106781, "approx_kl": 0.007487568655051291, "clip_fraction": 0.080902099609375, "grad_norm": 73.14705848693848, "explained_variance": 0.8297549486160278, "action_std_mean": 0.32615572214126587, "optimizer_iterations": 4.0, "lr": 2.87296e-05}
{"step": 3579904, "wall_time": 1790711176.0001721, "episodes_completed": 53.0, "mean_episode_reward": 9.699531736801255, "std_episode_reward": 23.00080350434822, "min_episode_reward": -11.052932739257812, "max_episode_reward": 75.69328308105469, "mean_episode_length": 93.18867924528301, "success_rate": 0.22641509433962265, "collision_rate": 0.7547169811320755, "out_of_bounds_rate": 0.0, "timeout_rate": 0.018867924528301886, "policy_loss": 0.0014979895204305649, "value_loss": 8.079551696777344, "entropy": 0.596811830997467, "approx_kl": 0.005062769138021395, "clip_fraction": 0.05712890625, "grad_norm": 52.067996978759766, "explained_variance": 0.803220272064209, "action_std_mean": 0.32614371180534363, "optimizer_iterations": 4.0, "lr": 2.8565759999999997e-05}
{"step": 3588096, "wall_time": 1790711206.0732846, "episodes_completed": 41.0, "mean_episode_reward": 15.831044352636106, "std_episode_reward": 19.38911644719283, "min_episode_reward": -9.811127662658691, "max_episode_reward": 74.74028015136719, "mean_episode_length": 117.8780487804878, "success_rate": 0.3170731707317073, "collision_rate": 0.6341463414634146, "out_of_bounds_rate": 0.0, "timeout_rate": 0.04878048780487805, "policy_loss": 0.0005604445468634367, "value_loss": 6.757720351219177, "entropy": 0.596741259098053, "approx_kl": 0.002249526063678786, "clip_fraction": 0.0223388671875, "grad_norm": 40.44921588897705, "explained_variance": 0.846552312374115, "action_std_mean": 0.3261338472366333, "optimizer_iterations": 4.0, "lr": 2.8401920000000005e-05}
{"step": 3596288, "wall_time": 1790711235.9400778, "episodes_completed": 54.0, "mean_episode_reward": 11.053232042877763, "std_episode_reward": 20.358462175708674, "min_episode_reward": -9.844043731689453, "max_episode_reward": 85.00489044189453, "mean_episode_length": 98.18518518518519, "success_rate": 0.24074074074074073, "collision_rate": 0.7592592592592593, "out_of_bounds_rate": 0.0, "timeout_rate": 0.0, "policy_loss": -9.726046118885279e-05, "value_loss": 8.60149335861206, "entropy": 0.59670290350914, "approx_kl": 0.002512071980163455, "clip_fraction": 0.019561767578125, "grad_norm": 38.474778175354004, "explained_variance": 0.8062295317649841, "action_std_mean": 0.32613492012023926, "optimizer_iterations": 4.0, "lr": 2.823808e-05}
{"step": 3604480, "wall_time": 1790711266.1050425, "episodes_completed": 54.0, "mean_episode_reward": 7.5314770782435385, "std_episode_reward": 18.924051117891857, "min_episode_reward": -9.929431915283203, "max_episode_reward": 86.63095092773438, "mean_episode_length": 94.5925925925926, "success_rate": 0.18518518518518517, "collision_rate": 0.7962962962962963, "out_of_bounds_rate": 0.0, "timeout_rate": 0.018518518518518517, "policy_loss": 0.000738031230866909, "value_loss": 8.922256708145142, "entropy": 0.5967272818088531, "approx_kl": 0.0016916879612836055, "clip_fraction": 0.016357421875, "grad_norm": 45.19302940368652, "explained_variance": 0.8130605220794678, "action_std_mean": 0.3261406123638153, "optimizer_iterations": 4.0, "lr": 2.8074239999999996e-05}
{"step": 3612672, "wall_time": 1790711296.1668043, "episodes_completed": 59.0, "mean_episode_reward": 10.64159851559138, "std_episode_reward": 16.352792355381734, "min_episode_reward": -9.818843841552734, "max_episode_reward": 65.6117172241211, "mean_episode_length": 88.1864406779661, "success_rate": 0.2542372881355932, "collision_rate": 0.7457627118644068, "out_of_bounds_rate": 0.0, "timeout_rate": 0.0, "policy_loss": 0.00015414715744554996, "value_loss": 8.563212156295776, "entropy": 0.5967545211315155, "approx_kl": 0.0006419118653866462, "clip_fraction": 0.00238037109375, "grad_norm": 75.12570476531982, "explained_variance": 0.7875253558158875, "action_std_mean": 0.32614076137542725, "optimizer_iterations": 4.0, "lr": 2.7910400000000003e-05}
{"step": 3620864, "wall_time": 1790711326.4233363, "episodes_completed": 65.0, "mean_episode_reward": 11.230199454380916, "std_episode_reward": 21.8984481192861, "min_episode_reward": -9.802682876586914, "max_episode_reward": 85.82907104492188, "mean_episode_length": 93.49230769230769, "success_rate": 0.2923076923076923, "collision_rate": 0.7076923076923077, "out_of_bounds_rate": 0.0, "timeout_rate": 0.0, "policy_loss": 0.00026949960738420486, "value_loss": 9.703084945678711, "entropy": 0.5967506468296051, "approx_kl": 0.001034750312101096, "clip_fraction": 0.006195068359375, "grad_norm": 44.947957038879395, "explained_variance": 0.7795253992080688, "action_std_mean": 0.3261395990848541, "optimizer_iterations": 4.0, "lr": 2.774656e-05}
{"step": 3629056, "wall_time": 1790711356.2181416, "episodes_completed": 70.0, "mean_episode_reward": 8.637331308637346, "std_episode_reward": 21.08922263234862, "min_episode_reward": -11.117559432983398, "max_episode_reward": 79.66854095458984, "mean_episode_length": 77.68571428571428, "success_rate": 0.22857142857142856, "collision_rate": 0.7714285714285715, "out_of_bounds_rate": 0.0, "timeout_rate": 0.0, "policy_loss": 0.001094787148758769, "value_loss": 10.612417459487915, "entropy": 0.5967482328414917, "approx_kl": 0.004541877249721438, "clip_fraction": 0.04730224609375, "grad_norm": 75.58402299880981, "explained_variance": 0.7934845089912415, "action_std_mean": 0.3261404037475586, "optimizer_iterations": 4.0, "lr": 2.7582720000000008e-05}
{"step": 3637248, "wall_time": 1790711385.7110667, "episodes_completed": 60.0, "mean_episode_reward": 10.722184586524964, "std_episode_reward": 22.42913091877281, "min_episode_reward": -9.935256004333496, "max_episode_reward": 89.9925537109375, "mean_episode_length": 92.7, "success_rate": 0.26666666666666666, "collision_rate": 0.7333333333333333, "out_of_bounds_rate": 0.0, "timeout_rate": 0.0, "policy_loss": -0.0002126423642039299, "value_loss": 7.044113516807556, "entropy": 0.5967523455619812, "approx_kl": 0.001740089792292565, "clip_fraction": 0.01617431640625, "grad_norm": 49.07181262969971, "explained_variance": 0.8237217664718628, "action_std_mean": 0.3261387050151825, "optimizer_iterations": 4.0, "lr": 2.741888e-05}
{"step": 3645440, "wall_time": 1790711415.8564284, "episodes_completed": 66.0, "mean_episode_reward": 8.828909115357833, "std_episode_reward": 18.70628095088621, "min_episode_reward": -9.838950157165527, "max_episode_reward": 71.37601470947266, "mean_episode_length": 84.33333333333333, "success_rate": 0.19696969696969696, "collision_rate": 0.803030303030303, "out_of_bounds_rate": 0.0, "timeout_rate": 0.0, "policy_loss": 0.000653120456263423, "value_loss": 9.733769416809082, "entropy": 0.5967372357845306, "approx_kl": 0.0029456831980496645, "clip_fraction": 0.032135009765625, "grad_norm": 68.00245952606201, "explained_variance": 0.7775921821594238, "action_std_mean": 0.3261374533176422, "optimizer_iterations": 4.0, "lr": 2.725504e-05}
{"step": 3653632, "wall_time": 1790711445.9156315, "episodes_completed": 58.0, "mean_episode_reward": 11.592980379174495, "std_episode_reward": 18.895198664009474, "min_episode_reward": -9.812848091125488, "max_episode_reward": 57.07310485839844, "mean_episode_length": 101.32758620689656, "success_rate": 0.29310344827586204, "collision_rate": 0.6896551724137931, "out_of_bounds_rate": 0.0, "timeout_rate": 0.017241379310344827, "policy_loss": -0.000694054237101227, "value_loss": 8.758505821228027, "entropy": 0.596725195646286, "approx_kl": 0.0019865148642566055, "clip_fraction": 0.019500732421875, "grad_norm": 49.75624656677246, "explained_variance": 0.7868135571479797, "action_std_mean": 0.32613033056259155, "optimizer_iterations": 4.0, "lr": 2.7091200000000006e-05}
{"step": 3661824, "wall_time": 1790711476.0619428, "episodes_completed": 76.0, "mean_episode_reward": 7.634086433209871, "std_episode_reward": 18.976473777437374, "min_episode_reward": -9.803618431091309, "max_episode_reward": 68.05270385742188, "mean_episode_length": 80.28947368421052, "success_rate": 0.11842105263157894, "collision_rate": 0.881578947368421, "out_of_bounds_rate": 0.0, "timeout_rate": 0.0, "policy_loss": 1.5329336747527122e-05, "value_loss": 13.109469413757324, "entropy": 0.5966663062572479, "approx_kl": 0.0026418365887366235, "clip_fraction": 0.028076171875, "grad_norm": 88.2657585144043, "explained_variance": 0.703921914100647, "action_std_mean": 0.32612019777297974, "optimizer_iterations": 4.0, "lr": 2.6927360000000003e-05}
{"step": 3670016, "wall_time": 1790711505.8317823, "episodes_completed": 39.0, "mean_episode_reward": 13.529299956101637, "std_episode_reward": 25.09173902005947, "min_episode_reward": -9.815118789672852, "max_episode_reward": 105.92047119140625, "mean_episode_length": 122.92307692307692, "success_rate": 0.1794871794871795, "collision_rate": 0.8205128205128205, "out_of_bounds_rate": 0.0, "timeout_rate": 0.0, "policy_loss": -0.00011534104123711586, "value_loss": 7.203455328941345, "entropy": 0.5966121256351471, "approx_kl": 0.0009754596976563334, "clip_fraction": 0.0045166015625, "grad_norm": 70.57109355926514, "explained_variance": 0.8441138863563538, "action_std_mean": 0.32611334323883057, "optimizer_iterations": 4.0, "lr": 2.6763519999999997e-05}
{"step": 3678208, "wall_time": 1790711535.8368409, "episodes_completed": 61.0, "mean_episode_reward": 9.053097920339615, "std_episode_reward": 16.64492314783095, "min_episode_reward": -9.816811561584473, "max_episode_reward": 62.76777267456055, "mean_episode_length": 83.39344262295081, "success_rate": 0.2459016393442623, "collision_rate": 0.7540983606557377, "out_of_bounds_rate": 0.0, "timeout_rate": 0.0, "policy_loss": 0.00014110957272350788, "value_loss": 8.264827489852905, "entropy": 0.5965680480003357, "approx_kl": 0.002081126076518558, "clip_fraction": 0.021209716796875, "grad_norm": 61.410311698913574, "explained_variance": 0.8162065148353577, "action_std_mean": 0.32610398530960083, "optimizer_iterations": 4.0, "lr": 2.6599680000000004e-05}
{"step": 3686400, "wall_time": 1790711565.8034499, "episodes_completed": 68.0, "mean_episode_reward": 8.841622707927051, "std_episode_reward": 15.988765760720296, "min_episode_reward": -9.870173454284668, "max_episode_reward": 62.11370849609375, "mean_episode_length": 82.67647058823529, "success_rate": 0.23529411764705882, "collision_rate": 0.75, "out_of_bounds_rate": 0.0, "timeout_rate": 0.014705882352941176, "policy_loss": 0.0007677838439121842, "value_loss": 8.093737840652466, "entropy": 0.5965075492858887, "approx_kl": 0.002151595748728141, "clip_fraction": 0.018707275390625, "grad_norm": 51.325904846191406, "explained_variance": 0.8276716470718384, "action_std_mean": 0.3260950446128845, "optimizer_iterations": 4.0, "lr": 2.643584e-05}
{"step": 3694592, "wall_time": 1790711595.7262096, "episodes_completed": 64.0, "mean_episode_reward": 7.7480654790997505, "std_episode_reward": 17.76219392565419, "min_episode_reward": -9.817826271057129, "max_episode_reward": 51.813602447509766, "mean_episode_length": 75.921875, "success_rate": 0.234375, "collision_rate": 0.765625, "out_of_bounds_rate": 0.0, "timeout_rate": 0.0, "policy_loss": -5.494244396686554e-05, "value_loss": 9.380107641220093, "entropy": 0.5964547395706177, "approx_kl": 0.001831526606110856, "clip_fraction": 0.015472412109375, "grad_norm": 42.05621147155762, "explained_variance": 0.7703732848167419, "action_std_mean": 0.3260858654975891, "optimizer_iterations": 4.0, "lr": 2.6271999999999995e-05}
{"step": 3702784, "wall_time": 1790711625.3064935, "episodes_completed": 45.0, "mean_episode_reward": 13.04097011403905, "std_episode_reward": 21.18742468107802, "min_episode_reward": -9.808599472045898, "max_episode_reward": 77.37736511230469, "mean_episode_length": 116.55555555555556, "success_rate": 0.26666666666666666, "collision_rate": 0.7111111111111111, "out_of_bounds_rate": 0.0, "timeout_rate": 0.022222222222222223, "policy_loss": -0.0010033901780843735, "value_loss": 6.1978758573532104, "entropy": 0.5964120924472809, "approx_kl": 0.0034198447538074106, "clip_fraction": 0.039825439453125, "grad_norm": 46.19033908843994, "explained_variance": 0.8357008695602417, "action_std_mean": 0.32608550786972046, "optimizer_iterations": 4.0, "lr": 2.6108160000000002e-05}
{"step": 3710976, "wall_time": 1790711654.6973166, "episodes_completed": 45.0, "mean_episode_reward": 12.183081234825982, "std_episode_reward": 20.698859902157242, "min_episode_reward": -9.817233085632324, "max_episode_reward": 71.63091278076172, "mean_episode_length": 100.5111111111111, "success_rate": 0.35555555555555557, "collision_rate": 0.6444444444444445, "out_of_bounds_rate": 0.0, "timeout_rate": 0.0, "policy_loss": 0.0001723481109365821, "value_loss": 5.501326084136963, "entropy": 0.5964239835739136, "approx_kl": 0.0011354888993082568, "clip_fraction": 0.006103515625, "grad_norm": 29.523091793060303, "explained_variance": 0.8505532145500183, "action_std_mean": 0.32608819007873535, "optimizer_iterations": 4.0, "lr": 2.594432e-05}
{"step": 3719168, "wall_time": 1790711684.273505, "episodes_completed": 47.0, "mean_episode_reward": 11.889998669319965, "std_episode_reward": 21.450507695803616, "min_episode_reward": -9.811113357543945, "max_episode_reward": 87.26191711425781, "mean_episode_length": 100.34042553191489, "success_rate": 0.3617021276595745, "collision_rate": 0.6382978723404256, "out_of_bounds_rate": 0.0, "timeout_rate": 0.0, "policy_loss": 3.490038216114044e-05, "value_loss": 8.096934795379639, "entropy": 0.5964480638504028, "approx_kl": 0.002373887022258714, "clip_fraction": 0.02398681640625, "grad_norm": 29.77835178375244, "explained_variance": 0.8268057703971863, "action_std_mean": 0.3260962963104248, "optimizer_iterations": 4.0, "lr": 2.5780479999999997e-05}
{"step": 3727360, "wall_time": 1790711713.6370625, "episodes_completed": 54.0, "mean_episode_reward": 10.147010777283597, "std_episode_reward": 19.059337716002073, "min_episode_reward": -9.804183006286621, "max_episode_reward": 82.6417465209961, "mean_episode_length": 99.07407407407408, "success_rate": 0.3333333333333333, "collision_rate": 0.6481481481481481, "out_of_bounds_rate": 0.0, "timeout_rate": 0.018518518518518517, "policy_loss": 0.0017024003900587559, "value_loss": 7.934407472610474, "entropy": 0.596502035856247, "approx_kl": 0.0025533877196721733, "clip_fraction": 0.0263671875, "grad_norm": 38.21510410308838, "explained_variance": 0.7808839082717896, "action_std_mean": 0.3261023163795471, "optimizer_iterations": 4.0, "lr": 2.5616640000000004e-05}
{"step": 3735552, "wall_time": 1790711743.2767603, "episodes_completed": 53.0, "mean_episode_reward": 14.905846964638188, "std_episode_reward": 21.205720155760197, "min_episode_reward": -9.800355911254883, "max_episode_reward": 83.67994689941406, "mean_episode_length": 109.81132075471699, "success_rate": 0.32075471698113206, "collision_rate": 0.6792452830188679, "out_of_bounds_rate": 0.0, "timeout_rate": 0.0, "policy_loss": 0.00013051647692918777, "value_loss": 6.548210501670837, "entropy": 0.5965165197849274, "approx_kl": 0.002386257518082857, "clip_fraction": 0.02081298828125, "grad_norm": 40.81897258758545, "explained_variance": 0.8184114694595337, "action_std_mean": 0.32609808444976807, "optimizer_iterations": 4.0, "lr": 2.5452799999999998e-05}
{"step": 3743744, "wall_time": 1790711773.331918, "episodes_completed": 73.0, "mean_episode_reward": 7.102988862623907, "std_episode_reward": 17.490764616282224, "min_episode_reward": -9.811223030090332, "max_episode_reward": 65.03050994873047, "mean_episode_length": 78.26027397260275, "success_rate": 0.1780821917808219, "collision_rate": 0.8082191780821918, "out_of_bounds_rate": 0.0, "timeout_rate": 0.0136986301369863, "policy_loss": 0.0006740130484104156, "value_loss": 10.1053946018219, "entropy": 0.5964769423007965, "approx_kl": 0.002687979504116811, "clip_fraction": 0.029510498046875, "grad_norm": 60.66787528991699, "explained_variance": 0.7937186360359192, "action_std_mean": 0.3260897994041443, "optimizer_iterations": 4.0, "lr": 2.5288960000000005e-05}
{"step": 3751936, "wall_time": 1790711803.4110572, "episodes_completed": 62.0, "mean_episode_reward": 7.475828067910287, "std_episode_reward": 22.449256241699928, "min_episode_reward": -9.8149995803833, "max_episode_reward": 91.81135559082031, "mean_episode_length": 83.62903225806451, "success_rate": 0.12903225806451613, "collision_rate": 0.8548387096774194, "out_of_bounds_rate": 0.0, "timeout_rate": 0.016129032258064516, "policy_loss": -0.00010943133383989334, "value_loss": 6.780383944511414, "entropy": 0.5964305698871613, "approx_kl": 0.0014001604577060789, "clip_fraction": 0.01263427734375, "grad_norm": 45.26220989227295, "explained_variance": 0.8672241568565369, "action_std_mean": 0.3260853886604309, "optimizer_iterations": 4.0, "lr": 2.5125120000000002e-05}
{"step": 3760128, "wall_time": 1790711833.0703433, "episodes_completed": 65.0, "mean_episode_reward": 6.7972884398240305, "std_episode_reward": 18.034447684768097, "min_episode_reward": -9.88046646118164, "max_episode_reward": 60.14064407348633, "mean_episode_length": 78.52307692307693, "success_rate": 0.23076923076923078, "collision_rate": 0.7692307692307693, "out_of_bounds_rate": 0.0, "timeout_rate": 0.0, "policy_loss": -0.0007512830197811127, "value_loss": 10.189759254455566, "entropy": 0.5964182913303375, "approx_kl": 0.001632039187825285, "clip_fraction": 0.015594482421875, "grad_norm": 54.170063972473145, "explained_variance": 0.732674241065979, "action_std_mean": 0.32608798146247864, "optimizer_iterations": 4.0, "lr": 2.496128e-05}
{"step": 3768320, "wall_time": 1790711862.872008, "episodes_completed": 61.0, "mean_episode_reward": 8.481450909473857, "std_episode_reward": 18.631177626421067, "min_episode_reward": -9.806570053100586, "max_episode_reward": 63.998409271240234, "mean_episode_length": 89.06557377049181, "success_rate": 0.26229508196721313, "collision_rate": 0.7377049180327869, "out_of_bounds_rate": 0.0, "timeout_rate": 0.0, "policy_loss": -0.000562448869459331, "value_loss": 8.664860248565674, "entropy": 0.5964444279670715, "approx_kl": 0.001636411325307563, "clip_fraction": 0.01568603515625, "grad_norm": 49.255544662475586, "explained_variance": 0.8002197742462158, "action_std_mean": 0.3260941505432129, "optimizer_iterations": 4.0, "lr": 2.4797440000000004e-05}
{"step": 3776512, "wall_time": 1790711892.966392, "episodes_completed": 55.0, "mean_episode_reward": 11.530866700952703, "std_episode_reward": 23.031061078790227, "min_episode_reward": -9.81116771697998, "max_episode_reward": 80.22027587890625, "mean_episode_length": 108.03636363636363, "success_rate": 0.2727272727272727, "collision_rate": 0.7272727272727273, "out_of_bounds_rate": 0.0, "timeout_rate": 0.0, "policy_loss": -0.0011084758443757892, "value_loss": 7.421356558799744, "entropy": 0.5964865982532501, "approx_kl": 0.001526500920590479, "clip_fraction": 0.01220703125, "grad_norm": 43.02142143249512, "explained_variance": 0.8315878510475159, "action_std_mean": 0.32610219717025757, "optimizer_iterations": 4.0, "lr": 2.46336e-05}
{"step": 3784704, "wall_time": 1790711923.3530788, "episodes_completed": 65.0, "mean_episode_reward": 13.953858045431284, "std_episode_reward": 26.270072648392937, "min_episode_reward": -9.830229759216309, "max_episode_reward": 92.9784927368164, "mean_episode_length": 108.58461538461539, "success_rate": 0.2153846153846154, "collision_rate": 0.7846153846153846, "out_of_bounds_rate": 0.0, "timeout_rate": 0.0, "policy_loss": -8.853920735418797e-05, "value_loss": 8.10366415977478, "entropy": 0.5965330898761749, "approx_kl": 0.0028277193632675335, "clip_fraction": 0.030487060546875, "grad_norm": 40.760719776153564, "explained_variance": 0.8152390122413635, "action_std_mean": 0.3261082172393799, "optimizer_iterations": 4.0, "lr": 2.4469759999999998e-05}
{"step": 3792896, "wall_time": 1790711953.103285, "episodes_completed": 43.0, "mean_episode_reward": 14.676635032476382, "std_episode_reward": 22.59801121185609, "min_episode_reward": -9.808055877685547, "max_episode_reward": 82.2746353149414, "mean_episode_length": 97.93023255813954, "success_rate": 0.3488372093023256, "collision_rate": 0.6511627906976745, "out_of_bounds_rate": 0.0, "timeout_rate": 0.0, "policy_loss": 0.0010739252902567387, "value_loss": 7.288010001182556, "entropy": 0.5965589284896851, "approx_kl": 0.004201306321192533, "clip_fraction": 0.04425048828125, "grad_norm": 54.41101837158203, "explained_variance": 0.8146185874938965, "action_std_mean": 0.32610785961151123, "optimizer_iterations": 4.0, "lr": 2.4305920000000005e-05}
{"step": 3801088, "wall_time": 1790711982.8605635, "episodes_completed": 68.0, "mean_episode_reward": 10.149138008846956, "std_episode_reward": 20.071220244717637, "min_episode_reward": -9.83117389678955, "max_episode_reward": 83.56765747070312, "mean_episode_length": 78.44117647058823, "success_rate": 0.29411764705882354, "collision_rate": 0.7058823529411765, "out_of_bounds_rate": 0.0, "timeout_rate": 0.0, "policy_loss": 0.0009003754239529371, "value_loss": 8.62033486366272, "entropy": 0.5965380072593689, "approx_kl": 0.0012180070480098948, "clip_fraction": 0.0107421875, "grad_norm": 80.83521842956543, "explained_variance": 0.8274025917053223, "action_std_mean": 0.32609981298446655, "optimizer_iterations": 4.0, "lr": 2.414208e-05}
{"step": 3809280, "wall_time": 1790712012.5946527, "episodes_completed": 53.0, "mean_episode_reward": 13.559766355550513, "std_episode_reward": 21.268456081165386, "min_episode_reward": -9.80840015411377, "max_episode_reward": 70.31587219238281, "mean_episode_length": 104.09433962264151, "success_rate": 0.2641509433962264, "collision_rate": 0.7358490566037735, "out_of_bounds_rate": 0.0, "timeout_rate": 0.0, "policy_loss": -3.7389807403087616e-05, "value_loss": 8.223989248275757, "entropy": 0.5964744985103607, "approx_kl": 0.0008623779212939553, "clip_fraction": 0.004974365234375, "grad_norm": 42.96564722061157, "explained_variance": 0.8188421726226807, "action_std_mean": 0.326084703207016, "optimizer_iterations": 4.0, "lr": 2.3978239999999996e-05}
{"step": 3817472, "wall_time": 1790712042.3298116, "episodes_completed": 58.0, "mean_episode_reward": 11.274908506150904, "std_episode_reward": 19.826746204471764, "min_episode_reward": -9.811203956604004, "max_episode_reward": 69.16055297851562, "mean_episode_length": 79.79310344827586, "success_rate": 0.3275862068965517, "collision_rate": 0.6551724137931034, "out_of_bounds_rate": 0.0, "timeout_rate": 0.017241379310344827, "policy_loss": 0.00010156119242310524, "value_loss": 8.300664901733398, "entropy": 0.5963761210441589, "approx_kl": 0.000856070953886956, "clip_fraction": 0.004638671875, "grad_norm": 41.83199882507324, "explained_variance": 0.8017052412033081, "action_std_mean": 0.3260692358016968, "optimizer_iterations": 4.0, "lr": 2.3814400000000004e-05}
{"step": 3825664, "wall_time": 1790712072.161743, "episodes_completed": 69.0, "mean_episode_reward": 10.95638080265211, "std_episode_reward": 20.947167003518533, "min_episode_reward": -9.807760238647461, "max_episode_reward": 83.61141967773438, "mean_episode_length": 91.52173913043478, "success_rate": 0.2608695652173913, "collision_rate": 0.7391304347826086, "out_of_bounds_rate": 0.0, "timeout_rate": 0.0, "policy_loss": 0.0005694068968296051, "value_loss": 8.340946674346924, "entropy": 0.5962827801704407, "approx_kl": 0.002261369794723578, "clip_fraction": 0.02215576171875, "grad_norm": 43.633803367614746, "explained_variance": 0.8183159828186035, "action_std_mean": 0.3260514736175537, "optimizer_iterations": 4.0, "lr": 2.365056e-05}
{"step": 3833856, "wall_time": 1790712102.4987009, "episodes_completed": 74.0, "mean_episode_reward": 8.726712888962513, "std_episode_reward": 19.347362738531057, "min_episode_reward": -9.816222190856934, "max_episode_reward": 67.01667022705078, "mean_episode_length": 84.35135135135135, "success_rate": 0.1891891891891892, "collision_rate": 0.7972972972972973, "out_of_bounds_rate": 0.0, "timeout_rate": 0.013513513513513514, "policy_loss": 0.0001414415892213583, "value_loss": 12.048514604568481, "entropy": 0.5961687862873077, "approx_kl": 0.002932089351816103, "clip_fraction": 0.029998779296875, "grad_norm": 58.51527786254883, "explained_variance": 0.7275006771087646, "action_std_mean": 0.3260328471660614, "optimizer_iterations": 4.0, "lr": 2.3486720000000008e-05}
{"step": 3842048, "wall_time": 1790712132.60661, "episodes_completed": 63.0, "mean_episode_reward": 12.454631888677204, "std_episode_reward": 26.114645867029893, "min_episode_reward": -10.522614479064941, "max_episode_reward": 84.47544860839844, "mean_episode_length": 97.06349206349206, "success_rate": 0.2857142857142857, "collision_rate": 0.7142857142857143, "out_of_bounds_rate": 0.0, "timeout_rate": 0.0, "policy_loss": -0.00036744331009685993, "value_loss": 8.008207321166992, "entropy": 0.5960598886013031, "approx_kl": 0.0014062252885196358, "clip_fraction": 0.0107421875, "grad_norm": 77.02483749389648, "explained_variance": 0.7990488409996033, "action_std_mean": 0.32601630687713623, "optimizer_iterations": 4.0, "lr": 2.3322880000000002e-05}
{"step": 3850240, "wall_time": 1790712162.6541076, "episodes_completed": 47.0, "mean_episode_reward": 14.451132520716241, "std_episode_reward": 24.817078407518842, "min_episode_reward": -11.578845977783203, "max_episode_reward": 99.25154113769531, "mean_episode_length": 108.57446808510639, "success_rate": 0.3404255319148936, "collision_rate": 0.6595744680851063, "out_of_bounds_rate": 0.0, "timeout_rate": 0.0, "policy_loss": -0.00032818084582686424, "value_loss": 7.180699825286865, "entropy": 0.5959642231464386, "approx_kl": 0.0011873669864144176, "clip_fraction": 0.008209228515625, "grad_norm": 50.32850742340088, "explained_variance": 0.8007519245147705, "action_std_mean": 0.32600152492523193, "optimizer_iterations": 4.0, "lr": 2.315904e-05}
{"step": 3858432, "wall_time": 1790712192.3637109, "episodes_completed": 53.0, "mean_episode_reward": 11.031527078376627, "std_episode_reward": 19.958141177060114, "min_episode_reward": -9.812299728393555, "max_episode_reward": 75.20964050292969, "mean_episode_length": 98.54716981132076, "success_rate": 0.18867924528301888, "collision_rate": 0.8113207547169812, "out_of_bounds_rate": 0.0, "timeout_rate": 0.0, "policy_loss": -0.0006906930357217789, "value_loss": 6.78825843334198, "entropy": 0.5958751142024994, "approx_kl": 0.0024276122567243874, "clip_fraction": 0.027191162109375, "grad_norm": 28.965813636779785, "explained_variance": 0.8020012974739075, "action_std_mean": 0.32598888874053955, "optimizer_iterations": 4.0, "lr": 2.2995200000000006e-05}
{"step": 3866624, "wall_time": 1790712222.4430358, "episodes_completed": 44.0, "mean_episode_reward": 13.415417083962398, "std_episode_reward": 20.867650327452097, "min_episode_reward": -9.816306114196777, "max_episode_reward": 69.08560943603516, "mean_episode_length": 116.02272727272727, "success_rate": 0.2727272727272727, "collision_rate": 0.6818181818181818, "out_of_bounds_rate": 0.0, "timeout_rate": 0.045454545454545456, "policy_loss": -0.0006595291197299957, "value_loss": 5.49747622013092, "entropy": 0.5958083271980286, "approx_kl": 0.0022126574185676873, "clip_fraction": 0.02032470703125, "grad_norm": 41.942996978759766, "explained_variance": 0.8429404497146606, "action_std_mean": 0.3259797990322113, "optimizer_iterations": 4.0, "lr": 2.283136e-05}
{"step": 3874816, "wall_time": 1790712252.4750543, "episodes_completed": 52.0, "mean_episode_reward": 10.517473252920004, "std_episode_reward": 17.587304670096835, "min_episode_reward": -9.839250564575195, "max_episode_reward": 50.18571090698242, "mean_episode_length": 95.84615384615384, "success_rate": 0.21153846153846154, "collision_rate": 0.7692307692307693, "out_of_bounds_rate": 0.0, "timeout_rate": 0.019230769230769232, "policy_loss": -4.054605960845947e-05, "value_loss": 10.926918029785156, "entropy": 0.5957561731338501, "approx_kl": 0.0018740258237812668, "clip_fraction": 0.017120361328125, "grad_norm": 69.54811763763428, "explained_variance": 0.7139135003089905, "action_std_mean": 0.32597216963768005, "optimizer_iterations": 4.0, "lr": 2.2667519999999997e-05}
{"step": 3883008, "wall_time": 1790712282.9757214, "episodes_completed": 65.0, "mean_episode_reward": 8.11172108925306, "std_episode_reward": 19.927424529930228, "min_episode_reward": -11.25972843170166, "max_episode_reward": 79.11186981201172, "mean_episode_length": 84.56923076923077, "success_rate": 0.26153846153846155, "collision_rate": 0.7230769230769231, "out_of_bounds_rate": 0.0, "timeout_rate": 0.015384615384615385, "policy_loss": 6.35925680398941e-05, "value_loss": 9.052924871444702, "entropy": 0.5957184731960297, "approx_kl": 0.0006655738179688342, "clip_fraction": 0.00146484375, "grad_norm": 58.68007946014404, "explained_variance": 0.7714892625808716, "action_std_mean": 0.32596874237060547, "optimizer_iterations": 4.0, "lr": 2.2503680000000005e-05}
{"step": 3891200, "wall_time": 1790712313.5517883, "episodes_completed": 56.0, "mean_episode_reward": 9.055008334772927, "std_episode_reward": 17.29720584737383, "min_episode_reward": -9.812984466552734, "max_episode_reward": 54.872764587402344, "mean_episode_length": 90.92857142857143, "success_rate": 0.21428571428571427, "collision_rate": 0.7857142857142857, "out_of_bounds_rate": 0.0, "timeout_rate": 0.0, "policy_loss": 4.997570067644119e-05, "value_loss": 7.941614508628845, "entropy": 0.5957076847553253, "approx_kl": 0.0004154800626565702, "clip_fraction": 0.001556396484375, "grad_norm": 35.510393142700195, "explained_variance": 0.8368656635284424, "action_std_mean": 0.325969398021698, "optimizer_iterations": 4.0, "lr": 2.2339840000000002e-05}
{"step": 3899392, "wall_time": 1790712343.851631, "episodes_completed": 60.0, "mean_episode_reward": 12.914822075267633, "std_episode_reward": 23.845537692424454, "min_episode_reward": -9.83689022064209, "max_episode_reward": 104.92839813232422, "mean_episode_length": 101.95, "success_rate": 0.3, "collision_rate": 0.6833333333333333, "out_of_bounds_rate": 0.0, "timeout_rate": 0.016666666666666666, "policy_loss": -0.00017050211317837238, "value_loss": 5.861881852149963, "entropy": 0.595716267824173, "approx_kl": 0.0015505444462178275, "clip_fraction": 0.016021728515625, "grad_norm": 43.85471439361572, "explained_variance": 0.8728724718093872, "action_std_mean": 0.32597050070762634, "optimizer_iterations": 4.0, "lr": 2.2175999999999996e-05}
{"step": 3907584, "wall_time": 1790712373.5873625, "episodes_completed": 40.0, "mean_episode_reward": 18.73837217092514, "std_episode_reward": 18.86671577336803, "min_episode_reward": -9.802781105041504, "max_episode_reward": 57.1652946472168, "mean_episode_length": 123.85, "success_rate": 0.425, "collision_rate": 0.575, "out_of_bounds_rate": 0.0, "timeout_rate": 0.0, "policy_loss": 0.00021851295605301857, "value_loss": 6.192030072212219, "entropy": 0.5957264006137848, "approx_kl": 0.0006698107463307679, "clip_fraction": 0.002777099609375, "grad_norm": 45.63063335418701, "explained_variance": 0.8354943990707397, "action_std_mean": 0.325975239276886, "optimizer_iterations": 4.0, "lr": 2.2012160000000003e-05}
{"step": 3915776, "wall_time": 1790712403.8095267, "episodes_completed": 64.0, "mean_episode_reward": 9.49936056137085, "std_episode_reward": 18.27664818398954, "min_episode_reward": -9.802753448486328, "max_episode_reward": 58.09805679321289, "mean_episode_length": 78.390625, "success_rate": 0.28125, "collision_rate": 0.71875, "out_of_bounds_rate": 0.0, "timeout_rate": 0.0, "policy_loss": -1.0909978300333023e-05, "value_loss": 8.381011486053467, "entropy": 0.5957564115524292, "approx_kl": 0.0013646497172885574, "clip_fraction": 0.011566162109375, "grad_norm": 52.473751068115234, "explained_variance": 0.8133446574211121, "action_std_mean": 0.32597780227661133, "optimizer_iterations": 4.0, "lr": 2.184832e-05}
{"step": 3923968, "wall_time": 1790712433.6234155, "episodes_completed": 57.0, "mean_episode_reward": 9.407104583947282, "std_episode_reward": 16.31180584759966, "min_episode_reward": -9.811595916748047, "max_episode_reward": 62.166683197021484, "mean_episode_length": 83.47368421052632, "success_rate": 0.19298245614035087, "collision_rate": 0.7894736842105263, "out_of_bounds_rate": 0.0, "timeout_rate": 0.017543859649122806, "policy_loss": -0.00016859034076333046, "value_loss": 7.163989901542664, "entropy": 0.595761626958847, "approx_kl": 0.0013862080668332055, "clip_fraction": 0.01263427734375, "grad_norm": 43.80895709991455, "explained_variance": 0.8556495308876038, "action_std_mean": 0.32597631216049194, "optimizer_iterations": 4.0, "lr": 2.1684479999999997e-05}
{"step": 3932160, "wall_time": 1790712463.8650122, "episodes_completed": 39.0, "mean_episode_reward": 15.018391556082628, "std_episode_reward": 19.67848679238073, "min_episode_reward": -10.489739418029785, "max_episode_reward": 57.316734313964844, "mean_episode_length": 120.56410256410257, "success_rate": 0.2564102564102564, "collision_rate": 0.717948717948718, "out_of_bounds_rate": 0.0, "timeout_rate": 0.02564102564102564, "policy_loss": -0.0003290558233857155, "value_loss": 6.86717414855957, "entropy": 0.595751017332077, "approx_kl": 0.002539821056416258, "clip_fraction": 0.03131103515625, "grad_norm": 65.13974189758301, "explained_variance": 0.8411787748336792, "action_std_mean": 0.32597464323043823, "optimizer_iterations": 4.0, "lr": 2.152064e-05}
{"step": 3940352, "wall_time": 1790712493.785887, "episodes_completed": 64.0, "mean_episode_reward": 10.957217454910278, "std_episode_reward": 22.348338669268095, "min_episode_reward": -10.49837875366211, "max_episode_reward": 77.99649047851562, "mean_episode_length": 96.125, "success_rate": 0.25, "collision_rate": 0.75, "out_of_bounds_rate": 0.0, "timeout_rate": 0.0, "policy_loss": -0.00021804188145324588, "value_loss": 9.104692697525024, "entropy": 0.5957401692867279, "approx_kl": 0.0006768708335584961, "clip_fraction": 0.0029296875, "grad_norm": 61.68750762939453, "explained_variance": 0.802379310131073, "action_std_mean": 0.3259713649749756, "optimizer_iterations": 4.0, "lr": 2.13568e-05}
{"step": 3948544, "wall_time": 1790712524.2332792, "episodes_completed": 61.0, "mean_episode_reward": 8.030094850258749, "std_episode_reward": 19.06811693920276, "min_episode_reward": -9.809821128845215, "max_episode_reward": 71.26001739501953, "mean_episode_length": 86.75409836065573, "success_rate": 0.22950819672131148, "collision_rate": 0.7704918032786885, "out_of_bounds_rate": 0.0, "timeout_rate": 0.0, "policy_loss": -0.0011048519518226385, "value_loss": 8.64099907875061, "entropy": 0.5957262814044952, "approx_kl": 0.0007809483977325726, "clip_fraction": 0.0042724609375, "grad_norm": 49.95131874084473, "explained_variance": 0.8114920854568481, "action_std_mean": 0.3259745240211487, "optimizer_iterations": 4.0, "lr": 2.1192960000000006e-05}
{"step": 3956736, "wall_time": 1790712554.6201615, "episodes_completed": 57.0, "mean_episode_reward": 12.393886323560748, "std_episode_reward": 19.132228941403532, "min_episode_reward": -9.816507339477539, "max_episode_reward": 77.15206146240234, "mean_episode_length": 92.7719298245614, "success_rate": 0.3157894736842105, "collision_rate": 0.6842105263157895, "out_of_bounds_rate": 0.0, "timeout_rate": 0.0, "policy_loss": -0.0010635089129209518, "value_loss": 9.407392978668213, "entropy": 0.5957674980163574, "approx_kl": 0.0015741813986096531, "clip_fraction": 0.012451171875, "grad_norm": 48.83801555633545, "explained_variance": 0.7665376663208008, "action_std_mean": 0.32598692178726196, "optimizer_iterations": 4.0, "lr": 2.1029120000000003e-05}
{"step": 3964928, "wall_time": 1790712583.9580376, "episodes_completed": 34.0, "mean_episode_reward": 17.601556595634012, "std_episode_reward": 24.20752520081883, "min_episode_reward": -9.802471160888672, "max_episode_reward": 77.53706359863281, "mean_episode_length": 112.88235294117646, "success_rate": 0.38235294117647056, "collision_rate": 0.6176470588235294, "out_of_bounds_rate": 0.0, "timeout_rate": 0.0, "policy_loss": -0.00039215246215462685, "value_loss": 5.433021783828735, "entropy": 0.5958450138568878, "approx_kl": 0.0009713684121379629, "clip_fraction": 0.006378173828125, "grad_norm": 57.39638423919678, "explained_variance": 0.864722728729248, "action_std_mean": 0.3259965181350708, "optimizer_iterations": 4.0, "lr": 2.0865279999999997e-05}
{"step": 3973120, "wall_time": 1790712613.7045164, "episodes_completed": 47.0, "mean_episode_reward": 11.925808084771989, "std_episode_reward": 22.924452060664496, "min_episode_reward": -13.5501127243042, "max_episode_reward": 110.56387329101562, "mean_episode_length": 106.19148936170212, "success_rate": 0.23404255319148937, "collision_rate": 0.7659574468085106, "out_of_bounds_rate": 0.0, "timeout_rate": 0.0, "policy_loss": -0.0007096701301634312, "value_loss": 7.01737904548645, "entropy": 0.5958889424800873, "approx_kl": 0.004481741721974686, "clip_fraction": 0.053466796875, "grad_norm": 55.402048110961914, "explained_variance": 0.8388474583625793, "action_std_mean": 0.32600265741348267, "optimizer_iterations": 4.0, "lr": 2.0701440000000004e-05}
{"step": 3981312, "wall_time": 1790712643.6861959, "episodes_completed": 64.0, "mean_episode_reward": 9.023938621394336, "std_episode_reward": 20.921550852655443, "min_episode_reward": -9.805476188659668, "max_episode_reward": 87.13385009765625, "mean_episode_length": 97.9375, "success_rate": 0.234375, "collision_rate": 0.734375, "out_of_bounds_rate": 0.0, "timeout_rate": 0.03125, "policy_loss": 0.0003246342530474067, "value_loss": 10.284346342086792, "entropy": 0.5959316790103912, "approx_kl": 0.001094217601348646, "clip_fraction": 0.0072021484375, "grad_norm": 54.05182647705078, "explained_variance": 0.7745695114135742, "action_std_mean": 0.3260113596916199, "optimizer_iterations": 4.0, "lr": 2.05376e-05}
{"step": 3989504, "wall_time": 1790712673.5242376, "episodes_completed": 62.0, "mean_episode_reward": 12.076512905859179, "std_episode_reward": 20.88271345027629, "min_episode_reward": -9.851405143737793, "max_episode_reward": 91.35267639160156, "mean_episode_length": 99.2258064516129, "success_rate": 0.25806451612903225, "collision_rate": 0.7419354838709677, "out_of_bounds_rate": 0.0, "timeout_rate": 0.0, "policy_loss": 0.0004402032936923206, "value_loss": 9.98951005935669, "entropy": 0.5959889888763428, "approx_kl": 0.0027615182916633785, "clip_fraction": 0.027557373046875, "grad_norm": 37.71364116668701, "explained_variance": 0.7630618810653687, "action_std_mean": 0.32602250576019287, "optimizer_iterations": 4.0, "lr": 2.037376e-05}
{"step": 3997696, "wall_time": 1790712704.0461173, "episodes_completed": 71.0, "mean_episode_reward": 7.588060752606728, "std_episode_reward": 19.73494027042922, "min_episode_reward": -9.817658424377441, "max_episode_reward": 111.0740966796875, "mean_episode_length": 85.4225352112676, "success_rate": 0.16901408450704225, "collision_rate": 0.8169014084507042, "out_of_bounds_rate": 0.0, "timeout_rate": 0.014084507042253521, "policy_loss": -0.00027612410485744476, "value_loss": 11.339561939239502, "entropy": 0.596051424741745, "approx_kl": 0.0017273468838538975, "clip_fraction": 0.011962890625, "grad_norm": 46.507765769958496, "explained_variance": 0.745521068572998, "action_std_mean": 0.3260287046432495, "optimizer_iterations": 4.0, "lr": 2.0209920000000006e-05}
{"step": 4005888, "wall_time": 1790712734.5196552, "episodes_completed": 55.0, "mean_episode_reward": 11.014878264340487, "std_episode_reward": 22.512186261736378, "min_episode_reward": -9.9055814743042, "max_episode_reward": 92.32038879394531, "mean_episode_length": 92.87272727272727, "success_rate": 0.2909090909090909, "collision_rate": 0.7090909090909091, "out_of_bounds_rate": 0.0, "timeout_rate": 0.0, "policy_loss": 0.00010682200081646442, "value_loss": 7.0245959758758545, "entropy": 0.5960694253444672, "approx_kl": 0.002181472511438187, "clip_fraction": 0.02001953125, "grad_norm": 50.43586730957031, "explained_variance": 0.8328168988227844, "action_std_mean": 0.32602643966674805, "optimizer_iterations": 4.0, "lr": 2.004608e-05}
{"step": 4014080, "wall_time": 1790712764.5816476, "episodes_completed": 63.0, "mean_episode_reward": 8.596465701148624, "std_episode_reward": 16.73173361530546, "min_episode_reward": -9.839016914367676, "max_episode_reward": 72.61300659179688, "mean_episode_length": 86.3015873015873, "success_rate": 0.19047619047619047, "collision_rate": 0.8095238095238095, "out_of_bounds_rate": 0.0, "timeout_rate": 0.0, "policy_loss": 0.0003175153397023678, "value_loss": 10.572162389755249, "entropy": 0.5960507988929749, "approx_kl": 0.0011830420698970556, "clip_fraction": 0.0079345703125, "grad_norm": 67.861891746521, "explained_variance": 0.7611351013183594, "action_std_mean": 0.32602477073669434, "optimizer_iterations": 4.0, "lr": 1.9882239999999997e-05}
{"step": 4022272, "wall_time": 1790712793.997961, "episodes_completed": 61.0, "mean_episode_reward": 6.545191022216296, "std_episode_reward": 16.904481781631155, "min_episode_reward": -10.383132934570312, "max_episode_reward": 46.266265869140625, "mean_episode_length": 74.18032786885246, "success_rate": 0.19672131147540983, "collision_rate": 0.8032786885245902, "out_of_bounds_rate": 0.0, "timeout_rate": 0.0, "policy_loss": 0.0002840969245880842, "value_loss": 8.830669403076172, "entropy": 0.5960436761379242, "approx_kl": 0.0014432209427468479, "clip_fraction": 0.013031005859375, "grad_norm": 45.82701873779297, "explained_variance": 0.7976788282394409, "action_std_mean": 0.32602304220199585, "optimizer_iterations": 4.0, "lr": 1.9718400000000004e-05}
{"step": 4030464, "wall_time": 1790712823.4745555, "episodes_completed": 50.0, "mean_episode_reward": 11.26923707962036, "std_episode_reward": 20.811173668665727, "min_episode_reward": -10.516576766967773, "max_episode_reward": 87.76744079589844, "mean_episode_length": 108.42, "success_rate": 0.22, "collision_rate": 0.78, "out_of_bounds_rate": 0.0, "timeout_rate": 0.0, "policy_loss": -0.00017509970348328352, "value_loss": 8.168305397033691, "entropy": 0.5960288345813751, "approx_kl": 0.002824101014994085, "clip_fraction": 0.03143310546875, "grad_norm": 57.56918907165527, "explained_variance": 0.8043772578239441, "action_std_mean": 0.32601988315582275, "optimizer_iterations": 4.0, "lr": 1.9554559999999998e-05}
{"step": 4038656, "wall_time": 1790712853.573618, "episodes_completed": 54.0, "mean_episode_reward": 7.090822248547165, "std_episode_reward": 18.289657208896486, "min_episode_reward": -9.809942245483398, "max_episode_reward": 73.51255798339844, "mean_episode_length": 78.31481481481481, "success_rate": 0.16666666666666666, "collision_rate": 0.8148148148148148, "out_of_bounds_rate": 0.0, "timeout_rate": 0.018518518518518517, "policy_loss": 2.7076341211795807e-05, "value_loss": 8.031253457069397, "entropy": 0.5960088968276978, "approx_kl": 0.00222222413867712, "clip_fraction": 0.022216796875, "grad_norm": 42.91946315765381, "explained_variance": 0.8323902487754822, "action_std_mean": 0.32601624727249146, "optimizer_iterations": 4.0, "lr": 1.9390719999999995e-05}
{"step": 4046848, "wall_time": 1790712883.2225277, "episodes_completed": 49.0, "mean_episode_reward": 13.320577348981585, "std_episode_reward": 20.89616015028382, "min_episode_reward": -9.814784049987793, "max_episode_reward": 62.263389587402344, "mean_episode_length": 92.46938775510205, "success_rate": 0.3673469387755102, "collision_rate": 0.6326530612244898, "out_of_bounds_rate": 0.0, "timeout_rate": 0.0, "policy_loss": -0.0010823891498148441, "value_loss": 4.857309460639954, "entropy": 0.595989853143692, "approx_kl": 0.0014127081813057885, "clip_fraction": 0.0113525390625, "grad_norm": 57.61241817474365, "explained_variance": 0.8927153944969177, "action_std_mean": 0.326016366481781, "optimizer_iterations": 4.0, "lr": 1.9226880000000003e-05}
{"step": 4055040, "wall_time": 1790712913.5035892, "episodes_completed": 48.0, "mean_episode_reward": 13.87001602910459, "std_episode_reward": 26.438092165797382, "min_episode_reward": -9.808364868164062, "max_episode_reward": 87.88717651367188, "mean_episode_length": 115.60416666666667, "success_rate": 0.20833333333333334, "collision_rate": 0.75, "out_of_bounds_rate": 0.0, "timeout_rate": 0.041666666666666664, "policy_loss": 0.0007178925443440676, "value_loss": 6.205259084701538, "entropy": 0.5960032641887665, "approx_kl": 0.0035382016212679446, "clip_fraction": 0.032745361328125, "grad_norm": 51.66045951843262, "explained_variance": 0.8663371801376343, "action_std_mean": 0.32602059841156006, "optimizer_iterations": 4.0, "lr": 1.906304e-05}
{"step": 4063232, "wall_time": 1790712944.4379253, "episodes_completed": 68.0, "mean_episode_reward": 9.88119120457593, "std_episode_reward": 22.974143005651094, "min_episode_reward": -10.28154182434082, "max_episode_reward": 86.47854614257812, "mean_episode_length": 90.23529411764706, "success_rate": 0.19117647058823528, "collision_rate": 0.8088235294117647, "out_of_bounds_rate": 0.0, "timeout_rate": 0.0, "policy_loss": 0.00045678671449422836, "value_loss": 9.941958665847778, "entropy": 0.5960282981395721, "approx_kl": 0.0012919122382299975, "clip_fraction": 0.0113525390625, "grad_norm": 51.05117321014404, "explained_variance": 0.7855484485626221, "action_std_mean": 0.3260241448879242, "optimizer_iterations": 4.0, "lr": 1.8899200000000007e-05}
{"step": 4071424, "wall_time": 1790712974.3962402, "episodes_completed": 46.0, "mean_episode_reward": 14.08478017475294, "std_episode_reward": 23.58206380896324, "min_episode_reward": -9.809327125549316, "max_episode_reward": 94.84037780761719, "mean_episode_length": 102.58695652173913, "success_rate": 0.2826086956521739, "collision_rate": 0.717391304347826, "out_of_bounds_rate": 0.0, "timeout_rate": 0.0, "policy_loss": 0.0005450064782053232, "value_loss": 8.492271184921265, "entropy": 0.5960451364517212, "approx_kl": 0.0014819276984781027, "clip_fraction": 0.01446533203125, "grad_norm": 52.184926986694336, "explained_variance": 0.8043770790100098, "action_std_mean": 0.32602524757385254, "optimizer_iterations": 4.0, "lr": 1.873536e-05}
{"step": 4079616, "wall_time": 1790713004.4699051, "episodes_completed": 48.0, "mean_episode_reward": 10.578607380390167, "std_episode_reward": 21.308129143137375, "min_episode_reward": -9.922247886657715, "max_episode_reward": 69.47950744628906, "mean_episode_length": 99.47916666666667, "success_rate": 0.2916666666666667, "collision_rate": 0.7083333333333334, "out_of_bounds_rate": 0.0, "timeout_rate": 0.0, "policy_loss": -0.0004806851502507925, "value_loss": 6.734350562095642, "entropy": 0.5960432291030884, "approx_kl": 0.0005673562627634965, "clip_fraction": 0.001922607421875, "grad_norm": 46.26109743118286, "explained_variance": 0.8499308228492737, "action_std_mean": 0.3260226845741272, "optimizer_iterations": 4.0, "lr": 1.8571519999999998e-05}
{"step": 4087808, "wall_time": 1790713033.8208163, "episodes_completed": 52.0, "mean_episode_reward": 8.943099700487577, "std_episode_reward": 21.775113469919543, "min_episode_reward": -9.820652961730957, "max_episode_reward": 92.28169250488281, "mean_episode_length": 77.0576923076923, "success_rate": 0.25, "collision_rate": 0.75, "out_of_bounds_rate": 0.0, "timeout_rate": 0.0, "policy_loss": -0.000632324256002903, "value_loss": 6.107117414474487, "entropy": 0.5960138440132141, "approx_kl": 0.001079327706975164, "clip_fraction": 0.008087158203125, "grad_norm": 27.775848865509033, "explained_variance": 0.8585672974586487, "action_std_mean": 0.32601335644721985, "optimizer_iterations": 4.0, "lr": 1.8407680000000005e-05}
{"step": 4096000, "wall_time": 1790713062.8957496, "episodes_completed": 47.0, "mean_episode_reward": 9.963020491314696, "std_episode_reward": 23.020701713138557, "min_episode_reward": -9.89853286743164, "max_episode_reward": 82.74730682373047, "mean_episode_length": 93.12765957446808, "success_rate": 0.23404255319148937, "collision_rate": 0.7446808510638298, "out_of_bounds_rate": 0.0, "timeout_rate": 0.02127659574468085, "policy_loss": -0.0006839539855718613, "value_loss": 7.326688766479492, "entropy": 0.5959407985210419, "approx_kl": 0.0017529924152768217, "clip_fraction": 0.0169677734375, "grad_norm": 40.847312927246094, "explained_variance": 0.8445408344268799, "action_std_mean": 0.3259977698326111, "optimizer_iterations": 4.0, "lr": 1.8243840000000003e-05}
{"step": 4104192, "wall_time": 1790713092.334115, "episodes_completed": 27.0, "mean_episode_reward": 18.73265035726406, "std_episode_reward": 25.76197492584872, "min_episode_reward": -9.801012992858887, "max_episode_reward": 69.00102233886719, "mean_episode_length": 150.25925925925927, "success_rate": 0.2962962962962963, "collision_rate": 0.6666666666666666, "out_of_bounds_rate": 0.0, "timeout_rate": 0.037037037037037035, "policy_loss": 0.00019829184748232365, "value_loss": 5.5207966566085815, "entropy": 0.5958338379859924, "approx_kl": 0.001617909874767065, "clip_fraction": 0.0135498046875, "grad_norm": 43.610188484191895, "explained_variance": 0.8794953227043152, "action_std_mean": 0.3259778916835785, "optimizer_iterations": 4.0, "lr": 1.8079999999999996e-05}
{"step": 4112384, "wall_time": 1790713122.0494416, "episodes_completed": 56.0, "mean_episode_reward": 11.832239321299962, "std_episode_reward": 23.001184111471176, "min_episode_reward": -9.856419563293457, "max_episode_reward": 81.29985809326172, "mean_episode_length": 96.42857142857143, "success_rate": 0.30357142857142855, "collision_rate": 0.6785714285714286, "out_of_bounds_rate": 0.0, "timeout_rate": 0.017857142857142856, "policy_loss": -0.0005366932600736618, "value_loss": 8.182918310165405, "entropy": 0.5957151651382446, "approx_kl": 0.001199245496536605, "clip_fraction": 0.008575439453125, "grad_norm": 56.72963237762451, "explained_variance": 0.7914255857467651, "action_std_mean": 0.3259612023830414, "optimizer_iterations": 4.0, "lr": 1.7916160000000004e-05}
{"step": 4120576, "wall_time": 1790713152.013441, "episodes_completed": 59.0, "mean_episode_reward": 7.160310700788337, "std_episode_reward": 20.810891638166034, "min_episode_reward": -9.826254844665527, "max_episode_reward": 97.02725982666016, "mean_episode_length": 78.72881355932203, "success_rate": 0.1694915254237288, "collision_rate": 0.7966101694915254, "out_of_bounds_rate": 0.0, "timeout_rate": 0.03389830508474576, "policy_loss": -0.000867385882884264, "value_loss": 8.900386571884155, "entropy": 0.59562748670578, "approx_kl": 0.000807901524240151, "clip_fraction": 0.00274658203125, "grad_norm": 54.21962928771973, "explained_variance": 0.8063479065895081, "action_std_mean": 0.325950562953949, "optimizer_iterations": 4.0, "lr": 1.775232e-05}
{"step": 4128768, "wall_time": 1790713181.7352505, "episodes_completed": 58.0, "mean_episode_reward": 11.83797676270378, "std_episode_reward": 21.266664049895578, "min_episode_reward": -9.81466293334961, "max_episode_reward": 86.45957946777344, "mean_episode_length": 94.05172413793103, "success_rate": 0.3103448275862069, "collision_rate": 0.6724137931034483, "out_of_bounds_rate": 0.0, "timeout_rate": 0.017241379310344827, "policy_loss": 0.0004278917331248522, "value_loss": 6.880059599876404, "entropy": 0.5955716967582703, "approx_kl": 0.0020856814517173916, "clip_fraction": 0.020904541015625, "grad_norm": 62.09291362762451, "explained_variance": 0.8417788743972778, "action_std_mean": 0.32594364881515503, "optimizer_iterations": 4.0, "lr": 1.7588479999999995e-05}
{"step": 4136960, "wall_time": 1790713211.3548176, "episodes_completed": 71.0, "mean_episode_reward": 10.71834761659864, "std_episode_reward": 23.041606925134914, "min_episode_reward": -9.818403244018555, "max_episode_reward": 81.9234848022461, "mean_episode_length": 92.11267605633803, "success_rate": 0.28169014084507044, "collision_rate": 0.7183098591549296, "out_of_bounds_rate": 0.0, "timeout_rate": 0.0, "policy_loss": -0.00012860039714723825, "value_loss": 9.088939189910889, "entropy": 0.5955308675765991, "approx_kl": 0.0012671580770984292, "clip_fraction": 0.00811767578125, "grad_norm": 51.89803600311279, "explained_variance": 0.8049004673957825, "action_std_mean": 0.3259366750717163, "optimizer_iterations": 4.0, "lr": 1.7424640000000002e-05}
{"step": 4145152, "wall_time": 1790713241.4685204, "episodes_completed": 51.0, "mean_episode_reward": 13.53563002423913, "std_episode_reward": 21.907638857680944, "min_episode_reward": -9.821249008178711, "max_episode_reward": 77.41584014892578, "mean_episode_length": 111.7843137254902, "success_rate": 0.17647058823529413, "collision_rate": 0.803921568627451, "out_of_bounds_rate": 0.0, "timeout_rate": 0.0196078431372549, "policy_loss": -0.00016286340542137623, "value_loss": 8.01893937587738, "entropy": 0.595491886138916, "approx_kl": 0.0014174051393638365, "clip_fraction": 0.01141357421875, "grad_norm": 62.09212875366211, "explained_variance": 0.825641393661499, "action_std_mean": 0.32593274116516113, "optimizer_iterations": 4.0, "lr": 1.72608e-05}
{"step": 4153344, "wall_time": 1790713271.8866491, "episodes_completed": 44.0, "mean_episode_reward": 15.331104408610951, "std_episode_reward": 26.66570158378552, "min_episode_reward": -9.801856994628906, "max_episode_reward": 102.13843536376953, "mean_episode_length": 110.5909090909091, "success_rate": 0.25, "collision_rate": 0.75, "out_of_bounds_rate": 0.0, "timeout_rate": 0.0, "policy_loss": -0.0004781156312674284, "value_loss": 7.070547699928284, "entropy": 0.5954832434654236, "approx_kl": 0.0010614237835397944, "clip_fraction": 0.007293701171875, "grad_norm": 40.93618106842041, "explained_variance": 0.8428665399551392, "action_std_mean": 0.3259366452693939, "optimizer_iterations": 4.0, "lr": 1.7096960000000006e-05}
{"step": 4161536, "wall_time": 1790713301.7496617, "episodes_completed": 52.0, "mean_episode_reward": 11.456038016539354, "std_episode_reward": 22.42779914580601, "min_episode_reward": -9.81131362915039, "max_episode_reward": 85.37075805664062, "mean_episode_length": 94.28846153846153, "success_rate": 0.25, "collision_rate": 0.75, "out_of_bounds_rate": 0.0, "timeout_rate": 0.0, "policy_loss": 0.00023556331871077418, "value_loss": 8.180107116699219, "entropy": 0.5955234169960022, "approx_kl": 0.0012636252395168412, "clip_fraction": 0.011962890625, "grad_norm": 49.558542251586914, "explained_variance": 0.8262206315994263, "action_std_mean": 0.3259463906288147, "optimizer_iterations": 4.0, "lr": 1.6933120000000004e-05}
{"step": 4169728, "wall_time": 1790713331.6983616, "episodes_completed": 61.0, "mean_episode_reward": 8.007434610460626, "std_episode_reward": 16.872479333267343, "min_episode_reward": -10.547812461853027, "max_episode_reward": 52.560203552246094, "mean_episode_length": 74.60655737704919, "success_rate": 0.2786885245901639, "collision_rate": 0.7213114754098361, "out_of_bounds_rate": 0.0, "timeout_rate": 0.0, "policy_loss": 0.0003662745002657175, "value_loss": 9.61874794960022, "entropy": 0.5955767631530762, "approx_kl": 0.001332752282905858, "clip_fraction": 0.012176513671875, "grad_norm": 48.74454355239868, "explained_variance": 0.7654095888137817, "action_std_mean": 0.3259498178958893, "optimizer_iterations": 4.0, "lr": 1.6769279999999997e-05}
{"step": 4177920, "wall_time": 1790713361.8017964, "episodes_completed": 73.0, "mean_episode_reward": 10.877052921138398, "std_episode_reward": 21.311839568342545, "min_episode_reward": -9.812747955322266, "max_episode_reward": 79.36236572265625, "mean_episode_length": 89.93150684931507, "success_rate": 0.3013698630136986, "collision_rate": 0.6986301369863014, "out_of_bounds_rate": 0.0, "timeout_rate": 0.0, "policy_loss": -0.0004797177389264107, "value_loss": 9.340677738189697, "entropy": 0.5955765545368195, "approx_kl": 0.001339678157819435, "clip_fraction": 0.010711669921875, "grad_norm": 60.161048889160156, "explained_variance": 0.7626776695251465, "action_std_mean": 0.3259469270706177, "optimizer_iterations": 4.0, "lr": 1.6605440000000005e-05}
{"step": 4186112, "wall_time": 1790713392.4442012, "episodes_completed": 57.0, "mean_episode_reward": 10.8197132411756, "std_episode_reward": 23.4360795866394, "min_episode_reward": -9.969316482543945, "max_episode_reward": 83.21466827392578, "mean_episode_length": 103.0701754385965, "success_rate": 0.21052631578947367, "collision_rate": 0.7894736842105263, "out_of_bounds_rate": 0.0, "timeout_rate": 0.0, "policy_loss": -0.0002529914490878582, "value_loss": 9.36756181716919, "entropy": 0.595563143491745, "approx_kl": 0.0006848798620922025, "clip_fraction": 0.0028076171875, "grad_norm": 54.33862018585205, "explained_variance": 0.7987041473388672, "action_std_mean": 0.3259470462799072, "optimizer_iterations": 4.0, "lr": 1.6441600000000002e-05}
{"step": 4194304, "wall_time": 1790713422.9289467, "episodes_completed": 54.0, "mean_episode_reward": 9.95458052776478, "std_episode_reward": 22.700262815910634, "min_episode_reward": -9.813837051391602, "max_episode_reward": 107.9368896484375, "mean_episode_length": 93.57407407407408, "success_rate": 0.16666666666666666, "collision_rate": 0.8333333333333334, "out_of_bounds_rate": 0.0, "timeout_rate": 0.0, "policy_loss": -0.0008543836884200573, "value_loss": 6.81531298160553, "entropy": 0.5955678820610046, "approx_kl": 0.000592162279644981, "clip_fraction": 0.001495361328125, "grad_norm": 48.19961738586426, "explained_variance": 0.8688825964927673, "action_std_mean": 0.32594752311706543, "optimizer_iterations": 4.0, "lr": 1.627776e-05}
{"step": 4202496, "wall_time": 1790713453.2021837, "episodes_completed": 55.0, "mean_episode_reward": 13.110032983259721, "std_episode_reward": 23.207780824927, "min_episode_reward": -9.808564186096191, "max_episode_reward": 100.9728775024414, "mean_episode_length": 99.23636363636363, "success_rate": 0.2727272727272727, "collision_rate": 0.7272727272727273, "out_of_bounds_rate": 0.0, "timeout_rate": 0.0, "policy_loss": -0.0008593052625656128, "value_loss": 8.534416198730469, "entropy": 0.5955652892589569, "approx_kl": 0.001996329490793869, "clip_fraction": 0.0206298828125, "grad_norm": 50.51156806945801, "explained_variance": 0.8088628649711609, "action_std_mean": 0.3259459137916565, "optimizer_iterations": 4.0, "lr": 1.6113920000000003e-05}
{"step": 4210688, "wall_time": 1790713483.6945913, "episodes_completed": 62.0, "mean_episode_reward": 14.6812890191232, "std_episode_reward": 26.105771303409828, "min_episode_reward": -9.815337181091309, "max_episode_reward": 98.72122192382812, "mean_episode_length": 109.48387096774194, "success_rate": 0.25806451612903225, "collision_rate": 0.7419354838709677, "out_of_bounds_rate": 0.0, "timeout_rate": 0.0, "policy_loss": -2.8275884687900543e-05, "value_loss": 8.748661756515503, "entropy": 0.5955645740032196, "approx_kl": 0.0012831254789489321, "clip_fraction": 0.011627197265625, "grad_norm": 46.07634353637695, "explained_variance": 0.7839861512184143, "action_std_mean": 0.325951486825943, "optimizer_iterations": 4.0, "lr": 1.595008e-05}
{"step": 4218880, "wall_time": 1790713513.7931728, "episodes_completed": 66.0, "mean_episode_reward": 9.476032011436693, "std_episode_reward": 19.27767439399332, "min_episode_reward": -9.843109130859375, "max_episode_reward": 61.08074951171875, "mean_episode_length": 90.5909090909091, "success_rate": 0.18181818181818182, "collision_rate": 0.8181818181818182, "out_of_bounds_rate": 0.0, "timeout_rate": 0.0, "policy_loss": -0.00010002497583627701, "value_loss": 10.90601897239685, "entropy": 0.595613569021225, "approx_kl": 0.0007151071913540363, "clip_fraction": 0.00372314453125, "grad_norm": 40.47361516952515, "explained_variance": 0.7455766201019287, "action_std_mean": 0.3259608745574951, "optimizer_iterations": 4.0, "lr": 1.5786239999999997e-05}
{"step": 4227072, "wall_time": 1790713543.6177173, "episodes_completed": 52.0, "mean_episode_reward": 9.353133073219887, "std_episode_reward": 18.822813746361707, "min_episode_reward": -9.810391426086426, "max_episode_reward": 62.10891342163086, "mean_episode_length": 85.28846153846153, "success_rate": 0.23076923076923078, "collision_rate": 0.7692307692307693, "out_of_bounds_rate": 0.0, "timeout_rate": 0.0, "policy_loss": 0.00015745102427899837, "value_loss": 7.310150504112244, "entropy": 0.5956609547138214, "approx_kl": 0.0007297516203834675, "clip_fraction": 0.00372314453125, "grad_norm": 51.86938285827637, "explained_variance": 0.8235349655151367, "action_std_mean": 0.3259638547897339, "optimizer_iterations": 4.0, "lr": 1.5622400000000005e-05}
{"step": 4235264, "wall_time": 1790713572.526235, "episodes_completed": 38.0, "mean_episode_reward": 10.496996478030557, "std_episode_reward": 20.77230011696978, "min_episode_reward": -9.803746223449707, "max_episode_reward": 80.38334655761719, "mean_episode_length": 104.1842105263158, "success_rate": 0.3684210526315789, "collision_rate": 0.631578947368421, "out_of_bounds_rate": 0.0, "timeout_rate": 0.0, "policy_loss": -0.0003618230111896992, "value_loss": 4.796163201332092, "entropy": 0.5956638157367706, "approx_kl": 0.0016436564328614622, "clip_fraction": 0.015960693359375, "grad_norm": 41.44484233856201, "explained_variance": 0.8858391642570496, "action_std_mean": 0.3259615898132324, "optimizer_iterations": 4.0, "lr": 1.545856e-05}
{"step": 4243456, "wall_time": 1790713602.6836488, "episodes_completed": 71.0, "mean_episode_reward": 8.167484755667163, "std_episode_reward": 18.060392540715398, "min_episode_reward": -9.822822570800781, "max_episode_reward": 55.82511901855469, "mean_episode_length": 92.61971830985915, "success_rate": 0.23943661971830985, "collision_rate": 0.7464788732394366, "out_of_bounds_rate": 0.0, "timeout_rate": 0.014084507042253521, "policy_loss": 0.000654648756608367, "value_loss": 10.74344778060913, "entropy": 0.5956417918205261, "approx_kl": 0.0019789892539847642, "clip_fraction": 0.0206298828125, "grad_norm": 60.110236167907715, "explained_variance": 0.7113136649131775, "action_std_mean": 0.3259546160697937, "optimizer_iterations": 4.0, "lr": 1.5294719999999996e-05}
{"step": 4251648, "wall_time": 1790713632.169263, "episodes_completed": 57.0, "mean_episode_reward": 8.034475485483805, "std_episode_reward": 20.092893421800426, "min_episode_reward": -9.864876747131348, "max_episode_reward": 74.74297332763672, "mean_episode_length": 80.75438596491227, "success_rate": 0.17543859649122806, "collision_rate": 0.8245614035087719, "out_of_bounds_rate": 0.0, "timeout_rate": 0.0, "policy_loss": -0.0007371567189693451, "value_loss": 7.028539180755615, "entropy": 0.595585972070694, "approx_kl": 0.0006548298333655111, "clip_fraction": 0.0025634765625, "grad_norm": 38.72298574447632, "explained_variance": 0.8580540418624878, "action_std_mean": 0.3259426951408386, "optimizer_iterations": 4.0, "lr": 1.5130880000000003e-05}
{"step": 4259840, "wall_time": 1790713661.8883035, "episodes_completed": 50.0, "mean_episode_reward": 12.299380359649659, "std_episode_reward": 19.294676760193006, "min_episode_reward": -9.813385009765625, "max_episode_reward": 63.3272705078125, "mean_episode_length": 97.64, "success_rate": 0.32, "collision_rate": 0.68, "out_of_bounds_rate": 0.0, "timeout_rate": 0.0, "policy_loss": -0.0005593516398221254, "value_loss": 9.241967678070068, "entropy": 0.5955120325088501, "approx_kl": 0.0006041973756509833, "clip_fraction": 0.002593994140625, "grad_norm": 47.64536190032959, "explained_variance": 0.7630950212478638, "action_std_mean": 0.3259310722351074, "optimizer_iterations": 4.0, "lr": 1.4967039999999999e-05}
{"step": 4268032, "wall_time": 1790713691.5852308, "episodes_completed": 58.0, "mean_episode_reward": 11.342295859651319, "std_episode_reward": 24.10572104394862, "min_episode_reward": -10.37540340423584, "max_episode_reward": 89.34268951416016, "mean_episode_length": 101.79310344827586, "success_rate": 0.22413793103448276, "collision_rate": 0.7413793103448276, "out_of_bounds_rate": 0.0, "timeout_rate": 0.034482758620689655, "policy_loss": -0.0002642067847773433, "value_loss": 8.803548812866211, "entropy": 0.5954397916793823, "approx_kl": 0.001022440381348133, "clip_fraction": 0.00823974609375, "grad_norm": 49.46743202209473, "explained_variance": 0.8172046542167664, "action_std_mean": 0.3259185254573822, "optimizer_iterations": 4.0, "lr": 1.4803200000000006e-05}
{"step": 4276224, "wall_time": 1790713721.3362455, "episodes_completed": 47.0, "mean_episode_reward": 12.864693205407326, "std_episode_reward": 23.50179882556828, "min_episode_reward": -9.896461486816406, "max_episode_reward": 85.43611145019531, "mean_episode_length": 104.59574468085107, "success_rate": 0.1702127659574468, "collision_rate": 0.8297872340425532, "out_of_bounds_rate": 0.0, "timeout_rate": 0.0, "policy_loss": 0.00024732062593102455, "value_loss": 8.818970680236816, "entropy": 0.5953667461872101, "approx_kl": 0.0027334755286574364, "clip_fraction": 0.03289794921875, "grad_norm": 67.79225063323975, "explained_variance": 0.7953925728797913, "action_std_mean": 0.3259088397026062, "optimizer_iterations": 4.0, "lr": 1.4639360000000001e-05}
{"step": 4284416, "wall_time": 1790713751.4083307, "episodes_completed": 60.0, "mean_episode_reward": 9.694446507096291, "std_episode_reward": 17.30247773608305, "min_episode_reward": -9.800286293029785, "max_episode_reward": 80.75173950195312, "mean_episode_length": 93.78333333333333, "success_rate": 0.21666666666666667, "collision_rate": 0.7666666666666667, "out_of_bounds_rate": 0.0, "timeout_rate": 0.016666666666666666, "policy_loss": -0.00044165109284222126, "value_loss": 8.040745258331299, "entropy": 0.5953189134597778, "approx_kl": 0.0009024603205034509, "clip_fraction": 0.00469970703125, "grad_norm": 61.486891746520996, "explained_variance": 0.8272513151168823, "action_std_mean": 0.3259040117263794, "optimizer_iterations": 4.0, "lr": 1.4475519999999999e-05}
{"step": 4292608, "wall_time": 1790713782.1997185, "episodes_completed": 45.0, "mean_episode_reward": 18.365115239885117, "std_episode_reward": 25.53492544600534, "min_episode_reward": -9.80417537689209, "max_episode_reward": 96.61570739746094, "mean_episode_length": 127.15555555555555, "success_rate": 0.4, "collision_rate": 0.6, "out_of_bounds_rate": 0.0, "timeout_rate": 0.0, "policy_loss": -0.0004238719120621681, "value_loss": 6.112284064292908, "entropy": 0.5952985882759094, "approx_kl": 0.0009641955548431724, "clip_fraction": 0.0074462890625, "grad_norm": 53.10799980163574, "explained_variance": 0.8393727540969849, "action_std_mean": 0.32590335607528687, "optimizer_iterations": 4.0, "lr": 1.4311680000000006e-05}
{"step": 4300800, "wall_time": 1790713811.8110554, "episodes_completed": 41.0, "mean_episode_reward": 17.75518783708898, "std_episode_reward": 23.76841907093983, "min_episode_reward": -9.801536560058594, "max_episode_reward": 73.1570053100586, "mean_episode_length": 117.65853658536585, "success_rate": 0.4146341463414634, "collision_rate": 0.5853658536585366, "out_of_bounds_rate": 0.0, "timeout_rate": 0.0, "policy_loss": -0.0003914495464414358, "value_loss": 5.729038834571838, "entropy": 0.5953020751476288, "approx_kl": 0.0004724025639006868, "clip_fraction": 0.001708984375, "grad_norm": 39.946977615356445, "explained_variance": 0.8460726141929626, "action_std_mean": 0.32590451836586, "optimizer_iterations": 4.0, "lr": 1.4147840000000001e-05}
{"step": 4308992, "wall_time": 1790713841.924979, "episodes_completed": 42.0, "mean_episode_reward": 13.589518657752446, "std_episode_reward": 24.736903480087058, "min_episode_reward": -9.806605339050293, "max_episode_reward": 107.4443588256836, "mean_episode_length": 127.52380952380952, "success_rate": 0.2619047619047619, "collision_rate": 0.7142857142857143, "out_of_bounds_rate": 0.0, "timeout_rate": 0.023809523809523808, "policy_loss": -0.0005738227628171444, "value_loss": 6.793260812759399, "entropy": 0.5953116714954376, "approx_kl": 0.0016562858145334758, "clip_fraction": 0.016571044921875, "grad_norm": 48.43368911743164, "explained_variance": 0.8297107219696045, "action_std_mean": 0.3259074091911316, "optimizer_iterations": 4.0, "lr": 1.3983999999999997e-05}
{"step": 4317184, "wall_time": 1790713871.709442, "episodes_completed": 58.0, "mean_episode_reward": 11.76034992290982, "std_episode_reward": 19.55675759539148, "min_episode_reward": -9.810761451721191, "max_episode_reward": 64.61329650878906, "mean_episode_length": 103.46551724137932, "success_rate": 0.3275862068965517, "collision_rate": 0.6551724137931034, "out_of_bounds_rate": 0.0, "timeout_rate": 0.017241379310344827, "policy_loss": 2.0665349438786507e-05, "value_loss": 7.911045670509338, "entropy": 0.5953422486782074, "approx_kl": 0.0033830521279014647, "clip_fraction": 0.0394287109375, "grad_norm": 47.239806175231934, "explained_variance": 0.7815573811531067, "action_std_mean": 0.3259163498878479, "optimizer_iterations": 4.0, "lr": 1.3820160000000004e-05}
{"step": 4325376, "wall_time": 1790713901.716011, "episodes_completed": 62.0, "mean_episode_reward": 10.928345534109301, "std_episode_reward": 19.43281064887058, "min_episode_reward": -9.818670272827148, "max_episode_reward": 91.67061614990234, "mean_episode_length": 92.33870967741936, "success_rate": 0.1935483870967742, "collision_rate": 0.8064516129032258, "out_of_bounds_rate": 0.0, "timeout_rate": 0.0, "policy_loss": 0.0004825859796255827, "value_loss": 9.654272079467773, "entropy": 0.5953998267650604, "approx_kl": 0.0006168418440211099, "clip_fraction": 0.003326416015625, "grad_norm": 49.488709449768066, "explained_variance": 0.7847808003425598, "action_std_mean": 0.3259243667125702, "optimizer_iterations": 4.0, "lr": 1.365632e-05}
{"step": 4333568, "wall_time": 1790713931.6628041, "episodes_completed": 59.0, "mean_episode_reward": 8.696783558797028, "std_episode_reward": 18.206825354862982, "min_episode_reward": -9.809444427490234, "max_episode_reward": 76.60011291503906, "mean_episode_length": 90.64406779661017, "success_rate": 0.22033898305084745, "collision_rate": 0.7796610169491526, "out_of_bounds_rate": 0.0, "timeout_rate": 0.0, "policy_loss": -5.569866334553808e-05, "value_loss": 10.766579866409302, "entropy": 0.5954393744468689, "approx_kl": 0.0003546289954101667, "clip_fraction": 0.00128173828125, "grad_norm": 44.489871978759766, "explained_variance": 0.7717739939689636, "action_std_mean": 0.3259280025959015, "optimizer_iterations": 4.0, "lr": 1.3492479999999997e-05}
{"step": 4341760, "wall_time": 1790713961.50893, "episodes_completed": 49.0, "mean_episode_reward": 17.442101245023768, "std_episode_reward": 24.093519173938535, "min_episode_reward": -9.805644989013672, "max_episode_reward": 82.76026916503906, "mean_episode_length": 119.75510204081633, "success_rate": 0.2857142857142857, "collision_rate": 0.7142857142857143, "out_of_bounds_rate": 0.0, "timeout_rate": 0.0, "policy_loss": -0.00019332487136125565, "value_loss": 6.554437279701233, "entropy": 0.595455527305603, "approx_kl": 0.0007093134518072475, "clip_fraction": 0.005157470703125, "grad_norm": 39.73526477813721, "explained_variance": 0.8419044613838196, "action_std_mean": 0.325930118560791, "optimizer_iterations": 4.0, "lr": 1.3328640000000003e-05}
{"step": 4349952, "wall_time": 1790713991.7951584, "episodes_completed": 74.0, "mean_episode_reward": 7.662881425909094, "std_episode_reward": 18.087222078826976, "min_episode_reward": -9.807198524475098, "max_episode_reward": 88.51991271972656, "mean_episode_length": 75.77027027027027, "success_rate": 0.20270270270270271, "collision_rate": 0.7972972972972973, "out_of_bounds_rate": 0.0, "timeout_rate": 0.0, "policy_loss": -0.00055532599799335, "value_loss": 11.858906984329224, "entropy": 0.5954649746417999, "approx_kl": 0.0011496067745611072, "clip_fraction": 0.00885009765625, "grad_norm": 88.8080997467041, "explained_variance": 0.7241392135620117, "action_std_mean": 0.3259301483631134, "optimizer_iterations": 4.0, "lr": 1.31648e-05}
{"step": 4358144, "wall_time": 1790714022.0475664, "episodes_completed": 59.0, "mean_episode_reward": 10.3010514689199, "std_episode_reward": 22.997191381969003, "min_episode_reward": -9.802393913269043, "max_episode_reward": 83.11695098876953, "mean_episode_length": 86.44067796610169, "success_rate": 0.22033898305084745, "collision_rate": 0.7627118644067796, "out_of_bounds_rate": 0.0, "timeout_rate": 0.01694915254237288, "policy_loss": -0.0004483833909034729, "value_loss": 9.047510862350464, "entropy": 0.5954592823982239, "approx_kl": 0.0008358747909369413, "clip_fraction": 0.005615234375, "grad_norm": 43.18846416473389, "explained_variance": 0.7937042713165283, "action_std_mean": 0.3259284198284149, "optimizer_iterations": 4.0, "lr": 1.3000959999999995e-05}
{"step": 4366336, "wall_time": 1790714052.1297817, "episodes_completed": 73.0, "mean_episode_reward": 10.022913632327564, "std_episode_reward": 15.273240538380547, "min_episode_reward": -9.81554889678955, "max_episode_reward": 54.31011199951172, "mean_episode_length": 88.57534246575342, "success_rate": 0.2876712328767123, "collision_rate": 0.7123287671232876, "out_of_bounds_rate": 0.0, "timeout_rate": 0.0, "policy_loss": -0.0002762335352599621, "value_loss": 10.424459457397461, "entropy": 0.5954416692256927, "approx_kl": 0.0005571769252128433, "clip_fraction": 0.002899169921875, "grad_norm": 39.4871826171875, "explained_variance": 0.7461651563644409, "action_std_mean": 0.32592278718948364, "optimizer_iterations": 4.0, "lr": 1.2837120000000003e-05}
{"step": 4374528, "wall_time": 1790714082.935951, "episodes_completed": 64.0, "mean_episode_reward": 10.05679102241993, "std_episode_reward": 20.071977049694148, "min_episode_reward": -9.8131742477417, "max_episode_reward": 80.82685089111328, "mean_episode_length": 84.875, "success_rate": 0.234375, "collision_rate": 0.765625, "out_of_bounds_rate": 0.0, "timeout_rate": 0.0, "policy_loss": -0.0007554430048912764, "value_loss": 9.009601831436157, "entropy": 0.59540656208992, "approx_kl": 0.0011418339199735783, "clip_fraction": 0.00689697265625, "grad_norm": 45.63959836959839, "explained_variance": 0.7934530377388, "action_std_mean": 0.32591935992240906, "optimizer_iterations": 4.0, "lr": 1.2673279999999998e-05}
{"step": 4382720, "wall_time": 1790714113.527155, "episodes_completed": 58.0, "mean_episode_reward": 11.460590354327497, "std_episode_reward": 23.696026146107055, "min_episode_reward": -9.813108444213867, "max_episode_reward": 81.27896881103516, "mean_episode_length": 97.29310344827586, "success_rate": 0.15517241379310345, "collision_rate": 0.8448275862068966, "out_of_bounds_rate": 0.0, "timeout_rate": 0.0, "policy_loss": -0.0004102066159248352, "value_loss": 8.159405946731567, "entropy": 0.5953929424285889, "approx_kl": 0.000853293102409225, "clip_fraction": 0.004150390625, "grad_norm": 63.731590270996094, "explained_variance": 0.8171285390853882, "action_std_mean": 0.32591837644577026, "optimizer_iterations": 4.0, "lr": 1.2509440000000005e-05}
{"step": 4390912, "wall_time": 1790714143.984385, "episodes_completed": 63.0, "mean_episode_reward": 10.74738275437128, "std_episode_reward": 21.706183733523282, "min_episode_reward": -10.765769958496094, "max_episode_reward": 90.96992492675781, "mean_episode_length": 86.5079365079365, "success_rate": 0.25396825396825395, "collision_rate": 0.746031746031746, "out_of_bounds_rate": 0.0, "timeout_rate": 0.0, "policy_loss": 0.00032897666096687317, "value_loss": 8.257897138595581, "entropy": 0.5953865945339203, "approx_kl": 0.0006786177837057039, "clip_fraction": 0.00274658203125, "grad_norm": 62.36556339263916, "explained_variance": 0.7942148447036743, "action_std_mean": 0.325916588306427, "optimizer_iterations": 4.0, "lr": 1.2345600000000001e-05}
{"step": 4399104, "wall_time": 1790714173.875097, "episodes_completed": 47.0, "mean_episode_reward": 11.003306530891582, "std_episode_reward": 18.210635132043365, "min_episode_reward": -9.808320045471191, "max_episode_reward": 56.65806579589844, "mean_episode_length": 87.87234042553192, "success_rate": 0.2978723404255319, "collision_rate": 0.7021276595744681, "out_of_bounds_rate": 0.0, "timeout_rate": 0.0, "policy_loss": -2.203555777668953e-05, "value_loss": 5.156761050224304, "entropy": 0.5953748524188995, "approx_kl": 0.00040122121026797686, "clip_fraction": 0.001068115234375, "grad_norm": 37.96490478515625, "explained_variance": 0.8818951845169067, "action_std_mean": 0.32591527700424194, "optimizer_iterations": 4.0, "lr": 1.2181759999999998e-05}
{"step": 4407296, "wall_time": 1790714203.757547, "episodes_completed": 52.0, "mean_episode_reward": 11.377044741923992, "std_episode_reward": 18.29694710982823, "min_episode_reward": -9.805325508117676, "max_episode_reward": 62.18958282470703, "mean_episode_length": 97.84615384615384, "success_rate": 0.2692307692307692, "collision_rate": 0.7307692307692307, "out_of_bounds_rate": 0.0, "timeout_rate": 0.0, "policy_loss": -0.00024313898757100105, "value_loss": 9.153348684310913, "entropy": 0.595363974571228, "approx_kl": 0.0008048976487771142, "clip_fraction": 0.004608154296875, "grad_norm": 40.81904125213623, "explained_variance": 0.7490987777709961, "action_std_mean": 0.325911283493042, "optimizer_iterations": 4.0, "lr": 1.2017920000000005e-05}
{"step": 4415488, "wall_time": 1790714233.4444818, "episodes_completed": 49.0, "mean_episode_reward": 12.18683767805294, "std_episode_reward": 23.13764860469111, "min_episode_reward": -9.933773040771484, "max_episode_reward": 82.74827575683594, "mean_episode_length": 110.36734693877551, "success_rate": 0.32653061224489793, "collision_rate": 0.6530612244897959, "out_of_bounds_rate": 0.0, "timeout_rate": 0.02040816326530612, "policy_loss": -0.0006850035861134529, "value_loss": 6.501021981239319, "entropy": 0.5953296720981598, "approx_kl": 0.0005483863715198822, "clip_fraction": 0.0015869140625, "grad_norm": 48.26897621154785, "explained_variance": 0.8483662009239197, "action_std_mean": 0.3259034752845764, "optimizer_iterations": 4.0, "lr": 1.1854080000000001e-05}
{"step": 4423680, "wall_time": 1790714263.34054, "episodes_completed": 51.0, "mean_episode_reward": 17.681824135429718, "std_episode_reward": 26.201440386441234, "min_episode_reward": -9.824895858764648, "max_episode_reward": 105.2448959350586, "mean_episode_length": 121.6470588235294, "success_rate": 0.3137254901960784, "collision_rate": 0.6666666666666666, "out_of_bounds_rate": 0.0, "timeout_rate": 0.0196078431372549, "policy_loss": -6.568408571183681e-05, "value_loss": 6.320792555809021, "entropy": 0.5952805280685425, "approx_kl": 0.0005301539840729674, "clip_fraction": 0.0035400390625, "grad_norm": 43.820427894592285, "explained_variance": 0.8458319902420044, "action_std_mean": 0.32589584589004517, "optimizer_iterations": 4.0, "lr": 1.1690239999999996e-05}
{"step": 4431872, "wall_time": 1790714293.9384186, "episodes_completed": 61.0, "mean_episode_reward": 15.095851522977235, "std_episode_reward": 20.150150288362827, "min_episode_reward": -9.81041145324707, "max_episode_reward": 74.85528564453125, "mean_episode_length": 95.65573770491804, "success_rate": 0.3770491803278688, "collision_rate": 0.6229508196721312, "out_of_bounds_rate": 0.0, "timeout_rate": 0.0, "policy_loss": -1.8441816791892052e-05, "value_loss": 9.094396829605103, "entropy": 0.5952364206314087, "approx_kl": 0.0007808213631506078, "clip_fraction": 0.004974365234375, "grad_norm": 52.26322269439697, "explained_variance": 0.7361056804656982, "action_std_mean": 0.3258891999721527, "optimizer_iterations": 4.0, "lr": 1.1526400000000004e-05}
{"step": 4440064, "wall_time": 1790714323.844199, "episodes_completed": 34.0, "mean_episode_reward": 17.223106151118, "std_episode_reward": 21.426521048598282, "min_episode_reward": -9.81084156036377, "max_episode_reward": 85.84520721435547, "mean_episode_length": 130.38235294117646, "success_rate": 0.29411764705882354, "collision_rate": 0.6764705882352942, "out_of_bounds_rate": 0.0, "timeout_rate": 0.029411764705882353, "policy_loss": -0.0002492467174306512, "value_loss": 5.813339710235596, "entropy": 0.5952027142047882, "approx_kl": 0.0009891867084661499, "clip_fraction": 0.008056640625, "grad_norm": 45.41740083694458, "explained_variance": 0.870162308216095, "action_std_mean": 0.32588672637939453, "optimizer_iterations": 4.0, "lr": 1.136256e-05}
{"step": 4448256, "wall_time": 1790714353.8182716, "episodes_completed": 55.0, "mean_episode_reward": 12.292992782592773, "std_episode_reward": 17.143164261566692, "min_episode_reward": -9.924930572509766, "max_episode_reward": 53.94162368774414, "mean_episode_length": 101.30909090909091, "success_rate": 0.2727272727272727, "collision_rate": 0.7272727272727273, "out_of_bounds_rate": 0.0, "timeout_rate": 0.0, "policy_loss": 6.7105982452631e-05, "value_loss": 7.883757591247559, "entropy": 0.5951963663101196, "approx_kl": 0.0007041057833703235, "clip_fraction": 0.00262451171875, "grad_norm": 59.72704315185547, "explained_variance": 0.8049428462982178, "action_std_mean": 0.3258865475654602, "optimizer_iterations": 4.0, "lr": 1.1198719999999996e-05}
{"step": 4456448, "wall_time": 1790714384.0119715, "episodes_completed": 61.0, "mean_episode_reward": 9.293816073996123, "std_episode_reward": 19.45770074142485, "min_episode_reward": -10.217679023742676, "max_episode_reward": 64.67678833007812, "mean_episode_length": 80.42622950819673, "success_rate": 0.2786885245901639, "collision_rate": 0.7213114754098361, "out_of_bounds_rate": 0.0, "timeout_rate": 0.0, "policy_loss": -0.00023410026915371418, "value_loss": 7.114009261131287, "entropy": 0.595192939043045, "approx_kl": 0.000323791060509393, "clip_fraction": 0.00048828125, "grad_norm": 32.043296813964844, "explained_variance": 0.833204448223114, "action_std_mean": 0.32588493824005127, "optimizer_iterations": 4.0, "lr": 1.1034880000000004e-05}
{"step": 4464640, "wall_time": 1790714414.4188647, "episodes_completed": 56.0, "mean_episode_reward": 11.85567480485354, "std_episode_reward": 19.840541054772714, "min_episode_reward": -9.808347702026367, "max_episode_reward": 88.15248107910156, "mean_episode_length": 94.48214285714286, "success_rate": 0.23214285714285715, "collision_rate": 0.75, "out_of_bounds_rate": 0.0, "timeout_rate": 0.017857142857142856, "policy_loss": 0.0009180305059999228, "value_loss": 8.95871090888977, "entropy": 0.5951829552650452, "approx_kl": 0.0013768120406894013, "clip_fraction": 0.014495849609375, "grad_norm": 50.42612028121948, "explained_variance": 0.8015421628952026, "action_std_mean": 0.3258841633796692, "optimizer_iterations": 4.0, "lr": 1.087104e-05}
{"step": 4472832, "wall_time": 1790714444.1771326, "episodes_completed": 48.0, "mean_episode_reward": 10.410313000281652, "std_episode_reward": 22.25741597113747, "min_episode_reward": -9.807638168334961, "max_episode_reward": 89.97721862792969, "mean_episode_length": 88.9375, "success_rate": 0.20833333333333334, "collision_rate": 0.7916666666666666, "out_of_bounds_rate": 0.0, "timeout_rate": 0.0, "policy_loss": -0.00040648551657795906, "value_loss": 7.731152415275574, "entropy": 0.5951827764511108, "approx_kl": 0.0022421654721256346, "clip_fraction": 0.02703857421875, "grad_norm": 46.61132097244263, "explained_variance": 0.8341060280799866, "action_std_mean": 0.32588493824005127, "optimizer_iterations": 4.0, "lr": 1.0707199999999995e-05}
{"step": 4481024, "wall_time": 1790714474.3577404, "episodes_completed": 40.0, "mean_episode_reward": 18.111670738458635, "std_episode_reward": 24.02011601090736, "min_episode_reward": -10.300198554992676, "max_episode_reward": 76.17597961425781, "mean_episode_length": 133.4, "success_rate": 0.325, "collision_rate": 0.65, "out_of_bounds_rate": 0.0, "timeout_rate": 0.025, "policy_loss": -0.0001933695748448372, "value_loss": 6.0742655992507935, "entropy": 0.5951869189739227, "approx_kl": 0.000337592127834796, "clip_fraction": 0.000701904296875, "grad_norm": 45.49424982070923, "explained_variance": 0.8575012683868408, "action_std_mean": 0.3258846402168274, "optimizer_iterations": 4.0, "lr": 1.0543360000000002e-05}
{"step": 4489216, "wall_time": 1790714504.9441278, "episodes_completed": 51.0, "mean_episode_reward": 14.652228972491097, "std_episode_reward": 24.081568126716654, "min_episode_reward": -9.97221565246582, "max_episode_reward": 90.678466796875, "mean_episode_length": 116.6078431372549, "success_rate": 0.3137254901960784, "collision_rate": 0.6862745098039216, "out_of_bounds_rate": 0.0, "timeout_rate": 0.0, "policy_loss": -0.00030305562540888786, "value_loss": 8.320995569229126, "entropy": 0.5951821804046631, "approx_kl": 0.0005123056034790352, "clip_fraction": 0.001739501953125, "grad_norm": 44.732269287109375, "explained_variance": 0.7901074886322021, "action_std_mean": 0.32588374614715576, "optimizer_iterations": 4.0, "lr": 1.0379519999999997e-05}
{"step": 4497408, "wall_time": 1790714535.384602, "episodes_completed": 67.0, "mean_episode_reward": 10.521538399938327, "std_episode_reward": 20.483856852534746, "min_episode_reward": -9.8052978515625, "max_episode_reward": 71.0774154663086, "mean_episode_length": 94.4776119402985, "success_rate": 0.208955223880597, "collision_rate": 0.7910447761194029, "out_of_bounds_rate": 0.0, "timeout_rate": 0.0, "policy_loss": -0.0006571444682776928, "value_loss": 10.73338794708252, "entropy": 0.5951800048351288, "approx_kl": 0.0011191210433025844, "clip_fraction": 0.01031494140625, "grad_norm": 40.41996192932129, "explained_variance": 0.7618498802185059, "action_std_mean": 0.32588469982147217, "optimizer_iterations": 4.0, "lr": 1.0215680000000005e-05}
{"step": 4505600, "wall_time": 1790714565.7181797, "episodes_completed": 69.0, "mean_episode_reward": 10.278140137161033, "std_episode_reward": 20.176310001868487, "min_episode_reward": -9.814708709716797, "max_episode_reward": 86.353271484375, "mean_episode_length": 84.05797101449275, "success_rate": 0.2753623188405797, "collision_rate": 0.7246376811594203, "out_of_bounds_rate": 0.0, "timeout_rate": 0.0, "policy_loss": 0.00033654196886345744, "value_loss": 10.379820346832275, "entropy": 0.5951798558235168, "approx_kl": 0.0005300691918819211, "clip_fraction": 0.0025634765625, "grad_norm": 40.206600189208984, "explained_variance": 0.7675634622573853, "action_std_mean": 0.32588061690330505, "optimizer_iterations": 4.0, "lr": 1.0051840000000002e-05}
{"step": 4513792, "wall_time": 1790714596.1046286, "episodes_completed": 57.0, "mean_episode_reward": 13.433244721931324, "std_episode_reward": 24.484108254911334, "min_episode_reward": -9.83694839477539, "max_episode_reward": 88.30113220214844, "mean_episode_length": 103.96491228070175, "success_rate": 0.19298245614035087, "collision_rate": 0.8070175438596491, "out_of_bounds_rate": 0.0, "timeout_rate": 0.0, "policy_loss": -1.6283243894577026e-05, "value_loss": 8.865745544433594, "entropy": 0.595142662525177, "approx_kl": 0.0006366637389874086, "clip_fraction": 0.004241943359375, "grad_norm": 41.84269428253174, "explained_variance": 0.7899133563041687, "action_std_mean": 0.32587292790412903, "optimizer_iterations": 4.0, "lr": 9.887999999999997e-06}
{"step": 4521984, "wall_time": 1790714626.180407, "episodes_completed": 49.0, "mean_episode_reward": 16.398180757250106, "std_episode_reward": 23.18998116510853, "min_episode_reward": -10.283530235290527, "max_episode_reward": 82.26834869384766, "mean_episode_length": 128.73469387755102, "success_rate": 0.30612244897959184, "collision_rate": 0.6938775510204082, "out_of_bounds_rate": 0.0, "timeout_rate": 0.0, "policy_loss": -0.0005033218767493963, "value_loss": 5.891308546066284, "entropy": 0.5950990915298462, "approx_kl": 0.00031422937172465026, "clip_fraction": 0.000457763671875, "grad_norm": 42.2977933883667, "explained_variance": 0.8723006248474121, "action_std_mean": 0.32586777210235596, "optimizer_iterations": 4.0, "lr": 9.724160000000005e-06}
{"step": 4530176, "wall_time": 1790714656.9990325, "episodes_completed": 71.0, "mean_episode_reward": 9.425906154471384, "std_episode_reward": 20.963205815620853, "min_episode_reward": -9.812609672546387, "max_episode_reward": 84.02684783935547, "mean_episode_length": 79.30985915492958, "success_rate": 0.23943661971830985, "collision_rate": 0.7605633802816901, "out_of_bounds_rate": 0.0, "timeout_rate": 0.0, "policy_loss": -0.00043566408567130566, "value_loss": 10.204267263412476, "entropy": 0.5950750410556793, "approx_kl": 0.0005649744853144512, "clip_fraction": 0.003448486328125, "grad_norm": 53.251553535461426, "explained_variance": 0.7768549919128418, "action_std_mean": 0.32586565613746643, "optimizer_iterations": 4.0, "lr": 9.56032e-06}
{"step": 4538368, "wall_time": 1790714687.6508017, "episodes_completed": 56.0, "mean_episode_reward": 12.870396341596331, "std_episode_reward": 24.768330401512035, "min_episode_reward": -9.809770584106445, "max_episode_reward": 98.4691390991211, "mean_episode_length": 99.69642857142857, "success_rate": 0.25, "collision_rate": 0.75, "out_of_bounds_rate": 0.0, "timeout_rate": 0.0, "policy_loss": 0.0002055160002782941, "value_loss": 8.049519658088684, "entropy": 0.59506556391716, "approx_kl": 0.001096982741728425, "clip_fraction": 0.010406494140625, "grad_norm": 44.86903953552246, "explained_variance": 0.808971107006073, "action_std_mean": 0.32586467266082764, "optimizer_iterations": 4.0, "lr": 9.396479999999996e-06}
{"step": 4546560, "wall_time": 1790714718.0879426, "episodes_completed": 62.0, "mean_episode_reward": 11.864182426083472, "std_episode_reward": 23.35369775456555, "min_episode_reward": -9.81659984588623, "max_episode_reward": 82.1445083618164, "mean_episode_length": 93.83870967741936, "success_rate": 0.22580645161290322, "collision_rate": 0.7741935483870968, "out_of_bounds_rate": 0.0, "timeout_rate": 0.0, "policy_loss": -0.00024440838024020195, "value_loss": 8.297822952270508, "entropy": 0.5950597822666168, "approx_kl": 0.0006816729001002386, "clip_fraction": 0.004547119140625, "grad_norm": 47.56254291534424, "explained_variance": 0.8096140623092651, "action_std_mean": 0.3258633613586426, "optimizer_iterations": 4.0, "lr": 9.232640000000003e-06}
{"step": 4554752, "wall_time": 1790714748.2336044, "episodes_completed": 46.0, "mean_episode_reward": 9.52717719907346, "std_episode_reward": 23.535833128780844, "min_episode_reward": -9.81145191192627, "max_episode_reward": 86.6194839477539, "mean_episode_length": 97.80434782608695, "success_rate": 0.1956521739130435, "collision_rate": 0.8043478260869565, "out_of_bounds_rate": 0.0, "timeout_rate": 0.0, "policy_loss": -0.00013647926971316338, "value_loss": 6.792976379394531, "entropy": 0.5950481295585632, "approx_kl": 0.0005858214808540652, "clip_fraction": 0.002471923828125, "grad_norm": 34.7123236656189, "explained_variance": 0.8541983366012573, "action_std_mean": 0.32586073875427246, "optimizer_iterations": 4.0, "lr": 9.0688e-06}
{"step": 4562944, "wall_time": 1790714778.4826765, "episodes_completed": 58.0, "mean_episode_reward": 12.284725723595455, "std_episode_reward": 19.85730589555262, "min_episode_reward": -9.820088386535645, "max_episode_reward": 65.05359649658203, "mean_episode_length": 93.56896551724138, "success_rate": 0.27586206896551724, "collision_rate": 0.7241379310344828, "out_of_bounds_rate": 0.0, "timeout_rate": 0.0, "policy_loss": -0.0003381054848432541, "value_loss": 7.547902226448059, "entropy": 0.5950302481651306, "approx_kl": 0.0017982058780035004, "clip_fraction": 0.019989013671875, "grad_norm": 40.39230823516846, "explained_variance": 0.8136175870895386, "action_std_mean": 0.32585781812667847, "optimizer_iterations": 4.0, "lr": 8.904959999999996e-06}
{"step": 4571136, "wall_time": 1790714808.5470405, "episodes_completed": 67.0, "mean_episode_reward": 8.911922910320225, "std_episode_reward": 18.034136019819293, "min_episode_reward": -9.80431079864502, "max_episode_reward": 54.445762634277344, "mean_episode_length": 85.0, "success_rate": 0.22388059701492538, "collision_rate": 0.7761194029850746, "out_of_bounds_rate": 0.0, "timeout_rate": 0.0, "policy_loss": -0.0005123745650053024, "value_loss": 10.317559480667114, "entropy": 0.5950140058994293, "approx_kl": 0.0006041108063072897, "clip_fraction": 0.003387451171875, "grad_norm": 33.60087966918945, "explained_variance": 0.7262293100357056, "action_std_mean": 0.3258562684059143, "optimizer_iterations": 4.0, "lr": 8.741120000000003e-06}
{"step": 4579328, "wall_time": 1790714839.2668362, "episodes_completed": 70.0, "mean_episode_reward": 12.12677696772984, "std_episode_reward": 19.927933595819415, "min_episode_reward": -9.853819847106934, "max_episode_reward": 67.31339263916016, "mean_episode_length": 88.94285714285714, "success_rate": 0.32857142857142857, "collision_rate": 0.6714285714285714, "out_of_bounds_rate": 0.0, "timeout_rate": 0.0, "policy_loss": 0.00010640081018209457, "value_loss": 9.144029140472412, "entropy": 0.5950060188770294, "approx_kl": 0.00034288873757759575, "clip_fraction": 0.00030517578125, "grad_norm": 52.439290046691895, "explained_variance": 0.744971752166748, "action_std_mean": 0.3258548974990845, "optimizer_iterations": 4.0, "lr": 8.577279999999999e-06}
{"step": 4587520, "wall_time": 1790714869.4822562, "episodes_completed": 65.0, "mean_episode_reward": 9.768289984189547, "std_episode_reward": 20.799802762949138, "min_episode_reward": -9.814118385314941, "max_episode_reward": 82.11477661132812, "mean_episode_length": 84.33846153846154, "success_rate": 0.23076923076923078, "collision_rate": 0.7692307692307693, "out_of_bounds_rate": 0.0, "timeout_rate": 0.0, "policy_loss": 0.00010926136747002602, "value_loss": 9.321749687194824, "entropy": 0.5950016975402832, "approx_kl": 0.00029984127468196675, "clip_fraction": 0.000396728515625, "grad_norm": 43.41047382354736, "explained_variance": 0.7689778804779053, "action_std_mean": 0.3258565366268158, "optimizer_iterations": 4.0, "lr": 8.413440000000006e-06}
{"step": 4595712, "wall_time": 1790714899.7376926, "episodes_completed": 69.0, "mean_episode_reward": 8.051907575864723, "std_episode_reward": 17.996098767317093, "min_episode_reward": -9.832247734069824, "max_episode_reward": 73.06201934814453, "mean_episode_length": 84.2463768115942, "success_rate": 0.14492753623188406, "collision_rate": 0.8405797101449275, "out_of_bounds_rate": 0.0, "timeout_rate": 0.014492753623188406, "policy_loss": -0.0002869182062568143, "value_loss": 9.400403022766113, "entropy": 0.5950131714344025, "approx_kl": 0.00029851005820091814, "clip_fraction": 0.000518798828125, "grad_norm": 64.04756450653076, "explained_variance": 0.7865758538246155, "action_std_mean": 0.3258562386035919, "optimizer_iterations": 4.0, "lr": 8.249600000000001e-06}
{"step": 4603904, "wall_time": 1790714929.5230205, "episodes_completed": 76.0, "mean_episode_reward": 7.254671888916116, "std_episode_reward": 16.43350783452006, "min_episode_reward": -9.814845085144043, "max_episode_reward": 50.49560546875, "mean_episode_length": 81.75, "success_rate": 0.25, "collision_rate": 0.7236842105263158, "out_of_bounds_rate": 0.0, "timeout_rate": 0.02631578947368421, "policy_loss": -0.0001769145019352436, "value_loss": 9.715306043624878, "entropy": 0.5950018763542175, "approx_kl": 0.00022887228442414198, "clip_fraction": 0.00042724609375, "grad_norm": 73.46063613891602, "explained_variance": 0.7256322503089905, "action_std_mean": 0.32585301995277405, "optimizer_iterations": 4.0, "lr": 8.085759999999999e-06}
{"step": 4612096, "wall_time": 1790714959.6372347, "episodes_completed": 81.0, "mean_episode_reward": 5.692597889605864, "std_episode_reward": 15.438831530521371, "min_episode_reward": -11.10032844543457, "max_episode_reward": 52.522926330566406, "mean_episode_length": 80.93827160493827, "success_rate": 0.12345679012345678, "collision_rate": 0.8765432098765432, "out_of_bounds_rate": 0.0, "timeout_rate": 0.0, "policy_loss": 0.00021322141401469707, "value_loss": 12.24807357788086, "entropy": 0.5949800312519073, "approx_kl": 0.0008323149231728166, "clip_fraction": 0.006011962890625, "grad_norm": 46.043087005615234, "explained_variance": 0.7183961868286133, "action_std_mean": 0.325848788022995, "optimizer_iterations": 4.0, "lr": 7.921920000000004e-06}
{"step": 4620288, "wall_time": 1790714989.1316774, "episodes_completed": 57.0, "mean_episode_reward": 7.517523163243344, "std_episode_reward": 15.84915152112714, "min_episode_reward": -9.811967849731445, "max_episode_reward": 58.77433776855469, "mean_episode_length": 74.91228070175438, "success_rate": 0.24561403508771928, "collision_rate": 0.7543859649122807, "out_of_bounds_rate": 0.0, "timeout_rate": 0.0, "policy_loss": -0.00040095613803714514, "value_loss": 6.990495920181274, "entropy": 0.5949516296386719, "approx_kl": 0.0002605710305942921, "clip_fraction": 0.0006103515625, "grad_norm": 44.445565700531006, "explained_variance": 0.8292866945266724, "action_std_mean": 0.3258429765701294, "optimizer_iterations": 4.0, "lr": 7.758080000000001e-06}
{"step": 4628480, "wall_time": 1790715019.266265, "episodes_completed": 51.0, "mean_episode_reward": 5.780469492370007, "std_episode_reward": 17.895591084493358, "min_episode_reward": -9.811659812927246, "max_episode_reward": 60.63100051879883, "mean_episode_length": 88.0, "success_rate": 0.17647058823529413, "collision_rate": 0.8235294117647058, "out_of_bounds_rate": 0.0, "timeout_rate": 0.0, "policy_loss": -0.00021934229880571365, "value_loss": 6.903453588485718, "entropy": 0.5949116945266724, "approx_kl": 0.0006974707866902463, "clip_fraction": 0.00457763671875, "grad_norm": 33.51578092575073, "explained_variance": 0.855396568775177, "action_std_mean": 0.3258356750011444, "optimizer_iterations": 4.0, "lr": 7.594239999999997e-06}
{"step": 4636672, "wall_time": 1790715049.6286662, "episodes_completed": 75.0, "mean_episode_reward": 10.235294192532699, "std_episode_reward": 20.77394700524566, "min_episode_reward": -9.810151100158691, "max_episode_reward": 84.07172393798828, "mean_episode_length": 85.88, "success_rate": 0.32, "collision_rate": 0.6533333333333333, "out_of_bounds_rate": 0.0, "timeout_rate": 0.02666666666666667, "policy_loss": 0.00020891532767564058, "value_loss": 8.388411521911621, "entropy": 0.5948716700077057, "approx_kl": 0.0014637808490078896, "clip_fraction": 0.01263427734375, "grad_norm": 37.064961433410645, "explained_variance": 0.800091028213501, "action_std_mean": 0.32583147287368774, "optimizer_iterations": 4.0, "lr": 7.430400000000004e-06}
{"step": 4644864, "wall_time": 1790715080.197356, "episodes_completed": 55.0, "mean_episode_reward": 16.226999031413687, "std_episode_reward": 24.708364383199456, "min_episode_reward": -9.917177200317383, "max_episode_reward": 88.8175048828125, "mean_episode_length": 120.85454545454546, "success_rate": 0.2727272727272727, "collision_rate": 0.7272727272727273, "out_of_bounds_rate": 0.0, "timeout_rate": 0.0, "policy_loss": 6.88089057803154e-05, "value_loss": 7.443668842315674, "entropy": 0.5948506891727448, "approx_kl": 0.00018039779388345778, "clip_fraction": 0.0003662109375, "grad_norm": 59.04839897155762, "explained_variance": 0.8204911351203918, "action_std_mean": 0.3258279263973236, "optimizer_iterations": 4.0, "lr": 7.26656e-06}
{"step": 4653056, "wall_time": 1790715110.5134737, "episodes_completed": 47.0, "mean_episode_reward": 12.358645398566063, "std_episode_reward": 26.099233173491665, "min_episode_reward": -9.806756973266602, "max_episode_reward": 104.79206085205078, "mean_episode_length": 115.44680851063829, "success_rate": 0.2553191489361702, "collision_rate": 0.7446808510638298, "out_of_bounds_rate": 0.0, "timeout_rate": 0.0, "policy_loss": -0.00014372356235980988, "value_loss": 8.363209009170532, "entropy": 0.5948263704776764, "approx_kl": 0.000113948859507218, "clip_fraction": 0.0, "grad_norm": 50.237375259399414, "explained_variance": 0.8240420818328857, "action_std_mean": 0.32582366466522217, "optimizer_iterations": 4.0, "lr": 7.102719999999996e-06}
{"step": 4661248, "wall_time": 1790715140.8798752, "episodes_completed": 56.0, "mean_episode_reward": 12.244696361677986, "std_episode_reward": 17.61387670107789, "min_episode_reward": -9.805686950683594, "max_episode_reward": 66.4218978881836, "mean_episode_length": 86.76785714285714, "success_rate": 0.32142857142857145, "collision_rate": 0.6785714285714286, "out_of_bounds_rate": 0.0, "timeout_rate": 0.0, "policy_loss": -0.00020577863324433565, "value_loss": 8.67823052406311, "entropy": 0.5948020219802856, "approx_kl": 0.0004706013969553169, "clip_fraction": 0.003082275390625, "grad_norm": 47.809447288513184, "explained_variance": 0.8004611730575562, "action_std_mean": 0.32582032680511475, "optimizer_iterations": 4.0, "lr": 6.9388800000000034e-06}
{"step": 4669440, "wall_time": 1790715170.5414886, "episodes_completed": 54.0, "mean_episode_reward": 10.578110253369367, "std_episode_reward": 17.208069408829687, "min_episode_reward": -9.814114570617676, "max_episode_reward": 66.66673278808594, "mean_episode_length": 88.61111111111111, "success_rate": 0.3333333333333333, "collision_rate": 0.6666666666666666, "out_of_bounds_rate": 0.0, "timeout_rate": 0.0, "policy_loss": -5.207303911447525e-05, "value_loss": 7.238955020904541, "entropy": 0.5947854518890381, "approx_kl": 0.00016533380949113052, "clip_fraction": 3.0517578125e-05, "grad_norm": 39.176087379455566, "explained_variance": 0.8481788635253906, "action_std_mean": 0.32581886649131775, "optimizer_iterations": 4.0, "lr": 6.775039999999999e-06}
{"step": 4677632, "wall_time": 1790715200.27102, "episodes_completed": 51.0, "mean_episode_reward": 14.034984093086392, "std_episode_reward": 22.17751303239006, "min_episode_reward": -9.800556182861328, "max_episode_reward": 102.16673278808594, "mean_episode_length": 109.82352941176471, "success_rate": 0.23529411764705882, "collision_rate": 0.7647058823529411, "out_of_bounds_rate": 0.0, "timeout_rate": 0.0, "policy_loss": -0.00017021875828504562, "value_loss": 7.61965024471283, "entropy": 0.5947790443897247, "approx_kl": 0.0004021348140668124, "clip_fraction": 0.0023193359375, "grad_norm": 39.53566026687622, "explained_variance": 0.8309639692306519, "action_std_mean": 0.32581785321235657, "optimizer_iterations": 4.0, "lr": 6.611199999999995e-06}
{"step": 4685824, "wall_time": 1790715229.4079032, "episodes_completed": 44.0, "mean_episode_reward": 11.58174891295758, "std_episode_reward": 20.331785815415024, "min_episode_reward": -9.809968948364258, "max_episode_reward": 70.32727813720703, "mean_episode_length": 92.75, "success_rate": 0.25, "collision_rate": 0.7272727272727273, "out_of_bounds_rate": 0.0, "timeout_rate": 0.022727272727272728, "policy_loss": -0.00019444688223302364, "value_loss": 4.975878119468689, "entropy": 0.5947718620300293, "approx_kl": 0.0003971673395426478, "clip_fraction": 0.002288818359375, "grad_norm": 34.59654378890991, "explained_variance": 0.891074538230896, "action_std_mean": 0.3258165717124939, "optimizer_iterations": 4.0, "lr": 6.447360000000003e-06}
{"step": 4694016, "wall_time": 1790715258.9962313, "episodes_completed": 43.0, "mean_episode_reward": 15.790357143379921, "std_episode_reward": 25.46146538561923, "min_episode_reward": -9.801037788391113, "max_episode_reward": 96.3447265625, "mean_episode_length": 126.51162790697674, "success_rate": 0.37209302325581395, "collision_rate": 0.6046511627906976, "out_of_bounds_rate": 0.0, "timeout_rate": 0.023255813953488372, "policy_loss": -6.0521531850099564e-05, "value_loss": 6.373765349388123, "entropy": 0.5947628021240234, "approx_kl": 0.0004992951071471907, "clip_fraction": 0.002532958984375, "grad_norm": 43.3033504486084, "explained_variance": 0.8269002437591553, "action_std_mean": 0.3258149027824402, "optimizer_iterations": 4.0, "lr": 6.283519999999998e-06}
{"step": 4702208, "wall_time": 1790715288.5853558, "episodes_completed": 53.0, "mean_episode_reward": 8.372962670787325, "std_episode_reward": 17.414253114305332, "min_episode_reward": -9.807766914367676, "max_episode_reward": 69.69611358642578, "mean_episode_length": 84.9622641509434, "success_rate": 0.22641509433962265, "collision_rate": 0.7547169811320755, "out_of_bounds_rate": 0.0, "timeout_rate": 0.018867924528301886, "policy_loss": -0.0003110917750746012, "value_loss": 9.281649589538574, "entropy": 0.5947534739971161, "approx_kl": 0.000431128701166017, "clip_fraction": 0.001708984375, "grad_norm": 68.69459342956543, "explained_variance": 0.7972779273986816, "action_std_mean": 0.3258141279220581, "optimizer_iterations": 4.0, "lr": 6.119680000000005e-06}
{"step": 4710400, "wall_time": 1790715319.2355125, "episodes_completed": 63.0, "mean_episode_reward": 11.72945627333626, "std_episode_reward": 22.05159157761887, "min_episode_reward": -9.833020210266113, "max_episode_reward": 103.95397186279297, "mean_episode_length": 93.44444444444444, "success_rate": 0.2222222222222222, "collision_rate": 0.7777777777777778, "out_of_bounds_rate": 0.0, "timeout_rate": 0.0, "policy_loss": -0.00020022119861096144, "value_loss": 11.26202130317688, "entropy": 0.5947486758232117, "approx_kl": 0.0005804212341899984, "clip_fraction": 0.00323486328125, "grad_norm": 45.99489116668701, "explained_variance": 0.7049224376678467, "action_std_mean": 0.3258129358291626, "optimizer_iterations": 4.0, "lr": 5.955840000000002e-06}
{"step": 4718592, "wall_time": 1790715349.7701364, "episodes_completed": 70.0, "mean_episode_reward": 11.365279279436384, "std_episode_reward": 19.28327775367008, "min_episode_reward": -9.816404342651367, "max_episode_reward": 65.91093444824219, "mean_episode_length": 89.48571428571428, "success_rate": 0.24285714285714285, "collision_rate": 0.7571428571428571, "out_of_bounds_rate": 0.0, "timeout_rate": 0.0, "policy_loss": 3.487314097583294e-05, "value_loss": 10.35766053199768, "entropy": 0.5947391092777252, "approx_kl": 0.00044924719986738637, "clip_fraction": 0.002197265625, "grad_norm": 52.29651069641113, "explained_variance": 0.7627504467964172, "action_std_mean": 0.325810968875885, "optimizer_iterations": 4.0, "lr": 5.791999999999997e-06}
{"step": 4726784, "wall_time": 1790715380.2783155, "episodes_completed": 51.0, "mean_episode_reward": 12.947993717941584, "std_episode_reward": 21.04969355411767, "min_episode_reward": -9.802958488464355, "max_episode_reward": 78.5677719116211, "mean_episode_length": 110.6078431372549, "success_rate": 0.23529411764705882, "collision_rate": 0.7647058823529411, "out_of_bounds_rate": 0.0, "timeout_rate": 0.0, "policy_loss": 0.00032720528542995453, "value_loss": 9.298727989196777, "entropy": 0.5947273671627045, "approx_kl": 0.0006761548647773452, "clip_fraction": 0.00531005859375, "grad_norm": 35.622209548950195, "explained_variance": 0.7836133241653442, "action_std_mean": 0.32580965757369995, "optimizer_iterations": 4.0, "lr": 5.6281600000000046e-06}
{"step": 4734976, "wall_time": 1790715410.1540055, "episodes_completed": 57.0, "mean_episode_reward": 10.288456063521537, "std_episode_reward": 18.041766606408824, "min_episode_reward": -9.806962013244629, "max_episode_reward": 58.643558502197266, "mean_episode_length": 95.3157894736842, "success_rate": 0.22807017543859648, "collision_rate": 0.7719298245614035, "out_of_bounds_rate": 0.0, "timeout_rate": 0.0, "policy_loss": -3.015599213540554e-05, "value_loss": 9.556097030639648, "entropy": 0.5947221517562866, "approx_kl": 5.8266736232326366e-05, "clip_fraction": 3.0517578125e-05, "grad_norm": 61.26786231994629, "explained_variance": 0.7802623510360718, "action_std_mean": 0.3258097469806671, "optimizer_iterations": 4.0, "lr": 5.464320000000001e-06}
{"step": 4743168, "wall_time": 1790715440.1756408, "episodes_completed": 56.0, "mean_episode_reward": 8.330768074308123, "std_episode_reward": 19.132726148916536, "min_episode_reward": -12.33205509185791, "max_episode_reward": 83.76370239257812, "mean_episode_length": 84.96428571428571, "success_rate": 0.21428571428571427, "collision_rate": 0.7857142857142857, "out_of_bounds_rate": 0.0, "timeout_rate": 0.0, "policy_loss": -0.0003393879160284996, "value_loss": 8.563627243041992, "entropy": 0.5947243571281433, "approx_kl": 0.0004229868391121272, "clip_fraction": 0.0015869140625, "grad_norm": 54.06802272796631, "explained_variance": 0.8392148613929749, "action_std_mean": 0.3258104920387268, "optimizer_iterations": 4.0, "lr": 5.300479999999996e-06}
{"step": 4751360, "wall_time": 1790715470.2067068, "episodes_completed": 55.0, "mean_episode_reward": 9.269730323824016, "std_episode_reward": 19.150694904879508, "min_episode_reward": -9.815210342407227, "max_episode_reward": 67.88672637939453, "mean_episode_length": 89.12727272727273, "success_rate": 0.38181818181818183, "collision_rate": 0.6, "out_of_bounds_rate": 0.0, "timeout_rate": 0.01818181818181818, "policy_loss": 0.0002728095278143883, "value_loss": 6.413687586784363, "entropy": 0.5947287082672119, "approx_kl": 0.00033313620951958, "clip_fraction": 0.00115966796875, "grad_norm": 38.203060150146484, "explained_variance": 0.8581932187080383, "action_std_mean": 0.3258110284805298, "optimizer_iterations": 4.0, "lr": 5.136640000000004e-06}
{"step": 4759552, "wall_time": 1790715500.7433152, "episodes_completed": 49.0, "mean_episode_reward": 17.001089388010453, "std_episode_reward": 26.786761808791283, "min_episode_reward": -11.775151252746582, "max_episode_reward": 82.5913314819336, "mean_episode_length": 114.89795918367346, "success_rate": 0.32653061224489793, "collision_rate": 0.673469387755102, "out_of_bounds_rate": 0.0, "timeout_rate": 0.0, "policy_loss": -0.00033320626243948936, "value_loss": 6.9049177169799805, "entropy": 0.5947303771972656, "approx_kl": 0.0001524259841971798, "clip_fraction": 3.0517578125e-05, "grad_norm": 68.01781272888184, "explained_variance": 0.8296653628349304, "action_std_mean": 0.3258107304573059, "optimizer_iterations": 4.0, "lr": 4.9728e-06}
{"step": 4767744, "wall_time": 1790715531.0671341, "episodes_completed": 24.0, "mean_episode_reward": 21.844670395056408, "std_episode_reward": 29.787972125602302, "min_episode_reward": -9.803018569946289, "max_episode_reward": 107.62925720214844, "mean_episode_length": 151.0, "success_rate": 0.16666666666666666, "collision_rate": 0.8333333333333334, "out_of_bounds_rate": 0.0, "timeout_rate": 0.0, "policy_loss": 2.514338120818138e-05, "value_loss": 5.1729676723480225, "entropy": 0.5947272777557373, "approx_kl": 0.00011810793148470111, "clip_fraction": 0.0, "grad_norm": 48.88821983337402, "explained_variance": 0.8871404528617859, "action_std_mean": 0.3258102238178253, "optimizer_iterations": 4.0, "lr": 4.8089599999999955e-06}
{"step": 4775936, "wall_time": 1790715561.7658975, "episodes_completed": 42.0, "mean_episode_reward": 13.800250723248435, "std_episode_reward": 18.96859722299278, "min_episode_reward": -9.810201644897461, "max_episode_reward": 66.35253143310547, "mean_episode_length": 127.30952380952381, "success_rate": 0.2619047619047619, "collision_rate": 0.7380952380952381, "out_of_bounds_rate": 0.0, "timeout_rate": 0.0, "policy_loss": -0.0004962362581863999, "value_loss": 6.72115683555603, "entropy": 0.5947264134883881, "approx_kl": 0.00021443918012664653, "clip_fraction": 0.0001220703125, "grad_norm": 32.229597091674805, "explained_variance": 0.8315633535385132, "action_std_mean": 0.32581090927124023, "optimizer_iterations": 4.0, "lr": 4.645120000000003e-06}
{"step": 4784128, "wall_time": 1790715591.792475, "episodes_completed": 52.0, "mean_episode_reward": 11.378446303881132, "std_episode_reward": 21.623327212864723, "min_episode_reward": -10.72741985321045, "max_episode_reward": 80.23625183105469, "mean_episode_length": 96.8076923076923, "success_rate": 0.21153846153846154, "collision_rate": 0.7884615384615384, "out_of_bounds_rate": 0.0, "timeout_rate": 0.0, "policy_loss": -1.910235732793808e-05, "value_loss": 8.400350093841553, "entropy": 0.5947313606739044, "approx_kl": 0.0004235899505147245, "clip_fraction": 0.001312255859375, "grad_norm": 48.90862846374512, "explained_variance": 0.7995943427085876, "action_std_mean": 0.3258112668991089, "optimizer_iterations": 4.0, "lr": 4.481279999999999e-06}
{"step": 4792320, "wall_time": 1790715621.8155236, "episodes_completed": 59.0, "mean_episode_reward": 9.184918105602264, "std_episode_reward": 17.161590463094413, "min_episode_reward": -9.813497543334961, "max_episode_reward": 76.43846893310547, "mean_episode_length": 99.88135593220339, "success_rate": 0.288135593220339, "collision_rate": 0.6949152542372882, "out_of_bounds_rate": 0.0, "timeout_rate": 0.01694915254237288, "policy_loss": 2.9933638870716095e-05, "value_loss": 9.328164100646973, "entropy": 0.5947317481040955, "approx_kl": 0.0007893151487223804, "clip_fraction": 0.004425048828125, "grad_norm": 48.334190368652344, "explained_variance": 0.7831258177757263, "action_std_mean": 0.325810968875885, "optimizer_iterations": 4.0, "lr": 4.317439999999995e-06}
{"step": 4800512, "wall_time": 1790715651.8832374, "episodes_completed": 57.0, "mean_episode_reward": 11.291596136595073, "std_episode_reward": 19.663017098123216, "min_episode_reward": -9.80457878112793, "max_episode_reward": 70.65670013427734, "mean_episode_length": 91.15789473684211, "success_rate": 0.22807017543859648, "collision_rate": 0.7719298245614035, "out_of_bounds_rate": 0.0, "timeout_rate": 0.0, "policy_loss": 9.677954949438572e-05, "value_loss": 9.498435497283936, "entropy": 0.5947301983833313, "approx_kl": 0.00030743875140615273, "clip_fraction": 0.000518798828125, "grad_norm": 33.672513008117676, "explained_variance": 0.785841703414917, "action_std_mean": 0.32581061124801636, "optimizer_iterations": 4.0, "lr": 4.153600000000002e-06}
{"step": 4808704, "wall_time": 1790715681.9771676, "episodes_completed": 60.0, "mean_episode_reward": 8.89279854297638, "std_episode_reward": 21.483748130749643, "min_episode_reward": -9.812408447265625, "max_episode_reward": 75.90583801269531, "mean_episode_length": 87.43333333333334, "success_rate": 0.26666666666666666, "collision_rate": 0.7333333333333333, "out_of_bounds_rate": 0.0, "timeout_rate": 0.0, "policy_loss": -0.0005237078294157982, "value_loss": 8.156752347946167, "entropy": 0.5947284400463104, "approx_kl": 0.00015476262160518672, "clip_fraction": 0.000244140625, "grad_norm": 37.87136936187744, "explained_variance": 0.809759259223938, "action_std_mean": 0.3258107900619507, "optimizer_iterations": 4.0, "lr": 3.9897599999999975e-06}
{"step": 4816896, "wall_time": 1790715712.1554778, "episodes_completed": 56.0, "mean_episode_reward": 7.041120793138232, "std_episode_reward": 20.325731761172836, "min_episode_reward": -9.805924415588379, "max_episode_reward": 89.56436920166016, "mean_episode_length": 79.85714285714286, "success_rate": 0.17857142857142858, "collision_rate": 0.8214285714285714, "out_of_bounds_rate": 0.0, "timeout_rate": 0.0, "policy_loss": -0.0002666753716766834, "value_loss": 6.563330292701721, "entropy": 0.5947304666042328, "approx_kl": 0.00027233536275161896, "clip_fraction": 0.000701904296875, "grad_norm": 40.72560405731201, "explained_variance": 0.8637474179267883, "action_std_mean": 0.3258111774921417, "optimizer_iterations": 4.0, "lr": 3.825920000000005e-06}
{"step": 4825088, "wall_time": 1790715742.2278605, "episodes_completed": 55.0, "mean_episode_reward": 9.043354571949353, "std_episode_reward": 15.293003205861547, "min_episode_reward": -9.814719200134277, "max_episode_reward": 56.44640350341797, "mean_episode_length": 109.07272727272728, "success_rate": 0.32727272727272727, "collision_rate": 0.6545454545454545, "out_of_bounds_rate": 0.0, "timeout_rate": 0.01818181818181818, "policy_loss": -0.00021253293380141258, "value_loss": 8.471340656280518, "entropy": 0.5947312712669373, "approx_kl": 0.00015663809244870208, "clip_fraction": 0.000152587890625, "grad_norm": 30.79646635055542, "explained_variance": 0.7395238876342773, "action_std_mean": 0.3258107304573059, "optimizer_iterations": 4.0, "lr": 3.662080000000001e-06}
{"step": 4833280, "wall_time": 1790715772.5981026, "episodes_completed": 68.0, "mean_episode_reward": 8.170924242805032, "std_episode_reward": 21.201402496195694, "min_episode_reward": -10.625259399414062, "max_episode_reward": 80.84784698486328, "mean_episode_length": 76.95588235294117, "success_rate": 0.22058823529411764, "collision_rate": 0.7794117647058824, "out_of_bounds_rate": 0.0, "timeout_rate": 0.0, "policy_loss": -0.00023825341486372054, "value_loss": 9.55506420135498, "entropy": 0.5947276651859283, "approx_kl": 0.0001287780723941978, "clip_fraction": 0.0, "grad_norm": 61.05745220184326, "explained_variance": 0.8107988834381104, "action_std_mean": 0.3258102238178253, "optimizer_iterations": 4.0, "lr": 3.498239999999997e-06}
{"step": 4841472, "wall_time": 1790715803.1388426, "episodes_completed": 59.0, "mean_episode_reward": 13.885720471204337, "std_episode_reward": 24.059891486950555, "min_episode_reward": -9.814789772033691, "max_episode_reward": 79.1559066772461, "mean_episode_length": 100.28813559322033, "success_rate": 0.3050847457627119, "collision_rate": 0.6949152542372882, "out_of_bounds_rate": 0.0, "timeout_rate": 0.0, "policy_loss": -0.0002423180267214775, "value_loss": 7.7790080308914185, "entropy": 0.5947259962558746, "approx_kl": 8.671835894347169e-05, "clip_fraction": 0.0, "grad_norm": 39.12062740325928, "explained_variance": 0.8250243663787842, "action_std_mean": 0.3258105516433716, "optimizer_iterations": 4.0, "lr": 3.334400000000004e-06}
{"step": 4849664, "wall_time": 1790715832.6640723, "episodes_completed": 40.0, "mean_episode_reward": 17.112040424346922, "std_episode_reward": 22.08653154993479, "min_episode_reward": -9.805597305297852, "max_episode_reward": 75.6933364868164, "mean_episode_length": 128.525, "success_rate": 0.4, "collision_rate": 0.6, "out_of_bounds_rate": 0.0, "timeout_rate": 0.0, "policy_loss": -7.977546192705631e-05, "value_loss": 5.689863801002502, "entropy": 0.5947295725345612, "approx_kl": 0.00010713839401432779, "clip_fraction": 3.0517578125e-05, "grad_norm": 53.43103218078613, "explained_variance": 0.8482235670089722, "action_std_mean": 0.3258114457130432, "optimizer_iterations": 4.0, "lr": 3.1705600000000004e-06}
{"step": 4857856, "wall_time": 1790715862.1959827, "episodes_completed": 51.0, "mean_episode_reward": 14.421872428819245, "std_episode_reward": 24.195262451502863, "min_episode_reward": -10.043490409851074, "max_episode_reward": 91.88177490234375, "mean_episode_length": 107.05882352941177, "success_rate": 0.2549019607843137, "collision_rate": 0.7450980392156863, "out_of_bounds_rate": 0.0, "timeout_rate": 0.0, "policy_loss": -8.996948599815369e-05, "value_loss": 6.0700987577438354, "entropy": 0.5947340428829193, "approx_kl": 6.717885298712645e-05, "clip_fraction": 0.0, "grad_norm": 29.482272624969482, "explained_variance": 0.8749797344207764, "action_std_mean": 0.32581162452697754, "optimizer_iterations": 4.0, "lr": 3.0067199999999963e-06}
{"step": 4866048, "wall_time": 1790715892.4683309, "episodes_completed": 52.0, "mean_episode_reward": 13.7060175085297, "std_episode_reward": 22.001615198180982, "min_episode_reward": -9.812801361083984, "max_episode_reward": 73.48927307128906, "mean_episode_length": 114.38461538461539, "success_rate": 0.2692307692307692, "collision_rate": 0.7115384615384616, "out_of_bounds_rate": 0.0, "timeout_rate": 0.019230769230769232, "policy_loss": -0.00011931941844522953, "value_loss": 9.613764762878418, "entropy": 0.5947332680225372, "approx_kl": 1.9483579308143817e-05, "clip_fraction": 0.0, "grad_norm": 35.269344329833984, "explained_variance": 0.7530548572540283, "action_std_mean": 0.32581111788749695, "optimizer_iterations": 4.0, "lr": 2.842880000000003e-06}
{"step": 4874240, "wall_time": 1790715922.6118898, "episodes_completed": 61.0, "mean_episode_reward": 10.29288517060827, "std_episode_reward": 17.959441768987215, "min_episode_reward": -9.807680130004883, "max_episode_reward": 66.13990783691406, "mean_episode_length": 93.27868852459017, "success_rate": 0.19672131147540983, "collision_rate": 0.8032786885245902, "out_of_bounds_rate": 0.0, "timeout_rate": 0.0, "policy_loss": -9.20433085411787e-05, "value_loss": 9.516435384750366, "entropy": 0.5947287380695343, "approx_kl": 4.614334102370776e-05, "clip_fraction": 0.0, "grad_norm": 40.61594867706299, "explained_variance": 0.7461956739425659, "action_std_mean": 0.3258097767829895, "optimizer_iterations": 4.0, "lr": 2.6790399999999995e-06}
{"step": 4882432, "wall_time": 1790715952.6055694, "episodes_completed": 66.0, "mean_episode_reward": 10.949452113473054, "std_episode_reward": 20.436599944697782, "min_episode_reward": -9.81447982788086, "max_episode_reward": 100.37910461425781, "mean_episode_length": 89.31818181818181, "success_rate": 0.2727272727272727, "collision_rate": 0.7121212121212122, "out_of_bounds_rate": 0.0, "timeout_rate": 0.015151515151515152, "policy_loss": 0.00014581577852368355, "value_loss": 7.453216075897217, "entropy": 0.594720721244812, "approx_kl": 5.7564113376429304e-05, "clip_fraction": 0.0, "grad_norm": 56.49874687194824, "explained_variance": 0.8299290537834167, "action_std_mean": 0.32580891251564026, "optimizer_iterations": 4.0, "lr": 2.5151999999999954e-06}
{"step": 4890624, "wall_time": 1790715983.1753109, "episodes_completed": 68.0, "mean_episode_reward": 9.45598206800573, "std_episode_reward": 20.285189182503153, "min_episode_reward": -9.808505058288574, "max_episode_reward": 65.31263732910156, "mean_episode_length": 84.83823529411765, "success_rate": 0.20588235294117646, "collision_rate": 0.7941176470588235, "out_of_bounds_rate": 0.0, "timeout_rate": 0.0, "policy_loss": -8.143915329128504e-05, "value_loss": 10.219352960586548, "entropy": 0.5947175621986389, "approx_kl": 1.7890892195282504e-05, "clip_fraction": 0.0, "grad_norm": 77.96510314941406, "explained_variance": 0.7719413638114929, "action_std_mean": 0.32580870389938354, "optimizer_iterations": 4.0, "lr": 2.3513600000000023e-06}
{"step": 4898816, "wall_time": 1790716013.6697083, "episodes_completed": 76.0, "mean_episode_reward": 8.176760962134914, "std_episode_reward": 17.63746439280396, "min_episode_reward": -9.804047584533691, "max_episode_reward": 71.27133178710938, "mean_episode_length": 79.96052631578948, "success_rate": 0.15789473684210525, "collision_rate": 0.8421052631578947, "out_of_bounds_rate": 0.0, "timeout_rate": 0.0, "policy_loss": -2.740323543548584e-05, "value_loss": 13.757060766220093, "entropy": 0.5947166383266449, "approx_kl": 1.975071609194856e-05, "clip_fraction": 0.0, "grad_norm": 104.37910270690918, "explained_variance": 0.7322046160697937, "action_std_mean": 0.325808584690094, "optimizer_iterations": 4.0, "lr": 2.1875199999999987e-06}
{"step": 4907008, "wall_time": 1790716043.8222208, "episodes_completed": 64.0, "mean_episode_reward": 8.764132708311081, "std_episode_reward": 20.891238845220347, "min_episode_reward": -10.22317886352539, "max_episode_reward": 83.04820251464844, "mean_episode_length": 89.984375, "success_rate": 0.15625, "collision_rate": 0.84375, "out_of_bounds_rate": 0.0, "timeout_rate": 0.0, "policy_loss": 8.41727014631033e-05, "value_loss": 12.248335123062134, "entropy": 0.5947160124778748, "approx_kl": 4.0417269701720215e-05, "clip_fraction": 0.0, "grad_norm": 76.56879901885986, "explained_variance": 0.745409369468689, "action_std_mean": 0.32580840587615967, "optimizer_iterations": 4.0, "lr": 2.0236800000000056e-06}
{"step": 4915200, "wall_time": 1790716073.6243634, "episodes_completed": 54.0, "mean_episode_reward": 11.083723041746351, "std_episode_reward": 18.585759578187385, "min_episode_reward": -9.804526329040527, "max_episode_reward": 77.4561996459961, "mean_episode_length": 86.25925925925925, "success_rate": 0.2962962962962963, "collision_rate": 0.7037037037037037, "out_of_bounds_rate": 0.0, "timeout_rate": 0.0, "policy_loss": 8.107931353151798e-05, "value_loss": 6.321345567703247, "entropy": 0.5947139859199524, "approx_kl": 3.268226282671094e-05, "clip_fraction": 0.0, "grad_norm": 41.122161865234375, "explained_variance": 0.837272047996521, "action_std_mean": 0.32580772042274475, "optimizer_iterations": 4.0, "lr": 1.8598400000000015e-06}
{"step": 4923392, "wall_time": 1790716102.7721822, "episodes_completed": 35.0, "mean_episode_reward": 15.602255072763988, "std_episode_reward": 25.524478099827398, "min_episode_reward": -9.80523681640625, "max_episode_reward": 77.30909729003906, "mean_episode_length": 147.0857142857143, "success_rate": 0.2857142857142857, "collision_rate": 0.6857142857142857, "out_of_bounds_rate": 0.0, "timeout_rate": 0.02857142857142857, "policy_loss": -9.133596904575825e-05, "value_loss": 3.9715195894241333, "entropy": 0.5947087109088898, "approx_kl": 3.15026227326598e-05, "clip_fraction": 0.0, "grad_norm": 32.860755920410156, "explained_variance": 0.9123482704162598, "action_std_mean": 0.3258066177368164, "optimizer_iterations": 4.0, "lr": 1.6959999999999976e-06}
{"step": 4931584, "wall_time": 1790716132.9409058, "episodes_completed": 45.0, "mean_episode_reward": 11.366455957624648, "std_episode_reward": 23.225647533954053, "min_episode_reward": -10.391884803771973, "max_episode_reward": 73.17547607421875, "mean_episode_length": 99.33333333333333, "success_rate": 0.15555555555555556, "collision_rate": 0.8444444444444444, "out_of_bounds_rate": 0.0, "timeout_rate": 0.0, "policy_loss": -2.4460023269057274e-06, "value_loss": 7.947061896324158, "entropy": 0.5947022140026093, "approx_kl": 2.5577404812793247e-05, "clip_fraction": 0.0, "grad_norm": 47.148460388183594, "explained_variance": 0.8096645474433899, "action_std_mean": 0.32580575346946716, "optimizer_iterations": 4.0, "lr": 1.5321600000000047e-06}
{"step": 4939776, "wall_time": 1790716162.5465834, "episodes_completed": 50.0, "mean_episode_reward": 11.532339420318603, "std_episode_reward": 25.292875072984103, "min_episode_reward": -9.857961654663086, "max_episode_reward": 97.32830810546875, "mean_episode_length": 96.62, "success_rate": 0.28, "collision_rate": 0.68, "out_of_bounds_rate": 0.0, "timeout_rate": 0.04, "policy_loss": -0.0001395770814269781, "value_loss": 4.592189431190491, "entropy": 0.5946977138519287, "approx_kl": 2.671546462806873e-05, "clip_fraction": 0.0, "grad_norm": 56.82423496246338, "explained_variance": 0.9030246138572693, "action_std_mean": 0.32580530643463135, "optimizer_iterations": 4.0, "lr": 1.3683200000000006e-06}
{"step": 4947968, "wall_time": 1790716192.1947532, "episodes_completed": 48.0, "mean_episode_reward": 13.438146283229193, "std_episode_reward": 21.940756204428098, "min_episode_reward": -9.804763793945312, "max_episode_reward": 84.38735961914062, "mean_episode_length": 106.16666666666667, "success_rate": 0.2708333333333333, "collision_rate": 0.7291666666666666, "out_of_bounds_rate": 0.0, "timeout_rate": 0.0, "policy_loss": -4.4228509068489075e-06, "value_loss": 7.469949841499329, "entropy": 0.594695657491684, "approx_kl": 2.1211653802311048e-05, "clip_fraction": 0.0, "grad_norm": 57.71144485473633, "explained_variance": 0.82703697681427, "action_std_mean": 0.3258051872253418, "optimizer_iterations": 4.0, "lr": 1.2044799999999968e-06}
{"step": 4956160, "wall_time": 1790716221.7019136, "episodes_completed": 48.0, "mean_episode_reward": 15.856247514486313, "std_episode_reward": 20.44452581672305, "min_episode_reward": -10.593099594116211, "max_episode_reward": 62.057315826416016, "mean_episode_length": 112.3125, "success_rate": 0.3958333333333333, "collision_rate": 0.6041666666666666, "out_of_bounds_rate": 0.0, "timeout_rate": 0.0, "policy_loss": -7.808872032910585e-05, "value_loss": 7.432980418205261, "entropy": 0.5946948826313019, "approx_kl": 2.1619967810693197e-05, "clip_fraction": 0.0, "grad_norm": 51.91957092285156, "explained_variance": 0.8113837838172913, "action_std_mean": 0.32580500841140747, "optimizer_iterations": 4.0, "lr": 1.040640000000004e-06}
{"step": 4964352, "wall_time": 1790716251.4050734, "episodes_completed": 60.0, "mean_episode_reward": 8.374495348458488, "std_episode_reward": 21.677803660538554, "min_episode_reward": -15.823980331420898, "max_episode_reward": 98.23869323730469, "mean_episode_length": 89.68333333333334, "success_rate": 0.2833333333333333, "collision_rate": 0.7, "out_of_bounds_rate": 0.0, "timeout_rate": 0.016666666666666666, "policy_loss": -3.656046465039253e-05, "value_loss": 7.15003228187561, "entropy": 0.5946939587593079, "approx_kl": 3.206500150554348e-05, "clip_fraction": 0.0, "grad_norm": 55.63206195831299, "explained_variance": 0.8445833921432495, "action_std_mean": 0.32580500841140747, "optimizer_iterations": 4.0, "lr": 8.767999999999998e-07}
{"step": 4972544, "wall_time": 1790716282.040543, "episodes_completed": 64.0, "mean_episode_reward": 9.451212391257286, "std_episode_reward": 16.680085639491494, "min_episode_reward": -9.814044952392578, "max_episode_reward": 57.23954391479492, "mean_episode_length": 85.515625, "success_rate": 0.1875, "collision_rate": 0.8125, "out_of_bounds_rate": 0.0, "timeout_rate": 0.0, "policy_loss": 3.51635753759183e-05, "value_loss": 9.298137903213501, "entropy": 0.5946938991546631, "approx_kl": 8.481058102915995e-06, "clip_fraction": 0.0, "grad_norm": 45.90980529785156, "explained_variance": 0.7772970199584961, "action_std_mean": 0.3258048892021179, "optimizer_iterations": 4.0, "lr": 7.129599999999958e-07}
{"step": 4980736, "wall_time": 1790716313.938585, "episodes_completed": 52.0, "mean_episode_reward": 16.009544014930725, "std_episode_reward": 23.757774355566987, "min_episode_reward": -9.847497940063477, "max_episode_reward": 99.02657318115234, "mean_episode_length": 106.61538461538461, "success_rate": 0.36538461538461536, "collision_rate": 0.6346153846153846, "out_of_bounds_rate": 0.0, "timeout_rate": 0.0, "policy_loss": 1.3568380381911993e-05, "value_loss": 7.564404010772705, "entropy": 0.5946932435035706, "approx_kl": 2.4481596483383328e-06, "clip_fraction": 0.0, "grad_norm": 72.79955101013184, "explained_variance": 0.8248869776725769, "action_std_mean": 0.32580485939979553, "optimizer_iterations": 4.0, "lr": 5.49120000000003e-07}
{"step": 4988928, "wall_time": 1790716343.8827655, "episodes_completed": 54.0, "mean_episode_reward": 9.416841840302503, "std_episode_reward": 19.810763384571477, "min_episode_reward": -9.814496994018555, "max_episode_reward": 102.80448913574219, "mean_episode_length": 83.53703703703704, "success_rate": 0.18518518518518517, "collision_rate": 0.7962962962962963, "out_of_bounds_rate": 0.0, "timeout_rate": 0.018518518518518517, "policy_loss": -1.831888221204281e-05, "value_loss": 8.032233476638794, "entropy": 0.5946931838989258, "approx_kl": 1.8259306671097875e-06, "clip_fraction": 0.0, "grad_norm": 46.299683570861816, "explained_variance": 0.8303627967834473, "action_std_mean": 0.32580485939979553, "optimizer_iterations": 4.0, "lr": 3.8527999999999896e-07}
{"step": 4997120, "wall_time": 1790716373.662063, "episodes_completed": 48.0, "mean_episode_reward": 10.301999390125275, "std_episode_reward": 20.4676108650327, "min_episode_reward": -9.810863494873047, "max_episode_reward": 97.07312774658203, "mean_episode_length": 96.6875, "success_rate": 0.22916666666666666, "collision_rate": 0.7708333333333334, "out_of_bounds_rate": 0.0, "timeout_rate": 0.0, "policy_loss": -4.012603312730789e-06, "value_loss": 5.780426502227783, "entropy": 0.5946931838989258, "approx_kl": 5.490055627888069e-07, "clip_fraction": 0.0, "grad_norm": 50.82677173614502, "explained_variance": 0.8510666489601135, "action_std_mean": 0.32580485939979553, "optimizer_iterations": 4.0, "lr": 2.2143999999999497e-07}
{"step": 5005312, "wall_time": 1790716403.3811088, "episodes_completed": 70.0, "mean_episode_reward": 5.577327448981149, "std_episode_reward": 16.037768711442528, "min_episode_reward": -10.934294700622559, "max_episode_reward": 60.26002502441406, "mean_episode_length": 70.28571428571429, "success_rate": 0.22857142857142856, "collision_rate": 0.7714285714285715, "out_of_bounds_rate": 0.0, "timeout_rate": 0.0, "policy_loss": 2.725282683968544e-06, "value_loss": 8.542447328567505, "entropy": 0.5946931838989258, "approx_kl": 4.400862962938845e-08, "clip_fraction": 0.0, "grad_norm": 52.18838310241699, "explained_variance": 0.8187609314918518, "action_std_mean": 0.32580485939979553, "optimizer_iterations": 4.0, "lr": 5.76000000000021e-08}
