{"step": 2048, "wall_time": 1790738866.3810737, "episodes_completed": 4.0, "mean_episode_reward": 17.320908308029175, "std_episode_reward": 23.64090023250477, "min_episode_reward": -10.114036560058594, "max_episode_reward": 54.99327087402344, "mean_episode_length": 68.25, "success_rate": 0.75, "collision_rate": 0.25, "out_of_bounds_rate": 0.0, "timeout_rate": 0.0, "policy_loss": 0.027675113640725613, "value_loss": 3.8825385570526123, "entropy": 0.6097661852836609, "approx_kl": 0.07579975388944149, "clip_fraction": 0.380126953125, "grad_norm": 20.0481196641922, "explained_variance": 0.9088639616966248, "action_std_mean": 0.328281968832016, "optimizer_iterations": 4.0, "lr": 0.0001}
{"step": 4096, "wall_time": 1790738874.9100096, "episodes_completed": 3.0, "mean_episode_reward": 2.960442384084066, "std_episode_reward": 11.684676786556537, "min_episode_reward": -7.106180667877197, "max_episode_reward": 19.3425350189209, "mean_episode_length": 39.333333333333336, "success_rate": 0.3333333333333333, "collision_rate": 0.6666666666666666, "out_of_bounds_rate": 0.0, "timeout_rate": 0.0, "policy_loss": 0.011243551503866911, "value_loss": 6.9952263832092285, "entropy": 0.6097823679447174, "approx_kl": 0.09399257227778435, "clip_fraction": 0.3543701171875, "grad_norm": 29.322014927864075, "explained_variance": 0.8628485798835754, "action_std_mean": 0.32830512523651123, "optimizer_iterations": 4.0, "lr": 9.995904e-05}
{"step": 6144, "wall_time": 1790738882.591825, "episodes_completed": 5.0, "mean_episode_reward": 10.081041145324708, "std_episode_reward": 18.229457587972814, "min_episode_reward": -10.388315200805664, "max_episode_reward": 37.254032135009766, "mean_episode_length": 65.6, "success_rate": 0.6, "collision_rate": 0.4, "out_of_bounds_rate": 0.0, "timeout_rate": 0.0, "policy_loss": 0.025020357687026262, "value_loss": 7.991207957267761, "entropy": 0.609993040561676, "approx_kl": 0.09679384529590607, "clip_fraction": 0.3958740234375, "grad_norm": 20.08977210521698, "explained_variance": 0.6433372497558594, "action_std_mean": 0.32834988832473755, "optimizer_iterations": 4.0, "lr": 9.991808e-05}
{"step": 8192, "wall_time": 1790738890.1801462, "episodes_completed": 3.0, "mean_episode_reward": 4.645012219746907, "std_episode_reward": 9.754104468616653, "min_episode_reward": -9.070037841796875, "max_episode_reward": 12.781944274902344, "mean_episode_length": 8.333333333333334, "success_rate": 0.6666666666666666, "collision_rate": 0.3333333333333333, "out_of_bounds_rate": 0.0, "timeout_rate": 0.0, "policy_loss": 0.02522227494046092, "value_loss": 4.660563945770264, "entropy": 0.6103106141090393, "approx_kl": 0.05794382840394974, "clip_fraction": 0.3525390625, "grad_norm": 21.11491084098816, "explained_variance": 0.8610557317733765, "action_std_mean": 0.3284096419811249, "optimizer_iterations": 4.0, "lr": 9.987712e-05}
{"step": 10240, "wall_time": 1790738897.869283, "episodes_completed": 0.0, "mean_episode_reward": NaN, "std_episode_reward": NaN, "min_episode_reward": NaN, "max_episode_reward": NaN, "mean_episode_length": NaN, "success_rate": NaN, "collision_rate": NaN, "out_of_bounds_rate": NaN, "timeout_rate": NaN, "policy_loss": 0.016474301926791668, "value_loss": 2.0290158689022064, "entropy": 0.610662579536438, "approx_kl": 0.01885586464777589, "clip_fraction": 0.1865234375, "grad_norm": 21.005402326583862, "explained_variance": 0.9455419778823853, "action_std_mean": 0.32845231890678406, "optimizer_iterations": 4.0, "lr": 9.983616e-05}
{"step": 12288, "wall_time": 1790738905.4154336, "episodes_completed": 5.0, "mean_episode_reward": 0.4254808723926544, "std_episode_reward": 0.6826055617297629, "min_episode_reward": -0.3230369985103607, "max_episode_reward": 1.5214909315109253, "mean_episode_length": 225.4, "success_rate": 0.0, "collision_rate": 0.0, "out_of_bounds_rate": 0.0, "timeout_rate": 1.0, "policy_loss": 0.007762214168906212, "value_loss": 3.889670431613922, "entropy": 0.6108693778514862, "approx_kl": 0.02404872328042984, "clip_fraction": 0.2117919921875, "grad_norm": 19.05752158164978, "explained_variance": 0.8544524908065796, "action_std_mean": 0.32848089933395386, "optimizer_iterations": 4.0, "lr": 9.97952e-05}
{"step": 14336, "wall_time": 1790738912.8396182, "episodes_completed": 2.0, "mean_episode_reward": 39.45058631896973, "std_episode_reward": 4.696104049682617, "min_episode_reward": 34.75448226928711, "max_episode_reward": 44.146690368652344, "mean_episode_length": 204.5, "success_rate": 1.0, "collision_rate": 0.0, "out_of_bounds_rate": 0.0, "timeout_rate": 0.0, "policy_loss": 0.0036465204029809684, "value_loss": 2.417718470096588, "entropy": 0.6110308468341827, "approx_kl": 0.033415891230106354, "clip_fraction": 0.211669921875, "grad_norm": 18.330451726913452, "explained_variance": 0.9385110139846802, "action_std_mean": 0.3285033702850342, "optimizer_iterations": 4.0, "lr": 9.975424000000001e-05}
{"step": 16384, "wall_time": 1790738920.2983508, "episodes_completed": 1.0, "mean_episode_reward": 20.014467239379883, "std_episode_reward": 0.0, "min_episode_reward": 20.014467239379883, "max_episode_reward": 20.014467239379883, "mean_episode_length": 65.0, "success_rate": 1.0, "collision_rate": 0.0, "out_of_bounds_rate": 0.0, "timeout_rate": 0.0, "policy_loss": 0.0015333532355725765, "value_loss": 1.9975492060184479, "entropy": 0.6111454665660858, "approx_kl": 0.012084344867616892, "clip_fraction": 0.1251220703125, "grad_norm": 17.342703580856323, "explained_variance": 0.9364533424377441, "action_std_mean": 0.3285200297832489, "optimizer_iterations": 4.0, "lr": 9.971328e-05}
{"step": 18432, "wall_time": 1790738927.889885, "episodes_completed": 5.0, "mean_episode_reward": 2.99479865655303, "std_episode_reward": 9.413270590161732, "min_episode_reward": -7.559750080108643, "max_episode_reward": 20.680099487304688, "mean_episode_length": 152.0, "success_rate": 0.2, "collision_rate": 0.2, "out_of_bounds_rate": 0.0, "timeout_rate": 0.6, "policy_loss": 0.0054935942171141505, "value_loss": 3.78938364982605, "entropy": 0.6112031042575836, "approx_kl": 0.013171674683690071, "clip_fraction": 0.1688232421875, "grad_norm": 21.08464813232422, "explained_variance": 0.8647837042808533, "action_std_mean": 0.32851874828338623, "optimizer_iterations": 4.0, "lr": 9.967232000000001e-05}
{"step": 20480, "wall_time": 1790738935.5057626, "episodes_completed": 3.0, "mean_episode_reward": 20.71353308359782, "std_episode_reward": 20.911845744687056, "min_episode_reward": -7.212061882019043, "max_episode_reward": 43.107154846191406, "mean_episode_length": 145.66666666666666, "success_rate": 0.6666666666666666, "collision_rate": 0.3333333333333333, "out_of_bounds_rate": 0.0, "timeout_rate": 0.0, "policy_loss": -0.0013475335435941815, "value_loss": 4.163285970687866, "entropy": 0.6111772060394287, "approx_kl": 0.013371418695896864, "clip_fraction": 0.1817626953125, "grad_norm": 14.105167984962463, "explained_variance": 0.8788976669311523, "action_std_mean": 0.32851526141166687, "optimizer_iterations": 4.0, "lr": 9.963136000000001e-05}
{"step": 22528, "wall_time": 1790738943.0775695, "episodes_completed": 5.0, "mean_episode_reward": 18.06679744720459, "std_episode_reward": 13.575409999372914, "min_episode_reward": -6.019939422607422, "max_episode_reward": 32.518959045410156, "mean_episode_length": 72.2, "success_rate": 0.8, "collision_rate": 0.2, "out_of_bounds_rate": 0.0, "timeout_rate": 0.0, "policy_loss": -0.0016582314856350422, "value_loss": 4.4187997579574585, "entropy": 0.6111785471439362, "approx_kl": 0.009278719313442707, "clip_fraction": 0.1021728515625, "grad_norm": 13.741326212882996, "explained_variance": 0.8420127630233765, "action_std_mean": 0.3285255432128906, "optimizer_iterations": 4.0, "lr": 9.95904e-05}
{"step": 24576, "wall_time": 1790738950.5525546, "episodes_completed": 5.0, "mean_episode_reward": 14.857088232040406, "std_episode_reward": 11.766364726424028, "min_episode_reward": 0.2666670083999634, "max_episode_reward": 25.055368423461914, "mean_episode_length": 120.0, "success_rate": 0.6, "collision_rate": 0.0, "out_of_bounds_rate": 0.0, "timeout_rate": 0.4, "policy_loss": 0.0007109856233000755, "value_loss": 1.404083102941513, "entropy": 0.6112414002418518, "approx_kl": 0.008420161437243223, "clip_fraction": 0.0953369140625, "grad_norm": 9.258071660995483, "explained_variance": 0.9549729824066162, "action_std_mean": 0.32851147651672363, "optimizer_iterations": 4.0, "lr": 9.954944000000001e-05}
{"step": 26624, "wall_time": 1790738958.1762433, "episodes_completed": 6.0, "mean_episode_reward": 9.462817917267481, "std_episode_reward": 15.300542341414909, "min_episode_reward": -9.032525062561035, "max_episode_reward": 30.87354278564453, "mean_episode_length": 86.0, "success_rate": 0.5, "collision_rate": 0.3333333333333333, "out_of_bounds_rate": 0.0, "timeout_rate": 0.16666666666666666, "policy_loss": -0.0037080729380249977, "value_loss": 5.428713798522949, "entropy": 0.6110309064388275, "approx_kl": 0.004691295907832682, "clip_fraction": 0.052978515625, "grad_norm": 18.55826997756958, "explained_variance": 0.8084949851036072, "action_std_mean": 0.3284498453140259, "optimizer_iterations": 4.0, "lr": 9.950848e-05}
{"step": 28672, "wall_time": 1790738965.81221, "episodes_completed": 5.0, "mean_episode_reward": 19.479808053374292, "std_episode_reward": 21.91622507691561, "min_episode_reward": -10.002278327941895, "max_episode_reward": 46.66143798828125, "mean_episode_length": 109.4, "success_rate": 0.6, "collision_rate": 0.2, "out_of_bounds_rate": 0.0, "timeout_rate": 0.2, "policy_loss": 0.012069742195308208, "value_loss": 1.739790141582489, "entropy": 0.6106379926204681, "approx_kl": 0.017584927612915635, "clip_fraction": 0.1204833984375, "grad_norm": 33.58325672149658, "explained_variance": 0.9262086749076843, "action_std_mean": 0.3283994495868683, "optimizer_iterations": 4.0, "lr": 9.946752e-05}
{"step": 30720, "wall_time": 1790738973.6109986, "episodes_completed": 7.0, "mean_episode_reward": 7.612534863608224, "std_episode_reward": 12.97318770395135, "min_episode_reward": -8.547618865966797, "max_episode_reward": 30.64607048034668, "mean_episode_length": 74.57142857142857, "success_rate": 0.42857142857142855, "collision_rate": 0.42857142857142855, "out_of_bounds_rate": 0.0, "timeout_rate": 0.14285714285714285, "policy_loss": -0.0008610892109572887, "value_loss": 5.267799496650696, "entropy": 0.6104245781898499, "approx_kl": 0.00856837211176753, "clip_fraction": 0.105712890625, "grad_norm": 40.63007831573486, "explained_variance": 0.8098409175872803, "action_std_mean": 0.32838016748428345, "optimizer_iterations": 4.0, "lr": 9.942656e-05}
{"step": 32768, "wall_time": 1790738981.3213098, "episodes_completed": 4.0, "mean_episode_reward": 17.293388605117798, "std_episode_reward": 19.95824609366724, "min_episode_reward": -10.013439178466797, "max_episode_reward": 44.588409423828125, "mean_episode_length": 109.0, "success_rate": 0.5, "collision_rate": 0.25, "out_of_bounds_rate": 0.0, "timeout_rate": 0.25, "policy_loss": -0.0026532933115959167, "value_loss": 1.6204136610031128, "entropy": 0.6103452146053314, "approx_kl": 0.006539397814776748, "clip_fraction": 0.0823974609375, "grad_norm": 42.72540020942688, "explained_variance": 0.9505125880241394, "action_std_mean": 0.32837337255477905, "optimizer_iterations": 4.0, "lr": 9.93856e-05}
{"step": 34816, "wall_time": 1790738988.8669002, "episodes_completed": 2.0, "mean_episode_reward": 32.90949630737305, "std_episode_reward": 8.50967788696289, "min_episode_reward": 24.399818420410156, "max_episode_reward": 41.41917419433594, "mean_episode_length": 123.5, "success_rate": 1.0, "collision_rate": 0.0, "out_of_bounds_rate": 0.0, "timeout_rate": 0.0, "policy_loss": 0.0040296148508787155, "value_loss": 1.2954385578632355, "entropy": 0.6102950274944305, "approx_kl": 0.009510747157037258, "clip_fraction": 0.095947265625, "grad_norm": 19.76002550125122, "explained_variance": 0.9559625387191772, "action_std_mean": 0.3283495306968689, "optimizer_iterations": 4.0, "lr": 9.934464e-05}
{"step": 36864, "wall_time": 1790738996.5525706, "episodes_completed": 2.0, "mean_episode_reward": -9.317254066467285, "std_episode_reward": 1.1074190139770508, "min_episode_reward": -10.424673080444336, "max_episode_reward": -8.209835052490234, "mean_episode_length": 41.5, "success_rate": 0.0, "collision_rate": 1.0, "out_of_bounds_rate": 0.0, "timeout_rate": 0.0, "policy_loss": 0.0011617432464845479, "value_loss": 3.55816650390625, "entropy": 0.610079437494278, "approx_kl": 0.009547345922328532, "clip_fraction": 0.0972900390625, "grad_norm": 21.693084716796875, "explained_variance": 0.9162657260894775, "action_std_mean": 0.3283054530620575, "optimizer_iterations": 4.0, "lr": 9.930368000000001e-05}
{"step": 38912, "wall_time": 1790739004.2289884, "episodes_completed": 5.0, "mean_episode_reward": 19.96120491027832, "std_episode_reward": 22.577015753242758, "min_episode_reward": -10.176595687866211, "max_episode_reward": 45.79507827758789, "mean_episode_length": 112.4, "success_rate": 0.4, "collision_rate": 0.2, "out_of_bounds_rate": 0.0, "timeout_rate": 0.4, "policy_loss": 0.0028446223586797714, "value_loss": 2.543889105319977, "entropy": 0.6098409295082092, "approx_kl": 0.009900609496980906, "clip_fraction": 0.106689453125, "grad_norm": 17.359307050704956, "explained_variance": 0.9219381213188171, "action_std_mean": 0.32828646898269653, "optimizer_iterations": 4.0, "lr": 9.926272000000001e-05}
{"step": 40960, "wall_time": 1790739011.7283118, "episodes_completed": 5.0, "mean_episode_reward": 11.624515375494957, "std_episode_reward": 17.362418732997664, "min_episode_reward": -9.871180534362793, "max_episode_reward": 35.67395782470703, "mean_episode_length": 111.2, "success_rate": 0.4, "collision_rate": 0.4, "out_of_bounds_rate": 0.0, "timeout_rate": 0.2, "policy_loss": -0.001128413510741666, "value_loss": 4.583222150802612, "entropy": 0.609781414270401, "approx_kl": 0.020226435619406402, "clip_fraction": 0.15478515625, "grad_norm": 19.34343659877777, "explained_variance": 0.8264060616493225, "action_std_mean": 0.3282819986343384, "optimizer_iterations": 4.0, "lr": 9.922176e-05}
{"step": 43008, "wall_time": 1790739019.353138, "episodes_completed": 5.0, "mean_episode_reward": 2.0236414074897766, "std_episode_reward": 9.682708533027851, "min_episode_reward": -6.609812259674072, "max_episode_reward": 19.98193359375, "mean_episode_length": 60.8, "success_rate": 0.0, "collision_rate": 0.8, "out_of_bounds_rate": 0.0, "timeout_rate": 0.2, "policy_loss": 0.006602099165320396, "value_loss": 9.93005084991455, "entropy": 0.6097284853458405, "approx_kl": 0.0179385271621868, "clip_fraction": 0.191650390625, "grad_norm": 32.67157745361328, "explained_variance": 0.7509695887565613, "action_std_mean": 0.3282700181007385, "optimizer_iterations": 4.0, "lr": 9.918080000000001e-05}
{"step": 45056, "wall_time": 1790739026.9425356, "episodes_completed": 2.0, "mean_episode_reward": 25.09383600950241, "std_episode_reward": 25.716085255146027, "min_episode_reward": -0.6222492456436157, "max_episode_reward": 50.80992126464844, "mean_episode_length": 162.0, "success_rate": 0.5, "collision_rate": 0.0, "out_of_bounds_rate": 0.0, "timeout_rate": 0.5, "policy_loss": -0.000962122343480587, "value_loss": 0.8343596756458282, "entropy": 0.609686553478241, "approx_kl": 0.01046159747056663, "clip_fraction": 0.1031494140625, "grad_norm": 9.03988778591156, "explained_variance": 0.9742867350578308, "action_std_mean": 0.3282737135887146, "optimizer_iterations": 4.0, "lr": 9.913984e-05}
{"step": 47104, "wall_time": 1790739034.6066031, "episodes_completed": 2.0, "mean_episode_reward": 29.195697784423828, "std_episode_reward": 1.2089309692382812, "min_episode_reward": 27.986766815185547, "max_episode_reward": 30.40462875366211, "mean_episode_length": 155.5, "success_rate": 0.5, "collision_rate": 0.5, "out_of_bounds_rate": 0.0, "timeout_rate": 0.0, "policy_loss": -0.0008502472192049026, "value_loss": 2.9384889006614685, "entropy": 0.6097078621387482, "approx_kl": 0.01392234768718481, "clip_fraction": 0.115234375, "grad_norm": 13.987555980682373, "explained_variance": 0.8994750380516052, "action_std_mean": 0.32826486229896545, "optimizer_iterations": 4.0, "lr": 9.909888e-05}
{"step": 49152, "wall_time": 1790739042.2140503, "episodes_completed": 3.0, "mean_episode_reward": 2.472839633623759, "std_episode_reward": 11.103763295924221, "min_episode_reward": -9.956623077392578, "max_episode_reward": 16.99850845336914, "mean_episode_length": 28.666666666666668, "success_rate": 0.3333333333333333, "collision_rate": 0.3333333333333333, "out_of_bounds_rate": 0.0, "timeout_rate": 0.3333333333333333, "policy_loss": 0.0007500019855797291, "value_loss": 1.0798910558223724, "entropy": 0.6096138954162598, "approx_kl": 0.010765595361590385, "clip_fraction": 0.12841796875, "grad_norm": 15.68109130859375, "explained_variance": 0.9578745365142822, "action_std_mean": 0.3282352089881897, "optimizer_iterations": 4.0, "lr": 9.905792000000001e-05}
{"step": 51200, "wall_time": 1790739050.1152153, "episodes_completed": 2.0, "mean_episode_reward": 22.435163363814354, "std_episode_reward": 22.608583584427834, "min_episode_reward": -0.17342022061347961, "max_episode_reward": 45.04374694824219, "mean_episode_length": 216.0, "success_rate": 0.5, "collision_rate": 0.0, "out_of_bounds_rate": 0.0, "timeout_rate": 0.5, "policy_loss": -0.0020472209434956312, "value_loss": 1.0811680555343628, "entropy": 0.6093974709510803, "approx_kl": 0.007345432881265879, "clip_fraction": 0.096435546875, "grad_norm": 12.04279911518097, "explained_variance": 0.9435475468635559, "action_std_mean": 0.32817572355270386, "optimizer_iterations": 4.0, "lr": 9.901696e-05}
{"step": 53248, "wall_time": 1790739057.8912947, "episodes_completed": 5.0, "mean_episode_reward": 1.478870588541031, "std_episode_reward": 12.49675303114836, "min_episode_reward": -9.918822288513184, "max_episode_reward": 25.41682243347168, "mean_episode_length": 105.2, "success_rate": 0.2, "collision_rate": 0.4, "out_of_bounds_rate": 0.0, "timeout_rate": 0.4, "policy_loss": -0.0007967881683725864, "value_loss": 3.0468292236328125, "entropy": 0.6090060174465179, "approx_kl": 0.015982977813109756, "clip_fraction": 0.1568603515625, "grad_norm": 8.83264422416687, "explained_variance": 0.8956283926963806, "action_std_mean": 0.32814356684684753, "optimizer_iterations": 4.0, "lr": 9.8976e-05}
{"step": 55296, "wall_time": 1790739065.6158142, "episodes_completed": 1.0, "mean_episode_reward": 0.5361870527267456, "std_episode_reward": 0.0, "min_episode_reward": 0.5361870527267456, "max_episode_reward": 0.5361870527267456, "mean_episode_length": 72.0, "success_rate": 0.0, "collision_rate": 0.0, "out_of_bounds_rate": 0.0, "timeout_rate": 1.0, "policy_loss": 0.00917089357972145, "value_loss": 0.27453940361738205, "entropy": 0.6089074909687042, "approx_kl": 0.06740070134401321, "clip_fraction": 0.16162109375, "grad_norm": 7.951847791671753, "explained_variance": 0.9927976727485657, "action_std_mean": 0.3281235098838806, "optimizer_iterations": 4.0, "lr": 9.893504e-05}
{"step": 57344, "wall_time": 1790739073.3763466, "episodes_completed": 4.0, "mean_episode_reward": 14.154012322425842, "std_episode_reward": 14.20541820531102, "min_episode_reward": -5.715973377227783, "max_episode_reward": 33.81510543823242, "mean_episode_length": 100.5, "success_rate": 0.75, "collision_rate": 0.25, "out_of_bounds_rate": 0.0, "timeout_rate": 0.0, "policy_loss": -0.0012828502804040909, "value_loss": 3.1493894457817078, "entropy": 0.6087592244148254, "approx_kl": 0.015484852949157357, "clip_fraction": 0.1563720703125, "grad_norm": 16.184415102005005, "explained_variance": 0.8889596462249756, "action_std_mean": 0.328108012676239, "optimizer_iterations": 4.0, "lr": 9.889408e-05}
{"step": 59392, "wall_time": 1790739080.8685656, "episodes_completed": 2.0, "mean_episode_reward": -0.12393763661384583, "std_episode_reward": 0.29990097880363464, "min_episode_reward": -0.42383861541748047, "max_episode_reward": 0.17596334218978882, "mean_episode_length": 119.5, "success_rate": 0.0, "collision_rate": 0.0, "out_of_bounds_rate": 0.0, "timeout_rate": 1.0, "policy_loss": 0.00012793042697012424, "value_loss": 0.7164593189954758, "entropy": 0.6087245643138885, "approx_kl": 0.011044879211112857, "clip_fraction": 0.15234375, "grad_norm": 7.789570212364197, "explained_variance": 0.9792230725288391, "action_std_mean": 0.328104168176651, "optimizer_iterations": 4.0, "lr": 9.885312e-05}
{"step": 61440, "wall_time": 1790739088.264879, "episodes_completed": 5.0, "mean_episode_reward": 9.584525729715825, "std_episode_reward": 13.792525354035737, "min_episode_reward": -10.539377212524414, "max_episode_reward": 29.84360122680664, "mean_episode_length": 104.6, "success_rate": 0.4, "collision_rate": 0.4, "out_of_bounds_rate": 0.0, "timeout_rate": 0.2, "policy_loss": -0.0017867544665932655, "value_loss": 3.9388603568077087, "entropy": 0.608705461025238, "approx_kl": 0.019047482521273196, "clip_fraction": 0.175048828125, "grad_norm": 12.501757621765137, "explained_variance": 0.9233720302581787, "action_std_mean": 0.3281172513961792, "optimizer_iterations": 4.0, "lr": 9.881216000000001e-05}
{"step": 63488, "wall_time": 1790739095.6909974, "episodes_completed": 6.0, "mean_episode_reward": 14.808882713317871, "std_episode_reward": 20.692875403056085, "min_episode_reward": -11.2012357711792, "max_episode_reward": 43.040714263916016, "mean_episode_length": 90.16666666666667, "success_rate": 0.5, "collision_rate": 0.5, "out_of_bounds_rate": 0.0, "timeout_rate": 0.0, "policy_loss": 0.001452768687158823, "value_loss": 4.089116334915161, "entropy": 0.6088491082191467, "approx_kl": 0.014373652986250818, "clip_fraction": 0.1617431640625, "grad_norm": 14.601581811904907, "explained_variance": 0.8986895680427551, "action_std_mean": 0.3281409740447998, "optimizer_iterations": 4.0, "lr": 9.877120000000001e-05}
{"step": 65536, "wall_time": 1790739103.2991455, "episodes_completed": 4.0, "mean_episode_reward": 6.412812255322933, "std_episode_reward": 13.94275100503107, "min_episode_reward": -4.958333969116211, "max_episode_reward": 30.285850524902344, "mean_episode_length": 103.5, "success_rate": 0.25, "collision_rate": 0.25, "out_of_bounds_rate": 0.0, "timeout_rate": 0.5, "policy_loss": -0.0036180722527205944, "value_loss": 1.9903357923030853, "entropy": 0.6089894473552704, "approx_kl": 0.012204425758682191, "clip_fraction": 0.113037109375, "grad_norm": 12.436702609062195, "explained_variance": 0.946002185344696, "action_std_mean": 0.328162282705307, "optimizer_iterations": 4.0, "lr": 9.873024e-05}
{"step": 67584, "wall_time": 1790739110.952542, "episodes_completed": 2.0, "mean_episode_reward": 25.369029998779297, "std_episode_reward": 10.356693267822266, "min_episode_reward": 15.012336730957031, "max_episode_reward": 35.72572326660156, "mean_episode_length": 161.5, "success_rate": 0.5, "collision_rate": 0.5, "out_of_bounds_rate": 0.0, "timeout_rate": 0.0, "policy_loss": 0.0018478771671652794, "value_loss": 1.4839318096637726, "entropy": 0.6091545820236206, "approx_kl": 0.011257228325121105, "clip_fraction": 0.115478515625, "grad_norm": 9.261512994766235, "explained_variance": 0.9327420592308044, "action_std_mean": 0.3281957507133484, "optimizer_iterations": 4.0, "lr": 9.868928000000001e-05}
{"step": 69632, "wall_time": 1790739118.479966, "episodes_completed": 2.0, "mean_episode_reward": 11.462074875831604, "std_episode_reward": 11.642993330955505, "min_episode_reward": -0.18091845512390137, "max_episode_reward": 23.10506820678711, "mean_episode_length": 97.5, "success_rate": 0.5, "collision_rate": 0.0, "out_of_bounds_rate": 0.0, "timeout_rate": 0.5, "policy_loss": 0.009963475167751312, "value_loss": 0.36798417568206787, "entropy": 0.6093545258045197, "approx_kl": 0.045336563140153885, "clip_fraction": 0.3739013671875, "grad_norm": 13.805338263511658, "explained_variance": 0.9911114573478699, "action_std_mean": 0.32822084426879883, "optimizer_iterations": 4.0, "lr": 9.864832e-05}
{"step": 71680, "wall_time": 1790739126.0954998, "episodes_completed": 3.0, "mean_episode_reward": 0.9936602910359701, "std_episode_reward": 8.791781308764989, "min_episode_reward": -8.25446891784668, "max_episode_reward": 12.814752578735352, "mean_episode_length": 35.333333333333336, "success_rate": 0.3333333333333333, "collision_rate": 0.6666666666666666, "out_of_bounds_rate": 0.0, "timeout_rate": 0.0, "policy_loss": 0.0018006972968578339, "value_loss": 3.4422637224197388, "entropy": 0.6094793379306793, "approx_kl": 0.03304210118949413, "clip_fraction": 0.3197021484375, "grad_norm": 14.48826003074646, "explained_variance": 0.8597356081008911, "action_std_mean": 0.32823073863983154, "optimizer_iterations": 4.0, "lr": 9.860736e-05}
{"step": 73728, "wall_time": 1790739133.6380017, "episodes_completed": 2.0, "mean_episode_reward": 0.22108083963394165, "std_episode_reward": 0.1972152590751648, "min_episode_reward": 0.023865580558776855, "max_episode_reward": 0.41829609870910645, "mean_episode_length": 136.5, "success_rate": 0.0, "collision_rate": 0.0, "out_of_bounds_rate": 0.0, "timeout_rate": 1.0, "policy_loss": 0.00809113122522831, "value_loss": 0.13946382701396942, "entropy": 0.6094301342964172, "approx_kl": 0.03329630475491285, "clip_fraction": 0.3153076171875, "grad_norm": 8.569117903709412, "explained_variance": 0.9957749843597412, "action_std_mean": 0.32819467782974243, "optimizer_iterations": 4.0, "lr": 9.85664e-05}
{"step": 75776, "wall_time": 1790739141.5188036, "episodes_completed": 4.0, "mean_episode_reward": 14.317691528238356, "std_episode_reward": 12.606051319629579, "min_episode_reward": -0.04868617281317711, "max_episode_reward": 34.579532623291016, "mean_episode_length": 114.75, "success_rate": 0.5, "collision_rate": 0.25, "out_of_bounds_rate": 0.0, "timeout_rate": 0.25, "policy_loss": 0.003836529329419136, "value_loss": 3.358008027076721, "entropy": 0.6092124581336975, "approx_kl": 0.023745298385620117, "clip_fraction": 0.2576904296875, "grad_norm": 14.539720296859741, "explained_variance": 0.8999466896057129, "action_std_mean": 0.3281625509262085, "optimizer_iterations": 4.0, "lr": 9.852544e-05}
{"step": 77824, "wall_time": 1790739149.4600186, "episodes_completed": 4.0, "mean_episode_reward": 1.1726539582014084, "std_episode_reward": 10.005554898495483, "min_episode_reward": -11.893919944763184, "max_episode_reward": 16.257566452026367, "mean_episode_length": 69.25, "success_rate": 0.25, "collision_rate": 0.25, "out_of_bounds_rate": 0.0, "timeout_rate": 0.5, "policy_loss": -0.004415891598910093, "value_loss": 0.998236209154129, "entropy": 0.6090033650398254, "approx_kl": 0.01686956500634551, "clip_fraction": 0.1749267578125, "grad_norm": 8.877030849456787, "explained_variance": 0.9829720258712769, "action_std_mean": 0.32812222838401794, "optimizer_iterations": 4.0, "lr": 9.848448000000001e-05}
{"step": 79872, "wall_time": 1790739157.1104505, "episodes_completed": 8.0, "mean_episode_reward": 2.885220835916698, "std_episode_reward": 12.42660603076482, "min_episode_reward": -10.034406661987305, "max_episode_reward": 27.988862991333008, "mean_episode_length": 53.5, "success_rate": 0.375, "collision_rate": 0.375, "out_of_bounds_rate": 0.0, "timeout_rate": 0.25, "policy_loss": -0.0051327901892364025, "value_loss": 3.984772205352783, "entropy": 0.6087802350521088, "approx_kl": 0.011897768010385334, "clip_fraction": 0.1173095703125, "grad_norm": 15.66949200630188, "explained_variance": 0.9211463332176208, "action_std_mean": 0.32810133695602417, "optimizer_iterations": 4.0, "lr": 9.844352e-05}
{"step": 81920, "wall_time": 1790739164.7916574, "episodes_completed": 3.0, "mean_episode_reward": 26.35661252339681, "std_episode_reward": 12.67088650318542, "min_episode_reward": 9.302650451660156, "max_episode_reward": 39.64792251586914, "mean_episode_length": 135.33333333333334, "success_rate": 0.6666666666666666, "collision_rate": 0.3333333333333333, "out_of_bounds_rate": 0.0, "timeout_rate": 0.0, "policy_loss": 0.002505579497665167, "value_loss": 3.4698749780654907, "entropy": 0.608713835477829, "approx_kl": 0.010912053869105875, "clip_fraction": 0.1307373046875, "grad_norm": 11.43482756614685, "explained_variance": 0.8690008521080017, "action_std_mean": 0.3280998766422272, "optimizer_iterations": 4.0, "lr": 9.840256000000001e-05}
{"step": 83968, "wall_time": 1790739172.8470035, "episodes_completed": 2.0, "mean_episode_reward": 14.79862356185913, "std_episode_reward": 1.1840109825134277, "min_episode_reward": 13.614612579345703, "max_episode_reward": 15.982634544372559, "mean_episode_length": 77.0, "success_rate": 0.5, "collision_rate": 0.5, "out_of_bounds_rate": 0.0, "timeout_rate": 0.0, "policy_loss": 0.0015007369220256805, "value_loss": 2.3667535185813904, "entropy": 0.6087393760681152, "approx_kl": 0.009163806913420558, "clip_fraction": 0.1009521484375, "grad_norm": 12.56771731376648, "explained_variance": 0.944049060344696, "action_std_mean": 0.32811737060546875, "optimizer_iterations": 4.0, "lr": 9.83616e-05}
{"step": 86016, "wall_time": 1790739180.550473, "episodes_completed": 2.0, "mean_episode_reward": 25.271202966570854, "std_episode_reward": 24.956233099102974, "min_episode_reward": 0.31496986746788025, "max_episode_reward": 50.22743606567383, "mean_episode_length": 235.5, "success_rate": 0.5, "collision_rate": 0.0, "out_of_bounds_rate": 0.0, "timeout_rate": 0.5, "policy_loss": 0.00040960684418678284, "value_loss": 0.5377608984708786, "entropy": 0.6088890433311462, "approx_kl": 0.016624021343886852, "clip_fraction": 0.16162109375, "grad_norm": 6.641611695289612, "explained_variance": 0.9837110638618469, "action_std_mean": 0.32814309000968933, "optimizer_iterations": 4.0, "lr": 9.832064000000001e-05}
{"step": 88064, "wall_time": 1790739188.2251842, "episodes_completed": 6.0, "mean_episode_reward": 10.318367287516594, "std_episode_reward": 20.762444070619395, "min_episode_reward": -10.005824089050293, "max_episode_reward": 41.46272277832031, "mean_episode_length": 148.33333333333334, "success_rate": 0.3333333333333333, "collision_rate": 0.3333333333333333, "out_of_bounds_rate": 0.0, "timeout_rate": 0.3333333333333333, "policy_loss": 0.0023649046197533607, "value_loss": 3.2559626698493958, "entropy": 0.6090159714221954, "approx_kl": 0.014515006449073553, "clip_fraction": 0.1563720703125, "grad_norm": 19.60297918319702, "explained_variance": 0.9197496175765991, "action_std_mean": 0.3281581997871399, "optimizer_iterations": 4.0, "lr": 9.827968e-05}
{"step": 90112, "wall_time": 1790739195.9029543, "episodes_completed": 5.0, "mean_episode_reward": 21.140334236621857, "std_episode_reward": 19.646530970477727, "min_episode_reward": -3.0939245223999023, "max_episode_reward": 48.47243881225586, "mean_episode_length": 141.2, "success_rate": 0.6, "collision_rate": 0.2, "out_of_bounds_rate": 0.0, "timeout_rate": 0.2, "policy_loss": 0.004167391685768962, "value_loss": 3.836773157119751, "entropy": 0.6091062426567078, "approx_kl": 0.014730705413967371, "clip_fraction": 0.1392822265625, "grad_norm": 16.114720344543457, "explained_variance": 0.905633807182312, "action_std_mean": 0.3281751275062561, "optimizer_iterations": 4.0, "lr": 9.823872e-05}
{"step": 92160, "wall_time": 1790739203.453705, "episodes_completed": 6.0, "mean_episode_reward": 13.041378224889437, "std_episode_reward": 7.592901521856876, "min_episode_reward": 0.4546072781085968, "max_episode_reward": 24.283863067626953, "mean_episode_length": 50.5, "success_rate": 0.8333333333333334, "collision_rate": 0.0, "out_of_bounds_rate": 0.0, "timeout_rate": 0.16666666666666666, "policy_loss": -6.46212138235569e-05, "value_loss": 0.9695811867713928, "entropy": 0.6092474460601807, "approx_kl": 0.0077039150055497885, "clip_fraction": 0.092041015625, "grad_norm": 8.930130243301392, "explained_variance": 0.9718101620674133, "action_std_mean": 0.32820284366607666, "optimizer_iterations": 4.0, "lr": 9.819776000000001e-05}
{"step": 94208, "wall_time": 1790739211.2356615, "episodes_completed": 6.0, "mean_episode_reward": 11.445707480112711, "std_episode_reward": 13.140394350193901, "min_episode_reward": -10.36197280883789, "max_episode_reward": 29.31911849975586, "mean_episode_length": 113.0, "success_rate": 0.5, "collision_rate": 0.3333333333333333, "out_of_bounds_rate": 0.0, "timeout_rate": 0.16666666666666666, "policy_loss": 0.0007931403815746307, "value_loss": 3.208642363548279, "entropy": 0.6094162166118622, "approx_kl": 0.015356054762378335, "clip_fraction": 0.153076171875, "grad_norm": 11.186229705810547, "explained_variance": 0.8858068585395813, "action_std_mean": 0.32823193073272705, "optimizer_iterations": 4.0, "lr": 9.81568e-05}
{"step": 96256, "wall_time": 1790739219.182949, "episodes_completed": 3.0, "mean_episode_reward": 30.55120849609375, "std_episode_reward": 10.127016898004783, "min_episode_reward": 18.754024505615234, "max_episode_reward": 43.48219299316406, "mean_episode_length": 178.0, "success_rate": 0.6666666666666666, "collision_rate": 0.3333333333333333, "out_of_bounds_rate": 0.0, "timeout_rate": 0.0, "policy_loss": 0.00993298611138016, "value_loss": 4.117234706878662, "entropy": 0.609618067741394, "approx_kl": 0.0418096212670207, "clip_fraction": 0.27685546875, "grad_norm": 11.635151863098145, "explained_variance": 0.838959276676178, "action_std_mean": 0.32826948165893555, "optimizer_iterations": 4.0, "lr": 9.811584000000001e-05}
{"step": 98304, "wall_time": 1790739226.9885972, "episodes_completed": 2.0, "mean_episode_reward": 10.341094493865967, "std_episode_reward": 17.868408679962158, "min_episode_reward": -7.527314186096191, "max_episode_reward": 28.209503173828125, "mean_episode_length": 107.0, "success_rate": 0.5, "collision_rate": 0.5, "out_of_bounds_rate": 0.0, "timeout_rate": 0.0, "policy_loss": 0.0019478905014693737, "value_loss": 1.013396605849266, "entropy": 0.6098537445068359, "approx_kl": 0.018289905972778797, "clip_fraction": 0.1937255859375, "grad_norm": 9.163668274879456, "explained_variance": 0.9582905769348145, "action_std_mean": 0.3283047080039978, "optimizer_iterations": 4.0, "lr": 9.807488e-05}
{"step": 100352, "wall_time": 1790739234.6113055, "episodes_completed": 4.0, "mean_episode_reward": 3.9245043620467186, "std_episode_reward": 10.571242226963749, "min_episode_reward": -10.593871116638184, "max_episode_reward": 17.937068939208984, "mean_episode_length": 130.5, "success_rate": 0.25, "collision_rate": 0.5, "out_of_bounds_rate": 0.0, "timeout_rate": 0.25, "policy_loss": -8.014473132789135e-05, "value_loss": 2.2233986854553223, "entropy": 0.6100442111492157, "approx_kl": 0.014766581356525421, "clip_fraction": 0.142333984375, "grad_norm": 14.373289942741394, "explained_variance": 0.9357016086578369, "action_std_mean": 0.3283308148384094, "optimizer_iterations": 4.0, "lr": 9.803392e-05}
{"step": 102400, "wall_time": 1790739242.3290157, "episodes_completed": 6.0, "mean_episode_reward": 10.00066905717055, "std_episode_reward": 14.635734564583467, "min_episode_reward": -9.612799644470215, "max_episode_reward": 34.61121368408203, "mean_episode_length": 105.16666666666667, "success_rate": 0.5, "collision_rate": 0.3333333333333333, "out_of_bounds_rate": 0.0, "timeout_rate": 0.16666666666666666, "policy_loss": 0.002515740692615509, "value_loss": 4.126277923583984, "entropy": 0.6102020144462585, "approx_kl": 0.01898711803369224, "clip_fraction": 0.1868896484375, "grad_norm": 14.469209432601929, "explained_variance": 0.8842377066612244, "action_std_mean": 0.3283539116382599, "optimizer_iterations": 4.0, "lr": 9.799296e-05}
{"step": 104448, "wall_time": 1790739250.1088803, "episodes_completed": 5.0, "mean_episode_reward": 6.557644917070865, "std_episode_reward": 7.013062194698727, "min_episode_reward": 0.11783445626497269, "max_episode_reward": 16.80236053466797, "mean_episode_length": 90.6, "success_rate": 0.2, "collision_rate": 0.6, "out_of_bounds_rate": 0.0, "timeout_rate": 0.2, "policy_loss": 0.0023729922249913216, "value_loss": 8.08289361000061, "entropy": 0.6103262305259705, "approx_kl": 0.03494290867820382, "clip_fraction": 0.2056884765625, "grad_norm": 20.055686235427856, "explained_variance": 0.7841531038284302, "action_std_mean": 0.3283771276473999, "optimizer_iterations": 4.0, "lr": 9.7952e-05}
{"step": 106496, "wall_time": 1790739257.6509626, "episodes_completed": 6.0, "mean_episode_reward": 14.71371814608574, "std_episode_reward": 16.767404516401264, "min_episode_reward": -9.866233825683594, "max_episode_reward": 35.73320770263672, "mean_episode_length": 84.66666666666667, "success_rate": 0.5, "collision_rate": 0.3333333333333333, "out_of_bounds_rate": 0.0, "timeout_rate": 0.16666666666666666, "policy_loss": 0.0008435387862846255, "value_loss": 3.4488214254379272, "entropy": 0.6104828715324402, "approx_kl": 0.01150492113083601, "clip_fraction": 0.1168212890625, "grad_norm": 14.36135983467102, "explained_variance": 0.8974292278289795, "action_std_mean": 0.32839399576187134, "optimizer_iterations": 4.0, "lr": 9.791104000000001e-05}
{"step": 108544, "wall_time": 1790739265.1927314, "episodes_completed": 2.0, "mean_episode_reward": 29.21522331237793, "std_episode_reward": 19.079866409301758, "min_episode_reward": 10.135356903076172, "max_episode_reward": 48.29508972167969, "mean_episode_length": 120.0, "success_rate": 1.0, "collision_rate": 0.0, "out_of_bounds_rate": 0.0, "timeout_rate": 0.0, "policy_loss": -0.002940093690995127, "value_loss": 0.38007770478725433, "entropy": 0.6105485260486603, "approx_kl": 0.020575713249854743, "clip_fraction": 0.2022705078125, "grad_norm": 5.687769174575806, "explained_variance": 0.9774618744850159, "action_std_mean": 0.3284047544002533, "optimizer_iterations": 4.0, "lr": 9.787008e-05}
{"step": 110592, "wall_time": 1790739272.9570718, "episodes_completed": 1.0, "mean_episode_reward": 10.411431312561035, "std_episode_reward": 0.0, "min_episode_reward": 10.411431312561035, "max_episode_reward": 10.411431312561035, "mean_episode_length": 191.0, "success_rate": 1.0, "collision_rate": 0.0, "out_of_bounds_rate": 0.0, "timeout_rate": 0.0, "policy_loss": -0.0015079246368259192, "value_loss": 1.0846765041351318, "entropy": 0.6106647253036499, "approx_kl": 0.024250762071460485, "clip_fraction": 0.2691650390625, "grad_norm": 8.083155155181885, "explained_variance": 0.8668475151062012, "action_std_mean": 0.3284340500831604, "optimizer_iterations": 4.0, "lr": 9.782912000000001e-05}
{"step": 112640, "wall_time": 1790739280.4617934, "episodes_completed": 2.0, "mean_episode_reward": 25.48828414082527, "std_episode_reward": 25.16358658671379, "min_episode_reward": 0.3246975541114807, "max_episode_reward": 50.65187072753906, "mean_episode_length": 114.5, "success_rate": 0.5, "collision_rate": 0.0, "out_of_bounds_rate": 0.0, "timeout_rate": 0.5, "policy_loss": -0.0014982395805418491, "value_loss": 0.5019237846136093, "entropy": 0.6108647882938385, "approx_kl": 0.010685687186196446, "clip_fraction": 0.1322021484375, "grad_norm": 7.032478988170624, "explained_variance": 0.9788870811462402, "action_std_mean": 0.32846951484680176, "optimizer_iterations": 4.0, "lr": 9.778816e-05}
{"step": 114688, "wall_time": 1790739287.9737148, "episodes_completed": 6.0, "mean_episode_reward": 8.012555533088744, "std_episode_reward": 12.50306563680104, "min_episode_reward": -10.01882553100586, "max_episode_reward": 27.337848663330078, "mean_episode_length": 88.5, "success_rate": 0.5, "collision_rate": 0.16666666666666666, "out_of_bounds_rate": 0.0, "timeout_rate": 0.3333333333333333, "policy_loss": 0.001778673380613327, "value_loss": 0.7132247090339661, "entropy": 0.6110715866088867, "approx_kl": 0.015851011034101248, "clip_fraction": 0.1480712890625, "grad_norm": 7.582421541213989, "explained_variance": 0.9794877767562866, "action_std_mean": 0.32849374413490295, "optimizer_iterations": 4.0, "lr": 9.774720000000001e-05}
{"step": 116736, "wall_time": 1790739295.4899805, "episodes_completed": 4.0, "mean_episode_reward": 3.3512574434280396, "std_episode_reward": 12.281542915828135, "min_episode_reward": -11.611967086791992, "max_episode_reward": 19.624523162841797, "mean_episode_length": 137.0, "success_rate": 0.25, "collision_rate": 0.75, "out_of_bounds_rate": 0.0, "timeout_rate": 0.0, "policy_loss": 0.002105054445564747, "value_loss": 6.208298444747925, "entropy": 0.6111609935760498, "approx_kl": 0.019878463353961706, "clip_fraction": 0.1854248046875, "grad_norm": 16.75408172607422, "explained_variance": 0.8724290132522583, "action_std_mean": 0.3284994959831238, "optimizer_iterations": 4.0, "lr": 9.770624e-05}
{"step": 118784, "wall_time": 1790739303.1287107, "episodes_completed": 4.0, "mean_episode_reward": 15.94760224968195, "std_episode_reward": 20.50634862981462, "min_episode_reward": -0.43859967589378357, "max_episode_reward": 49.921085357666016, "mean_episode_length": 164.5, "success_rate": 0.25, "collision_rate": 0.5, "out_of_bounds_rate": 0.0, "timeout_rate": 0.25, "policy_loss": -0.00023305974900722504, "value_loss": 4.51497757434845, "entropy": 0.6112395524978638, "approx_kl": 0.01543190237134695, "clip_fraction": 0.1485595703125, "grad_norm": 15.249121904373169, "explained_variance": 0.8692479729652405, "action_std_mean": 0.32853183150291443, "optimizer_iterations": 4.0, "lr": 9.766528e-05}
{"step": 120832, "wall_time": 1790739310.766698, "episodes_completed": 9.0, "mean_episode_reward": 9.471093349158764, "std_episode_reward": 12.087179021307419, "min_episode_reward": -9.933572769165039, "max_episode_reward": 22.603940963745117, "mean_episode_length": 84.22222222222223, "success_rate": 0.5555555555555556, "collision_rate": 0.3333333333333333, "out_of_bounds_rate": 0.0, "timeout_rate": 0.1111111111111111, "policy_loss": 0.005301367957144976, "value_loss": 3.5457335710525513, "entropy": 0.6114800572395325, "approx_kl": 0.01917436340590939, "clip_fraction": 0.1617431640625, "grad_norm": 14.154707670211792, "explained_variance": 0.9029035568237305, "action_std_mean": 0.32858020067214966, "optimizer_iterations": 4.0, "lr": 9.762432000000001e-05}
{"step": 122880, "wall_time": 1790739318.4147596, "episodes_completed": 4.0, "mean_episode_reward": 14.59629487991333, "std_episode_reward": 15.602598142832226, "min_episode_reward": -2.595518112182617, "max_episode_reward": 30.839458465576172, "mean_episode_length": 105.75, "success_rate": 0.25, "collision_rate": 0.75, "out_of_bounds_rate": 0.0, "timeout_rate": 0.0, "policy_loss": 0.005401421803981066, "value_loss": 5.047466516494751, "entropy": 0.611784040927887, "approx_kl": 0.015773299848660827, "clip_fraction": 0.1431884765625, "grad_norm": 13.305063962936401, "explained_variance": 0.8859533071517944, "action_std_mean": 0.3286246061325073, "optimizer_iterations": 4.0, "lr": 9.758336e-05}
{"step": 124928, "wall_time": 1790739326.2275033, "episodes_completed": 5.0, "mean_episode_reward": 13.54673764705658, "std_episode_reward": 14.84905151324726, "min_episode_reward": -7.0655059814453125, "max_episode_reward": 33.55382537841797, "mean_episode_length": 99.0, "success_rate": 0.6, "collision_rate": 0.2, "out_of_bounds_rate": 0.0, "timeout_rate": 0.2, "policy_loss": 0.002105084015056491, "value_loss": 2.8263394832611084, "entropy": 0.6120060086250305, "approx_kl": 0.02786899358034134, "clip_fraction": 0.2264404296875, "grad_norm": 13.752166509628296, "explained_variance": 0.9326567649841309, "action_std_mean": 0.3286507725715637, "optimizer_iterations": 4.0, "lr": 9.75424e-05}
{"step": 126976, "wall_time": 1790739333.7441654, "episodes_completed": 5.0, "mean_episode_reward": 15.1466650724411, "std_episode_reward": 10.936066714032648, "min_episode_reward": 0.3508857488632202, "max_episode_reward": 28.493480682373047, "mean_episode_length": 137.0, "success_rate": 0.2, "collision_rate": 0.6, "out_of_bounds_rate": 0.0, "timeout_rate": 0.2, "policy_loss": 0.003055306151509285, "value_loss": 4.897671937942505, "entropy": 0.6121652126312256, "approx_kl": 0.014707359718158841, "clip_fraction": 0.161376953125, "grad_norm": 14.843864679336548, "explained_variance": 0.9078807830810547, "action_std_mean": 0.3286896049976349, "optimizer_iterations": 4.0, "lr": 9.750144e-05}
{"step": 129024, "wall_time": 1790739341.265406, "episodes_completed": 6.0, "mean_episode_reward": 12.509411737322807, "std_episode_reward": 14.357232615346133, "min_episode_reward": -9.971311569213867, "max_episode_reward": 33.94511413574219, "mean_episode_length": 102.83333333333333, "success_rate": 0.3333333333333333, "collision_rate": 0.5, "out_of_bounds_rate": 0.0, "timeout_rate": 0.16666666666666666, "policy_loss": 0.0003434726968407631, "value_loss": 3.286148428916931, "entropy": 0.6124275922775269, "approx_kl": 0.01200416567735374, "clip_fraction": 0.1298828125, "grad_norm": 9.793318390846252, "explained_variance": 0.899646520614624, "action_std_mean": 0.328718364238739, "optimizer_iterations": 4.0, "lr": 9.746048000000001e-05}
{"step": 131072, "wall_time": 1790739348.9129515, "episodes_completed": 9.0, "mean_episode_reward": 19.878548357221817, "std_episode_reward": 20.258841301668426, "min_episode_reward": -10.192617416381836, "max_episode_reward": 51.66394805908203, "mean_episode_length": 106.88888888888889, "success_rate": 0.5555555555555556, "collision_rate": 0.4444444444444444, "out_of_bounds_rate": 0.0, "timeout_rate": 0.0, "policy_loss": 0.0018840339034795761, "value_loss": 6.856330871582031, "entropy": 0.6125310659408569, "approx_kl": 0.015050271875225008, "clip_fraction": 0.1728515625, "grad_norm": 22.432823419570923, "explained_variance": 0.835978627204895, "action_std_mean": 0.32872533798217773, "optimizer_iterations": 4.0, "lr": 9.741952e-05}
{"step": 133120, "wall_time": 1790739356.4033291, "episodes_completed": 4.0, "mean_episode_reward": 5.368703126907349, "std_episode_reward": 15.212550486022106, "min_episode_reward": -10.069052696228027, "max_episode_reward": 27.824623107910156, "mean_episode_length": 38.5, "success_rate": 0.5, "collision_rate": 0.5, "out_of_bounds_rate": 0.0, "timeout_rate": 0.0, "policy_loss": 0.018708142219111323, "value_loss": 2.721824824810028, "entropy": 0.6125694513320923, "approx_kl": 0.03251488693058491, "clip_fraction": 0.239013671875, "grad_norm": 21.59773278236389, "explained_variance": 0.9439319968223572, "action_std_mean": 0.3287307620048523, "optimizer_iterations": 4.0, "lr": 9.737856000000001e-05}
{"step": 135168, "wall_time": 1790739364.0119052, "episodes_completed": 1.0, "mean_episode_reward": 49.091102600097656, "std_episode_reward": 0.0, "min_episode_reward": 49.091102600097656, "max_episode_reward": 49.091102600097656, "mean_episode_length": 198.0, "success_rate": 1.0, "collision_rate": 0.0, "out_of_bounds_rate": 0.0, "timeout_rate": 0.0, "policy_loss": 0.0031471382826566696, "value_loss": 0.6446700841188431, "entropy": 0.6125661730766296, "approx_kl": 0.011141595779918134, "clip_fraction": 0.12939453125, "grad_norm": 10.115324258804321, "explained_variance": 0.9839912056922913, "action_std_mean": 0.3287065625190735, "optimizer_iterations": 4.0, "lr": 9.733760000000001e-05}
{"step": 137216, "wall_time": 1790739371.5470586, "episodes_completed": 4.0, "mean_episode_reward": 18.591898806393147, "std_episode_reward": 12.226081436378339, "min_episode_reward": -0.251463383436203, "max_episode_reward": 30.33124542236328, "mean_episode_length": 144.75, "success_rate": 0.75, "collision_rate": 0.0, "out_of_bounds_rate": 0.0, "timeout_rate": 0.25, "policy_loss": 0.0005226326175034046, "value_loss": 1.8738686740398407, "entropy": 0.6122921705245972, "approx_kl": 0.008284287760034204, "clip_fraction": 0.104248046875, "grad_norm": 10.414138555526733, "explained_variance": 0.9406420588493347, "action_std_mean": 0.3286197781562805, "optimizer_iterations": 4.0, "lr": 9.729664e-05}
{"step": 139264, "wall_time": 1790739379.0159156, "episodes_completed": 3.0, "mean_episode_reward": 14.064214607079824, "std_episode_reward": 10.510937010430457, "min_episode_reward": -0.7242129445075989, "max_episode_reward": 22.760927200317383, "mean_episode_length": 81.0, "success_rate": 0.6666666666666666, "collision_rate": 0.0, "out_of_bounds_rate": 0.0, "timeout_rate": 0.3333333333333333, "policy_loss": -0.0020801653154194355, "value_loss": 0.9753358215093613, "entropy": 0.6116732358932495, "approx_kl": 0.008240355178713799, "clip_fraction": 0.1033935546875, "grad_norm": 7.3592846393585205, "explained_variance": 0.978273332118988, "action_std_mean": 0.3285136818885803, "optimizer_iterations": 4.0, "lr": 9.725568000000001e-05}
{"step": 141312, "wall_time": 1790739386.4650667, "episodes_completed": 4.0, "mean_episode_reward": 21.726986408233643, "std_episode_reward": 14.53626691250873, "min_episode_reward": 2.824305534362793, "max_episode_reward": 39.22224044799805, "mean_episode_length": 89.25, "success_rate": 0.75, "collision_rate": 0.25, "out_of_bounds_rate": 0.0, "timeout_rate": 0.0, "policy_loss": 0.00299810990691185, "value_loss": 3.308731734752655, "entropy": 0.6110962927341461, "approx_kl": 0.01926411595195532, "clip_fraction": 0.2103271484375, "grad_norm": 12.92632520198822, "explained_variance": 0.917618989944458, "action_std_mean": 0.3284451961517334, "optimizer_iterations": 4.0, "lr": 9.721472e-05}
{"step": 143360, "wall_time": 1790739393.9539657, "episodes_completed": 9.0, "mean_episode_reward": 3.306741734345754, "std_episode_reward": 8.306712714632384, "min_episode_reward": -10.001957893371582, "max_episode_reward": 12.30000114440918, "mean_episode_length": 76.77777777777777, "success_rate": 0.4444444444444444, "collision_rate": 0.4444444444444444, "out_of_bounds_rate": 0.0, "timeout_rate": 0.1111111111111111, "policy_loss": -0.002669217064976692, "value_loss": 5.723432421684265, "entropy": 0.6107745170593262, "approx_kl": 0.009592353482730687, "clip_fraction": 0.1175537109375, "grad_norm": 18.519980788230896, "explained_variance": 0.8523236513137817, "action_std_mean": 0.3284112215042114, "optimizer_iterations": 4.0, "lr": 9.717376e-05}
{"step": 145408, "wall_time": 1790739401.7608216, "episodes_completed": 5.0, "mean_episode_reward": 16.95034999847412, "std_episode_reward": 15.907135176872355, "min_episode_reward": -10.069113731384277, "max_episode_reward": 39.852210998535156, "mean_episode_length": 83.6, "success_rate": 0.8, "collision_rate": 0.2, "out_of_bounds_rate": 0.0, "timeout_rate": 0.0, "policy_loss": 0.0002728281542658806, "value_loss": 2.3200831413269043, "entropy": 0.6105792820453644, "approx_kl": 0.012591971782967448, "clip_fraction": 0.150390625, "grad_norm": 8.74290680885315, "explained_variance": 0.9162334203720093, "action_std_mean": 0.3283746838569641, "optimizer_iterations": 4.0, "lr": 9.71328e-05}
{"step": 147456, "wall_time": 1790739409.4248347, "episodes_completed": 4.0, "mean_episode_reward": 11.127456665039062, "std_episode_reward": 13.723423664228134, "min_episode_reward": -10.857423782348633, "max_episode_reward": 25.418561935424805, "mean_episode_length": 79.25, "success_rate": 0.75, "collision_rate": 0.25, "out_of_bounds_rate": 0.0, "timeout_rate": 0.0, "policy_loss": -0.0007666773162782192, "value_loss": 1.473385512828827, "entropy": 0.6103383898735046, "approx_kl": 0.012035527732223272, "clip_fraction": 0.119384765625, "grad_norm": 9.377679109573364, "explained_variance": 0.9605706930160522, "action_std_mean": 0.3283190131187439, "optimizer_iterations": 4.0, "lr": 9.709184e-05}
{"step": 149504, "wall_time": 1790739416.9797852, "episodes_completed": 4.0, "mean_episode_reward": 6.735111564397812, "std_episode_reward": 11.10681491683521, "min_episode_reward": -7.60497522354126, "max_episode_reward": 20.47246742248535, "mean_episode_length": 76.25, "success_rate": 0.5, "collision_rate": 0.25, "out_of_bounds_rate": 0.0, "timeout_rate": 0.25, "policy_loss": -0.0020851618610322475, "value_loss": 1.076487421989441, "entropy": 0.6099894940853119, "approx_kl": 0.01446197705809027, "clip_fraction": 0.1585693359375, "grad_norm": 8.78080666065216, "explained_variance": 0.9774765372276306, "action_std_mean": 0.3282806873321533, "optimizer_iterations": 4.0, "lr": 9.705088e-05}
{"step": 151552, "wall_time": 1790739424.818532, "episodes_completed": 2.0, "mean_episode_reward": -10.960365295410156, "std_episode_reward": 1.08221435546875, "min_episode_reward": -12.042579650878906, "max_episode_reward": -9.878150939941406, "mean_episode_length": 122.0, "success_rate": 0.0, "collision_rate": 1.0, "out_of_bounds_rate": 0.0, "timeout_rate": 0.0, "policy_loss": 0.0016059776535257697, "value_loss": 1.8883974850177765, "entropy": 0.6098619103431702, "approx_kl": 0.10311059840023518, "clip_fraction": 0.134033203125, "grad_norm": 10.054202318191528, "explained_variance": 0.9626644253730774, "action_std_mean": 0.32828032970428467, "optimizer_iterations": 4.0, "lr": 9.700992000000002e-05}
{"step": 153600, "wall_time": 1790739432.5634143, "episodes_completed": 5.0, "mean_episode_reward": 14.569260215759277, "std_episode_reward": 21.21271156113386, "min_episode_reward": -9.174074172973633, "max_episode_reward": 46.058712005615234, "mean_episode_length": 100.2, "success_rate": 0.4, "collision_rate": 0.6, "out_of_bounds_rate": 0.0, "timeout_rate": 0.0, "policy_loss": -0.002368839457631111, "value_loss": 3.6755049228668213, "entropy": 0.6099399030208588, "approx_kl": 0.017871208488941193, "clip_fraction": 0.142822265625, "grad_norm": 15.440996170043945, "explained_variance": 0.9139397144317627, "action_std_mean": 0.3283137381076813, "optimizer_iterations": 4.0, "lr": 9.696896000000001e-05}
{"step": 155648, "wall_time": 1790739440.31205, "episodes_completed": 7.0, "mean_episode_reward": 5.975672259926796, "std_episode_reward": 15.611720027454206, "min_episode_reward": -9.589950561523438, "max_episode_reward": 40.53471755981445, "mean_episode_length": 77.85714285714286, "success_rate": 0.2857142857142857, "collision_rate": 0.42857142857142855, "out_of_bounds_rate": 0.0, "timeout_rate": 0.2857142857142857, "policy_loss": 0.0016418008017353714, "value_loss": 5.573290586471558, "entropy": 0.6101588904857635, "approx_kl": 0.018552443012595177, "clip_fraction": 0.1663818359375, "grad_norm": 14.526930570602417, "explained_variance": 0.8625292778015137, "action_std_mean": 0.32833969593048096, "optimizer_iterations": 4.0, "lr": 9.6928e-05}
{"step": 157696, "wall_time": 1790739447.8035302, "episodes_completed": 5.0, "mean_episode_reward": 8.21598479449749, "std_episode_reward": 11.380169118319223, "min_episode_reward": -9.804344177246094, "max_episode_reward": 20.54780387878418, "mean_episode_length": 67.4, "success_rate": 0.6, "collision_rate": 0.2, "out_of_bounds_rate": 0.0, "timeout_rate": 0.2, "policy_loss": 0.012345344759523869, "value_loss": 0.9061288386583328, "entropy": 0.6102487146854401, "approx_kl": 0.026410899590700865, "clip_fraction": 0.2156982421875, "grad_norm": 14.036021709442139, "explained_variance": 0.9765904545783997, "action_std_mean": 0.32833319902420044, "optimizer_iterations": 4.0, "lr": 9.688704000000001e-05}
{"step": 159744, "wall_time": 1790739455.4790115, "episodes_completed": 10.0, "mean_episode_reward": 7.540077874064446, "std_episode_reward": 18.573317039269153, "min_episode_reward": -10.626964569091797, "max_episode_reward": 40.65012741088867, "mean_episode_length": 88.2, "success_rate": 0.4, "collision_rate": 0.5, "out_of_bounds_rate": 0.0, "timeout_rate": 0.1, "policy_loss": 0.01410976517945528, "value_loss": 4.989508152008057, "entropy": 0.6101750731468201, "approx_kl": 0.044989269226789474, "clip_fraction": 0.2806396484375, "grad_norm": 16.088295459747314, "explained_variance": 0.8958529829978943, "action_std_mean": 0.3283258378505707, "optimizer_iterations": 4.0, "lr": 9.684608e-05}
{"step": 161792, "wall_time": 1790739462.9673257, "episodes_completed": 4.0, "mean_episode_reward": 37.087082862854004, "std_episode_reward": 9.482209478667894, "min_episode_reward": 27.221492767333984, "max_episode_reward": 52.70555877685547, "mean_episode_length": 162.75, "success_rate": 1.0, "collision_rate": 0.0, "out_of_bounds_rate": 0.0, "timeout_rate": 0.0, "policy_loss": 0.000643149483948946, "value_loss": 1.4516788125038147, "entropy": 0.6101690828800201, "approx_kl": 0.06212260155007243, "clip_fraction": 0.1104736328125, "grad_norm": 8.668594121932983, "explained_variance": 0.9600908160209656, "action_std_mean": 0.3283306062221527, "optimizer_iterations": 4.0, "lr": 9.680512e-05}
{"step": 163840, "wall_time": 1790739470.4914913, "episodes_completed": 5.0, "mean_episode_reward": 14.803865432739258, "std_episode_reward": 5.804420124521549, "min_episode_reward": 5.075638771057129, "max_episode_reward": 21.898223876953125, "mean_episode_length": 73.0, "success_rate": 0.6, "collision_rate": 0.4, "out_of_bounds_rate": 0.0, "timeout_rate": 0.0, "policy_loss": 0.007447207521181554, "value_loss": 3.9787824749946594, "entropy": 0.6102308928966522, "approx_kl": 0.022399968933314085, "clip_fraction": 0.22021484375, "grad_norm": 10.669835329055786, "explained_variance": 0.9043689370155334, "action_std_mean": 0.32835623621940613, "optimizer_iterations": 4.0, "lr": 9.676416000000001e-05}
{"step": 165888, "wall_time": 1790739478.1735785, "episodes_completed": 5.0, "mean_episode_reward": 22.88160858154297, "std_episode_reward": 17.879514874343425, "min_episode_reward": -11.30971908569336, "max_episode_reward": 38.917564392089844, "mean_episode_length": 108.4, "success_rate": 0.8, "collision_rate": 0.2, "out_of_bounds_rate": 0.0, "timeout_rate": 0.0, "policy_loss": 0.004470121115446091, "value_loss": 1.8363784551620483, "entropy": 0.6104229092597961, "approx_kl": 0.030251912772655487, "clip_fraction": 0.21044921875, "grad_norm": 14.090259552001953, "explained_variance": 0.9587257504463196, "action_std_mean": 0.3283821642398834, "optimizer_iterations": 4.0, "lr": 9.67232e-05}
{"step": 167936, "wall_time": 1790739485.8884556, "episodes_completed": 6.0, "mean_episode_reward": 17.97665023803711, "std_episode_reward": 22.564342251695965, "min_episode_reward": -11.114002227783203, "max_episode_reward": 53.02627944946289, "mean_episode_length": 188.66666666666666, "success_rate": 0.5, "collision_rate": 0.5, "out_of_bounds_rate": 0.0, "timeout_rate": 0.0, "policy_loss": 0.00030238088220357895, "value_loss": 3.1790047883987427, "entropy": 0.6105256378650665, "approx_kl": 0.015518945176154375, "clip_fraction": 0.1468505859375, "grad_norm": 12.126761078834534, "explained_variance": 0.9302521347999573, "action_std_mean": 0.32838863134384155, "optimizer_iterations": 4.0, "lr": 9.668224e-05}
{"step": 169984, "wall_time": 1790739493.4203887, "episodes_completed": 8.0, "mean_episode_reward": 13.938481509685516, "std_episode_reward": 11.608595382284408, "min_episode_reward": -3.7454380989074707, "max_episode_reward": 30.434288024902344, "mean_episode_length": 80.5, "success_rate": 0.5, "collision_rate": 0.5, "out_of_bounds_rate": 0.0, "timeout_rate": 0.0, "policy_loss": 0.0021554529666900635, "value_loss": 8.161603450775146, "entropy": 0.610562652349472, "approx_kl": 0.013189644319936633, "clip_fraction": 0.1129150390625, "grad_norm": 36.14322304725647, "explained_variance": 0.8401094675064087, "action_std_mean": 0.32839804887771606, "optimizer_iterations": 4.0, "lr": 9.664128e-05}
{"step": 172032, "wall_time": 1790739501.1302009, "episodes_completed": 1.0, "mean_episode_reward": 0.47491878271102905, "std_episode_reward": 0.0, "min_episode_reward": 0.47491878271102905, "max_episode_reward": 0.47491878271102905, "mean_episode_length": 169.0, "success_rate": 0.0, "collision_rate": 0.0, "out_of_bounds_rate": 0.0, "timeout_rate": 1.0, "policy_loss": 0.0015415642410516739, "value_loss": 0.6423806250095367, "entropy": 0.6106176972389221, "approx_kl": 0.017866486217826605, "clip_fraction": 0.14404296875, "grad_norm": 7.683881640434265, "explained_variance": 0.9800509810447693, "action_std_mean": 0.32840001583099365, "optimizer_iterations": 4.0, "lr": 9.660032e-05}
{"step": 174080, "wall_time": 1790739509.0576782, "episodes_completed": 5.0, "mean_episode_reward": 18.656268501281737, "std_episode_reward": 6.74597023462205, "min_episode_reward": 10.28592300415039, "max_episode_reward": 27.317768096923828, "mean_episode_length": 69.8, "success_rate": 1.0, "collision_rate": 0.0, "out_of_bounds_rate": 0.0, "timeout_rate": 0.0, "policy_loss": 0.002262905240058899, "value_loss": 0.7935208529233932, "entropy": 0.6106032729148865, "approx_kl": 0.023041742388159037, "clip_fraction": 0.2161865234375, "grad_norm": 7.491221785545349, "explained_variance": 0.9789616465568542, "action_std_mean": 0.3283875584602356, "optimizer_iterations": 4.0, "lr": 9.655936e-05}
{"step": 176128, "wall_time": 1790739516.678313, "episodes_completed": 1.0, "mean_episode_reward": 39.91202926635742, "std_episode_reward": 0.0, "min_episode_reward": 39.91202926635742, "max_episode_reward": 39.91202926635742, "mean_episode_length": 172.0, "success_rate": 1.0, "collision_rate": 0.0, "out_of_bounds_rate": 0.0, "timeout_rate": 0.0, "policy_loss": 0.00395608099643141, "value_loss": 0.6811930388212204, "entropy": 0.6104698479175568, "approx_kl": 0.014836359303444624, "clip_fraction": 0.17041015625, "grad_norm": 7.051428556442261, "explained_variance": 0.9829967617988586, "action_std_mean": 0.3283529281616211, "optimizer_iterations": 4.0, "lr": 9.651840000000001e-05}
{"step": 178176, "wall_time": 1790739524.3437061, "episodes_completed": 1.0, "mean_episode_reward": -11.35274600982666, "std_episode_reward": 0.0, "min_episode_reward": -11.35274600982666, "max_episode_reward": -11.35274600982666, "mean_episode_length": 169.0, "success_rate": 0.0, "collision_rate": 1.0, "out_of_bounds_rate": 0.0, "timeout_rate": 0.0, "policy_loss": 0.003507765708491206, "value_loss": 0.7283458858728409, "entropy": 0.6102066338062286, "approx_kl": 0.020400806795805693, "clip_fraction": 0.2315673828125, "grad_norm": 7.127638459205627, "explained_variance": 0.9800434708595276, "action_std_mean": 0.3282981812953949, "optimizer_iterations": 4.0, "lr": 9.647744000000001e-05}
{"step": 180224, "wall_time": 1790739532.4208362, "episodes_completed": 7.0, "mean_episode_reward": 6.054143364940371, "std_episode_reward": 13.057369503215641, "min_episode_reward": -9.72519588470459, "max_episode_reward": 29.514944076538086, "mean_episode_length": 149.71428571428572, "success_rate": 0.42857142857142855, "collision_rate": 0.2857142857142857, "out_of_bounds_rate": 0.0, "timeout_rate": 0.2857142857142857, "policy_loss": -0.0009936693822965026, "value_loss": 4.320167660713196, "entropy": 0.6098928451538086, "approx_kl": 0.013759035500697792, "clip_fraction": 0.1383056640625, "grad_norm": 13.506240606307983, "explained_variance": 0.8658269643783569, "action_std_mean": 0.3282560706138611, "optimizer_iterations": 4.0, "lr": 9.643648e-05}
{"step": 182272, "wall_time": 1790739539.8942778, "episodes_completed": 8.0, "mean_episode_reward": 16.894200183916837, "std_episode_reward": 17.17188997574264, "min_episode_reward": -6.231625080108643, "max_episode_reward": 41.246646881103516, "mean_episode_length": 108.625, "success_rate": 0.5, "collision_rate": 0.25, "out_of_bounds_rate": 0.0, "timeout_rate": 0.25, "policy_loss": 0.006620138883590698, "value_loss": 6.402259826660156, "entropy": 0.6096871793270111, "approx_kl": 0.016370092518627644, "clip_fraction": 0.1551513671875, "grad_norm": 14.922924041748047, "explained_variance": 0.7422621250152588, "action_std_mean": 0.3282405138015747, "optimizer_iterations": 4.0, "lr": 9.639552000000001e-05}
{"step": 184320, "wall_time": 1790739547.5016336, "episodes_completed": 6.0, "mean_episode_reward": 19.75810178120931, "std_episode_reward": 19.403241289591026, "min_episode_reward": -9.9652099609375, "max_episode_reward": 50.75078582763672, "mean_episode_length": 101.83333333333333, "success_rate": 0.6666666666666666, "collision_rate": 0.3333333333333333, "out_of_bounds_rate": 0.0, "timeout_rate": 0.0, "policy_loss": 0.004158764728344977, "value_loss": 2.3886016607284546, "entropy": 0.6096557676792145, "approx_kl": 0.020078799221664667, "clip_fraction": 0.1309814453125, "grad_norm": 11.514297604560852, "explained_variance": 0.9342466592788696, "action_std_mean": 0.32825541496276855, "optimizer_iterations": 4.0, "lr": 9.635456e-05}
{"step": 186368, "wall_time": 1790739555.0993836, "episodes_completed": 4.0, "mean_episode_reward": 14.492963075637817, "std_episode_reward": 17.07835886949175, "min_episode_reward": -10.176777839660645, "max_episode_reward": 38.08125305175781, "mean_episode_length": 88.25, "success_rate": 0.5, "collision_rate": 0.5, "out_of_bounds_rate": 0.0, "timeout_rate": 0.0, "policy_loss": -0.00022553559392690659, "value_loss": 1.4118904173374176, "entropy": 0.6097761988639832, "approx_kl": 0.017582544358447194, "clip_fraction": 0.158447265625, "grad_norm": 7.495896100997925, "explained_variance": 0.9559754729270935, "action_std_mean": 0.3282737135887146, "optimizer_iterations": 4.0, "lr": 9.63136e-05}
{"step": 188416, "wall_time": 1790739562.6599805, "episodes_completed": 6.0, "mean_episode_reward": 19.02520767847697, "std_episode_reward": 9.101337949172011, "min_episode_reward": 10.092633247375488, "max_episode_reward": 34.50787353515625, "mean_episode_length": 90.83333333333333, "success_rate": 1.0, "collision_rate": 0.0, "out_of_bounds_rate": 0.0, "timeout_rate": 0.0, "policy_loss": -0.0017903344705700874, "value_loss": 1.139648050069809, "entropy": 0.6098797917366028, "approx_kl": 0.016261460725218058, "clip_fraction": 0.168212890625, "grad_norm": 7.003226280212402, "explained_variance": 0.972888171672821, "action_std_mean": 0.328285276889801, "optimizer_iterations": 4.0, "lr": 9.627264e-05}
{"step": 190464, "wall_time": 1790739570.1997607, "episodes_completed": 4.0, "mean_episode_reward": 15.611691951751709, "std_episode_reward": 17.176335133825145, "min_episode_reward": -11.63850212097168, "max_episode_reward": 31.38901138305664, "mean_episode_length": 93.25, "success_rate": 0.75, "collision_rate": 0.25, "out_of_bounds_rate": 0.0, "timeout_rate": 0.0, "policy_loss": -0.0029602188151329756, "value_loss": 1.7995420396327972, "entropy": 0.6099089682102203, "approx_kl": 0.0158441464882344, "clip_fraction": 0.1572265625, "grad_norm": 12.836236000061035, "explained_variance": 0.9624363780021667, "action_std_mean": 0.32827872037887573, "optimizer_iterations": 4.0, "lr": 9.623168e-05}
{"step": 192512, "wall_time": 1790739577.932161, "episodes_completed": 3.0, "mean_episode_reward": 26.160546620686848, "std_episode_reward": 26.3305975887787, "min_episode_reward": -9.130630493164062, "max_episode_reward": 54.094486236572266, "mean_episode_length": 143.33333333333334, "success_rate": 0.6666666666666666, "collision_rate": 0.3333333333333333, "out_of_bounds_rate": 0.0, "timeout_rate": 0.0, "policy_loss": -0.0034406513441354036, "value_loss": 1.105440229177475, "entropy": 0.6098277568817139, "approx_kl": 0.04170518182218075, "clip_fraction": 0.204833984375, "grad_norm": 8.562174558639526, "explained_variance": 0.9717313647270203, "action_std_mean": 0.3282652795314789, "optimizer_iterations": 4.0, "lr": 9.619072e-05}
{"step": 194560, "wall_time": 1790739585.5271819, "episodes_completed": 5.0, "mean_episode_reward": 14.658066076040267, "std_episode_reward": 16.46741302214261, "min_episode_reward": -9.904711723327637, "max_episode_reward": 31.594615936279297, "mean_episode_length": 111.0, "success_rate": 0.6, "collision_rate": 0.2, "out_of_bounds_rate": 0.0, "timeout_rate": 0.2, "policy_loss": 0.0006758124800398946, "value_loss": 0.9444542974233627, "entropy": 0.6097860932350159, "approx_kl": 0.020125436829403043, "clip_fraction": 0.173828125, "grad_norm": 8.347615838050842, "explained_variance": 0.9746296405792236, "action_std_mean": 0.3282633125782013, "optimizer_iterations": 4.0, "lr": 9.614976e-05}
{"step": 196608, "wall_time": 1790739593.0217993, "episodes_completed": 5.0, "mean_episode_reward": 23.80361099243164, "std_episode_reward": 13.501456412211468, "min_episode_reward": 7.084146499633789, "max_episode_reward": 45.270179748535156, "mean_episode_length": 166.4, "success_rate": 0.8, "collision_rate": 0.2, "out_of_bounds_rate": 0.0, "timeout_rate": 0.0, "policy_loss": 0.006698599085211754, "value_loss": 3.9179707765579224, "entropy": 0.6097742915153503, "approx_kl": 0.015955045353621244, "clip_fraction": 0.151123046875, "grad_norm": 18.35993981361389, "explained_variance": 0.9105260968208313, "action_std_mean": 0.3282625675201416, "optimizer_iterations": 4.0, "lr": 9.61088e-05}
{"step": 198656, "wall_time": 1790739600.5060818, "episodes_completed": 10.0, "mean_episode_reward": 13.913132379204034, "std_episode_reward": 16.89432610976352, "min_episode_reward": -6.846134185791016, "max_episode_reward": 52.889713287353516, "mean_episode_length": 132.4, "success_rate": 0.5, "collision_rate": 0.3, "out_of_bounds_rate": 0.0, "timeout_rate": 0.2, "policy_loss": 0.012142744613811374, "value_loss": 7.261000752449036, "entropy": 0.6097885370254517, "approx_kl": 0.04368975851684809, "clip_fraction": 0.250732421875, "grad_norm": 22.07241916656494, "explained_variance": 0.8609901666641235, "action_std_mean": 0.32827189564704895, "optimizer_iterations": 4.0, "lr": 9.606784e-05}
{"step": 200704, "wall_time": 1790739608.0473266, "episodes_completed": 7.0, "mean_episode_reward": 18.27702099936349, "std_episode_reward": 16.17532895008638, "min_episode_reward": -5.437380790710449, "max_episode_reward": 38.11774826049805, "mean_episode_length": 82.42857142857143, "success_rate": 0.7142857142857143, "collision_rate": 0.2857142857142857, "out_of_bounds_rate": 0.0, "timeout_rate": 0.0, "policy_loss": 0.0004402482882142067, "value_loss": 4.935758590698242, "entropy": 0.6098538339138031, "approx_kl": 0.013757301669102162, "clip_fraction": 0.125732421875, "grad_norm": 19.01193916797638, "explained_variance": 0.756576657295227, "action_std_mean": 0.32827919721603394, "optimizer_iterations": 4.0, "lr": 9.602688000000001e-05}
{"step": 202752, "wall_time": 1790739615.7971168, "episodes_completed": 9.0, "mean_episode_reward": 18.56642945607503, "std_episode_reward": 15.228065926974761, "min_episode_reward": -6.60389518737793, "max_episode_reward": 44.968109130859375, "mean_episode_length": 94.0, "success_rate": 0.6666666666666666, "collision_rate": 0.3333333333333333, "out_of_bounds_rate": 0.0, "timeout_rate": 0.0, "policy_loss": 0.004395064432173967, "value_loss": 5.1523542404174805, "entropy": 0.6099023520946503, "approx_kl": 0.054246312472969294, "clip_fraction": 0.1724853515625, "grad_norm": 19.021355509757996, "explained_variance": 0.8241723775863647, "action_std_mean": 0.328289270401001, "optimizer_iterations": 4.0, "lr": 9.598592000000001e-05}
{"step": 204800, "wall_time": 1790739623.481759, "episodes_completed": 9.0, "mean_episode_reward": 23.763109101189507, "std_episode_reward": 16.5763888359596, "min_episode_reward": -6.441793441772461, "max_episode_reward": 46.98950958251953, "mean_episode_length": 99.33333333333333, "success_rate": 0.7777777777777778, "collision_rate": 0.2222222222222222, "out_of_bounds_rate": 0.0, "timeout_rate": 0.0, "policy_loss": -0.00118632847443223, "value_loss": 6.007161259651184, "entropy": 0.6099573075771332, "approx_kl": 0.022923177806660533, "clip_fraction": 0.1688232421875, "grad_norm": 16.528547048568726, "explained_variance": 0.7290735244750977, "action_std_mean": 0.3282967805862427, "optimizer_iterations": 4.0, "lr": 9.594496e-05}
{"step": 206848, "wall_time": 1790739631.2934887, "episodes_completed": 6.0, "mean_episode_reward": 16.57528026898702, "std_episode_reward": 11.534651843814094, "min_episode_reward": -5.009438991546631, "max_episode_reward": 29.912700653076172, "mean_episode_length": 133.33333333333334, "success_rate": 0.5, "collision_rate": 0.5, "out_of_bounds_rate": 0.0, "timeout_rate": 0.0, "policy_loss": 0.012814149493351579, "value_loss": 6.794694304466248, "entropy": 0.6099987030029297, "approx_kl": 0.019928375259041786, "clip_fraction": 0.1890869140625, "grad_norm": 23.964983463287354, "explained_variance": 0.8230729103088379, "action_std_mean": 0.32830744981765747, "optimizer_iterations": 4.0, "lr": 9.590400000000001e-05}
{"step": 208896, "wall_time": 1790739639.016763, "episodes_completed": 5.0, "mean_episode_reward": 5.335922622680664, "std_episode_reward": 10.61795617554233, "min_episode_reward": -12.435775756835938, "max_episode_reward": 17.778165817260742, "mean_episode_length": 94.4, "success_rate": 0.4, "collision_rate": 0.6, "out_of_bounds_rate": 0.0, "timeout_rate": 0.0, "policy_loss": 0.0053100911900401115, "value_loss": 5.656987905502319, "entropy": 0.6100898385047913, "approx_kl": 0.021209334256127477, "clip_fraction": 0.2054443359375, "grad_norm": 15.312517404556274, "explained_variance": 0.8896050453186035, "action_std_mean": 0.3283236026763916, "optimizer_iterations": 4.0, "lr": 9.586304e-05}
{"step": 210944, "wall_time": 1790739646.528277, "episodes_completed": 5.0, "mean_episode_reward": 19.156567573547363, "std_episode_reward": 10.400552650422703, "min_episode_reward": 10.165016174316406, "max_episode_reward": 39.07727813720703, "mean_episode_length": 100.0, "success_rate": 0.8, "collision_rate": 0.2, "out_of_bounds_rate": 0.0, "timeout_rate": 0.0, "policy_loss": 0.001652949198614806, "value_loss": 2.684116542339325, "entropy": 0.6101860702037811, "approx_kl": 0.009679131326265633, "clip_fraction": 0.1129150390625, "grad_norm": 7.106406331062317, "explained_variance": 0.9152426719665527, "action_std_mean": 0.3283448815345764, "optimizer_iterations": 4.0, "lr": 9.582208e-05}
{"step": 212992, "wall_time": 1790739654.2801583, "episodes_completed": 5.0, "mean_episode_reward": 37.52143440246582, "std_episode_reward": 14.95312518249214, "min_episode_reward": 16.423641204833984, "max_episode_reward": 56.279518127441406, "mean_episode_length": 158.8, "success_rate": 1.0, "collision_rate": 0.0, "out_of_bounds_rate": 0.0, "timeout_rate": 0.0, "policy_loss": -0.0024653952568769455, "value_loss": 1.0203590393066406, "entropy": 0.610276609659195, "approx_kl": 0.012045710231177509, "clip_fraction": 0.1282958984375, "grad_norm": 6.192170679569244, "explained_variance": 0.9673076868057251, "action_std_mean": 0.32832634449005127, "optimizer_iterations": 4.0, "lr": 9.578112e-05}
{"step": 215040, "wall_time": 1790739662.062877, "episodes_completed": 2.0, "mean_episode_reward": 0.1902775764465332, "std_episode_reward": 10.465362071990967, "min_episode_reward": -10.275084495544434, "max_episode_reward": 10.6556396484375, "mean_episode_length": 153.5, "success_rate": 0.5, "collision_rate": 0.5, "out_of_bounds_rate": 0.0, "timeout_rate": 0.0, "policy_loss": 2.592918463051319e-05, "value_loss": 1.332977056503296, "entropy": 0.6100396513938904, "approx_kl": 0.017274249345064163, "clip_fraction": 0.1832275390625, "grad_norm": 10.003937125205994, "explained_variance": 0.9632296562194824, "action_std_mean": 0.328273743391037, "optimizer_iterations": 4.0, "lr": 9.574016e-05}
{"step": 217088, "wall_time": 1790739669.9351268, "episodes_completed": 3.0, "mean_episode_reward": 21.214560826619465, "std_episode_reward": 22.376771725562183, "min_episode_reward": -9.916946411132812, "max_episode_reward": 41.69984817504883, "mean_episode_length": 99.33333333333333, "success_rate": 0.6666666666666666, "collision_rate": 0.3333333333333333, "out_of_bounds_rate": 0.0, "timeout_rate": 0.0, "policy_loss": -0.0025620274245738983, "value_loss": 0.7119167745113373, "entropy": 0.609735369682312, "approx_kl": 0.010107302339747548, "clip_fraction": 0.1180419921875, "grad_norm": 8.360294818878174, "explained_variance": 0.9751065373420715, "action_std_mean": 0.32822567224502563, "optimizer_iterations": 4.0, "lr": 9.56992e-05}
{"step": 219136, "wall_time": 1790739677.5299213, "episodes_completed": 3.0, "mean_episode_reward": 4.484824910759926, "std_episode_reward": 12.37713931727297, "min_episode_reward": -7.809309959411621, "max_episode_reward": 21.42221450805664, "mean_episode_length": 36.0, "success_rate": 0.3333333333333333, "collision_rate": 0.3333333333333333, "out_of_bounds_rate": 0.0, "timeout_rate": 0.3333333333333333, "policy_loss": -0.006794691551476717, "value_loss": 1.2543012201786041, "entropy": 0.6094498336315155, "approx_kl": 0.010405786568298936, "clip_fraction": 0.1116943359375, "grad_norm": 11.689531922340393, "explained_variance": 0.9672858119010925, "action_std_mean": 0.3281885087490082, "optimizer_iterations": 4.0, "lr": 9.565824000000001e-05}
{"step": 221184, "wall_time": 1790739685.3199146, "episodes_completed": 5.0, "mean_episode_reward": 10.552580550312996, "std_episode_reward": 15.314560477173114, "min_episode_reward": -9.904060363769531, "max_episode_reward": 35.034034729003906, "mean_episode_length": 96.4, "success_rate": 0.6, "collision_rate": 0.2, "out_of_bounds_rate": 0.0, "timeout_rate": 0.2, "policy_loss": -0.002953506715130061, "value_loss": 1.1993648409843445, "entropy": 0.6092948019504547, "approx_kl": 0.01607268350198865, "clip_fraction": 0.167724609375, "grad_norm": 7.958346366882324, "explained_variance": 0.959513783454895, "action_std_mean": 0.32818615436553955, "optimizer_iterations": 4.0, "lr": 9.561728000000001e-05}
{"step": 223232, "wall_time": 1790739692.9782197, "episodes_completed": 2.0, "mean_episode_reward": 12.788696721196175, "std_episode_reward": 12.456027552485466, "min_episode_reward": 0.3326691687107086, "max_episode_reward": 25.24472427368164, "mean_episode_length": 115.5, "success_rate": 0.5, "collision_rate": 0.0, "out_of_bounds_rate": 0.0, "timeout_rate": 0.5, "policy_loss": -0.001044925331370905, "value_loss": 0.38193975389003754, "entropy": 0.609294980764389, "approx_kl": 0.015439942479133606, "clip_fraction": 0.162109375, "grad_norm": 9.593391418457031, "explained_variance": 0.9916313886642456, "action_std_mean": 0.3281766176223755, "optimizer_iterations": 4.0, "lr": 9.557632e-05}
{"step": 225280, "wall_time": 1790739700.440103, "episodes_completed": 9.0, "mean_episode_reward": 11.401309750974178, "std_episode_reward": 15.06280696312931, "min_episode_reward": -9.832413673400879, "max_episode_reward": 38.30551528930664, "mean_episode_length": 122.44444444444444, "success_rate": 0.4444444444444444, "collision_rate": 0.2222222222222222, "out_of_bounds_rate": 0.0, "timeout_rate": 0.3333333333333333, "policy_loss": -0.003925947588868439, "value_loss": 2.4568466544151306, "entropy": 0.6092319190502167, "approx_kl": 0.00640674406895414, "clip_fraction": 0.0733642578125, "grad_norm": 9.785845398902893, "explained_variance": 0.9363480806350708, "action_std_mean": 0.3281848430633545, "optimizer_iterations": 4.0, "lr": 9.553536000000001e-05}
{"step": 227328, "wall_time": 1790739707.9616416, "episodes_completed": 6.0, "mean_episode_reward": 23.82810338338216, "std_episode_reward": 19.53527674812755, "min_episode_reward": -11.004634857177734, "max_episode_reward": 41.909446716308594, "mean_episode_length": 156.5, "success_rate": 0.6666666666666666, "collision_rate": 0.3333333333333333, "out_of_bounds_rate": 0.0, "timeout_rate": 0.0, "policy_loss": -0.0008758308831602335, "value_loss": 4.27116584777832, "entropy": 0.6093548834323883, "approx_kl": 0.009070380532648414, "clip_fraction": 0.077392578125, "grad_norm": 15.147006750106812, "explained_variance": 0.8594615459442139, "action_std_mean": 0.32821017503738403, "optimizer_iterations": 4.0, "lr": 9.54944e-05}
{"step": 229376, "wall_time": 1790739715.4717152, "episodes_completed": 7.0, "mean_episode_reward": 9.48044674737113, "std_episode_reward": 11.514367328188792, "min_episode_reward": -9.871191024780273, "max_episode_reward": 22.010108947753906, "mean_episode_length": 44.57142857142857, "success_rate": 0.7142857142857143, "collision_rate": 0.2857142857142857, "out_of_bounds_rate": 0.0, "timeout_rate": 0.0, "policy_loss": 0.003684671362861991, "value_loss": 3.531053602695465, "entropy": 0.609482616186142, "approx_kl": 0.014132858719676733, "clip_fraction": 0.0924072265625, "grad_norm": 20.38716197013855, "explained_variance": 0.9078060388565063, "action_std_mean": 0.3282220959663391, "optimizer_iterations": 4.0, "lr": 9.545344e-05}
{"step": 231424, "wall_time": 1790739723.0487256, "episodes_completed": 5.0, "mean_episode_reward": 21.372443008422852, "std_episode_reward": 10.980257259962475, "min_episode_reward": 10.600029945373535, "max_episode_reward": 40.32383728027344, "mean_episode_length": 83.4, "success_rate": 1.0, "collision_rate": 0.0, "out_of_bounds_rate": 0.0, "timeout_rate": 0.0, "policy_loss": -0.001218531368067488, "value_loss": 0.7305295318365097, "entropy": 0.6095972955226898, "approx_kl": 0.009087183512747288, "clip_fraction": 0.102783203125, "grad_norm": 7.579794526100159, "explained_variance": 0.983606219291687, "action_std_mean": 0.32826554775238037, "optimizer_iterations": 4.0, "lr": 9.541248000000001e-05}
{"step": 233472, "wall_time": 1790739730.5523832, "episodes_completed": 2.0, "mean_episode_reward": 20.098965167999268, "std_episode_reward": 7.428380489349365, "min_episode_reward": 12.670584678649902, "max_episode_reward": 27.527345657348633, "mean_episode_length": 111.5, "success_rate": 1.0, "collision_rate": 0.0, "out_of_bounds_rate": 0.0, "timeout_rate": 0.0, "policy_loss": -0.0003370927006471902, "value_loss": 0.6313910633325577, "entropy": 0.6099494993686676, "approx_kl": 0.01702164951711893, "clip_fraction": 0.1748046875, "grad_norm": 8.292380571365356, "explained_variance": 0.9867817163467407, "action_std_mean": 0.32834237813949585, "optimizer_iterations": 4.0, "lr": 9.537152e-05}
{"step": 235520, "wall_time": 1790739738.116471, "episodes_completed": 3.0, "mean_episode_reward": 15.651200294494629, "std_episode_reward": 22.571198513543568, "min_episode_reward": -9.528428077697754, "max_episode_reward": 45.23154830932617, "mean_episode_length": 83.66666666666667, "success_rate": 0.6666666666666666, "collision_rate": 0.3333333333333333, "out_of_bounds_rate": 0.0, "timeout_rate": 0.0, "policy_loss": 0.0007646346930414438, "value_loss": 1.07362100481987, "entropy": 0.6104353964328766, "approx_kl": 0.01612683618441224, "clip_fraction": 0.0860595703125, "grad_norm": 6.925093054771423, "explained_variance": 0.9778309464454651, "action_std_mean": 0.32842302322387695, "optimizer_iterations": 4.0, "lr": 9.533056e-05}
{"step": 237568, "wall_time": 1790739745.7664447, "episodes_completed": 5.0, "mean_episode_reward": 6.095933738350868, "std_episode_reward": 9.735568363067557, "min_episode_reward": -7.610910415649414, "max_episode_reward": 21.013870239257812, "mean_episode_length": 73.2, "success_rate": 0.4, "collision_rate": 0.4, "out_of_bounds_rate": 0.0, "timeout_rate": 0.2, "policy_loss": 0.00544919166713953, "value_loss": 3.654684543609619, "entropy": 0.6109042465686798, "approx_kl": 0.018755041295662522, "clip_fraction": 0.150634765625, "grad_norm": 18.811203241348267, "explained_variance": 0.9259260892868042, "action_std_mean": 0.3284880220890045, "optimizer_iterations": 4.0, "lr": 9.52896e-05}
{"step": 239616, "wall_time": 1790739753.3990214, "episodes_completed": 4.0, "mean_episode_reward": -0.6466425880789757, "std_episode_reward": 11.528155795857352, "min_episode_reward": -11.108943939208984, "max_episode_reward": 17.9964656829834, "mean_episode_length": 126.75, "success_rate": 0.25, "collision_rate": 0.5, "out_of_bounds_rate": 0.0, "timeout_rate": 0.25, "policy_loss": -0.0023362012580037117, "value_loss": 1.4316435754299164, "entropy": 0.6112634837627411, "approx_kl": 0.008875716244801879, "clip_fraction": 0.091552734375, "grad_norm": 9.630244374275208, "explained_variance": 0.9750512838363647, "action_std_mean": 0.32854098081588745, "optimizer_iterations": 4.0, "lr": 9.524864e-05}
{"step": 241664, "wall_time": 1790739761.1233253, "episodes_completed": 4.0, "mean_episode_reward": 30.84544038772583, "std_episode_reward": 13.211886683044458, "min_episode_reward": 10.17497444152832, "max_episode_reward": 46.99124526977539, "mean_episode_length": 152.75, "success_rate": 0.75, "collision_rate": 0.25, "out_of_bounds_rate": 0.0, "timeout_rate": 0.0, "policy_loss": 0.001122429035604, "value_loss": 2.02899569272995, "entropy": 0.6115574240684509, "approx_kl": 0.011058186646550894, "clip_fraction": 0.11376953125, "grad_norm": 22.660853385925293, "explained_variance": 0.9599820971488953, "action_std_mean": 0.32858189940452576, "optimizer_iterations": 4.0, "lr": 9.520768e-05}
{"step": 243712, "wall_time": 1790739768.6282504, "episodes_completed": 6.0, "mean_episode_reward": 16.879815737406414, "std_episode_reward": 16.046517015710656, "min_episode_reward": -9.78615665435791, "max_episode_reward": 38.833221435546875, "mean_episode_length": 160.16666666666666, "success_rate": 0.6666666666666666, "collision_rate": 0.3333333333333333, "out_of_bounds_rate": 0.0, "timeout_rate": 0.0, "policy_loss": 0.0032708775252103806, "value_loss": 4.552905321121216, "entropy": 0.6117856502532959, "approx_kl": 0.011586445150896907, "clip_fraction": 0.10986328125, "grad_norm": 17.805275797843933, "explained_variance": 0.8854749798774719, "action_std_mean": 0.32861560583114624, "optimizer_iterations": 4.0, "lr": 9.516672000000001e-05}
{"step": 245760, "wall_time": 1790739776.3022425, "episodes_completed": 5.0, "mean_episode_reward": 12.228542160987853, "std_episode_reward": 18.519750099019827, "min_episode_reward": -4.643436431884766, "max_episode_reward": 37.19099426269531, "mean_episode_length": 132.4, "success_rate": 0.2, "collision_rate": 0.6, "out_of_bounds_rate": 0.0, "timeout_rate": 0.2, "policy_loss": 0.0008645635098218918, "value_loss": 8.434065580368042, "entropy": 0.611976832151413, "approx_kl": 0.012445344007574022, "clip_fraction": 0.116943359375, "grad_norm": 20.658849954605103, "explained_variance": 0.8663120269775391, "action_std_mean": 0.3286413550376892, "optimizer_iterations": 4.0, "lr": 9.512576000000001e-05}
{"step": 247808, "wall_time": 1790739783.875031, "episodes_completed": 9.0, "mean_episode_reward": 16.63177552860644, "std_episode_reward": 17.68277647292761, "min_episode_reward": -10.014118194580078, "max_episode_reward": 50.47657012939453, "mean_episode_length": 90.44444444444444, "success_rate": 0.6666666666666666, "collision_rate": 0.1111111111111111, "out_of_bounds_rate": 0.0, "timeout_rate": 0.2222222222222222, "policy_loss": -0.00037342787254601717, "value_loss": 0.651529535651207, "entropy": 0.6121033132076263, "approx_kl": 0.008243931457400322, "clip_fraction": 0.0904541015625, "grad_norm": 7.245982050895691, "explained_variance": 0.9820460677146912, "action_std_mean": 0.3286469876766205, "optimizer_iterations": 4.0, "lr": 9.50848e-05}
{"step": 249856, "wall_time": 1790739791.4208076, "episodes_completed": 8.0, "mean_episode_reward": 17.874288320541382, "std_episode_reward": 20.724656263326676, "min_episode_reward": -9.986824989318848, "max_episode_reward": 48.48663330078125, "mean_episode_length": 121.125, "success_rate": 0.5, "collision_rate": 0.5, "out_of_bounds_rate": 0.0, "timeout_rate": 0.0, "policy_loss": 0.0013780482113361359, "value_loss": 5.978459119796753, "entropy": 0.6120894849300385, "approx_kl": 0.014197331387549639, "clip_fraction": 0.1490478515625, "grad_norm": 13.38224458694458, "explained_variance": 0.855324923992157, "action_std_mean": 0.3286319673061371, "optimizer_iterations": 4.0, "lr": 9.504384000000001e-05}
{"step": 251904, "wall_time": 1790739799.0997899, "episodes_completed": 6.0, "mean_episode_reward": 17.229548454284668, "std_episode_reward": 18.15591949045462, "min_episode_reward": -4.933152198791504, "max_episode_reward": 38.846153259277344, "mean_episode_length": 176.66666666666666, "success_rate": 0.3333333333333333, "collision_rate": 0.6666666666666666, "out_of_bounds_rate": 0.0, "timeout_rate": 0.0, "policy_loss": 0.011350887129083276, "value_loss": 6.506231784820557, "entropy": 0.6119711101055145, "approx_kl": 0.024990307167172432, "clip_fraction": 0.2315673828125, "grad_norm": 19.075461387634277, "explained_variance": 0.8545204401016235, "action_std_mean": 0.3286130726337433, "optimizer_iterations": 4.0, "lr": 9.500288e-05}
{"step": 253952, "wall_time": 1790739806.6751134, "episodes_completed": 3.0, "mean_episode_reward": 34.55868275960287, "std_episode_reward": 9.95460480942381, "min_episode_reward": 23.49408721923828, "max_episode_reward": 47.62903594970703, "mean_episode_length": 166.0, "success_rate": 0.6666666666666666, "collision_rate": 0.3333333333333333, "out_of_bounds_rate": 0.0, "timeout_rate": 0.0, "policy_loss": -0.003773837350308895, "value_loss": 2.071891963481903, "entropy": 0.6118806898593903, "approx_kl": 0.021715649869292974, "clip_fraction": 0.214599609375, "grad_norm": 7.775794863700867, "explained_variance": 0.9564567804336548, "action_std_mean": 0.3286033868789673, "optimizer_iterations": 4.0, "lr": 9.496192e-05}
{"step": 256000, "wall_time": 1790739814.3160713, "episodes_completed": 3.0, "mean_episode_reward": 8.458036104838053, "std_episode_reward": 14.705886313010815, "min_episode_reward": -10.805240631103516, "max_episode_reward": 24.878582000732422, "mean_episode_length": 65.0, "success_rate": 0.6666666666666666, "collision_rate": 0.3333333333333333, "out_of_bounds_rate": 0.0, "timeout_rate": 0.0, "policy_loss": 0.004204869735985994, "value_loss": 1.4790266156196594, "entropy": 0.6118433177471161, "approx_kl": 0.021341733634471893, "clip_fraction": 0.16162109375, "grad_norm": 7.6401625871658325, "explained_variance": 0.9729512333869934, "action_std_mean": 0.3286033272743225, "optimizer_iterations": 4.0, "lr": 9.492096e-05}
{"step": 258048, "wall_time": 1790739821.9029715, "episodes_completed": 4.0, "mean_episode_reward": 6.799943026155233, "std_episode_reward": 13.231211419948679, "min_episode_reward": -10.225125312805176, "max_episode_reward": 25.12555503845215, "mean_episode_length": 137.75, "success_rate": 0.25, "collision_rate": 0.5, "out_of_bounds_rate": 0.0, "timeout_rate": 0.25, "policy_loss": 0.00012091081589460373, "value_loss": 2.6253496408462524, "entropy": 0.6118738353252411, "approx_kl": 0.014304962009191513, "clip_fraction": 0.152099609375, "grad_norm": 6.180695652961731, "explained_variance": 0.9556739926338196, "action_std_mean": 0.3286159634590149, "optimizer_iterations": 4.0, "lr": 9.488e-05}
{"step": 260096, "wall_time": 1790739829.537886, "episodes_completed": 1.0, "mean_episode_reward": 32.346282958984375, "std_episode_reward": 0.0, "min_episode_reward": 32.346282958984375, "max_episode_reward": 32.346282958984375, "mean_episode_length": 162.0, "success_rate": 1.0, "collision_rate": 0.0, "out_of_bounds_rate": 0.0, "timeout_rate": 0.0, "policy_loss": 0.004442892968654633, "value_loss": 0.5069252625107765, "entropy": 0.6119514107704163, "approx_kl": 0.03003888763487339, "clip_fraction": 0.265625, "grad_norm": 6.8808664083480835, "explained_variance": 0.9911444783210754, "action_std_mean": 0.32862281799316406, "optimizer_iterations": 4.0, "lr": 9.483904000000001e-05}
{"step": 262144, "wall_time": 1790739837.1710255, "episodes_completed": 3.0, "mean_episode_reward": 24.99521755054593, "std_episode_reward": 17.647338572752563, "min_episode_reward": 0.05012485012412071, "max_episode_reward": 38.13828659057617, "mean_episode_length": 145.33333333333334, "success_rate": 0.6666666666666666, "collision_rate": 0.0, "out_of_bounds_rate": 0.0, "timeout_rate": 0.3333333333333333, "policy_loss": -0.001221341546624899, "value_loss": 0.3332328125834465, "entropy": 0.6120096445083618, "approx_kl": 0.018538158386945724, "clip_fraction": 0.20654296875, "grad_norm": 6.240674257278442, "explained_variance": 0.9941989183425903, "action_std_mean": 0.3286497890949249, "optimizer_iterations": 4.0, "lr": 9.479808e-05}
{"step": 264192, "wall_time": 1790739844.846619, "episodes_completed": 4.0, "mean_episode_reward": 21.76895308494568, "std_episode_reward": 6.308265193701046, "min_episode_reward": 15.630910873413086, "max_episode_reward": 30.039264678955078, "mean_episode_length": 96.5, "success_rate": 1.0, "collision_rate": 0.0, "out_of_bounds_rate": 0.0, "timeout_rate": 0.0, "policy_loss": 0.00470917159691453, "value_loss": 1.1126944422721863, "entropy": 0.6122177243232727, "approx_kl": 0.011505025788210332, "clip_fraction": 0.123046875, "grad_norm": 8.490274667739868, "explained_variance": 0.9775157570838928, "action_std_mean": 0.3286891579627991, "optimizer_iterations": 4.0, "lr": 9.475712000000001e-05}
{"step": 266240, "wall_time": 1790739852.45294, "episodes_completed": 7.0, "mean_episode_reward": 12.793454985533442, "std_episode_reward": 16.200671279351546, "min_episode_reward": -0.6398451924324036, "max_episode_reward": 48.56573486328125, "mean_episode_length": 113.85714285714286, "success_rate": 0.42857142857142855, "collision_rate": 0.2857142857142857, "out_of_bounds_rate": 0.0, "timeout_rate": 0.2857142857142857, "policy_loss": 0.0041523443069309, "value_loss": 4.343554973602295, "entropy": 0.6124439537525177, "approx_kl": 0.021003436762839556, "clip_fraction": 0.2071533203125, "grad_norm": 12.93442976474762, "explained_variance": 0.9264724254608154, "action_std_mean": 0.3287283778190613, "optimizer_iterations": 4.0, "lr": 9.471616e-05}
{"step": 268288, "wall_time": 1790739859.908992, "episodes_completed": 7.0, "mean_episode_reward": 15.726207030670983, "std_episode_reward": 28.21657835122413, "min_episode_reward": -10.858905792236328, "max_episode_reward": 59.848175048828125, "mean_episode_length": 136.14285714285714, "success_rate": 0.42857142857142855, "collision_rate": 0.42857142857142855, "out_of_bounds_rate": 0.0, "timeout_rate": 0.14285714285714285, "policy_loss": -0.0015492161619476974, "value_loss": 1.696561574935913, "entropy": 0.6126857399940491, "approx_kl": 0.029201351571828127, "clip_fraction": 0.19091796875, "grad_norm": 7.093603491783142, "explained_variance": 0.9579683542251587, "action_std_mean": 0.3287683129310608, "optimizer_iterations": 4.0, "lr": 9.467520000000001e-05}
{"step": 270336, "wall_time": 1790739867.869162, "episodes_completed": 8.0, "mean_episode_reward": 5.984247028827667, "std_episode_reward": 17.26524747667166, "min_episode_reward": -10.017374992370605, "max_episode_reward": 39.893821716308594, "mean_episode_length": 64.5, "success_rate": 0.5, "collision_rate": 0.5, "out_of_bounds_rate": 0.0, "timeout_rate": 0.0, "policy_loss": -0.002762455027550459, "value_loss": 4.549536108970642, "entropy": 0.6129061579704285, "approx_kl": 0.03424769826233387, "clip_fraction": 0.2762451171875, "grad_norm": 13.22044062614441, "explained_variance": 0.9129230380058289, "action_std_mean": 0.3287970721721649, "optimizer_iterations": 4.0, "lr": 9.463424e-05}
{"step": 272384, "wall_time": 1790739875.515366, "episodes_completed": 5.0, "mean_episode_reward": 18.104545974731444, "std_episode_reward": 22.342999804691853, "min_episode_reward": -9.883475303649902, "max_episode_reward": 47.62343215942383, "mean_episode_length": 128.2, "success_rate": 0.6, "collision_rate": 0.4, "out_of_bounds_rate": 0.0, "timeout_rate": 0.0, "policy_loss": -0.0011257887817919254, "value_loss": 1.1302110254764557, "entropy": 0.6130216717720032, "approx_kl": 0.011349139735102654, "clip_fraction": 0.12744140625, "grad_norm": 9.184767603874207, "explained_variance": 0.979087769985199, "action_std_mean": 0.32879555225372314, "optimizer_iterations": 4.0, "lr": 9.459328e-05}
{"step": 274432, "wall_time": 1790739883.090868, "episodes_completed": 4.0, "mean_episode_reward": 33.1875946521759, "std_episode_reward": 21.25559945739749, "min_episode_reward": 0.4951200485229492, "max_episode_reward": 54.557655334472656, "mean_episode_length": 162.0, "success_rate": 0.75, "collision_rate": 0.25, "out_of_bounds_rate": 0.0, "timeout_rate": 0.0, "policy_loss": 0.003759394632652402, "value_loss": 2.334684193134308, "entropy": 0.6129140853881836, "approx_kl": 0.014499752782285213, "clip_fraction": 0.1295166015625, "grad_norm": 8.561218500137329, "explained_variance": 0.9494119882583618, "action_std_mean": 0.32875505089759827, "optimizer_iterations": 4.0, "lr": 9.455232000000001e-05}
{"step": 276480, "wall_time": 1790739890.7600102, "episodes_completed": 8.0, "mean_episode_reward": 19.00511062145233, "std_episode_reward": 20.360134969936706, "min_episode_reward": -10.036651611328125, "max_episode_reward": 45.077186584472656, "mean_episode_length": 101.75, "success_rate": 0.75, "collision_rate": 0.25, "out_of_bounds_rate": 0.0, "timeout_rate": 0.0, "policy_loss": 0.002892667194828391, "value_loss": 1.7030666172504425, "entropy": 0.6126594543457031, "approx_kl": 0.019341771490871906, "clip_fraction": 0.159912109375, "grad_norm": 8.93752646446228, "explained_variance": 0.961173415184021, "action_std_mean": 0.32872474193573, "optimizer_iterations": 4.0, "lr": 9.451136e-05}
{"step": 278528, "wall_time": 1790739898.2322, "episodes_completed": 6.0, "mean_episode_reward": 9.686891411741575, "std_episode_reward": 13.74546020846036, "min_episode_reward": -9.800216674804688, "max_episode_reward": 33.010009765625, "mean_episode_length": 103.66666666666667, "success_rate": 0.3333333333333333, "collision_rate": 0.5, "out_of_bounds_rate": 0.0, "timeout_rate": 0.16666666666666666, "policy_loss": -0.0018678066553547978, "value_loss": 5.13342809677124, "entropy": 0.6125109493732452, "approx_kl": 0.009354653535410762, "clip_fraction": 0.109619140625, "grad_norm": 15.57487142086029, "explained_variance": 0.9061052799224854, "action_std_mean": 0.32871150970458984, "optimizer_iterations": 4.0, "lr": 9.447040000000001e-05}
{"step": 280576, "wall_time": 1790739905.830272, "episodes_completed": 3.0, "mean_episode_reward": 22.29132652282715, "std_episode_reward": 6.057431403939225, "min_episode_reward": 17.54922103881836, "max_episode_reward": 30.84081268310547, "mean_episode_length": 87.66666666666667, "success_rate": 1.0, "collision_rate": 0.0, "out_of_bounds_rate": 0.0, "timeout_rate": 0.0, "policy_loss": -0.003043580334633589, "value_loss": 0.6325550228357315, "entropy": 0.6124949157238007, "approx_kl": 0.027487675892189145, "clip_fraction": 0.123291015625, "grad_norm": 7.247001647949219, "explained_variance": 0.9792885184288025, "action_std_mean": 0.3287266194820404, "optimizer_iterations": 4.0, "lr": 9.442944e-05}
{"step": 282624, "wall_time": 1790739913.6406534, "episodes_completed": 3.0, "mean_episode_reward": 20.2867530186971, "std_episode_reward": 9.988018858604342, "min_episode_reward": 11.089202880859375, "max_episode_reward": 34.16963195800781, "mean_episode_length": 150.33333333333334, "success_rate": 1.0, "collision_rate": 0.0, "out_of_bounds_rate": 0.0, "timeout_rate": 0.0, "policy_loss": 0.001506502099800855, "value_loss": 0.9934938549995422, "entropy": 0.6126553118228912, "approx_kl": 0.01689249463379383, "clip_fraction": 0.123046875, "grad_norm": 7.521658778190613, "explained_variance": 0.966962456703186, "action_std_mean": 0.32879477739334106, "optimizer_iterations": 4.0, "lr": 9.438848e-05}
{"step": 284672, "wall_time": 1790739921.2283108, "episodes_completed": 3.0, "mean_episode_reward": 10.688151508569717, "std_episode_reward": 22.74178711861824, "min_episode_reward": -10.026641845703125, "max_episode_reward": 42.35179901123047, "mean_episode_length": 116.66666666666667, "success_rate": 0.3333333333333333, "collision_rate": 0.3333333333333333, "out_of_bounds_rate": 0.0, "timeout_rate": 0.3333333333333333, "policy_loss": -0.004537096247076988, "value_loss": 0.3136669397354126, "entropy": 0.6130563318729401, "approx_kl": 0.011729639023542404, "clip_fraction": 0.1446533203125, "grad_norm": 6.885778903961182, "explained_variance": 0.989793062210083, "action_std_mean": 0.328815221786499, "optimizer_iterations": 4.0, "lr": 9.434752e-05}
{"step": 286720, "wall_time": 1790739928.941528, "episodes_completed": 4.0, "mean_episode_reward": -4.031221032142639, "std_episode_reward": 9.071286718411717, "min_episode_reward": -10.777556419372559, "max_episode_reward": 11.397089958190918, "mean_episode_length": 96.25, "success_rate": 0.25, "collision_rate": 0.75, "out_of_bounds_rate": 0.0, "timeout_rate": 0.0, "policy_loss": -0.005227891728281975, "value_loss": 3.2435401678085327, "entropy": 0.6130117177963257, "approx_kl": 0.010938185965642333, "clip_fraction": 0.1031494140625, "grad_norm": 12.097703576087952, "explained_variance": 0.9535532593727112, "action_std_mean": 0.32879701256752014, "optimizer_iterations": 4.0, "lr": 9.430656e-05}
{"step": 288768, "wall_time": 1790739936.5058956, "episodes_completed": 8.0, "mean_episode_reward": 15.734899871051311, "std_episode_reward": 16.160932566883677, "min_episode_reward": -9.90139102935791, "max_episode_reward": 48.73251724243164, "mean_episode_length": 94.25, "success_rate": 0.625, "collision_rate": 0.25, "out_of_bounds_rate": 0.0, "timeout_rate": 0.125, "policy_loss": -0.0015418916009366512, "value_loss": 4.107743620872498, "entropy": 0.6129497587680817, "approx_kl": 0.01589854503981769, "clip_fraction": 0.1314697265625, "grad_norm": 15.142569899559021, "explained_variance": 0.9280199408531189, "action_std_mean": 0.32880380749702454, "optimizer_iterations": 4.0, "lr": 9.426560000000001e-05}
{"step": 290816, "wall_time": 1790739944.2227423, "episodes_completed": 3.0, "mean_episode_reward": 9.081424872080484, "std_episode_reward": 9.21733537090776, "min_episode_reward": -2.841190814971924, "max_episode_reward": 19.606430053710938, "mean_episode_length": 43.666666666666664, "success_rate": 0.6666666666666666, "collision_rate": 0.3333333333333333, "out_of_bounds_rate": 0.0, "timeout_rate": 0.0, "policy_loss": 0.002852316596545279, "value_loss": 5.211366772651672, "entropy": 0.6130214929580688, "approx_kl": 0.01622693333774805, "clip_fraction": 0.156494140625, "grad_norm": 13.27850592136383, "explained_variance": 0.8782804608345032, "action_std_mean": 0.3288193643093109, "optimizer_iterations": 4.0, "lr": 9.422464e-05}
{"step": 292864, "wall_time": 1790739951.9516585, "episodes_completed": 9.0, "mean_episode_reward": 7.741287655300564, "std_episode_reward": 17.65013289208602, "min_episode_reward": -10.195332527160645, "max_episode_reward": 41.58976364135742, "mean_episode_length": 82.88888888888889, "success_rate": 0.4444444444444444, "collision_rate": 0.5555555555555556, "out_of_bounds_rate": 0.0, "timeout_rate": 0.0, "policy_loss": -0.0013982030213810503, "value_loss": 6.089301586151123, "entropy": 0.6131339073181152, "approx_kl": 0.015467089833691716, "clip_fraction": 0.177490234375, "grad_norm": 14.007680535316467, "explained_variance": 0.8928602933883667, "action_std_mean": 0.3288533687591553, "optimizer_iterations": 4.0, "lr": 9.418368000000001e-05}
{"step": 294912, "wall_time": 1790739959.6683843, "episodes_completed": 8.0, "mean_episode_reward": 1.7309058057144284, "std_episode_reward": 14.770253747608272, "min_episode_reward": -10.184566497802734, "max_episode_reward": 35.69350814819336, "mean_episode_length": 59.375, "success_rate": 0.125, "collision_rate": 0.75, "out_of_bounds_rate": 0.0, "timeout_rate": 0.125, "policy_loss": -0.0008937586098909378, "value_loss": 6.390030026435852, "entropy": 0.6133733093738556, "approx_kl": 0.012038544286042452, "clip_fraction": 0.105712890625, "grad_norm": 17.98613715171814, "explained_variance": 0.8820223808288574, "action_std_mean": 0.3288874626159668, "optimizer_iterations": 4.0, "lr": 9.414272e-05}
{"step": 296960, "wall_time": 1790739967.4059002, "episodes_completed": 9.0, "mean_episode_reward": 10.827695151170095, "std_episode_reward": 17.488528544735953, "min_episode_reward": -10.364977836608887, "max_episode_reward": 42.98955154418945, "mean_episode_length": 90.33333333333333, "success_rate": 0.5555555555555556, "collision_rate": 0.3333333333333333, "out_of_bounds_rate": 0.0, "timeout_rate": 0.1111111111111111, "policy_loss": 0.00097730103880167, "value_loss": 3.2542152404785156, "entropy": 0.6135368347167969, "approx_kl": 0.012296915869228542, "clip_fraction": 0.1370849609375, "grad_norm": 10.040873289108276, "explained_variance": 0.93668532371521, "action_std_mean": 0.32890456914901733, "optimizer_iterations": 4.0, "lr": 9.410176000000001e-05}
{"step": 299008, "wall_time": 1790739974.9367898, "episodes_completed": 4.0, "mean_episode_reward": 32.71599769592285, "std_episode_reward": 8.933026138967199, "min_episode_reward": 21.775253295898438, "max_episode_reward": 42.431365966796875, "mean_episode_length": 166.75, "success_rate": 0.75, "collision_rate": 0.25, "out_of_bounds_rate": 0.0, "timeout_rate": 0.0, "policy_loss": 0.0038401279598474503, "value_loss": 3.2710508704185486, "entropy": 0.6136047840118408, "approx_kl": 0.01200510235503316, "clip_fraction": 0.10888671875, "grad_norm": 9.621016144752502, "explained_variance": 0.9060838222503662, "action_std_mean": 0.3289094865322113, "optimizer_iterations": 4.0, "lr": 9.40608e-05}
{"step": 301056, "wall_time": 1790739982.4994154, "episodes_completed": 6.0, "mean_episode_reward": 19.419603665669758, "std_episode_reward": 17.598659645964293, "min_episode_reward": -11.594311714172363, "max_episode_reward": 42.284053802490234, "mean_episode_length": 120.0, "success_rate": 0.6666666666666666, "collision_rate": 0.3333333333333333, "out_of_bounds_rate": 0.0, "timeout_rate": 0.0, "policy_loss": -0.0033162262989208102, "value_loss": 3.9288440942764282, "entropy": 0.61359703540802, "approx_kl": 0.016591285122558475, "clip_fraction": 0.153076171875, "grad_norm": 17.25960946083069, "explained_variance": 0.904900848865509, "action_std_mean": 0.3288876414299011, "optimizer_iterations": 4.0, "lr": 9.401984e-05}
{"step": 303104, "wall_time": 1790739989.9766862, "episodes_completed": 5.0, "mean_episode_reward": 17.67355422973633, "std_episode_reward": 14.322457940166816, "min_episode_reward": -4.308267593383789, "max_episode_reward": 40.922977447509766, "mean_episode_length": 120.8, "success_rate": 0.6, "collision_rate": 0.4, "out_of_bounds_rate": 0.0, "timeout_rate": 0.0, "policy_loss": 0.004333196411607787, "value_loss": 4.246599555015564, "entropy": 0.6134142577648163, "approx_kl": 0.009821304818615317, "clip_fraction": 0.0970458984375, "grad_norm": 15.019718647003174, "explained_variance": 0.8853587508201599, "action_std_mean": 0.32885563373565674, "optimizer_iterations": 4.0, "lr": 9.397888000000001e-05}
{"step": 305152, "wall_time": 1790739997.5158887, "episodes_completed": 7.0, "mean_episode_reward": 18.02981620175498, "std_episode_reward": 13.44671845400373, "min_episode_reward": -0.9431725740432739, "max_episode_reward": 37.80821990966797, "mean_episode_length": 96.28571428571429, "success_rate": 0.8571428571428571, "collision_rate": 0.0, "out_of_bounds_rate": 0.0, "timeout_rate": 0.14285714285714285, "policy_loss": 0.0018759872764348984, "value_loss": 0.6771579384803772, "entropy": 0.6132155060768127, "approx_kl": 0.013987591955810785, "clip_fraction": 0.1055908203125, "grad_norm": 7.462854862213135, "explained_variance": 0.9839732050895691, "action_std_mean": 0.3288158178329468, "optimizer_iterations": 4.0, "lr": 9.393792e-05}
{"step": 307200, "wall_time": 1790740005.0707712, "episodes_completed": 8.0, "mean_episode_reward": 16.053259328007698, "std_episode_reward": 11.856037046160766, "min_episode_reward": -1.074824333190918, "max_episode_reward": 34.8970947265625, "mean_episode_length": 115.75, "success_rate": 0.75, "collision_rate": 0.125, "out_of_bounds_rate": 0.0, "timeout_rate": 0.125, "policy_loss": 0.0045449205208569765, "value_loss": 4.415847420692444, "entropy": 0.6129617094993591, "approx_kl": 0.019954051356762648, "clip_fraction": 0.1461181640625, "grad_norm": 24.24667501449585, "explained_variance": 0.8712047338485718, "action_std_mean": 0.32877808809280396, "optimizer_iterations": 4.0, "lr": 9.389696e-05}
{"step": 309248, "wall_time": 1790740012.7676945, "episodes_completed": 10.0, "mean_episode_reward": 10.91957402229309, "std_episode_reward": 13.662921214955194, "min_episode_reward": -9.970362663269043, "max_episode_reward": 44.7978630065918, "mean_episode_length": 57.2, "success_rate": 0.7, "collision_rate": 0.3, "out_of_bounds_rate": 0.0, "timeout_rate": 0.0, "policy_loss": -0.0015050852671265602, "value_loss": 5.6525503396987915, "entropy": 0.6127394437789917, "approx_kl": 0.010440339567139745, "clip_fraction": 0.1148681640625, "grad_norm": 17.350621461868286, "explained_variance": 0.8835430145263672, "action_std_mean": 0.32873964309692383, "optimizer_iterations": 4.0, "lr": 9.3856e-05}
{"step": 311296, "wall_time": 1790740020.2350183, "episodes_completed": 5.0, "mean_episode_reward": 22.969097137451172, "std_episode_reward": 23.997289735024665, "min_episode_reward": -9.452526092529297, "max_episode_reward": 53.399192810058594, "mean_episode_length": 104.8, "success_rate": 0.8, "collision_rate": 0.2, "out_of_bounds_rate": 0.0, "timeout_rate": 0.0, "policy_loss": 0.008936982572777197, "value_loss": 0.9772496819496155, "entropy": 0.6125137805938721, "approx_kl": 0.02596511272713542, "clip_fraction": 0.1395263671875, "grad_norm": 15.27127480506897, "explained_variance": 0.9806017279624939, "action_std_mean": 0.32871049642562866, "optimizer_iterations": 4.0, "lr": 9.381504000000001e-05}
{"step": 313344, "wall_time": 1790740027.7512882, "episodes_completed": 9.0, "mean_episode_reward": 7.2192404005262585, "std_episode_reward": 18.965771607924754, "min_episode_reward": -13.115497589111328, "max_episode_reward": 36.83689498901367, "mean_episode_length": 90.77777777777777, "success_rate": 0.4444444444444444, "collision_rate": 0.5555555555555556, "out_of_bounds_rate": 0.0, "timeout_rate": 0.0, "policy_loss": 0.00070168636739254, "value_loss": 3.844808280467987, "entropy": 0.612362265586853, "approx_kl": 0.013879856327548623, "clip_fraction": 0.1055908203125, "grad_norm": 15.67046868801117, "explained_variance": 0.9185740351676941, "action_std_mean": 0.32868069410324097, "optimizer_iterations": 4.0, "lr": 9.377408e-05}
{"step": 315392, "wall_time": 1790740035.4187703, "episodes_completed": 4.0, "mean_episode_reward": 18.850890636444092, "std_episode_reward": 10.727137417794339, "min_episode_reward": 11.034073829650879, "max_episode_reward": 37.3181266784668, "mean_episode_length": 102.0, "success_rate": 0.75, "collision_rate": 0.25, "out_of_bounds_rate": 0.0, "timeout_rate": 0.0, "policy_loss": -0.0014199542347341776, "value_loss": 3.448171079158783, "entropy": 0.6121730208396912, "approx_kl": 0.024399388232268393, "clip_fraction": 0.13427734375, "grad_norm": 14.210566401481628, "explained_variance": 0.9113609194755554, "action_std_mean": 0.3286608159542084, "optimizer_iterations": 4.0, "lr": 9.373312000000001e-05}
{"step": 317440, "wall_time": 1790740042.9908905, "episodes_completed": 9.0, "mean_episode_reward": 20.14257197909885, "std_episode_reward": 15.519005797670452, "min_episode_reward": -9.90861701965332, "max_episode_reward": 50.10116958618164, "mean_episode_length": 93.33333333333333, "success_rate": 0.8888888888888888, "collision_rate": 0.1111111111111111, "out_of_bounds_rate": 0.0, "timeout_rate": 0.0, "policy_loss": 0.0007128976285457611, "value_loss": 0.8943152725696564, "entropy": 0.6121574342250824, "approx_kl": 0.01466656057164073, "clip_fraction": 0.1439208984375, "grad_norm": 5.887743711471558, "explained_variance": 0.9750726222991943, "action_std_mean": 0.32867997884750366, "optimizer_iterations": 4.0, "lr": 9.369216000000001e-05}
{"step": 319488, "wall_time": 1790740050.647581, "episodes_completed": 1.0, "mean_episode_reward": 30.082883834838867, "std_episode_reward": 0.0, "min_episode_reward": 30.082883834838867, "max_episode_reward": 30.082883834838867, "mean_episode_length": 102.0, "success_rate": 1.0, "collision_rate": 0.0, "out_of_bounds_rate": 0.0, "timeout_rate": 0.0, "policy_loss": 0.0016062823124229908, "value_loss": 0.3879914656281471, "entropy": 0.6122395098209381, "approx_kl": 0.018603580072522163, "clip_fraction": 0.166015625, "grad_norm": 6.913787603378296, "explained_variance": 0.9886369705200195, "action_std_mean": 0.32867318391799927, "optimizer_iterations": 4.0, "lr": 9.36512e-05}
{"step": 321536, "wall_time": 1790740058.3411176, "episodes_completed": 6.0, "mean_episode_reward": 1.6928502817948659, "std_episode_reward": 10.02964221082749, "min_episode_reward": -10.684843063354492, "max_episode_reward": 15.20059585571289, "mean_episode_length": 118.33333333333333, "success_rate": 0.3333333333333333, "collision_rate": 0.5, "out_of_bounds_rate": 0.0, "timeout_rate": 0.16666666666666666, "policy_loss": 0.010080598993226886, "value_loss": 4.657267093658447, "entropy": 0.6121674478054047, "approx_kl": 0.03215124923735857, "clip_fraction": 0.2783203125, "grad_norm": 22.156752109527588, "explained_variance": 0.8782259821891785, "action_std_mean": 0.32866182923316956, "optimizer_iterations": 4.0, "lr": 9.361024000000001e-05}
{"step": 323584, "wall_time": 1790740065.922618, "episodes_completed": 4.0, "mean_episode_reward": 0.6137844324111938, "std_episode_reward": 7.704639015878165, "min_episode_reward": -9.9396390914917, "max_episode_reward": 10.371179580688477, "mean_episode_length": 61.0, "success_rate": 0.25, "collision_rate": 0.75, "out_of_bounds_rate": 0.0, "timeout_rate": 0.0, "policy_loss": 0.003912851680070162, "value_loss": 3.8967615962028503, "entropy": 0.6121219992637634, "approx_kl": 0.026379894465208054, "clip_fraction": 0.18701171875, "grad_norm": 19.55014443397522, "explained_variance": 0.8946438431739807, "action_std_mean": 0.3286568522453308, "optimizer_iterations": 4.0, "lr": 9.356928e-05}
{"step": 325632, "wall_time": 1790740073.5055907, "episodes_completed": 6.0, "mean_episode_reward": 18.608009825150173, "std_episode_reward": 14.254071571470458, "min_episode_reward": 0.5903139710426331, "max_episode_reward": 46.815887451171875, "mean_episode_length": 104.83333333333333, "success_rate": 0.6666666666666666, "collision_rate": 0.16666666666666666, "out_of_bounds_rate": 0.0, "timeout_rate": 0.16666666666666666, "policy_loss": 9.862572187557817e-05, "value_loss": 2.423876941204071, "entropy": 0.6120969653129578, "approx_kl": 0.01810173410922289, "clip_fraction": 0.159912109375, "grad_norm": 13.915680289268494, "explained_variance": 0.9436770677566528, "action_std_mean": 0.3286527991294861, "optimizer_iterations": 4.0, "lr": 9.352832e-05}
{"step": 327680, "wall_time": 1790740081.3534036, "episodes_completed": 2.0, "mean_episode_reward": 16.01357650756836, "std_episode_reward": 13.279903411865234, "min_episode_reward": 2.733673095703125, "max_episode_reward": 29.293479919433594, "mean_episode_length": 153.0, "success_rate": 0.5, "collision_rate": 0.5, "out_of_bounds_rate": 0.0, "timeout_rate": 0.0, "policy_loss": 0.008094417862594128, "value_loss": 2.6858912110328674, "entropy": 0.612083911895752, "approx_kl": 0.027681406354531646, "clip_fraction": 0.260009765625, "grad_norm": 13.53865385055542, "explained_variance": 0.9305589199066162, "action_std_mean": 0.32865363359451294, "optimizer_iterations": 4.0, "lr": 9.348736e-05}
{"step": 329728, "wall_time": 1790740089.085976, "episodes_completed": 3.0, "mean_episode_reward": 3.5907533590992293, "std_episode_reward": 4.889782954361805, "min_episode_reward": -0.07189469784498215, "max_episode_reward": 10.501813888549805, "mean_episode_length": 104.66666666666667, "success_rate": 0.3333333333333333, "collision_rate": 0.0, "out_of_bounds_rate": 0.0, "timeout_rate": 0.6666666666666666, "policy_loss": -0.0028572063893079758, "value_loss": 0.49756336212158203, "entropy": 0.6121638417243958, "approx_kl": 0.02102662227116525, "clip_fraction": 0.1416015625, "grad_norm": 9.49327290058136, "explained_variance": 0.9892925024032593, "action_std_mean": 0.3286961317062378, "optimizer_iterations": 4.0, "lr": 9.34464e-05}
{"step": 331776, "wall_time": 1790740096.6449564, "episodes_completed": 5.0, "mean_episode_reward": 28.719240951538087, "std_episode_reward": 11.831382414104501, "min_episode_reward": 13.721336364746094, "max_episode_reward": 45.52241134643555, "mean_episode_length": 126.0, "success_rate": 1.0, "collision_rate": 0.0, "out_of_bounds_rate": 0.0, "timeout_rate": 0.0, "policy_loss": -0.0027604115894064307, "value_loss": 0.5545745193958282, "entropy": 0.6124902665615082, "approx_kl": 0.012755981180816889, "clip_fraction": 0.12451171875, "grad_norm": 9.199590921401978, "explained_variance": 0.9848869442939758, "action_std_mean": 0.3287558853626251, "optimizer_iterations": 4.0, "lr": 9.340544e-05}
{"step": 333824, "wall_time": 1790740104.5711598, "episodes_completed": 4.0, "mean_episode_reward": 28.309980869293213, "std_episode_reward": 10.898409921703397, "min_episode_reward": 11.410289764404297, "max_episode_reward": 41.730655670166016, "mean_episode_length": 140.5, "success_rate": 0.75, "collision_rate": 0.25, "out_of_bounds_rate": 0.0, "timeout_rate": 0.0, "policy_loss": 0.0015109237283468246, "value_loss": 3.067872643470764, "entropy": 0.6128676533699036, "approx_kl": 0.026558450888842344, "clip_fraction": 0.167724609375, "grad_norm": 11.209373474121094, "explained_variance": 0.9173233509063721, "action_std_mean": 0.3288179934024811, "optimizer_iterations": 4.0, "lr": 9.336448e-05}
{"step": 335872, "wall_time": 1790740112.2049084, "episodes_completed": 5.0, "mean_episode_reward": 20.342090438306332, "std_episode_reward": 20.824073098795953, "min_episode_reward": 0.06794571131467819, "max_episode_reward": 47.81665802001953, "mean_episode_length": 146.6, "success_rate": 0.6, "collision_rate": 0.0, "out_of_bounds_rate": 0.0, "timeout_rate": 0.4, "policy_loss": -0.0010463222861289978, "value_loss": 1.2325128018856049, "entropy": 0.6131883561611176, "approx_kl": 0.009552376461215317, "clip_fraction": 0.0880126953125, "grad_norm": 7.774333477020264, "explained_variance": 0.9639247059822083, "action_std_mean": 0.3288373351097107, "optimizer_iterations": 4.0, "lr": 9.332352000000001e-05}
{"step": 337920, "wall_time": 1790740119.770154, "episodes_completed": 10.0, "mean_episode_reward": 10.9100990742445, "std_episode_reward": 16.8902000946886, "min_episode_reward": -10.702177047729492, "max_episode_reward": 34.966609954833984, "mean_episode_length": 95.6, "success_rate": 0.6, "collision_rate": 0.3, "out_of_bounds_rate": 0.0, "timeout_rate": 0.1, "policy_loss": 0.004478989169001579, "value_loss": 5.114373087882996, "entropy": 0.6132099032402039, "approx_kl": 0.017815811093896627, "clip_fraction": 0.1324462890625, "grad_norm": 19.850006103515625, "explained_variance": 0.8728959560394287, "action_std_mean": 0.3288320302963257, "optimizer_iterations": 4.0, "lr": 9.328256e-05}
{"step": 339968, "wall_time": 1790740127.4126523, "episodes_completed": 5.0, "mean_episode_reward": 22.46585111618042, "std_episode_reward": 24.12551264982377, "min_episode_reward": -4.096088886260986, "max_episode_reward": 51.57680130004883, "mean_episode_length": 164.2, "success_rate": 0.4, "collision_rate": 0.6, "out_of_bounds_rate": 0.0, "timeout_rate": 0.0, "policy_loss": 0.003947527147829533, "value_loss": 4.217549800872803, "entropy": 0.6132256090641022, "approx_kl": 0.018531404668465257, "clip_fraction": 0.1114501953125, "grad_norm": 18.610753774642944, "explained_variance": 0.8957062363624573, "action_std_mean": 0.3288620710372925, "optimizer_iterations": 4.0, "lr": 9.324160000000001e-05}
{"step": 342016, "wall_time": 1790740135.286365, "episodes_completed": 2.0, "mean_episode_reward": 37.563612937927246, "std_episode_reward": 19.720158576965332, "min_episode_reward": 17.843454360961914, "max_episode_reward": 57.28377151489258, "mean_episode_length": 146.5, "success_rate": 1.0, "collision_rate": 0.0, "out_of_bounds_rate": 0.0, "timeout_rate": 0.0, "policy_loss": 0.0030134846456348896, "value_loss": 0.1877158060669899, "entropy": 0.6134772896766663, "approx_kl": 0.019405981758609414, "clip_fraction": 0.2000732421875, "grad_norm": 9.535961866378784, "explained_variance": 0.99577796459198, "action_std_mean": 0.32890522480010986, "optimizer_iterations": 4.0, "lr": 9.320064e-05}
{"step": 344064, "wall_time": 1790740143.0802245, "episodes_completed": 5.0, "mean_episode_reward": 9.672962474822999, "std_episode_reward": 8.858129995001411, "min_episode_reward": -4.45325231552124, "max_episode_reward": 22.12641143798828, "mean_episode_length": 99.0, "success_rate": 0.6, "collision_rate": 0.4, "out_of_bounds_rate": 0.0, "timeout_rate": 0.0, "policy_loss": 0.00011449551675468683, "value_loss": 5.059767484664917, "entropy": 0.6136917173862457, "approx_kl": 0.016740748891606927, "clip_fraction": 0.15576171875, "grad_norm": 20.38890302181244, "explained_variance": 0.8664500117301941, "action_std_mean": 0.3289249539375305, "optimizer_iterations": 4.0, "lr": 9.315968e-05}
{"step": 346112, "wall_time": 1790740151.1017253, "episodes_completed": 3.0, "mean_episode_reward": 23.72735659281413, "std_episode_reward": 9.190375162981676, "min_episode_reward": 10.867317199707031, "max_episode_reward": 31.78803062438965, "mean_episode_length": 196.66666666666666, "success_rate": 0.6666666666666666, "collision_rate": 0.3333333333333333, "out_of_bounds_rate": 0.0, "timeout_rate": 0.0, "policy_loss": 0.004050449468195438, "value_loss": 3.1225967407226562, "entropy": 0.6137355864048004, "approx_kl": 0.03603967744857073, "clip_fraction": 0.2730712890625, "grad_norm": 8.347257375717163, "explained_variance": 0.9308054447174072, "action_std_mean": 0.3289085924625397, "optimizer_iterations": 4.0, "lr": 9.311872000000001e-05}
{"step": 348160, "wall_time": 1790740158.9461355, "episodes_completed": 8.0, "mean_episode_reward": 20.11150391920819, "std_episode_reward": 16.492163086548267, "min_episode_reward": -0.0016072571743279696, "max_episode_reward": 49.56047821044922, "mean_episode_length": 152.375, "success_rate": 0.5, "collision_rate": 0.375, "out_of_bounds_rate": 0.0, "timeout_rate": 0.125, "policy_loss": 0.003332071006298065, "value_loss": 5.858715772628784, "entropy": 0.6135912239551544, "approx_kl": 0.02548908907920122, "clip_fraction": 0.20068359375, "grad_norm": 17.620413064956665, "explained_variance": 0.866166353225708, "action_std_mean": 0.3289036154747009, "optimizer_iterations": 4.0, "lr": 9.307776e-05}
{"step": 350208, "wall_time": 1790740166.7161925, "episodes_completed": 5.0, "mean_episode_reward": 6.402625834941864, "std_episode_reward": 20.367905252125272, "min_episode_reward": -10.19849681854248, "max_episode_reward": 46.10338592529297, "mean_episode_length": 108.2, "success_rate": 0.2, "collision_rate": 0.6, "out_of_bounds_rate": 0.0, "timeout_rate": 0.2, "policy_loss": 0.0030842823907732964, "value_loss": 2.6478635668754578, "entropy": 0.6136429607868195, "approx_kl": 0.12061592191457748, "clip_fraction": 0.18212890625, "grad_norm": 11.886754274368286, "explained_variance": 0.9582016468048096, "action_std_mean": 0.328921914100647, "optimizer_iterations": 4.0, "lr": 9.30368e-05}
{"step": 352256, "wall_time": 1790740174.5458188, "episodes_completed": 7.0, "mean_episode_reward": 16.037706230367935, "std_episode_reward": 19.62619464046125, "min_episode_reward": -9.801507949829102, "max_episode_reward": 40.23654556274414, "mean_episode_length": 96.28571428571429, "success_rate": 0.5714285714285714, "collision_rate": 0.2857142857142857, "out_of_bounds_rate": 0.0, "timeout_rate": 0.14285714285714285, "policy_loss": -0.0003327224403619766, "value_loss": 1.390778362751007, "entropy": 0.6137511730194092, "approx_kl": 0.014109062147326767, "clip_fraction": 0.132568359375, "grad_norm": 7.717336654663086, "explained_variance": 0.9728411436080933, "action_std_mean": 0.3289420008659363, "optimizer_iterations": 4.0, "lr": 9.299584e-05}
{"step": 354304, "wall_time": 1790740182.265979, "episodes_completed": 7.0, "mean_episode_reward": 25.939616339547293, "std_episode_reward": 9.556143475436127, "min_episode_reward": 10.623804092407227, "max_episode_reward": 40.08436584472656, "mean_episode_length": 104.14285714285714, "success_rate": 1.0, "collision_rate": 0.0, "out_of_bounds_rate": 0.0, "timeout_rate": 0.0, "policy_loss": -0.003193038864992559, "value_loss": 0.8239240199327469, "entropy": 0.6138372719287872, "approx_kl": 0.12242651358246803, "clip_fraction": 0.1038818359375, "grad_norm": 7.481059312820435, "explained_variance": 0.9744918346405029, "action_std_mean": 0.32894545793533325, "optimizer_iterations": 4.0, "lr": 9.295488e-05}
{"step": 356352, "wall_time": 1790740189.9682734, "episodes_completed": 7.0, "mean_episode_reward": 17.521466936383927, "std_episode_reward": 13.876486495051116, "min_episode_reward": -10.281868934631348, "max_episode_reward": 34.993019104003906, "mean_episode_length": 119.71428571428571, "success_rate": 0.8571428571428571, "collision_rate": 0.14285714285714285, "out_of_bounds_rate": 0.0, "timeout_rate": 0.0, "policy_loss": 0.007783534238114953, "value_loss": 2.088241994380951, "entropy": 0.6138773560523987, "approx_kl": 0.01792107243090868, "clip_fraction": 0.1663818359375, "grad_norm": 10.55689549446106, "explained_variance": 0.9141334891319275, "action_std_mean": 0.32896265387535095, "optimizer_iterations": 4.0, "lr": 9.291392e-05}
{"step": 358400, "wall_time": 1790740197.4723, "episodes_completed": 3.0, "mean_episode_reward": 5.317815780639648, "std_episode_reward": 11.167544245730188, "min_episode_reward": -10.27048110961914, "max_episode_reward": 15.308510780334473, "mean_episode_length": 105.66666666666667, "success_rate": 0.6666666666666666, "collision_rate": 0.3333333333333333, "out_of_bounds_rate": 0.0, "timeout_rate": 0.0, "policy_loss": 0.002924867905676365, "value_loss": 1.7222453951835632, "entropy": 0.6140086948871613, "approx_kl": 0.016996389254927635, "clip_fraction": 0.155517578125, "grad_norm": 11.089264154434204, "explained_variance": 0.9635069370269775, "action_std_mean": 0.3289886713027954, "optimizer_iterations": 4.0, "lr": 9.287296000000001e-05}
{"step": 360448, "wall_time": 1790740205.0360596, "episodes_completed": 2.0, "mean_episode_reward": -9.579751968383789, "std_episode_reward": 2.29306697845459, "min_episode_reward": -11.872818946838379, "max_episode_reward": -7.286684989929199, "mean_episode_length": 86.0, "success_rate": 0.0, "collision_rate": 1.0, "out_of_bounds_rate": 0.0, "timeout_rate": 0.0, "policy_loss": 0.003454993013292551, "value_loss": 3.7868128418922424, "entropy": 0.6141595542430878, "approx_kl": 0.01628644159063697, "clip_fraction": 0.1824951171875, "grad_norm": 14.20037031173706, "explained_variance": 0.9133976697921753, "action_std_mean": 0.3290119171142578, "optimizer_iterations": 4.0, "lr": 9.283200000000001e-05}
{"step": 362496, "wall_time": 1790740212.4707386, "episodes_completed": 4.0, "mean_episode_reward": 18.593281388282776, "std_episode_reward": 27.895609129004715, "min_episode_reward": -11.377342224121094, "max_episode_reward": 57.09352493286133, "mean_episode_length": 151.5, "success_rate": 0.5, "collision_rate": 0.5, "out_of_bounds_rate": 0.0, "timeout_rate": 0.0, "policy_loss": 0.00097252381965518, "value_loss": 3.0583784580230713, "entropy": 0.61433345079422, "approx_kl": 0.011537164449691772, "clip_fraction": 0.11669921875, "grad_norm": 15.32888388633728, "explained_variance": 0.8913587331771851, "action_std_mean": 0.32904723286628723, "optimizer_iterations": 4.0, "lr": 9.279104e-05}
{"step": 364544, "wall_time": 1790740220.0998292, "episodes_completed": 8.0, "mean_episode_reward": 6.648315504193306, "std_episode_reward": 8.38383705232157, "min_episode_reward": -4.427350997924805, "max_episode_reward": 20.869461059570312, "mean_episode_length": 71.0, "success_rate": 0.25, "collision_rate": 0.625, "out_of_bounds_rate": 0.0, "timeout_rate": 0.125, "policy_loss": 0.007101440452970564, "value_loss": 8.263798236846924, "entropy": 0.6145519018173218, "approx_kl": 0.014546867925673723, "clip_fraction": 0.1343994140625, "grad_norm": 41.76505136489868, "explained_variance": 0.8186506628990173, "action_std_mean": 0.3290789723396301, "optimizer_iterations": 4.0, "lr": 9.275008000000001e-05}
{"step": 366592, "wall_time": 1790740227.6218877, "episodes_completed": 4.0, "mean_episode_reward": 17.791600227355957, "std_episode_reward": 7.817015786762289, "min_episode_reward": 10.069013595581055, "max_episode_reward": 28.518381118774414, "mean_episode_length": 114.25, "success_rate": 0.75, "collision_rate": 0.25, "out_of_bounds_rate": 0.0, "timeout_rate": 0.0, "policy_loss": 0.0024315286427736282, "value_loss": 2.163612723350525, "entropy": 0.614764928817749, "approx_kl": 0.032704392448067665, "clip_fraction": 0.1910400390625, "grad_norm": 15.484577655792236, "explained_variance": 0.9412252306938171, "action_std_mean": 0.3291277587413788, "optimizer_iterations": 4.0, "lr": 9.270912e-05}
{"step": 368640, "wall_time": 1790740235.2929037, "episodes_completed": 9.0, "mean_episode_reward": 23.502588272094727, "std_episode_reward": 10.01143705444201, "min_episode_reward": 10.311382293701172, "max_episode_reward": 45.11604690551758, "mean_episode_length": 110.33333333333333, "success_rate": 0.8888888888888888, "collision_rate": 0.1111111111111111, "out_of_bounds_rate": 0.0, "timeout_rate": 0.0, "policy_loss": 0.0037544278893619776, "value_loss": 4.3020405769348145, "entropy": 0.615089625120163, "approx_kl": 0.01575594302266836, "clip_fraction": 0.1248779296875, "grad_norm": 12.548059463500977, "explained_variance": 0.8946127891540527, "action_std_mean": 0.3291764259338379, "optimizer_iterations": 4.0, "lr": 9.266816e-05}
{"step": 370688, "wall_time": 1790740243.0525408, "episodes_completed": 8.0, "mean_episode_reward": 19.946020364761353, "std_episode_reward": 18.600004934317763, "min_episode_reward": -9.629305839538574, "max_episode_reward": 54.5681266784668, "mean_episode_length": 114.75, "success_rate": 0.5, "collision_rate": 0.5, "out_of_bounds_rate": 0.0, "timeout_rate": 0.0, "policy_loss": 0.0055166915990412235, "value_loss": 4.854444265365601, "entropy": 0.6153450906276703, "approx_kl": 0.014133773045614362, "clip_fraction": 0.1571044921875, "grad_norm": 25.235173225402832, "explained_variance": 0.8773576021194458, "action_std_mean": 0.32920968532562256, "optimizer_iterations": 4.0, "lr": 9.26272e-05}
{"step": 372736, "wall_time": 1790740250.5304227, "episodes_completed": 5.0, "mean_episode_reward": 24.83225212097168, "std_episode_reward": 20.067078007736704, "min_episode_reward": -5.640497207641602, "max_episode_reward": 46.28687286376953, "mean_episode_length": 130.8, "success_rate": 0.8, "collision_rate": 0.2, "out_of_bounds_rate": 0.0, "timeout_rate": 0.0, "policy_loss": 0.0036032763309776783, "value_loss": 3.62230783700943, "entropy": 0.6155008971691132, "approx_kl": 0.014830221771262586, "clip_fraction": 0.1175537109375, "grad_norm": 15.000138640403748, "explained_variance": 0.8998522162437439, "action_std_mean": 0.32922735810279846, "optimizer_iterations": 4.0, "lr": 9.258624e-05}
{"step": 374784, "wall_time": 1790740258.2982855, "episodes_completed": 11.0, "mean_episode_reward": 15.303516404195266, "std_episode_reward": 14.855794253847021, "min_episode_reward": -9.991190910339355, "max_episode_reward": 41.51496887207031, "mean_episode_length": 80.72727272727273, "success_rate": 0.7272727272727273, "collision_rate": 0.18181818181818182, "out_of_bounds_rate": 0.0, "timeout_rate": 0.09090909090909091, "policy_loss": 0.007215486373752356, "value_loss": 2.082291305065155, "entropy": 0.6156682372093201, "approx_kl": 0.030283153988420963, "clip_fraction": 0.180908203125, "grad_norm": 9.557077407836914, "explained_variance": 0.9414870738983154, "action_std_mean": 0.32927966117858887, "optimizer_iterations": 4.0, "lr": 9.254528e-05}
{"step": 376832, "wall_time": 1790740265.8698237, "episodes_completed": 3.0, "mean_episode_reward": 18.69375483194987, "std_episode_reward": 4.304341999082239, "min_episode_reward": 12.741580963134766, "max_episode_reward": 22.774269104003906, "mean_episode_length": 55.333333333333336, "success_rate": 1.0, "collision_rate": 0.0, "out_of_bounds_rate": 0.0, "timeout_rate": 0.0, "policy_loss": 0.0048364176182076335, "value_loss": 0.5374544709920883, "entropy": 0.6160235702991486, "approx_kl": 0.021931867580860853, "clip_fraction": 0.2208251953125, "grad_norm": 9.49122440814972, "explained_variance": 0.9848898649215698, "action_std_mean": 0.3293350338935852, "optimizer_iterations": 4.0, "lr": 9.250432e-05}
{"step": 378880, "wall_time": 1790740273.4542894, "episodes_completed": 9.0, "mean_episode_reward": 20.44930362701416, "std_episode_reward": 12.997460352466257, "min_episode_reward": -1.1013593673706055, "max_episode_reward": 40.670074462890625, "mean_episode_length": 83.77777777777777, "success_rate": 0.8888888888888888, "collision_rate": 0.1111111111111111, "out_of_bounds_rate": 0.0, "timeout_rate": 0.0, "policy_loss": -0.002540808403864503, "value_loss": 1.0981201827526093, "entropy": 0.6163214445114136, "approx_kl": 0.015155878849327564, "clip_fraction": 0.1317138671875, "grad_norm": 6.365046739578247, "explained_variance": 0.9760990142822266, "action_std_mean": 0.3293743133544922, "optimizer_iterations": 4.0, "lr": 9.246336e-05}
{"step": 380928, "wall_time": 1790740280.9578824, "episodes_completed": 4.0, "mean_episode_reward": 24.10448408126831, "std_episode_reward": 20.58126397149097, "min_episode_reward": 1.8762226104736328, "max_episode_reward": 57.40282440185547, "mean_episode_length": 145.25, "success_rate": 0.75, "collision_rate": 0.25, "out_of_bounds_rate": 0.0, "timeout_rate": 0.0, "policy_loss": -0.0007309143547900021, "value_loss": 2.132484495639801, "entropy": 0.6165343821048737, "approx_kl": 0.013127050246112049, "clip_fraction": 0.12255859375, "grad_norm": 12.543650031089783, "explained_variance": 0.9417371153831482, "action_std_mean": 0.32940220832824707, "optimizer_iterations": 4.0, "lr": 9.24224e-05}
{"step": 382976, "wall_time": 1790740288.5500863, "episodes_completed": 3.0, "mean_episode_reward": 23.311586380004883, "std_episode_reward": 11.636388358671729, "min_episode_reward": 10.693218231201172, "max_episode_reward": 38.76904296875, "mean_episode_length": 102.33333333333333, "success_rate": 1.0, "collision_rate": 0.0, "out_of_bounds_rate": 0.0, "timeout_rate": 0.0, "policy_loss": 0.002026814501732588, "value_loss": 1.655606746673584, "entropy": 0.6166589856147766, "approx_kl": 0.040809898637235165, "clip_fraction": 0.2471923828125, "grad_norm": 11.628260612487793, "explained_variance": 0.955421507358551, "action_std_mean": 0.32940447330474854, "optimizer_iterations": 4.0, "lr": 9.238144000000001e-05}
{"step": 385024, "wall_time": 1790740296.2008874, "episodes_completed": 5.0, "mean_episode_reward": 6.290097951889038, "std_episode_reward": 18.92340585155541, "min_episode_reward": -10.173369407653809, "max_episode_reward": 40.7712287902832, "mean_episode_length": 139.4, "success_rate": 0.4, "collision_rate": 0.4, "out_of_bounds_rate": 0.0, "timeout_rate": 0.2, "policy_loss": 7.891282439231873e-05, "value_loss": 1.6238228380680084, "entropy": 0.6166429221630096, "approx_kl": 0.015334853902459145, "clip_fraction": 0.169189453125, "grad_norm": 12.269423723220825, "explained_variance": 0.9595540165901184, "action_std_mean": 0.32940417528152466, "optimizer_iterations": 4.0, "lr": 9.234048e-05}
{"step": 387072, "wall_time": 1790740303.7529695, "episodes_completed": 8.0, "mean_episode_reward": 18.772835612297058, "std_episode_reward": 19.268315164287497, "min_episode_reward": -10.172514915466309, "max_episode_reward": 47.353782653808594, "mean_episode_length": 116.375, "success_rate": 0.75, "collision_rate": 0.25, "out_of_bounds_rate": 0.0, "timeout_rate": 0.0, "policy_loss": -0.002327626571059227, "value_loss": 2.0987890362739563, "entropy": 0.6166648268699646, "approx_kl": 0.022078173351474106, "clip_fraction": 0.1431884765625, "grad_norm": 10.181064248085022, "explained_variance": 0.9489837288856506, "action_std_mean": 0.3294185996055603, "optimizer_iterations": 4.0, "lr": 9.229952e-05}
{"step": 389120, "wall_time": 1790740311.3504307, "episodes_completed": 9.0, "mean_episode_reward": 15.070059405432808, "std_episode_reward": 18.87029751310765, "min_episode_reward": -10.459915161132812, "max_episode_reward": 45.299827575683594, "mean_episode_length": 88.77777777777777, "success_rate": 0.5555555555555556, "collision_rate": 0.4444444444444444, "out_of_bounds_rate": 0.0, "timeout_rate": 0.0, "policy_loss": -0.003018546849489212, "value_loss": 5.417418003082275, "entropy": 0.6168095171451569, "approx_kl": 0.015234681311994791, "clip_fraction": 0.149169921875, "grad_norm": 17.244418501853943, "explained_variance": 0.8398737907409668, "action_std_mean": 0.3294643759727478, "optimizer_iterations": 4.0, "lr": 9.225856000000001e-05}
{"step": 391168, "wall_time": 1790740318.965652, "episodes_completed": 5.0, "mean_episode_reward": 18.603156566619873, "std_episode_reward": 10.575747667357748, "min_episode_reward": 4.061001300811768, "max_episode_reward": 30.970661163330078, "mean_episode_length": 73.4, "success_rate": 0.8, "collision_rate": 0.2, "out_of_bounds_rate": 0.0, "timeout_rate": 0.0, "policy_loss": 0.004892227239906788, "value_loss": 1.551328182220459, "entropy": 0.6171502470970154, "approx_kl": 0.01594735635444522, "clip_fraction": 0.120849609375, "grad_norm": 13.426592111587524, "explained_variance": 0.9504342079162598, "action_std_mean": 0.3295206129550934, "optimizer_iterations": 4.0, "lr": 9.22176e-05}
{"step": 393216, "wall_time": 1790740326.601023, "episodes_completed": 9.0, "mean_episode_reward": 12.845283849371803, "std_episode_reward": 15.557524426634282, "min_episode_reward": -10.064253807067871, "max_episode_reward": 32.32984924316406, "mean_episode_length": 60.0, "success_rate": 0.5555555555555556, "collision_rate": 0.3333333333333333, "out_of_bounds_rate": 0.0, "timeout_rate": 0.1111111111111111, "policy_loss": -0.0009999703615903854, "value_loss": 2.324279546737671, "entropy": 0.6174413561820984, "approx_kl": 0.019343961961567402, "clip_fraction": 0.16259765625, "grad_norm": 7.533977746963501, "explained_variance": 0.957862377166748, "action_std_mean": 0.3295474052429199, "optimizer_iterations": 4.0, "lr": 9.217664e-05}
{"step": 395264, "wall_time": 1790740334.2880833, "episodes_completed": 2.0, "mean_episode_reward": 15.379180431365967, "std_episode_reward": 4.567402362823486, "min_episode_reward": 10.81177806854248, "max_episode_reward": 19.946582794189453, "mean_episode_length": 128.5, "success_rate": 0.5, "collision_rate": 0.5, "out_of_bounds_rate": 0.0, "timeout_rate": 0.0, "policy_loss": 0.0003461390733718872, "value_loss": 2.131243050098419, "entropy": 0.6175297200679779, "approx_kl": 0.013951335335150361, "clip_fraction": 0.1593017578125, "grad_norm": 16.59253764152527, "explained_variance": 0.9675331711769104, "action_std_mean": 0.3295495808124542, "optimizer_iterations": 4.0, "lr": 9.213568e-05}
{"step": 397312, "wall_time": 1790740342.0007682, "episodes_completed": 3.0, "mean_episode_reward": 17.483706792195637, "std_episode_reward": 4.229458123343983, "min_episode_reward": 13.15499496459961, "max_episode_reward": 23.222858428955078, "mean_episode_length": 41.666666666666664, "success_rate": 1.0, "collision_rate": 0.0, "out_of_bounds_rate": 0.0, "timeout_rate": 0.0, "policy_loss": 0.0007118964567780495, "value_loss": 0.12028919719159603, "entropy": 0.6175566911697388, "approx_kl": 0.01758602261543274, "clip_fraction": 0.138671875, "grad_norm": 7.880540490150452, "explained_variance": 0.9979522824287415, "action_std_mean": 0.32955658435821533, "optimizer_iterations": 4.0, "lr": 9.209472e-05}
{"step": 399360, "wall_time": 1790740349.5799909, "episodes_completed": 9.0, "mean_episode_reward": 14.740602182017433, "std_episode_reward": 14.888460420504687, "min_episode_reward": -5.953022480010986, "max_episode_reward": 43.256439208984375, "mean_episode_length": 94.33333333333333, "success_rate": 0.6666666666666666, "collision_rate": 0.2222222222222222, "out_of_bounds_rate": 0.0, "timeout_rate": 0.1111111111111111, "policy_loss": 0.003251044894568622, "value_loss": 4.785317540168762, "entropy": 0.6176016330718994, "approx_kl": 0.014232754707336426, "clip_fraction": 0.1260986328125, "grad_norm": 15.777116894721985, "explained_variance": 0.8871275782585144, "action_std_mean": 0.32956716418266296, "optimizer_iterations": 4.0, "lr": 9.205376e-05}
{"step": 401408, "wall_time": 1790740357.1310487, "episodes_completed": 10.0, "mean_episode_reward": 11.331070924922823, "std_episode_reward": 12.740415297513055, "min_episode_reward": -9.800422668457031, "max_episode_reward": 36.75208282470703, "mean_episode_length": 76.0, "success_rate": 0.5, "collision_rate": 0.3, "out_of_bounds_rate": 0.0, "timeout_rate": 0.2, "policy_loss": 0.002882063388824463, "value_loss": 5.652009129524231, "entropy": 0.6176838278770447, "approx_kl": 0.016140432097017765, "clip_fraction": 0.1346435546875, "grad_norm": 19.022883415222168, "explained_variance": 0.856255829334259, "action_std_mean": 0.32957443594932556, "optimizer_iterations": 4.0, "lr": 9.201280000000001e-05}
{"step": 403456, "wall_time": 1790740364.903982, "episodes_completed": 8.0, "mean_episode_reward": 13.829556703567505, "std_episode_reward": 16.3242767764218, "min_episode_reward": -8.567505836486816, "max_episode_reward": 32.71930694580078, "mean_episode_length": 76.625, "success_rate": 0.625, "collision_rate": 0.375, "out_of_bounds_rate": 0.0, "timeout_rate": 0.0, "policy_loss": 0.0031569143757224083, "value_loss": 5.6712470054626465, "entropy": 0.6177065074443817, "approx_kl": 0.009712321101687849, "clip_fraction": 0.0633544921875, "grad_norm": 15.603078722953796, "explained_variance": 0.8550388813018799, "action_std_mean": 0.3295860290527344, "optimizer_iterations": 4.0, "lr": 9.197184000000001e-05}
{"step": 405504, "wall_time": 1790740372.7348685, "episodes_completed": 7.0, "mean_episode_reward": 21.0786235673087, "std_episode_reward": 16.04643041669155, "min_episode_reward": -4.729187488555908, "max_episode_reward": 48.42110824584961, "mean_episode_length": 107.28571428571429, "success_rate": 0.7142857142857143, "collision_rate": 0.2857142857142857, "out_of_bounds_rate": 0.0, "timeout_rate": 0.0, "policy_loss": 0.0009030005894601345, "value_loss": 3.2091493010520935, "entropy": 0.6178480088710785, "approx_kl": 0.01603134605102241, "clip_fraction": 0.12744140625, "grad_norm": 10.507794737815857, "explained_variance": 0.9252272844314575, "action_std_mean": 0.329633891582489, "optimizer_iterations": 4.0, "lr": 9.193088e-05}
{"step": 407552, "wall_time": 1790740380.2941155, "episodes_completed": 3.0, "mean_episode_reward": 12.24874496459961, "std_episode_reward": 12.886285305609292, "min_episode_reward": -5.923713684082031, "max_episode_reward": 22.520652770996094, "mean_episode_length": 118.0, "success_rate": 0.3333333333333333, "collision_rate": 0.6666666666666666, "out_of_bounds_rate": 0.0, "timeout_rate": 0.0, "policy_loss": 0.001265746308490634, "value_loss": 4.690213203430176, "entropy": 0.6181796491146088, "approx_kl": 0.006431195768527687, "clip_fraction": 0.0540771484375, "grad_norm": 14.659685373306274, "explained_variance": 0.8914003372192383, "action_std_mean": 0.3296774625778198, "optimizer_iterations": 4.0, "lr": 9.188992000000001e-05}
{"step": 409600, "wall_time": 1790740387.988111, "episodes_completed": 10.0, "mean_episode_reward": 14.393364810943604, "std_episode_reward": 16.26969111330926, "min_episode_reward": -10.105822563171387, "max_episode_reward": 36.902584075927734, "mean_episode_length": 77.1, "success_rate": 0.6, "collision_rate": 0.4, "out_of_bounds_rate": 0.0, "timeout_rate": 0.0, "policy_loss": 0.0025957508478313684, "value_loss": 7.0410637855529785, "entropy": 0.6183409690856934, "approx_kl": 0.011772940400987864, "clip_fraction": 0.1124267578125, "grad_norm": 20.319191813468933, "explained_variance": 0.777458906173706, "action_std_mean": 0.32967132329940796, "optimizer_iterations": 4.0, "lr": 9.184896e-05}
{"step": 411648, "wall_time": 1790740395.5412576, "episodes_completed": 3.0, "mean_episode_reward": 4.018708229064941, "std_episode_reward": 12.443544887737275, "min_episode_reward": -9.957173347473145, "max_episode_reward": 20.267791748046875, "mean_episode_length": 60.666666666666664, "success_rate": 0.3333333333333333, "collision_rate": 0.6666666666666666, "out_of_bounds_rate": 0.0, "timeout_rate": 0.0, "policy_loss": 0.0018304325640201569, "value_loss": 1.9226924180984497, "entropy": 0.6182024776935577, "approx_kl": 0.010800021816976368, "clip_fraction": 0.0992431640625, "grad_norm": 16.144952058792114, "explained_variance": 0.9386796951293945, "action_std_mean": 0.329639732837677, "optimizer_iterations": 4.0, "lr": 9.1808e-05}
{"step": 413696, "wall_time": 1790740403.2529967, "episodes_completed": 5.0, "mean_episode_reward": 11.966211116313934, "std_episode_reward": 16.846440196421707, "min_episode_reward": -10.196484565734863, "max_episode_reward": 38.650638580322266, "mean_episode_length": 168.8, "success_rate": 0.6, "collision_rate": 0.2, "out_of_bounds_rate": 0.0, "timeout_rate": 0.2, "policy_loss": -0.0013129855506122112, "value_loss": 0.8534859716892242, "entropy": 0.6180675625801086, "approx_kl": 0.00888183363713324, "clip_fraction": 0.107177734375, "grad_norm": 9.712920904159546, "explained_variance": 0.9773082733154297, "action_std_mean": 0.3296464681625366, "optimizer_iterations": 4.0, "lr": 9.176704000000001e-05}
{"step": 415744, "wall_time": 1790740410.8548, "episodes_completed": 9.0, "mean_episode_reward": 12.384146773152882, "std_episode_reward": 17.09594578916305, "min_episode_reward": -11.26070499420166, "max_episode_reward": 39.276947021484375, "mean_episode_length": 94.44444444444444, "success_rate": 0.4444444444444444, "collision_rate": 0.4444444444444444, "out_of_bounds_rate": 0.0, "timeout_rate": 0.1111111111111111, "policy_loss": 0.001070230035111308, "value_loss": 7.848214626312256, "entropy": 0.618198573589325, "approx_kl": 0.029953402699902654, "clip_fraction": 0.135498046875, "grad_norm": 17.995356678962708, "explained_variance": 0.8433157205581665, "action_std_mean": 0.3296712636947632, "optimizer_iterations": 4.0, "lr": 9.172608e-05}
{"step": 417792, "wall_time": 1790740418.3961377, "episodes_completed": 11.0, "mean_episode_reward": 8.740956566550516, "std_episode_reward": 17.668509744686677, "min_episode_reward": -10.540447235107422, "max_episode_reward": 41.28533935546875, "mean_episode_length": 86.63636363636364, "success_rate": 0.45454545454545453, "collision_rate": 0.5454545454545454, "out_of_bounds_rate": 0.0, "timeout_rate": 0.0, "policy_loss": 0.0014389189891517162, "value_loss": 7.2826337814331055, "entropy": 0.6183269321918488, "approx_kl": 0.020986032555811107, "clip_fraction": 0.1812744140625, "grad_norm": 22.936182022094727, "explained_variance": 0.8137122988700867, "action_std_mean": 0.3297024667263031, "optimizer_iterations": 4.0, "lr": 9.168512e-05}
{"step": 419840, "wall_time": 1790740425.9640963, "episodes_completed": 8.0, "mean_episode_reward": 16.55918323993683, "std_episode_reward": 15.611024529579922, "min_episode_reward": -10.00112247467041, "max_episode_reward": 41.45566940307617, "mean_episode_length": 78.375, "success_rate": 0.625, "collision_rate": 0.375, "out_of_bounds_rate": 0.0, "timeout_rate": 0.0, "policy_loss": -0.003106050193309784, "value_loss": 4.548080325126648, "entropy": 0.6185454428195953, "approx_kl": 0.014782738173380494, "clip_fraction": 0.13427734375, "grad_norm": 18.773915767669678, "explained_variance": 0.9111065864562988, "action_std_mean": 0.32973337173461914, "optimizer_iterations": 4.0, "lr": 9.164416e-05}
{"step": 421888, "wall_time": 1790740433.722744, "episodes_completed": 9.0, "mean_episode_reward": 7.110757331053416, "std_episode_reward": 13.135415985966459, "min_episode_reward": -10.593341827392578, "max_episode_reward": 34.26702880859375, "mean_episode_length": 74.88888888888889, "success_rate": 0.3333333333333333, "collision_rate": 0.5555555555555556, "out_of_bounds_rate": 0.0, "timeout_rate": 0.1111111111111111, "policy_loss": 0.0057069361209869385, "value_loss": 8.650019884109497, "entropy": 0.6186833679676056, "approx_kl": 0.02811437239870429, "clip_fraction": 0.1678466796875, "grad_norm": 20.977301597595215, "explained_variance": 0.7613956928253174, "action_std_mean": 0.3297428488731384, "optimizer_iterations": 4.0, "lr": 9.16032e-05}
{"step": 423936, "wall_time": 1790740441.4147213, "episodes_completed": 9.0, "mean_episode_reward": 23.73738055759006, "std_episode_reward": 10.34087480270972, "min_episode_reward": 12.069966316223145, "max_episode_reward": 46.14306640625, "mean_episode_length": 95.0, "success_rate": 0.8888888888888888, "collision_rate": 0.1111111111111111, "out_of_bounds_rate": 0.0, "timeout_rate": 0.0, "policy_loss": -0.00031802617013454437, "value_loss": 2.4864643216133118, "entropy": 0.6187007427215576, "approx_kl": 0.018740565981715918, "clip_fraction": 0.082763671875, "grad_norm": 7.806744813919067, "explained_variance": 0.8359313011169434, "action_std_mean": 0.32973381876945496, "optimizer_iterations": 4.0, "lr": 9.156224e-05}
{"step": 425984, "wall_time": 1790740449.0189214, "episodes_completed": 7.0, "mean_episode_reward": 20.98809358051845, "std_episode_reward": 23.820249148570845, "min_episode_reward": -9.204944610595703, "max_episode_reward": 52.74962615966797, "mean_episode_length": 105.42857142857143, "success_rate": 0.5714285714285714, "collision_rate": 0.42857142857142855, "out_of_bounds_rate": 0.0, "timeout_rate": 0.0, "policy_loss": 0.004069888382218778, "value_loss": 4.670977592468262, "entropy": 0.6186093986034393, "approx_kl": 0.015490419464185834, "clip_fraction": 0.154541015625, "grad_norm": 18.53053605556488, "explained_variance": 0.6937201023101807, "action_std_mean": 0.3297232389450073, "optimizer_iterations": 4.0, "lr": 9.152128000000001e-05}
{"step": 428032, "wall_time": 1790740456.5890338, "episodes_completed": 13.0, "mean_episode_reward": 12.984781632056603, "std_episode_reward": 15.749884597356708, "min_episode_reward": -9.978750228881836, "max_episode_reward": 43.340087890625, "mean_episode_length": 63.0, "success_rate": 0.6153846153846154, "collision_rate": 0.38461538461538464, "out_of_bounds_rate": 0.0, "timeout_rate": 0.0, "policy_loss": 0.0045829861192032695, "value_loss": 7.994630575180054, "entropy": 0.6185945570468903, "approx_kl": 0.018353921128436923, "clip_fraction": 0.1597900390625, "grad_norm": 21.2640438079834, "explained_variance": 0.7099584341049194, "action_std_mean": 0.3297305703163147, "optimizer_iterations": 4.0, "lr": 9.148032000000001e-05}
{"step": 430080, "wall_time": 1790740464.3153143, "episodes_completed": 7.0, "mean_episode_reward": 14.786251476832799, "std_episode_reward": 19.933516589911633, "min_episode_reward": -9.885080337524414, "max_episode_reward": 49.239471435546875, "mean_episode_length": 91.71428571428571, "success_rate": 0.7142857142857143, "collision_rate": 0.2857142857142857, "out_of_bounds_rate": 0.0, "timeout_rate": 0.0, "policy_loss": -0.0030268203699961305, "value_loss": 0.7299767881631851, "entropy": 0.6186572015285492, "approx_kl": 0.008472507004626095, "clip_fraction": 0.101806640625, "grad_norm": 6.8903409242630005, "explained_variance": 0.9765539765357971, "action_std_mean": 0.3297424018383026, "optimizer_iterations": 4.0, "lr": 9.143936e-05}
{"step": 432128, "wall_time": 1790740472.0556674, "episodes_completed": 12.0, "mean_episode_reward": 6.780035336812337, "std_episode_reward": 12.898698796672257, "min_episode_reward": -11.74782657623291, "max_episode_reward": 30.898033142089844, "mean_episode_length": 94.25, "success_rate": 0.4166666666666667, "collision_rate": 0.5833333333333334, "out_of_bounds_rate": 0.0, "timeout_rate": 0.0, "policy_loss": 0.005670081824064255, "value_loss": 11.501550436019897, "entropy": 0.6187120378017426, "approx_kl": 0.03380573890171945, "clip_fraction": 0.162841796875, "grad_norm": 27.520958185195923, "explained_variance": 0.7222779393196106, "action_std_mean": 0.32974451780319214, "optimizer_iterations": 4.0, "lr": 9.139840000000001e-05}
{"step": 434176, "wall_time": 1790740479.9043326, "episodes_completed": 12.0, "mean_episode_reward": 17.039159377415974, "std_episode_reward": 10.304120751178754, "min_episode_reward": -2.382187843322754, "max_episode_reward": 35.56273651123047, "mean_episode_length": 82.41666666666667, "success_rate": 0.75, "collision_rate": 0.25, "out_of_bounds_rate": 0.0, "timeout_rate": 0.0, "policy_loss": -0.0001525921979919076, "value_loss": 5.749659538269043, "entropy": 0.6187086999416351, "approx_kl": 0.008014672202989459, "clip_fraction": 0.0855712890625, "grad_norm": 29.478113889694214, "explained_variance": 0.8430769443511963, "action_std_mean": 0.3297434449195862, "optimizer_iterations": 4.0, "lr": 9.135744e-05}
{"step": 436224, "wall_time": 1790740487.7008255, "episodes_completed": 5.0, "mean_episode_reward": 18.582588577270506, "std_episode_reward": 19.976527696212234, "min_episode_reward": -9.517995834350586, "max_episode_reward": 51.89595031738281, "mean_episode_length": 139.6, "success_rate": 0.6, "collision_rate": 0.4, "out_of_bounds_rate": 0.0, "timeout_rate": 0.0, "policy_loss": -0.0008792022708803415, "value_loss": 2.311518132686615, "entropy": 0.6187144219875336, "approx_kl": 0.014060198329389095, "clip_fraction": 0.1229248046875, "grad_norm": 10.893555402755737, "explained_variance": 0.937740683555603, "action_std_mean": 0.3297564685344696, "optimizer_iterations": 4.0, "lr": 9.131648e-05}
{"step": 438272, "wall_time": 1790740495.3346179, "episodes_completed": 8.0, "mean_episode_reward": 15.812572676688433, "std_episode_reward": 19.902673917051022, "min_episode_reward": -10.056580543518066, "max_episode_reward": 44.105369567871094, "mean_episode_length": 120.875, "success_rate": 0.5, "collision_rate": 0.375, "out_of_bounds_rate": 0.0, "timeout_rate": 0.125, "policy_loss": 0.003834251780062914, "value_loss": 2.665329933166504, "entropy": 0.6188478767871857, "approx_kl": 0.014837554888799787, "clip_fraction": 0.137939453125, "grad_norm": 11.592215776443481, "explained_variance": 0.8946962356567383, "action_std_mean": 0.329780250787735, "optimizer_iterations": 4.0, "lr": 9.127552e-05}
{"step": 440320, "wall_time": 1790740502.872078, "episodes_completed": 7.0, "mean_episode_reward": 9.56286334991455, "std_episode_reward": 17.68692371843297, "min_episode_reward": -9.853982925415039, "max_episode_reward": 45.40713882446289, "mean_episode_length": 116.42857142857143, "success_rate": 0.42857142857142855, "collision_rate": 0.5714285714285714, "out_of_bounds_rate": 0.0, "timeout_rate": 0.0, "policy_loss": 0.004906381946057081, "value_loss": 6.656314730644226, "entropy": 0.6189657747745514, "approx_kl": 0.012930586410220712, "clip_fraction": 0.0997314453125, "grad_norm": 16.11412000656128, "explained_variance": 0.7729132771492004, "action_std_mean": 0.3297949731349945, "optimizer_iterations": 4.0, "lr": 9.123456e-05}
{"step": 442368, "wall_time": 1790740510.3890045, "episodes_completed": 9.0, "mean_episode_reward": 13.283814006381565, "std_episode_reward": 15.47578010979333, "min_episode_reward": -5.192539215087891, "max_episode_reward": 46.27305603027344, "mean_episode_length": 67.22222222222223, "success_rate": 0.6666666666666666, "collision_rate": 0.3333333333333333, "out_of_bounds_rate": 0.0, "timeout_rate": 0.0, "policy_loss": 0.0013894359581172466, "value_loss": 3.2585219740867615, "entropy": 0.6190542578697205, "approx_kl": 0.00902439234778285, "clip_fraction": 0.0731201171875, "grad_norm": 26.691035509109497, "explained_variance": 0.9038936495780945, "action_std_mean": 0.3298124670982361, "optimizer_iterations": 4.0, "lr": 9.119360000000001e-05}
{"step": 444416, "wall_time": 1790740517.9839957, "episodes_completed": 10.0, "mean_episode_reward": 17.763563442230225, "std_episode_reward": 20.92451739190574, "min_episode_reward": -5.582555770874023, "max_episode_reward": 48.822166442871094, "mean_episode_length": 121.4, "success_rate": 0.6, "collision_rate": 0.4, "out_of_bounds_rate": 0.0, "timeout_rate": 0.0, "policy_loss": -0.0010554831242188811, "value_loss": 5.70561945438385, "entropy": 0.6191636025905609, "approx_kl": 0.011451943661086261, "clip_fraction": 0.0880126953125, "grad_norm": 25.834856748580933, "explained_variance": 0.8751288652420044, "action_std_mean": 0.3298269212245941, "optimizer_iterations": 4.0, "lr": 9.115264e-05}
{"step": 446464, "wall_time": 1790740525.6408184, "episodes_completed": 7.0, "mean_episode_reward": 8.665165764944893, "std_episode_reward": 19.39010734824014, "min_episode_reward": -9.675682067871094, "max_episode_reward": 48.914825439453125, "mean_episode_length": 102.14285714285714, "success_rate": 0.14285714285714285, "collision_rate": 0.8571428571428571, "out_of_bounds_rate": 0.0, "timeout_rate": 0.0, "policy_loss": 0.0034964174265041947, "value_loss": 8.773352146148682, "entropy": 0.6192440986633301, "approx_kl": 0.0067789769964292645, "clip_fraction": 0.0750732421875, "grad_norm": 26.39041233062744, "explained_variance": 0.8245176076889038, "action_std_mean": 0.3298465609550476, "optimizer_iterations": 4.0, "lr": 9.111168000000001e-05}
{"step": 448512, "wall_time": 1790740533.337932, "episodes_completed": 3.0, "mean_episode_reward": 20.147318522135418, "std_episode_reward": 4.772754907135587, "min_episode_reward": 16.15603256225586, "max_episode_reward": 26.85687828063965, "mean_episode_length": 106.66666666666667, "success_rate": 1.0, "collision_rate": 0.0, "out_of_bounds_rate": 0.0, "timeout_rate": 0.0, "policy_loss": 0.006351720541715622, "value_loss": 1.8583481311798096, "entropy": 0.6194029152393341, "approx_kl": 0.013345671584829688, "clip_fraction": 0.1329345703125, "grad_norm": 17.363303899765015, "explained_variance": 0.9662267565727234, "action_std_mean": 0.32987505197525024, "optimizer_iterations": 4.0, "lr": 9.107072e-05}
{"step": 450560, "wall_time": 1790740540.9129517, "episodes_completed": 7.0, "mean_episode_reward": 7.290807996477399, "std_episode_reward": 16.57130393222981, "min_episode_reward": -10.019662857055664, "max_episode_reward": 42.50636291503906, "mean_episode_length": 69.85714285714286, "success_rate": 0.42857142857142855, "collision_rate": 0.5714285714285714, "out_of_bounds_rate": 0.0, "timeout_rate": 0.0, "policy_loss": 0.0018778862431645393, "value_loss": 6.599981665611267, "entropy": 0.6195467710494995, "approx_kl": 0.012499343138188124, "clip_fraction": 0.1085205078125, "grad_norm": 23.317229747772217, "explained_variance": 0.8457750678062439, "action_std_mean": 0.32988598942756653, "optimizer_iterations": 4.0, "lr": 9.102976000000001e-05}
{"step": 452608, "wall_time": 1790740548.239229, "episodes_completed": 11.0, "mean_episode_reward": 13.701856429603966, "std_episode_reward": 14.853088931126528, "min_episode_reward": -10.066980361938477, "max_episode_reward": 37.494956970214844, "mean_episode_length": 66.54545454545455, "success_rate": 0.6363636363636364, "collision_rate": 0.2727272727272727, "out_of_bounds_rate": 0.0, "timeout_rate": 0.09090909090909091, "policy_loss": -0.0009912815876305103, "value_loss": 4.434675455093384, "entropy": 0.6195685267448425, "approx_kl": 0.01357332628685981, "clip_fraction": 0.1258544921875, "grad_norm": 13.502611517906189, "explained_variance": 0.8742866516113281, "action_std_mean": 0.329880952835083, "optimizer_iterations": 4.0, "lr": 9.09888e-05}
{"step": 454656, "wall_time": 1790740555.486042, "episodes_completed": 5.0, "mean_episode_reward": 3.1151021003723143, "std_episode_reward": 13.056073298721202, "min_episode_reward": -9.973403930664062, "max_episode_reward": 25.343955993652344, "mean_episode_length": 33.0, "success_rate": 0.4, "collision_rate": 0.6, "out_of_bounds_rate": 0.0, "timeout_rate": 0.0, "policy_loss": 0.008282479597255588, "value_loss": 3.457928955554962, "entropy": 0.6195316910743713, "approx_kl": 0.01620550057850778, "clip_fraction": 0.137939453125, "grad_norm": 25.640050172805786, "explained_variance": 0.9214231967926025, "action_std_mean": 0.32988131046295166, "optimizer_iterations": 4.0, "lr": 9.094784e-05}
{"step": 456704, "wall_time": 1790740562.7754018, "episodes_completed": 9.0, "mean_episode_reward": 14.290784203343922, "std_episode_reward": 18.09934060365571, "min_episode_reward": -9.884288787841797, "max_episode_reward": 41.21204376220703, "mean_episode_length": 92.44444444444444, "success_rate": 0.5555555555555556, "collision_rate": 0.3333333333333333, "out_of_bounds_rate": 0.0, "timeout_rate": 0.1111111111111111, "policy_loss": 0.0006640267092734575, "value_loss": 4.108646512031555, "entropy": 0.6195772588253021, "approx_kl": 0.010048025636933744, "clip_fraction": 0.1153564453125, "grad_norm": 21.02213406562805, "explained_variance": 0.9054040312767029, "action_std_mean": 0.32989752292633057, "optimizer_iterations": 4.0, "lr": 9.090688000000001e-05}
{"step": 458752, "wall_time": 1790740570.0006638, "episodes_completed": 2.0, "mean_episode_reward": 13.278765678405762, "std_episode_reward": 23.869332313537598, "min_episode_reward": -10.590566635131836, "max_episode_reward": 37.14809799194336, "mean_episode_length": 126.5, "success_rate": 0.5, "collision_rate": 0.5, "out_of_bounds_rate": 0.0, "timeout_rate": 0.0, "policy_loss": -0.0005715363658964634, "value_loss": 1.2965831756591797, "entropy": 0.6196867227554321, "approx_kl": 0.01292798126814887, "clip_fraction": 0.1119384765625, "grad_norm": 15.767539978027344, "explained_variance": 0.9774709343910217, "action_std_mean": 0.32991161942481995, "optimizer_iterations": 4.0, "lr": 9.086592e-05}
{"step": 460800, "wall_time": 1790740577.3256333, "episodes_completed": 8.0, "mean_episode_reward": 16.339187622070312, "std_episode_reward": 23.880627910150054, "min_episode_reward": -11.233526229858398, "max_episode_reward": 51.30552673339844, "mean_episode_length": 125.625, "success_rate": 0.625, "collision_rate": 0.375, "out_of_bounds_rate": 0.0, "timeout_rate": 0.0, "policy_loss": 0.0046287961304187775, "value_loss": 2.030532419681549, "entropy": 0.6197698712348938, "approx_kl": 0.01908244239166379, "clip_fraction": 0.1470947265625, "grad_norm": 13.197732925415039, "explained_variance": 0.9573525786399841, "action_std_mean": 0.32994234561920166, "optimizer_iterations": 4.0, "lr": 9.082496000000001e-05}
{"step": 462848, "wall_time": 1790740584.54201, "episodes_completed": 9.0, "mean_episode_reward": 20.529338041941326, "std_episode_reward": 21.769611456341362, "min_episode_reward": -7.471770763397217, "max_episode_reward": 46.93227767944336, "mean_episode_length": 107.77777777777777, "success_rate": 0.6666666666666666, "collision_rate": 0.3333333333333333, "out_of_bounds_rate": 0.0, "timeout_rate": 0.0, "policy_loss": -0.0003931757528334856, "value_loss": 5.554932594299316, "entropy": 0.6200084388256073, "approx_kl": 0.005639178678393364, "clip_fraction": 0.0531005859375, "grad_norm": 19.458603620529175, "explained_variance": 0.844393253326416, "action_std_mean": 0.32998448610305786, "optimizer_iterations": 4.0, "lr": 9.0784e-05}
{"step": 464896, "wall_time": 1790740591.642254, "episodes_completed": 7.0, "mean_episode_reward": 8.570178849356514, "std_episode_reward": 18.337400813438748, "min_episode_reward": -10.47592544555664, "max_episode_reward": 39.24211120605469, "mean_episode_length": 73.28571428571429, "success_rate": 0.42857142857142855, "collision_rate": 0.5714285714285714, "out_of_bounds_rate": 0.0, "timeout_rate": 0.0, "policy_loss": 0.003179938066750765, "value_loss": 10.158995151519775, "entropy": 0.6202446818351746, "approx_kl": 0.01888364367187023, "clip_fraction": 0.1612548828125, "grad_norm": 39.76885533332825, "explained_variance": 0.8030434250831604, "action_std_mean": 0.33001255989074707, "optimizer_iterations": 4.0, "lr": 9.074304e-05}
{"step": 466944, "wall_time": 1790740598.8054647, "episodes_completed": 5.0, "mean_episode_reward": 22.074006271362304, "std_episode_reward": 25.7032235438548, "min_episode_reward": -10.00575065612793, "max_episode_reward": 59.12843704223633, "mean_episode_length": 122.0, "success_rate": 0.6, "collision_rate": 0.4, "out_of_bounds_rate": 0.0, "timeout_rate": 0.0, "policy_loss": 0.00799880363047123, "value_loss": 1.8143092095851898, "entropy": 0.6203958094120026, "approx_kl": 0.024851501686498523, "clip_fraction": 0.14501953125, "grad_norm": 15.536118984222412, "explained_variance": 0.9491709470748901, "action_std_mean": 0.33004480600357056, "optimizer_iterations": 4.0, "lr": 9.070208e-05}
{"step": 468992, "wall_time": 1790740606.0366871, "episodes_completed": 6.0, "mean_episode_reward": 15.347896099090576, "std_episode_reward": 8.22838696078905, "min_episode_reward": -0.9321365356445312, "max_episode_reward": 21.336881637573242, "mean_episode_length": 86.5, "success_rate": 0.8333333333333334, "collision_rate": 0.16666666666666666, "out_of_bounds_rate": 0.0, "timeout_rate": 0.0, "policy_loss": 0.0011119355913251638, "value_loss": 3.052209973335266, "entropy": 0.6206151843070984, "approx_kl": 0.014718337450176477, "clip_fraction": 0.128173828125, "grad_norm": 15.850271105766296, "explained_variance": 0.936120331287384, "action_std_mean": 0.3300713896751404, "optimizer_iterations": 4.0, "lr": 9.066112e-05}
{"step": 471040, "wall_time": 1790740613.2374866, "episodes_completed": 14.0, "mean_episode_reward": 11.21066781452724, "std_episode_reward": 16.014362506033905, "min_episode_reward": -10.855323791503906, "max_episode_reward": 41.45201110839844, "mean_episode_length": 90.28571428571429, "success_rate": 0.5, "collision_rate": 0.5, "out_of_bounds_rate": 0.0, "timeout_rate": 0.0, "policy_loss": 0.001927015371620655, "value_loss": 8.578247547149658, "entropy": 0.6207354664802551, "approx_kl": 0.013545541325584054, "clip_fraction": 0.1334228515625, "grad_norm": 22.038997650146484, "explained_variance": 0.807186484336853, "action_std_mean": 0.3300861716270447, "optimizer_iterations": 4.0, "lr": 9.062016e-05}
{"step": 473088, "wall_time": 1790740620.3859913, "episodes_completed": 8.0, "mean_episode_reward": 28.701233625411987, "std_episode_reward": 19.372545697777454, "min_episode_reward": -7.838810920715332, "max_episode_reward": 55.86380386352539, "mean_episode_length": 138.75, "success_rate": 0.75, "collision_rate": 0.25, "out_of_bounds_rate": 0.0, "timeout_rate": 0.0, "policy_loss": 0.00029013492166996, "value_loss": 6.709040641784668, "entropy": 0.6208151578903198, "approx_kl": 0.011221231310628355, "clip_fraction": 0.101318359375, "grad_norm": 44.73831343650818, "explained_variance": 0.7114787101745605, "action_std_mean": 0.33009403944015503, "optimizer_iterations": 4.0, "lr": 9.05792e-05}
{"step": 475136, "wall_time": 1790740627.6790633, "episodes_completed": 8.0, "mean_episode_reward": 10.76572185754776, "std_episode_reward": 17.270624225658928, "min_episode_reward": -10.10972785949707, "max_episode_reward": 35.906005859375, "mean_episode_length": 74.25, "success_rate": 0.5, "collision_rate": 0.5, "out_of_bounds_rate": 0.0, "timeout_rate": 0.0, "policy_loss": 5.139817949384451e-05, "value_loss": 5.2699315547943115, "entropy": 0.6208511888980865, "approx_kl": 0.03126656380482018, "clip_fraction": 0.1878662109375, "grad_norm": 32.71737360954285, "explained_variance": 0.8752222657203674, "action_std_mean": 0.33010488748550415, "optimizer_iterations": 4.0, "lr": 9.053824000000001e-05}
{"step": 477184, "wall_time": 1790740634.942304, "episodes_completed": 9.0, "mean_episode_reward": 12.510670979817709, "std_episode_reward": 17.01207350374716, "min_episode_reward": -10.040392875671387, "max_episode_reward": 33.91022491455078, "mean_episode_length": 55.888888888888886, "success_rate": 0.6666666666666666, "collision_rate": 0.3333333333333333, "out_of_bounds_rate": 0.0, "timeout_rate": 0.0, "policy_loss": -0.0024879612028598785, "value_loss": 1.4959608912467957, "entropy": 0.6209370791912079, "approx_kl": 0.0058322446420788765, "clip_fraction": 0.042724609375, "grad_norm": 18.527936458587646, "explained_variance": 0.9773544073104858, "action_std_mean": 0.33011308312416077, "optimizer_iterations": 4.0, "lr": 9.049728e-05}
{"step": 479232, "wall_time": 1790740642.2032487, "episodes_completed": 4.0, "mean_episode_reward": 27.286333799362183, "std_episode_reward": 24.05771876060027, "min_episode_reward": -9.9957857131958, "max_episode_reward": 53.868751525878906, "mean_episode_length": 123.75, "success_rate": 0.75, "collision_rate": 0.25, "out_of_bounds_rate": 0.0, "timeout_rate": 0.0, "policy_loss": -0.001280217431485653, "value_loss": 0.4968268945813179, "entropy": 0.6209682822227478, "approx_kl": 0.010172264010179788, "clip_fraction": 0.05908203125, "grad_norm": 6.303002238273621, "explained_variance": 0.9915833473205566, "action_std_mean": 0.33012300729751587, "optimizer_iterations": 4.0, "lr": 9.045632000000001e-05}
{"step": 481280, "wall_time": 1790740649.3937182, "episodes_completed": 3.0, "mean_episode_reward": 23.800636291503906, "std_episode_reward": 9.555390640344939, "min_episode_reward": 11.759559631347656, "max_episode_reward": 35.13319778442383, "mean_episode_length": 95.0, "success_rate": 1.0, "collision_rate": 0.0, "out_of_bounds_rate": 0.0, "timeout_rate": 0.0, "policy_loss": 0.0034893080592155457, "value_loss": 0.5468590259552002, "entropy": 0.6210269331932068, "approx_kl": 0.04581876611337066, "clip_fraction": 0.0987548828125, "grad_norm": 13.230743527412415, "explained_variance": 0.9885463714599609, "action_std_mean": 0.3301178812980652, "optimizer_iterations": 4.0, "lr": 9.041536e-05}
{"step": 483328, "wall_time": 1790740656.6550424, "episodes_completed": 9.0, "mean_episode_reward": 9.940507994757759, "std_episode_reward": 19.553332680073726, "min_episode_reward": -9.946477890014648, "max_episode_reward": 40.31218338012695, "mean_episode_length": 75.44444444444444, "success_rate": 0.5555555555555556, "collision_rate": 0.4444444444444444, "out_of_bounds_rate": 0.0, "timeout_rate": 0.0, "policy_loss": 0.006416267715394497, "value_loss": 1.989983469247818, "entropy": 0.6209391057491302, "approx_kl": 0.024883947568014264, "clip_fraction": 0.0804443359375, "grad_norm": 21.103742480278015, "explained_variance": 0.963103175163269, "action_std_mean": 0.33009588718414307, "optimizer_iterations": 4.0, "lr": 9.03744e-05}
{"step": 485376, "wall_time": 1790740663.8240623, "episodes_completed": 6.0, "mean_episode_reward": 6.433594624201457, "std_episode_reward": 19.80947553614845, "min_episode_reward": -9.987181663513184, "max_episode_reward": 39.51847839355469, "mean_episode_length": 93.83333333333333, "success_rate": 0.3333333333333333, "collision_rate": 0.6666666666666666, "out_of_bounds_rate": 0.0, "timeout_rate": 0.0, "policy_loss": 0.004353922646259889, "value_loss": 4.131277322769165, "entropy": 0.6208027005195618, "approx_kl": 0.02784743020310998, "clip_fraction": 0.181640625, "grad_norm": 19.616259574890137, "explained_variance": 0.9192553758621216, "action_std_mean": 0.3300749957561493, "optimizer_iterations": 4.0, "lr": 9.033344000000001e-05}
{"step": 487424, "wall_time": 1790740670.9056954, "episodes_completed": 6.0, "mean_episode_reward": 19.306161403656006, "std_episode_reward": 17.650114887203337, "min_episode_reward": -1.9660167694091797, "max_episode_reward": 43.795536041259766, "mean_episode_length": 108.0, "success_rate": 0.6666666666666666, "collision_rate": 0.3333333333333333, "out_of_bounds_rate": 0.0, "timeout_rate": 0.0, "policy_loss": -0.0003415441606193781, "value_loss": 2.4249285459518433, "entropy": 0.6206976771354675, "approx_kl": 0.010505670215934515, "clip_fraction": 0.1170654296875, "grad_norm": 27.49276089668274, "explained_variance": 0.9402791261672974, "action_std_mean": 0.3300575613975525, "optimizer_iterations": 4.0, "lr": 9.029248e-05}
{"step": 489472, "wall_time": 1790740678.1951525, "episodes_completed": 4.0, "mean_episode_reward": 38.6184139251709, "std_episode_reward": 10.758635754949783, "min_episode_reward": 22.942859649658203, "max_episode_reward": 53.17986297607422, "mean_episode_length": 177.0, "success_rate": 1.0, "collision_rate": 0.0, "out_of_bounds_rate": 0.0, "timeout_rate": 0.0, "policy_loss": -0.0027758260257542133, "value_loss": 0.9968827813863754, "entropy": 0.6205950379371643, "approx_kl": 0.009402839466929436, "clip_fraction": 0.1044921875, "grad_norm": 7.560863137245178, "explained_variance": 0.9710323810577393, "action_std_mean": 0.33004093170166016, "optimizer_iterations": 4.0, "lr": 9.025152e-05}
{"step": 491520, "wall_time": 1790740685.4551785, "episodes_completed": 11.0, "mean_episode_reward": 21.14741651578383, "std_episode_reward": 14.677035790671706, "min_episode_reward": -2.6738924980163574, "max_episode_reward": 50.622314453125, "mean_episode_length": 113.0, "success_rate": 0.7272727272727273, "collision_rate": 0.18181818181818182, "out_of_bounds_rate": 0.0, "timeout_rate": 0.09090909090909091, "policy_loss": 0.007202057167887688, "value_loss": 3.011541962623596, "entropy": 0.6204756796360016, "approx_kl": 0.03185475058853626, "clip_fraction": 0.19580078125, "grad_norm": 17.11974823474884, "explained_variance": 0.9253538250923157, "action_std_mean": 0.33001506328582764, "optimizer_iterations": 4.0, "lr": 9.021056e-05}
{"step": 493568, "wall_time": 1790740692.7385225, "episodes_completed": 7.0, "mean_episode_reward": 27.321043014526367, "std_episode_reward": 19.41419606696503, "min_episode_reward": -12.565197944641113, "max_episode_reward": 45.89146423339844, "mean_episode_length": 119.14285714285714, "success_rate": 0.8571428571428571, "collision_rate": 0.14285714285714285, "out_of_bounds_rate": 0.0, "timeout_rate": 0.0, "policy_loss": -0.0002872161567211151, "value_loss": 2.8224939703941345, "entropy": 0.6203230917453766, "approx_kl": 0.01596659398637712, "clip_fraction": 0.1126708984375, "grad_norm": 17.064890146255493, "explained_variance": 0.9103585481643677, "action_std_mean": 0.32999885082244873, "optimizer_iterations": 4.0, "lr": 9.016960000000001e-05}
{"step": 495616, "wall_time": 1790740700.0228806, "episodes_completed": 4.0, "mean_episode_reward": 15.75027322769165, "std_episode_reward": 27.169912756264335, "min_episode_reward": -9.169841766357422, "max_episode_reward": 57.1553840637207, "mean_episode_length": 102.0, "success_rate": 0.5, "collision_rate": 0.5, "out_of_bounds_rate": 0.0, "timeout_rate": 0.0, "policy_loss": 0.0013216491788625717, "value_loss": 3.617688477039337, "entropy": 0.6202616989612579, "approx_kl": 0.023883904796093702, "clip_fraction": 0.1199951171875, "grad_norm": 26.761221885681152, "explained_variance": 0.9232332110404968, "action_std_mean": 0.32999637722969055, "optimizer_iterations": 4.0, "lr": 9.012864e-05}
{"step": 497664, "wall_time": 1790740707.2151518, "episodes_completed": 7.0, "mean_episode_reward": 23.765352930341447, "std_episode_reward": 17.170225852264856, "min_episode_reward": -10.373269081115723, "max_episode_reward": 42.11908721923828, "mean_episode_length": 118.0, "success_rate": 0.8571428571428571, "collision_rate": 0.14285714285714285, "out_of_bounds_rate": 0.0, "timeout_rate": 0.0, "policy_loss": 0.011922183446586132, "value_loss": 2.834869921207428, "entropy": 0.620236724615097, "approx_kl": 0.024149529170244932, "clip_fraction": 0.184326171875, "grad_norm": 15.538547277450562, "explained_variance": 0.9361578226089478, "action_std_mean": 0.3299877643585205, "optimizer_iterations": 4.0, "lr": 9.008768000000001e-05}
{"step": 499712, "wall_time": 1790740714.434553, "episodes_completed": 3.0, "mean_episode_reward": 11.649402926365534, "std_episode_reward": 18.675232480354396, "min_episode_reward": -3.0260372161865234, "max_episode_reward": 38.00343322753906, "mean_episode_length": 95.66666666666667, "success_rate": 0.3333333333333333, "collision_rate": 0.3333333333333333, "out_of_bounds_rate": 0.0, "timeout_rate": 0.3333333333333333, "policy_loss": 0.0002947784960269928, "value_loss": 1.8296186327934265, "entropy": 0.6201639175415039, "approx_kl": 0.013550361967645586, "clip_fraction": 0.144775390625, "grad_norm": 14.813310742378235, "explained_variance": 0.9716371893882751, "action_std_mean": 0.3299722969532013, "optimizer_iterations": 4.0, "lr": 9.004672000000001e-05}
{"step": 501760, "wall_time": 1790740721.588073, "episodes_completed": 4.0, "mean_episode_reward": 24.306490778923035, "std_episode_reward": 23.234248792320766, "min_episode_reward": -6.406976222991943, "max_episode_reward": 50.56345748901367, "mean_episode_length": 124.75, "success_rate": 0.75, "collision_rate": 0.25, "out_of_bounds_rate": 0.0, "timeout_rate": 0.0, "policy_loss": -0.004680014215409756, "value_loss": 2.5871607065200806, "entropy": 0.6200876832008362, "approx_kl": 0.0072450286243110895, "clip_fraction": 0.07666015625, "grad_norm": 16.08985924720764, "explained_variance": 0.9407495260238647, "action_std_mean": 0.3299652934074402, "optimizer_iterations": 4.0, "lr": 9.000576e-05}
{"step": 503808, "wall_time": 1790740728.9658163, "episodes_completed": 8.0, "mean_episode_reward": 11.047058403491974, "std_episode_reward": 11.572937973303674, "min_episode_reward": -9.027453422546387, "max_episode_reward": 26.568622589111328, "mean_episode_length": 54.875, "success_rate": 0.75, "collision_rate": 0.25, "out_of_bounds_rate": 0.0, "timeout_rate": 0.0, "policy_loss": 0.0009632771834731102, "value_loss": 3.283918797969818, "entropy": 0.6200271844863892, "approx_kl": 0.009176623076200485, "clip_fraction": 0.099853515625, "grad_norm": 16.25324034690857, "explained_variance": 0.9208043217658997, "action_std_mean": 0.32994958758354187, "optimizer_iterations": 4.0, "lr": 8.996480000000001e-05}
{"step": 505856, "wall_time": 1790740736.1796992, "episodes_completed": 9.0, "mean_episode_reward": -0.3762189944585164, "std_episode_reward": 12.078272306332222, "min_episode_reward": -10.011610984802246, "max_episode_reward": 28.505481719970703, "mean_episode_length": 77.55555555555556, "success_rate": 0.1111111111111111, "collision_rate": 0.6666666666666666, "out_of_bounds_rate": 0.0, "timeout_rate": 0.2222222222222222, "policy_loss": 0.0016220761463046074, "value_loss": 4.413225531578064, "entropy": 0.6199480593204498, "approx_kl": 0.011960451607592404, "clip_fraction": 0.103759765625, "grad_norm": 18.197636604309082, "explained_variance": 0.9076185822486877, "action_std_mean": 0.32994791865348816, "optimizer_iterations": 4.0, "lr": 8.992384e-05}
{"step": 507904, "wall_time": 1790740743.3197336, "episodes_completed": 11.0, "mean_episode_reward": 13.505571538751775, "std_episode_reward": 19.184043648046288, "min_episode_reward": -11.391129493713379, "max_episode_reward": 47.18509292602539, "mean_episode_length": 71.9090909090909, "success_rate": 0.6363636363636364, "collision_rate": 0.36363636363636365, "out_of_bounds_rate": 0.0, "timeout_rate": 0.0, "policy_loss": 0.00757285300642252, "value_loss": 5.265715718269348, "entropy": 0.6200161278247833, "approx_kl": 0.014167389366775751, "clip_fraction": 0.1278076171875, "grad_norm": 13.962159156799316, "explained_variance": 0.8999454975128174, "action_std_mean": 0.3299846351146698, "optimizer_iterations": 4.0, "lr": 8.988288e-05}
{"step": 509952, "wall_time": 1790740750.592602, "episodes_completed": 4.0, "mean_episode_reward": 18.15964186191559, "std_episode_reward": 24.905754672604164, "min_episode_reward": -9.990129470825195, "max_episode_reward": 46.947906494140625, "mean_episode_length": 105.25, "success_rate": 0.5, "collision_rate": 0.5, "out_of_bounds_rate": 0.0, "timeout_rate": 0.0, "policy_loss": 0.0004182306583970785, "value_loss": 3.490660846233368, "entropy": 0.6203033030033112, "approx_kl": 0.021821331698447466, "clip_fraction": 0.234130859375, "grad_norm": 14.775779724121094, "explained_variance": 0.9321457147598267, "action_std_mean": 0.33003318309783936, "optimizer_iterations": 4.0, "lr": 8.984192e-05}
{"step": 512000, "wall_time": 1790740757.7371957, "episodes_completed": 6.0, "mean_episode_reward": 23.81838321685791, "std_episode_reward": 19.661783004786287, "min_episode_reward": -10.033140182495117, "max_episode_reward": 50.34254455566406, "mean_episode_length": 154.0, "success_rate": 0.5, "collision_rate": 0.5, "out_of_bounds_rate": 0.0, "timeout_rate": 0.0, "policy_loss": 0.0063359709456563, "value_loss": 4.100865721702576, "entropy": 0.620554506778717, "approx_kl": 0.015295736258849502, "clip_fraction": 0.1527099609375, "grad_norm": 28.120782375335693, "explained_variance": 0.918207585811615, "action_std_mean": 0.3300686478614807, "optimizer_iterations": 4.0, "lr": 8.980096e-05}
{"step": 514048, "wall_time": 1790740764.9139147, "episodes_completed": 6.0, "mean_episode_reward": 6.34609587987264, "std_episode_reward": 11.060978908687334, "min_episode_reward": -10.895373344421387, "max_episode_reward": 25.75198745727539, "mean_episode_length": 79.83333333333333, "success_rate": 0.3333333333333333, "collision_rate": 0.6666666666666666, "out_of_bounds_rate": 0.0, "timeout_rate": 0.0, "policy_loss": 0.0076977715361863375, "value_loss": 7.019571900367737, "entropy": 0.6207525730133057, "approx_kl": 0.022992486599832773, "clip_fraction": 0.180908203125, "grad_norm": 25.98647117614746, "explained_variance": 0.8548598289489746, "action_std_mean": 0.33009660243988037, "optimizer_iterations": 4.0, "lr": 8.976e-05}
{"step": 516096, "wall_time": 1790740772.0651968, "episodes_completed": 5.0, "mean_episode_reward": 31.865013885498048, "std_episode_reward": 9.040218018823714, "min_episode_reward": 23.02084732055664, "max_episode_reward": 46.855018615722656, "mean_episode_length": 117.6, "success_rate": 1.0, "collision_rate": 0.0, "out_of_bounds_rate": 0.0, "timeout_rate": 0.0, "policy_loss": -0.00029336148872971535, "value_loss": 0.8787449449300766, "entropy": 0.620903491973877, "approx_kl": 0.023171953158453107, "clip_fraction": 0.091064453125, "grad_norm": 9.393934726715088, "explained_variance": 0.9701240658760071, "action_std_mean": 0.3301151692867279, "optimizer_iterations": 4.0, "lr": 8.971904e-05}
{"step": 518144, "wall_time": 1790740779.3832479, "episodes_completed": 5.0, "mean_episode_reward": 3.5576838850975037, "std_episode_reward": 17.80864424513664, "min_episode_reward": -10.139485359191895, "max_episode_reward": 38.02779769897461, "mean_episode_length": 99.0, "success_rate": 0.2, "collision_rate": 0.6, "out_of_bounds_rate": 0.0, "timeout_rate": 0.2, "policy_loss": -0.00010683044092729688, "value_loss": 3.5083054900169373, "entropy": 0.6209688782691956, "approx_kl": 0.026081867166794837, "clip_fraction": 0.185546875, "grad_norm": 19.481749653816223, "explained_variance": 0.8414644598960876, "action_std_mean": 0.33011600375175476, "optimizer_iterations": 4.0, "lr": 8.967808000000001e-05}
{"step": 520192, "wall_time": 1790740786.6100106, "episodes_completed": 6.0, "mean_episode_reward": 5.055328333129485, "std_episode_reward": 12.845556549661056, "min_episode_reward": -10.584392547607422, "max_episode_reward": 23.520944595336914, "mean_episode_length": 105.83333333333333, "success_rate": 0.5, "collision_rate": 0.3333333333333333, "out_of_bounds_rate": 0.0, "timeout_rate": 0.16666666666666666, "policy_loss": 0.001735821831971407, "value_loss": 1.968091607093811, "entropy": 0.6209567785263062, "approx_kl": 0.012100838124752045, "clip_fraction": 0.1295166015625, "grad_norm": 11.381083250045776, "explained_variance": 0.9443471431732178, "action_std_mean": 0.3301113545894623, "optimizer_iterations": 4.0, "lr": 8.963712e-05}
{"step": 522240, "wall_time": 1790740793.8683164, "episodes_completed": 7.0, "mean_episode_reward": 20.662813459123885, "std_episode_reward": 9.677879261402921, "min_episode_reward": 3.6939010620117188, "max_episode_reward": 33.02495193481445, "mean_episode_length": 115.71428571428571, "success_rate": 0.7142857142857143, "collision_rate": 0.2857142857142857, "out_of_bounds_rate": 0.0, "timeout_rate": 0.0, "policy_loss": 0.005632197484374046, "value_loss": 4.886587977409363, "entropy": 0.6209394037723541, "approx_kl": 0.025017692474648356, "clip_fraction": 0.1126708984375, "grad_norm": 15.576162099838257, "explained_variance": 0.8374905586242676, "action_std_mean": 0.33011776208877563, "optimizer_iterations": 4.0, "lr": 8.959616000000001e-05}
{"step": 524288, "wall_time": 1790740801.0922544, "episodes_completed": 4.0, "mean_episode_reward": 4.327988386154175, "std_episode_reward": 16.877111591610184, "min_episode_reward": -9.887325286865234, "max_episode_reward": 31.460182189941406, "mean_episode_length": 69.75, "success_rate": 0.25, "collision_rate": 0.75, "out_of_bounds_rate": 0.0, "timeout_rate": 0.0, "policy_loss": 0.0061118146404623985, "value_loss": 2.727121114730835, "entropy": 0.6209861934185028, "approx_kl": 0.021291603334248066, "clip_fraction": 0.1309814453125, "grad_norm": 20.80316424369812, "explained_variance": 0.9203695058822632, "action_std_mean": 0.3301163613796234, "optimizer_iterations": 4.0, "lr": 8.95552e-05}
{"step": 526336, "wall_time": 1790740808.3089504, "episodes_completed": 6.0, "mean_episode_reward": 10.582348823547363, "std_episode_reward": 9.648373218504155, "min_episode_reward": -10.321308135986328, "max_episode_reward": 18.052644729614258, "mean_episode_length": 64.16666666666667, "success_rate": 0.6666666666666666, "collision_rate": 0.3333333333333333, "out_of_bounds_rate": 0.0, "timeout_rate": 0.0, "policy_loss": -0.0031323281582444906, "value_loss": 2.802221953868866, "entropy": 0.6209405958652496, "approx_kl": 0.006483867473434657, "clip_fraction": 0.07568359375, "grad_norm": 11.386010527610779, "explained_variance": 0.9406165480613708, "action_std_mean": 0.3301125168800354, "optimizer_iterations": 4.0, "lr": 8.951424e-05}
{"step": 528384, "wall_time": 1790740815.5107338, "episodes_completed": 4.0, "mean_episode_reward": 5.58299332857132, "std_episode_reward": 15.361891224567467, "min_episode_reward": -9.869135856628418, "max_episode_reward": 31.132802963256836, "mean_episode_length": 84.0, "success_rate": 0.25, "collision_rate": 0.5, "out_of_bounds_rate": 0.0, "timeout_rate": 0.25, "policy_loss": 0.0059432946145534515, "value_loss": 1.8273157179355621, "entropy": 0.6209250092506409, "approx_kl": 0.02408535312861204, "clip_fraction": 0.17529296875, "grad_norm": 12.369754076004028, "explained_variance": 0.9601912498474121, "action_std_mean": 0.3301069736480713, "optimizer_iterations": 4.0, "lr": 8.947328000000001e-05}
{"step": 530432, "wall_time": 1790740822.6822553, "episodes_completed": 7.0, "mean_episode_reward": 14.607782908848353, "std_episode_reward": 10.103462661690203, "min_episode_reward": -6.0089616775512695, "max_episode_reward": 25.34502601623535, "mean_episode_length": 80.0, "success_rate": 0.8571428571428571, "collision_rate": 0.14285714285714285, "out_of_bounds_rate": 0.0, "timeout_rate": 0.0, "policy_loss": -0.001118377549573779, "value_loss": 3.401017665863037, "entropy": 0.6208890378475189, "approx_kl": 0.013737873639911413, "clip_fraction": 0.1141357421875, "grad_norm": 22.540498971939087, "explained_variance": 0.9176270961761475, "action_std_mean": 0.3300996422767639, "optimizer_iterations": 4.0, "lr": 8.943232e-05}
{"step": 532480, "wall_time": 1790740830.0353577, "episodes_completed": 11.0, "mean_episode_reward": 16.936154452237215, "std_episode_reward": 14.879473163531964, "min_episode_reward": -8.083175659179688, "max_episode_reward": 40.20185852050781, "mean_episode_length": 119.0909090909091, "success_rate": 0.6363636363636364, "collision_rate": 0.36363636363636365, "out_of_bounds_rate": 0.0, "timeout_rate": 0.0, "policy_loss": -0.0012006869656033814, "value_loss": 5.972888708114624, "entropy": 0.6208232045173645, "approx_kl": 0.005824394058436155, "clip_fraction": 0.0770263671875, "grad_norm": 22.499605417251587, "explained_variance": 0.8745407462120056, "action_std_mean": 0.3300819396972656, "optimizer_iterations": 4.0, "lr": 8.939136e-05}
{"step": 534528, "wall_time": 1790740837.2289164, "episodes_completed": 7.0, "mean_episode_reward": 25.226862362452916, "std_episode_reward": 14.260374686775897, "min_episode_reward": 0.7743263244628906, "max_episode_reward": 38.7717399597168, "mean_episode_length": 147.85714285714286, "success_rate": 0.5714285714285714, "collision_rate": 0.42857142857142855, "out_of_bounds_rate": 0.0, "timeout_rate": 0.0, "policy_loss": -0.0018730684532783926, "value_loss": 6.151485562324524, "entropy": 0.6206997036933899, "approx_kl": 0.006434509588871151, "clip_fraction": 0.063232421875, "grad_norm": 14.021225571632385, "explained_variance": 0.8519322872161865, "action_std_mean": 0.33006298542022705, "optimizer_iterations": 4.0, "lr": 8.93504e-05}
{"step": 536576, "wall_time": 1790740844.298211, "episodes_completed": 7.0, "mean_episode_reward": 17.189266922218458, "std_episode_reward": 10.830053623041396, "min_episode_reward": -0.2458026260137558, "max_episode_reward": 36.11486053466797, "mean_episode_length": 99.57142857142857, "success_rate": 0.7142857142857143, "collision_rate": 0.14285714285714285, "out_of_bounds_rate": 0.0, "timeout_rate": 0.14285714285714285, "policy_loss": 0.0051912968046963215, "value_loss": 3.346071779727936, "entropy": 0.6205869615077972, "approx_kl": 0.016646955744363368, "clip_fraction": 0.1224365234375, "grad_norm": 15.834568977355957, "explained_variance": 0.8905707597732544, "action_std_mean": 0.33004331588745117, "optimizer_iterations": 4.0, "lr": 8.930944e-05}
{"step": 538624, "wall_time": 1790740851.612287, "episodes_completed": 8.0, "mean_episode_reward": 19.676553606987, "std_episode_reward": 13.784370223411681, "min_episode_reward": -9.110732078552246, "max_episode_reward": 34.64934539794922, "mean_episode_length": 86.875, "success_rate": 0.875, "collision_rate": 0.125, "out_of_bounds_rate": 0.0, "timeout_rate": 0.0, "policy_loss": -0.0013989352737553418, "value_loss": 2.8731791973114014, "entropy": 0.6204650700092316, "approx_kl": 0.010584060102701187, "clip_fraction": 0.094482421875, "grad_norm": 17.288749933242798, "explained_variance": 0.8771783113479614, "action_std_mean": 0.3300221562385559, "optimizer_iterations": 4.0, "lr": 8.926848e-05}
{"step": 540672, "wall_time": 1790740858.8106327, "episodes_completed": 12.0, "mean_episode_reward": 11.788246234258017, "std_episode_reward": 18.052314474169435, "min_episode_reward": -11.111465454101562, "max_episode_reward": 40.80430603027344, "mean_episode_length": 65.58333333333333, "success_rate": 0.5833333333333334, "collision_rate": 0.4166666666666667, "out_of_bounds_rate": 0.0, "timeout_rate": 0.0, "policy_loss": 0.005723581882193685, "value_loss": 4.291352152824402, "entropy": 0.6203658580780029, "approx_kl": 0.04967480059713125, "clip_fraction": 0.1192626953125, "grad_norm": 12.241129875183105, "explained_variance": 0.8582284450531006, "action_std_mean": 0.33002614974975586, "optimizer_iterations": 4.0, "lr": 8.922752000000001e-05}
{"step": 542720, "wall_time": 1790740865.9319837, "episodes_completed": 3.0, "mean_episode_reward": 15.495881080627441, "std_episode_reward": 1.4033834008698907, "min_episode_reward": 13.60477352142334, "max_episode_reward": 16.962982177734375, "mean_episode_length": 41.333333333333336, "success_rate": 1.0, "collision_rate": 0.0, "out_of_bounds_rate": 0.0, "timeout_rate": 0.0, "policy_loss": 0.0027152374386787415, "value_loss": 1.3805333375930786, "entropy": 0.6204876899719238, "approx_kl": 0.022674368228763342, "clip_fraction": 0.2218017578125, "grad_norm": 10.317560911178589, "explained_variance": 0.9448055624961853, "action_std_mean": 0.3300688862800598, "optimizer_iterations": 4.0, "lr": 8.918656000000001e-05}
{"step": 544768, "wall_time": 1790740872.9766202, "episodes_completed": 8.0, "mean_episode_reward": 25.28591215610504, "std_episode_reward": 17.782317055079453, "min_episode_reward": 3.942516326904297, "max_episode_reward": 48.5414924621582, "mean_episode_length": 171.75, "success_rate": 0.75, "collision_rate": 0.25, "out_of_bounds_rate": 0.0, "timeout_rate": 0.0, "policy_loss": 0.004995472729206085, "value_loss": 4.316068053245544, "entropy": 0.620768815279007, "approx_kl": 0.018959686858579516, "clip_fraction": 0.148681640625, "grad_norm": 15.334071159362793, "explained_variance": 0.8063496351242065, "action_std_mean": 0.33011144399642944, "optimizer_iterations": 4.0, "lr": 8.91456e-05}
{"step": 546816, "wall_time": 1790740880.2317219, "episodes_completed": 5.0, "mean_episode_reward": 11.849468231201172, "std_episode_reward": 11.150439522533569, "min_episode_reward": -6.327585220336914, "max_episode_reward": 25.799423217773438, "mean_episode_length": 58.6, "success_rate": 0.6, "collision_rate": 0.4, "out_of_bounds_rate": 0.0, "timeout_rate": 0.0, "policy_loss": 0.007136950036510825, "value_loss": 2.713662028312683, "entropy": 0.620989978313446, "approx_kl": 0.01658411230891943, "clip_fraction": 0.1424560546875, "grad_norm": 15.039488673210144, "explained_variance": 0.9273492097854614, "action_std_mean": 0.33013850450515747, "optimizer_iterations": 4.0, "lr": 8.910464000000001e-05}
{"step": 548864, "wall_time": 1790740887.3731492, "episodes_completed": 7.0, "mean_episode_reward": 17.03055695125035, "std_episode_reward": 5.765985389810368, "min_episode_reward": 10.317858695983887, "max_episode_reward": 27.831745147705078, "mean_episode_length": 48.42857142857143, "success_rate": 1.0, "collision_rate": 0.0, "out_of_bounds_rate": 0.0, "timeout_rate": 0.0, "policy_loss": -0.002065603621304035, "value_loss": 0.6108091026544571, "entropy": 0.6211619079113007, "approx_kl": 0.014639585511758924, "clip_fraction": 0.1456298828125, "grad_norm": 8.713006019592285, "explained_variance": 0.9864243865013123, "action_std_mean": 0.330178439617157, "optimizer_iterations": 4.0, "lr": 8.906368e-05}
{"step": 550912, "wall_time": 1790740894.5653152, "episodes_completed": 4.0, "mean_episode_reward": 26.29499101638794, "std_episode_reward": 7.941178041051891, "min_episode_reward": 13.71574592590332, "max_episode_reward": 35.7159538269043, "mean_episode_length": 86.5, "success_rate": 1.0, "collision_rate": 0.0, "out_of_bounds_rate": 0.0, "timeout_rate": 0.0, "policy_loss": -0.004333906807005405, "value_loss": 0.6496524065732956, "entropy": 0.6214177012443542, "approx_kl": 0.009959749528206885, "clip_fraction": 0.115478515625, "grad_norm": 5.996472179889679, "explained_variance": 0.9839314818382263, "action_std_mean": 0.3302169442176819, "optimizer_iterations": 4.0, "lr": 8.902272e-05}
{"step": 552960, "wall_time": 1790740901.8301806, "episodes_completed": 5.0, "mean_episode_reward": 15.686882972717285, "std_episode_reward": 7.765204126186946, "min_episode_reward": 10.004565238952637, "max_episode_reward": 30.594465255737305, "mean_episode_length": 73.8, "success_rate": 1.0, "collision_rate": 0.0, "out_of_bounds_rate": 0.0, "timeout_rate": 0.0, "policy_loss": -0.00023491878528147936, "value_loss": 1.4634230732917786, "entropy": 0.6215813457965851, "approx_kl": 0.01430014637298882, "clip_fraction": 0.1514892578125, "grad_norm": 10.009639024734497, "explained_variance": 0.9628308415412903, "action_std_mean": 0.3302275538444519, "optimizer_iterations": 4.0, "lr": 8.898176e-05}
{"step": 555008, "wall_time": 1790740909.0957377, "episodes_completed": 7.0, "mean_episode_reward": 12.954950798302889, "std_episode_reward": 18.134776644385415, "min_episode_reward": -10.013138771057129, "max_episode_reward": 36.50725555419922, "mean_episode_length": 63.142857142857146, "success_rate": 0.5714285714285714, "collision_rate": 0.2857142857142857, "out_of_bounds_rate": 0.0, "timeout_rate": 0.14285714285714285, "policy_loss": 0.008594137616455555, "value_loss": 1.5453583300113678, "entropy": 0.6215988993644714, "approx_kl": 0.023643032647669315, "clip_fraction": 0.189453125, "grad_norm": 8.539835810661316, "explained_variance": 0.9667209982872009, "action_std_mean": 0.3302263021469116, "optimizer_iterations": 4.0, "lr": 8.89408e-05}
{"step": 557056, "wall_time": 1790740916.3199847, "episodes_completed": 3.0, "mean_episode_reward": 14.722517649332682, "std_episode_reward": 5.414642072486185, "min_episode_reward": 10.12929916381836, "max_episode_reward": 22.32518768310547, "mean_episode_length": 46.333333333333336, "success_rate": 1.0, "collision_rate": 0.0, "out_of_bounds_rate": 0.0, "timeout_rate": 0.0, "policy_loss": 0.006248990306630731, "value_loss": 0.8276990354061127, "entropy": 0.6215882897377014, "approx_kl": 0.0166410889942199, "clip_fraction": 0.198486328125, "grad_norm": 22.68198323249817, "explained_variance": 0.9820476174354553, "action_std_mean": 0.3302317261695862, "optimizer_iterations": 4.0, "lr": 8.889984e-05}
{"step": 559104, "wall_time": 1790740923.6108198, "episodes_completed": 8.0, "mean_episode_reward": 11.123935669194907, "std_episode_reward": 19.086545583372104, "min_episode_reward": -10.426665306091309, "max_episode_reward": 54.32633590698242, "mean_episode_length": 112.75, "success_rate": 0.375, "collision_rate": 0.5, "out_of_bounds_rate": 0.0, "timeout_rate": 0.125, "policy_loss": 0.004648917471058667, "value_loss": 4.336058616638184, "entropy": 0.6216462254524231, "approx_kl": 0.013165540061891079, "clip_fraction": 0.155029296875, "grad_norm": 29.917325019836426, "explained_variance": 0.9185295701026917, "action_std_mean": 0.33024805784225464, "optimizer_iterations": 4.0, "lr": 8.885888e-05}
{"step": 561152, "wall_time": 1790740930.8164036, "episodes_completed": 7.0, "mean_episode_reward": 16.485919872564928, "std_episode_reward": 21.88939583707893, "min_episode_reward": -9.737208366394043, "max_episode_reward": 53.009727478027344, "mean_episode_length": 101.57142857142857, "success_rate": 0.5714285714285714, "collision_rate": 0.2857142857142857, "out_of_bounds_rate": 0.0, "timeout_rate": 0.14285714285714285, "policy_loss": -0.0011973388318438083, "value_loss": 2.8328041434288025, "entropy": 0.6217598915100098, "approx_kl": 0.005812925694044679, "clip_fraction": 0.05908203125, "grad_norm": 14.81784212589264, "explained_variance": 0.932260274887085, "action_std_mean": 0.3302749991416931, "optimizer_iterations": 4.0, "lr": 8.881792e-05}
{"step": 563200, "wall_time": 1790740937.980647, "episodes_completed": 6.0, "mean_episode_reward": 16.3391850789388, "std_episode_reward": 21.739253118953833, "min_episode_reward": -9.876371383666992, "max_episode_reward": 52.224281311035156, "mean_episode_length": 107.33333333333333, "success_rate": 0.5, "collision_rate": 0.3333333333333333, "out_of_bounds_rate": 0.0, "timeout_rate": 0.16666666666666666, "policy_loss": 0.002931060502305627, "value_loss": 2.1980013847351074, "entropy": 0.621933102607727, "approx_kl": 0.017853612080216408, "clip_fraction": 0.1290283203125, "grad_norm": 11.721205711364746, "explained_variance": 0.9467204809188843, "action_std_mean": 0.33030128479003906, "optimizer_iterations": 4.0, "lr": 8.877696e-05}
{"step": 565248, "wall_time": 1790740945.1217418, "episodes_completed": 6.0, "mean_episode_reward": 22.010637601216633, "std_episode_reward": 17.26515822421321, "min_episode_reward": -10.491044998168945, "max_episode_reward": 37.45812225341797, "mean_episode_length": 89.16666666666667, "success_rate": 0.8333333333333334, "collision_rate": 0.16666666666666666, "out_of_bounds_rate": 0.0, "timeout_rate": 0.0, "policy_loss": 0.001831789966672659, "value_loss": 1.241087168455124, "entropy": 0.6220584809780121, "approx_kl": 0.014699961757287383, "clip_fraction": 0.135498046875, "grad_norm": 8.200448989868164, "explained_variance": 0.9678763151168823, "action_std_mean": 0.3303070366382599, "optimizer_iterations": 4.0, "lr": 8.873600000000001e-05}
{"step": 567296, "wall_time": 1790740952.3073764, "episodes_completed": 9.0, "mean_episode_reward": 15.29127025604248, "std_episode_reward": 12.353301102233242, "min_episode_reward": -12.504405975341797, "max_episode_reward": 37.86028289794922, "mean_episode_length": 93.88888888888889, "success_rate": 0.7777777777777778, "collision_rate": 0.2222222222222222, "out_of_bounds_rate": 0.0, "timeout_rate": 0.0, "policy_loss": 0.0024011197965592146, "value_loss": 4.967883944511414, "entropy": 0.6220659017562866, "approx_kl": 0.029288924299180508, "clip_fraction": 0.1378173828125, "grad_norm": 15.943482398986816, "explained_variance": 0.8962404727935791, "action_std_mean": 0.3303069472312927, "optimizer_iterations": 4.0, "lr": 8.869504e-05}
{"step": 569344, "wall_time": 1790740959.5165575, "episodes_completed": 7.0, "mean_episode_reward": 15.48903397151402, "std_episode_reward": 22.29675067547875, "min_episode_reward": -10.99358081817627, "max_episode_reward": 38.04926681518555, "mean_episode_length": 99.71428571428571, "success_rate": 0.5714285714285714, "collision_rate": 0.42857142857142855, "out_of_bounds_rate": 0.0, "timeout_rate": 0.0, "policy_loss": -0.00566151924431324, "value_loss": 1.6918455958366394, "entropy": 0.6220268309116364, "approx_kl": 0.00810553558403626, "clip_fraction": 0.08447265625, "grad_norm": 7.18093466758728, "explained_variance": 0.9707449674606323, "action_std_mean": 0.33028167486190796, "optimizer_iterations": 4.0, "lr": 8.865408e-05}
{"step": 571392, "wall_time": 1790740966.7322078, "episodes_completed": 3.0, "mean_episode_reward": 16.298190752665203, "std_episode_reward": 12.76688841653317, "min_episode_reward": 1.5342321395874023, "max_episode_reward": 32.680686950683594, "mean_episode_length": 89.33333333333333, "success_rate": 0.6666666666666666, "collision_rate": 0.3333333333333333, "out_of_bounds_rate": 0.0, "timeout_rate": 0.0, "policy_loss": 0.003048085141927004, "value_loss": 2.852480173110962, "entropy": 0.6218569576740265, "approx_kl": 0.008472276269458234, "clip_fraction": 0.0870361328125, "grad_norm": 14.931602478027344, "explained_variance": 0.9456614851951599, "action_std_mean": 0.3302616477012634, "optimizer_iterations": 4.0, "lr": 8.861312000000001e-05}
{"step": 573440, "wall_time": 1790740974.0690944, "episodes_completed": 6.0, "mean_episode_reward": 11.52224620183309, "std_episode_reward": 19.76436699980844, "min_episode_reward": -11.131572723388672, "max_episode_reward": 49.29790115356445, "mean_episode_length": 90.16666666666667, "success_rate": 0.6666666666666666, "collision_rate": 0.3333333333333333, "out_of_bounds_rate": 0.0, "timeout_rate": 0.0, "policy_loss": -0.0031177871860563755, "value_loss": 2.3035616278648376, "entropy": 0.6217642426490784, "approx_kl": 0.009628611500374973, "clip_fraction": 0.105712890625, "grad_norm": 9.631494760513306, "explained_variance": 0.9603524208068848, "action_std_mean": 0.33023855090141296, "optimizer_iterations": 4.0, "lr": 8.857216e-05}
{"step": 575488, "wall_time": 1790740981.434136, "episodes_completed": 4.0, "mean_episode_reward": 21.148228406906128, "std_episode_reward": 7.555922247328884, "min_episode_reward": 10.341277122497559, "max_episode_reward": 30.803985595703125, "mean_episode_length": 101.75, "success_rate": 1.0, "collision_rate": 0.0, "out_of_bounds_rate": 0.0, "timeout_rate": 0.0, "policy_loss": 0.012311310041695833, "value_loss": 2.1040822863578796, "entropy": 0.6216092705726624, "approx_kl": 0.02460489934310317, "clip_fraction": 0.06396484375, "grad_norm": 15.923271417617798, "explained_variance": 0.9604252576828003, "action_std_mean": 0.3302169144153595, "optimizer_iterations": 4.0, "lr": 8.85312e-05}
{"step": 577536, "wall_time": 1790740988.7020838, "episodes_completed": 5.0, "mean_episode_reward": 20.031019401550292, "std_episode_reward": 26.380608361442516, "min_episode_reward": -9.967486381530762, "max_episode_reward": 57.03077697753906, "mean_episode_length": 95.0, "success_rate": 0.6, "collision_rate": 0.4, "out_of_bounds_rate": 0.0, "timeout_rate": 0.0, "policy_loss": 0.003202945226803422, "value_loss": 2.28807932138443, "entropy": 0.6215076148509979, "approx_kl": 0.00907428131904453, "clip_fraction": 0.0938720703125, "grad_norm": 19.6533260345459, "explained_variance": 0.9615673422813416, "action_std_mean": 0.3301956355571747, "optimizer_iterations": 4.0, "lr": 8.849024e-05}
{"step": 579584, "wall_time": 1790740995.944732, "episodes_completed": 7.0, "mean_episode_reward": 19.30079638319356, "std_episode_reward": 15.896152219253395, "min_episode_reward": -0.1740703582763672, "max_episode_reward": 44.3969612121582, "mean_episode_length": 91.71428571428571, "success_rate": 0.7142857142857143, "collision_rate": 0.14285714285714285, "out_of_bounds_rate": 0.0, "timeout_rate": 0.14285714285714285, "policy_loss": -0.0011336114257574081, "value_loss": 2.613861382007599, "entropy": 0.6213450729846954, "approx_kl": 0.010213692323304713, "clip_fraction": 0.0654296875, "grad_norm": 7.948623299598694, "explained_variance": 0.9524571895599365, "action_std_mean": 0.3301650583744049, "optimizer_iterations": 4.0, "lr": 8.844928e-05}
{"step": 581632, "wall_time": 1790741003.243212, "episodes_completed": 5.0, "mean_episode_reward": 18.004019355773927, "std_episode_reward": 5.639045082613051, "min_episode_reward": 10.30822467803955, "max_episode_reward": 26.064586639404297, "mean_episode_length": 55.4, "success_rate": 1.0, "collision_rate": 0.0, "out_of_bounds_rate": 0.0, "timeout_rate": 0.0, "policy_loss": -0.003043621778488159, "value_loss": 0.6706628799438477, "entropy": 0.6211501657962799, "approx_kl": 0.006162871606647968, "clip_fraction": 0.06689453125, "grad_norm": 7.56026291847229, "explained_variance": 0.9881606101989746, "action_std_mean": 0.3301185965538025, "optimizer_iterations": 4.0, "lr": 8.840832e-05}
{"step": 583680, "wall_time": 1790741010.490499, "episodes_completed": 5.0, "mean_episode_reward": 15.888001871109008, "std_episode_reward": 13.140213685683864, "min_episode_reward": 0.7582294940948486, "max_episode_reward": 33.231380462646484, "mean_episode_length": 81.0, "success_rate": 0.6, "collision_rate": 0.2, "out_of_bounds_rate": 0.0, "timeout_rate": 0.2, "policy_loss": 0.004808223806321621, "value_loss": 1.7102991044521332, "entropy": 0.6208220422267914, "approx_kl": 0.010209281696006656, "clip_fraction": 0.0947265625, "grad_norm": 11.78565263748169, "explained_variance": 0.9699238538742065, "action_std_mean": 0.3300539553165436, "optimizer_iterations": 4.0, "lr": 8.836736000000001e-05}
{"step": 585728, "wall_time": 1790741017.764772, "episodes_completed": 6.0, "mean_episode_reward": 20.179958979288738, "std_episode_reward": 9.145550223144536, "min_episode_reward": 4.9738006591796875, "max_episode_reward": 34.423919677734375, "mean_episode_length": 78.16666666666667, "success_rate": 0.8333333333333334, "collision_rate": 0.16666666666666666, "out_of_bounds_rate": 0.0, "timeout_rate": 0.0, "policy_loss": 0.000663283746689558, "value_loss": 2.9688273072242737, "entropy": 0.6204590499401093, "approx_kl": 0.014201606856659055, "clip_fraction": 0.1689453125, "grad_norm": 10.30731987953186, "explained_variance": 0.9469801187515259, "action_std_mean": 0.33001405000686646, "optimizer_iterations": 4.0, "lr": 8.832640000000001e-05}
{"step": 587776, "wall_time": 1790741025.159091, "episodes_completed": 6.0, "mean_episode_reward": 17.24708416312933, "std_episode_reward": 17.939093495936056, "min_episode_reward": -10.298789978027344, "max_episode_reward": 43.53898620605469, "mean_episode_length": 108.66666666666667, "success_rate": 0.6666666666666666, "collision_rate": 0.16666666666666666, "out_of_bounds_rate": 0.0, "timeout_rate": 0.16666666666666666, "policy_loss": -0.0018643573275767267, "value_loss": 1.8661640882492065, "entropy": 0.6202945411205292, "approx_kl": 0.00881453009787947, "clip_fraction": 0.1109619140625, "grad_norm": 8.895818591117859, "explained_variance": 0.9638412594795227, "action_std_mean": 0.3299963176250458, "optimizer_iterations": 4.0, "lr": 8.828544e-05}
{"step": 589824, "wall_time": 1790741032.3326895, "episodes_completed": 6.0, "mean_episode_reward": 21.26136275132497, "std_episode_reward": 16.768400785759763, "min_episode_reward": 0.200913667678833, "max_episode_reward": 45.788333892822266, "mean_episode_length": 148.33333333333334, "success_rate": 0.5, "collision_rate": 0.3333333333333333, "out_of_bounds_rate": 0.0, "timeout_rate": 0.16666666666666666, "policy_loss": 0.004569761222228408, "value_loss": 5.845263242721558, "entropy": 0.6202176809310913, "approx_kl": 0.016970666823908687, "clip_fraction": 0.1572265625, "grad_norm": 13.564579844474792, "explained_variance": 0.850091278553009, "action_std_mean": 0.3299916982650757, "optimizer_iterations": 4.0, "lr": 8.824448000000001e-05}
{"step": 591872, "wall_time": 1790741039.514734, "episodes_completed": 4.0, "mean_episode_reward": 16.31937527656555, "std_episode_reward": 21.149117384754135, "min_episode_reward": -9.052286148071289, "max_episode_reward": 49.687232971191406, "mean_episode_length": 59.25, "success_rate": 0.75, "collision_rate": 0.25, "out_of_bounds_rate": 0.0, "timeout_rate": 0.0, "policy_loss": 0.0016457291203550994, "value_loss": 1.3431761264801025, "entropy": 0.6202138662338257, "approx_kl": 0.0077899458119645715, "clip_fraction": 0.0946044921875, "grad_norm": 7.956854224205017, "explained_variance": 0.9653099179267883, "action_std_mean": 0.3299977779388428, "optimizer_iterations": 4.0, "lr": 8.820352e-05}
{"step": 593920, "wall_time": 1790741046.8414636, "episodes_completed": 5.0, "mean_episode_reward": 12.33696117401123, "std_episode_reward": 13.286226762393504, "min_episode_reward": -9.997611999511719, "max_episode_reward": 28.670726776123047, "mean_episode_length": 65.6, "success_rate": 0.8, "collision_rate": 0.2, "out_of_bounds_rate": 0.0, "timeout_rate": 0.0, "policy_loss": 0.001516668125987053, "value_loss": 1.4786397516727448, "entropy": 0.62020143866539, "approx_kl": 0.010529187740758061, "clip_fraction": 0.1168212890625, "grad_norm": 8.833876967430115, "explained_variance": 0.9521759748458862, "action_std_mean": 0.3299737572669983, "optimizer_iterations": 4.0, "lr": 8.816256e-05}
{"step": 595968, "wall_time": 1790741053.9778938, "episodes_completed": 5.0, "mean_episode_reward": 22.29042854309082, "std_episode_reward": 6.438987928830532, "min_episode_reward": 12.485418319702148, "max_episode_reward": 30.378707885742188, "mean_episode_length": 93.0, "success_rate": 1.0, "collision_rate": 0.0, "out_of_bounds_rate": 0.0, "timeout_rate": 0.0, "policy_loss": 0.00259844190441072, "value_loss": 0.6185930818319321, "entropy": 0.6200293302536011, "approx_kl": 0.020188715308904648, "clip_fraction": 0.176513671875, "grad_norm": 11.372317552566528, "explained_variance": 0.9813690781593323, "action_std_mean": 0.3299548923969269, "optimizer_iterations": 4.0, "lr": 8.812160000000001e-05}
{"step": 598016, "wall_time": 1790741061.1394846, "episodes_completed": 3.0, "mean_episode_reward": 27.503044764200848, "std_episode_reward": 6.47408836027599, "min_episode_reward": 18.42477035522461, "max_episode_reward": 33.071468353271484, "mean_episode_length": 100.66666666666667, "success_rate": 1.0, "collision_rate": 0.0, "out_of_bounds_rate": 0.0, "timeout_rate": 0.0, "policy_loss": -0.0018000858835875988, "value_loss": 0.4742356911301613, "entropy": 0.6199636459350586, "approx_kl": 0.008733830880373716, "clip_fraction": 0.077392578125, "grad_norm": 9.167181968688965, "explained_variance": 0.9856613278388977, "action_std_mean": 0.32995060086250305, "optimizer_iterations": 4.0, "lr": 8.808064e-05}
{"step": 600064, "wall_time": 1790741068.314104, "episodes_completed": 8.0, "mean_episode_reward": 16.953488491475582, "std_episode_reward": 23.353079581511402, "min_episode_reward": -10.102523803710938, "max_episode_reward": 56.769859313964844, "mean_episode_length": 102.0, "success_rate": 0.5, "collision_rate": 0.375, "out_of_bounds_rate": 0.0, "timeout_rate": 0.125, "policy_loss": 0.004709732485935092, "value_loss": 4.102681398391724, "entropy": 0.6199328303337097, "approx_kl": 0.01852790149860084, "clip_fraction": 0.1690673828125, "grad_norm": 18.63957393169403, "explained_variance": 0.8781524300575256, "action_std_mean": 0.3299548625946045, "optimizer_iterations": 4.0, "lr": 8.803968000000001e-05}
{"step": 602112, "wall_time": 1790741075.543175, "episodes_completed": 4.0, "mean_episode_reward": 28.25501823425293, "std_episode_reward": 5.25309410350463, "min_episode_reward": 20.891258239746094, "max_episode_reward": 35.523433685302734, "mean_episode_length": 108.75, "success_rate": 1.0, "collision_rate": 0.0, "out_of_bounds_rate": 0.0, "timeout_rate": 0.0, "policy_loss": 0.0009649521671235561, "value_loss": 1.3410778939723969, "entropy": 0.6199686825275421, "approx_kl": 0.014649556949734688, "clip_fraction": 0.1519775390625, "grad_norm": 12.69368827342987, "explained_variance": 0.9299429655075073, "action_std_mean": 0.32994526624679565, "optimizer_iterations": 4.0, "lr": 8.799872e-05}
{"step": 604160, "wall_time": 1790741082.838944, "episodes_completed": 3.0, "mean_episode_reward": 5.628647486368815, "std_episode_reward": 9.577225091251098, "min_episode_reward": -7.7265729904174805, "max_episode_reward": 14.25905704498291, "mean_episode_length": 29.666666666666668, "success_rate": 0.6666666666666666, "collision_rate": 0.3333333333333333, "out_of_bounds_rate": 0.0, "timeout_rate": 0.0, "policy_loss": 0.0038035186007618904, "value_loss": 1.6404291689395905, "entropy": 0.6198409795761108, "approx_kl": 0.01229380234144628, "clip_fraction": 0.1473388671875, "grad_norm": 15.909767627716064, "explained_variance": 0.9630343914031982, "action_std_mean": 0.32992714643478394, "optimizer_iterations": 4.0, "lr": 8.795776e-05}
{"step": 606208, "wall_time": 1790741090.1321704, "episodes_completed": 6.0, "mean_episode_reward": 14.937647660573324, "std_episode_reward": 16.231672673576657, "min_episode_reward": -9.833356857299805, "max_episode_reward": 35.17218017578125, "mean_episode_length": 79.33333333333333, "success_rate": 0.6666666666666666, "collision_rate": 0.3333333333333333, "out_of_bounds_rate": 0.0, "timeout_rate": 0.0, "policy_loss": -0.002637111349031329, "value_loss": 3.0589439272880554, "entropy": 0.6197658479213715, "approx_kl": 0.011506875394843519, "clip_fraction": 0.1328125, "grad_norm": 16.065810918807983, "explained_variance": 0.9221923351287842, "action_std_mean": 0.3299180567264557, "optimizer_iterations": 4.0, "lr": 8.79168e-05}
{"step": 608256, "wall_time": 1790741097.5035617, "episodes_completed": 3.0, "mean_episode_reward": 21.227470248937607, "std_episode_reward": 23.205502601546513, "min_episode_reward": -0.3480934798717499, "max_episode_reward": 53.43053436279297, "mean_episode_length": 86.33333333333333, "success_rate": 0.6666666666666666, "collision_rate": 0.0, "out_of_bounds_rate": 0.0, "timeout_rate": 0.3333333333333333, "policy_loss": -0.00245589017868042, "value_loss": 0.8782056868076324, "entropy": 0.6197007298469543, "approx_kl": 0.0067676001926884055, "clip_fraction": 0.087158203125, "grad_norm": 14.593888998031616, "explained_variance": 0.9804002642631531, "action_std_mean": 0.32990849018096924, "optimizer_iterations": 4.0, "lr": 8.787584e-05}
{"step": 610304, "wall_time": 1790741104.733389, "episodes_completed": 3.0, "mean_episode_reward": 28.339296023050945, "std_episode_reward": 27.765347549587084, "min_episode_reward": -10.320536613464355, "max_episode_reward": 53.621925354003906, "mean_episode_length": 144.0, "success_rate": 0.6666666666666666, "collision_rate": 0.3333333333333333, "out_of_bounds_rate": 0.0, "timeout_rate": 0.0, "policy_loss": 0.0018126050708815455, "value_loss": 1.4606501162052155, "entropy": 0.6197066307067871, "approx_kl": 0.0076157000730745494, "clip_fraction": 0.08740234375, "grad_norm": 10.05726420879364, "explained_variance": 0.966956615447998, "action_std_mean": 0.3299442529678345, "optimizer_iterations": 4.0, "lr": 8.783488000000001e-05}
{"step": 612352, "wall_time": 1790741111.9702246, "episodes_completed": 4.0, "mean_episode_reward": -1.9738190174102783, "std_episode_reward": 8.727852306514968, "min_episode_reward": -11.786869049072266, "max_episode_reward": 10.198601722717285, "mean_episode_length": 95.5, "success_rate": 0.25, "collision_rate": 0.75, "out_of_bounds_rate": 0.0, "timeout_rate": 0.0, "policy_loss": 0.006497807800769806, "value_loss": 3.414328098297119, "entropy": 0.6199835538864136, "approx_kl": 0.02294428669847548, "clip_fraction": 0.2379150390625, "grad_norm": 19.6358904838562, "explained_variance": 0.9461075663566589, "action_std_mean": 0.32997632026672363, "optimizer_iterations": 4.0, "lr": 8.779392e-05}
{"step": 614400, "wall_time": 1790741119.233609, "episodes_completed": 4.0, "mean_episode_reward": 17.210532188415527, "std_episode_reward": 21.440182558138574, "min_episode_reward": -9.987533569335938, "max_episode_reward": 48.943809509277344, "mean_episode_length": 103.25, "success_rate": 0.5, "collision_rate": 0.5, "out_of_bounds_rate": 0.0, "timeout_rate": 0.0, "policy_loss": -0.0003367825411260128, "value_loss": 2.086389482021332, "entropy": 0.6201063096523285, "approx_kl": 0.008400539751164615, "clip_fraction": 0.092041015625, "grad_norm": 8.501503586769104, "explained_variance": 0.9603104591369629, "action_std_mean": 0.3299958109855652, "optimizer_iterations": 4.0, "lr": 8.775296000000001e-05}
{"step": 616448, "wall_time": 1790741126.4975128, "episodes_completed": 6.0, "mean_episode_reward": 17.94750467936198, "std_episode_reward": 17.0396895232824, "min_episode_reward": -10.96252155303955, "max_episode_reward": 35.10772705078125, "mean_episode_length": 116.5, "success_rate": 0.3333333333333333, "collision_rate": 0.6666666666666666, "out_of_bounds_rate": 0.0, "timeout_rate": 0.0, "policy_loss": -0.0024378178641200066, "value_loss": 7.321360230445862, "entropy": 0.6202521324157715, "approx_kl": 0.019746166188269854, "clip_fraction": 0.166259765625, "grad_norm": 15.567089200019836, "explained_variance": 0.8747267723083496, "action_std_mean": 0.3300209641456604, "optimizer_iterations": 4.0, "lr": 8.7712e-05}
{"step": 618496, "wall_time": 1790741133.7629144, "episodes_completed": 5.0, "mean_episode_reward": 9.323437666893005, "std_episode_reward": 19.552115977755605, "min_episode_reward": -9.852608680725098, "max_episode_reward": 46.070796966552734, "mean_episode_length": 108.4, "success_rate": 0.4, "collision_rate": 0.2, "out_of_bounds_rate": 0.0, "timeout_rate": 0.4, "policy_loss": -0.004220589995384216, "value_loss": 0.565450444817543, "entropy": 0.6204363405704498, "approx_kl": 0.015709506813436747, "clip_fraction": 0.16552734375, "grad_norm": 6.379027366638184, "explained_variance": 0.9898809790611267, "action_std_mean": 0.33006250858306885, "optimizer_iterations": 4.0, "lr": 8.767104000000001e-05}
{"step": 620544, "wall_time": 1790741141.027227, "episodes_completed": 6.0, "mean_episode_reward": 20.741411368052166, "std_episode_reward": 11.408583719774432, "min_episode_reward": 2.7649593353271484, "max_episode_reward": 34.8557243347168, "mean_episode_length": 92.5, "success_rate": 0.6666666666666666, "collision_rate": 0.3333333333333333, "out_of_bounds_rate": 0.0, "timeout_rate": 0.0, "policy_loss": 0.003770737908780575, "value_loss": 3.881959855556488, "entropy": 0.6206585466861725, "approx_kl": 0.019743232522159815, "clip_fraction": 0.1884765625, "grad_norm": 10.397017478942871, "explained_variance": 0.9304310083389282, "action_std_mean": 0.3300861716270447, "optimizer_iterations": 4.0, "lr": 8.763008e-05}
{"step": 622592, "wall_time": 1790741148.3103511, "episodes_completed": 6.0, "mean_episode_reward": 16.50339274605115, "std_episode_reward": 18.138608767162133, "min_episode_reward": -10.842015266418457, "max_episode_reward": 41.6923828125, "mean_episode_length": 128.16666666666666, "success_rate": 0.5, "collision_rate": 0.3333333333333333, "out_of_bounds_rate": 0.0, "timeout_rate": 0.16666666666666666, "policy_loss": -0.001510096713900566, "value_loss": 4.595245361328125, "entropy": 0.6207670867443085, "approx_kl": 0.007008194574154913, "clip_fraction": 0.0703125, "grad_norm": 10.860491871833801, "explained_variance": 0.9212043881416321, "action_std_mean": 0.3301010727882385, "optimizer_iterations": 4.0, "lr": 8.758912e-05}
{"step": 624640, "wall_time": 1790741155.5463755, "episodes_completed": 8.0, "mean_episode_reward": 14.774032690562308, "std_episode_reward": 15.512315098988829, "min_episode_reward": -10.051916122436523, "max_episode_reward": 42.094337463378906, "mean_episode_length": 89.25, "success_rate": 0.5, "collision_rate": 0.375, "out_of_bounds_rate": 0.0, "timeout_rate": 0.125, "policy_loss": 0.005488831549882889, "value_loss": 4.47526490688324, "entropy": 0.6208221614360809, "approx_kl": 0.013525801245123148, "clip_fraction": 0.1246337890625, "grad_norm": 14.650295376777649, "explained_variance": 0.9092563390731812, "action_std_mean": 0.3300916254520416, "optimizer_iterations": 4.0, "lr": 8.754816000000001e-05}
{"step": 626688, "wall_time": 1790741162.773698, "episodes_completed": 3.0, "mean_episode_reward": 38.433642069498696, "std_episode_reward": 8.748755822399447, "min_episode_reward": 28.082157135009766, "max_episode_reward": 49.47846984863281, "mean_episode_length": 170.66666666666666, "success_rate": 1.0, "collision_rate": 0.0, "out_of_bounds_rate": 0.0, "timeout_rate": 0.0, "policy_loss": 0.012934433296322823, "value_loss": 0.8730848431587219, "entropy": 0.6207395792007446, "approx_kl": 0.027938093524426222, "clip_fraction": 0.2398681640625, "grad_norm": 11.053536176681519, "explained_variance": 0.9797491431236267, "action_std_mean": 0.3300873935222626, "optimizer_iterations": 4.0, "lr": 8.75072e-05}
{"step": 628736, "wall_time": 1790741170.1120236, "episodes_completed": 8.0, "mean_episode_reward": 4.7812696024775505, "std_episode_reward": 11.993360022641596, "min_episode_reward": -11.525408744812012, "max_episode_reward": 24.559738159179688, "mean_episode_length": 90.25, "success_rate": 0.5, "collision_rate": 0.375, "out_of_bounds_rate": 0.0, "timeout_rate": 0.125, "policy_loss": 0.0027113836258649826, "value_loss": 1.8990616202354431, "entropy": 0.6207761466503143, "approx_kl": 0.02309260005131364, "clip_fraction": 0.224365234375, "grad_norm": 11.088701844215393, "explained_variance": 0.9685467481613159, "action_std_mean": 0.3301120400428772, "optimizer_iterations": 4.0, "lr": 8.746624000000001e-05}
{"step": 630784, "wall_time": 1790741177.2822826, "episodes_completed": 1.0, "mean_episode_reward": 4.032055854797363, "std_episode_reward": 0.0, "min_episode_reward": 4.032055854797363, "max_episode_reward": 4.032055854797363, "mean_episode_length": 77.0, "success_rate": 0.0, "collision_rate": 1.0, "out_of_bounds_rate": 0.0, "timeout_rate": 0.0, "policy_loss": 0.005257763434201479, "value_loss": 2.331790030002594, "entropy": 0.6209460496902466, "approx_kl": 0.008605530485510826, "clip_fraction": 0.0977783203125, "grad_norm": 17.18481469154358, "explained_variance": 0.9640154242515564, "action_std_mean": 0.33013954758644104, "optimizer_iterations": 4.0, "lr": 8.742528e-05}
{"step": 632832, "wall_time": 1790741184.5392563, "episodes_completed": 4.0, "mean_episode_reward": 22.0530104637146, "std_episode_reward": 7.27798920048704, "min_episode_reward": 10.232707977294922, "max_episode_reward": 28.753963470458984, "mean_episode_length": 85.0, "success_rate": 1.0, "collision_rate": 0.0, "out_of_bounds_rate": 0.0, "timeout_rate": 0.0, "policy_loss": -0.00392843852750957, "value_loss": 0.3666781038045883, "entropy": 0.6211358606815338, "approx_kl": 0.010042867623269558, "clip_fraction": 0.13525390625, "grad_norm": 4.335218787193298, "explained_variance": 0.9944508671760559, "action_std_mean": 0.3301852345466614, "optimizer_iterations": 4.0, "lr": 8.738432000000001e-05}
{"step": 634880, "wall_time": 1790741191.775002, "episodes_completed": 6.0, "mean_episode_reward": 16.676215798904497, "std_episode_reward": 17.46815451977681, "min_episode_reward": -0.012329824268817902, "max_episode_reward": 49.64027786254883, "mean_episode_length": 150.33333333333334, "success_rate": 0.3333333333333333, "collision_rate": 0.3333333333333333, "out_of_bounds_rate": 0.0, "timeout_rate": 0.3333333333333333, "policy_loss": 0.0016873469576239586, "value_loss": 1.741121768951416, "entropy": 0.6214186549186707, "approx_kl": 0.011800949927419424, "clip_fraction": 0.1336669921875, "grad_norm": 10.99276065826416, "explained_variance": 0.972992479801178, "action_std_mean": 0.33021649718284607, "optimizer_iterations": 4.0, "lr": 8.734336e-05}
{"step": 636928, "wall_time": 1790741198.9791706, "episodes_completed": 7.0, "mean_episode_reward": 20.140536461557662, "std_episode_reward": 17.234742648012137, "min_episode_reward": -10.012142181396484, "max_episode_reward": 39.44636917114258, "mean_episode_length": 109.28571428571429, "success_rate": 0.5714285714285714, "collision_rate": 0.2857142857142857, "out_of_bounds_rate": 0.0, "timeout_rate": 0.14285714285714285, "policy_loss": -0.0007710075005888939, "value_loss": 2.5163068771362305, "entropy": 0.6215552687644958, "approx_kl": 0.05102966516278684, "clip_fraction": 0.13818359375, "grad_norm": 17.32001280784607, "explained_variance": 0.9415720701217651, "action_std_mean": 0.3302363157272339, "optimizer_iterations": 4.0, "lr": 8.730240000000001e-05}
{"step": 638976, "wall_time": 1790741206.1643357, "episodes_completed": 6.0, "mean_episode_reward": 16.49564218024413, "std_episode_reward": 16.372163062296142, "min_episode_reward": -8.721052169799805, "max_episode_reward": 38.86189651489258, "mean_episode_length": 92.0, "success_rate": 0.6666666666666666, "collision_rate": 0.16666666666666666, "out_of_bounds_rate": 0.0, "timeout_rate": 0.16666666666666666, "policy_loss": 0.001055244472809136, "value_loss": 2.1667032837867737, "entropy": 0.6216825246810913, "approx_kl": 0.02037380775436759, "clip_fraction": 0.1077880859375, "grad_norm": 6.621403932571411, "explained_variance": 0.9339119791984558, "action_std_mean": 0.33025845885276794, "optimizer_iterations": 4.0, "lr": 8.726144000000001e-05}
{"step": 641024, "wall_time": 1790741213.3631217, "episodes_completed": 5.0, "mean_episode_reward": 13.68830327987671, "std_episode_reward": 11.683236492919448, "min_episode_reward": -4.628267765045166, "max_episode_reward": 25.970806121826172, "mean_episode_length": 121.0, "success_rate": 0.4, "collision_rate": 0.6, "out_of_bounds_rate": 0.0, "timeout_rate": 0.0, "policy_loss": 0.0018574856221675873, "value_loss": 7.683913588523865, "entropy": 0.6218279004096985, "approx_kl": 0.0216916564386338, "clip_fraction": 0.1932373046875, "grad_norm": 17.178317308425903, "explained_variance": 0.7447384595870972, "action_std_mean": 0.3302828073501587, "optimizer_iterations": 4.0, "lr": 8.722048e-05}
{"step": 643072, "wall_time": 1790741220.6372962, "episodes_completed": 12.0, "mean_episode_reward": 16.244091510772705, "std_episode_reward": 13.344406691429716, "min_episode_reward": -9.881665229797363, "max_episode_reward": 38.076595306396484, "mean_episode_length": 69.08333333333333, "success_rate": 0.75, "collision_rate": 0.25, "out_of_bounds_rate": 0.0, "timeout_rate": 0.0, "policy_loss": -8.471636101603508e-05, "value_loss": 5.211262464523315, "entropy": 0.6219748854637146, "approx_kl": 0.009827800211496651, "clip_fraction": 0.080322265625, "grad_norm": 19.05471158027649, "explained_variance": 0.819004237651825, "action_std_mean": 0.33030766248703003, "optimizer_iterations": 4.0, "lr": 8.717952000000001e-05}
{"step": 645120, "wall_time": 1790741227.9070196, "episodes_completed": 4.0, "mean_episode_reward": 34.66722321510315, "std_episode_reward": 21.14813542130021, "min_episode_reward": 13.556388854980469, "max_episode_reward": 57.757606506347656, "mean_episode_length": 127.0, "success_rate": 1.0, "collision_rate": 0.0, "out_of_bounds_rate": 0.0, "timeout_rate": 0.0, "policy_loss": 0.0016582924872636795, "value_loss": 0.7929864674806595, "entropy": 0.6221030354499817, "approx_kl": 0.005487019894644618, "clip_fraction": 0.0450439453125, "grad_norm": 12.12266755104065, "explained_variance": 0.9785009622573853, "action_std_mean": 0.3303116261959076, "optimizer_iterations": 4.0, "lr": 8.713856e-05}
{"step": 647168, "wall_time": 1790741235.067477, "episodes_completed": 3.0, "mean_episode_reward": 7.402072926362355, "std_episode_reward": 4.894269328318102, "min_episode_reward": 0.4891720414161682, "max_episode_reward": 11.157955169677734, "mean_episode_length": 64.0, "success_rate": 0.6666666666666666, "collision_rate": 0.0, "out_of_bounds_rate": 0.0, "timeout_rate": 0.3333333333333333, "policy_loss": 0.00031903013586997986, "value_loss": 0.8853029012680054, "entropy": 0.6220864653587341, "approx_kl": 0.005366994475480169, "clip_fraction": 0.05126953125, "grad_norm": 10.383925199508667, "explained_variance": 0.9751610159873962, "action_std_mean": 0.3303155303001404, "optimizer_iterations": 4.0, "lr": 8.70976e-05}
{"step": 649216, "wall_time": 1790741242.279301, "episodes_completed": 7.0, "mean_episode_reward": 18.021024703979492, "std_episode_reward": 8.581761348828609, "min_episode_reward": 6.677127838134766, "max_episode_reward": 30.113927841186523, "mean_episode_length": 64.14285714285714, "success_rate": 0.8571428571428571, "collision_rate": 0.14285714285714285, "out_of_bounds_rate": 0.0, "timeout_rate": 0.0, "policy_loss": 0.0035062450915575027, "value_loss": 1.869426816701889, "entropy": 0.6221533715724945, "approx_kl": 0.009824056585785002, "clip_fraction": 0.1024169921875, "grad_norm": 14.454305768013, "explained_variance": 0.9553961753845215, "action_std_mean": 0.3303326368331909, "optimizer_iterations": 4.0, "lr": 8.705664e-05}
{"step": 651264, "wall_time": 1790741249.5107236, "episodes_completed": 5.0, "mean_episode_reward": 15.165851593017578, "std_episode_reward": 22.580967198773116, "min_episode_reward": -11.482994079589844, "max_episode_reward": 41.05622482299805, "mean_episode_length": 122.4, "success_rate": 0.6, "collision_rate": 0.4, "out_of_bounds_rate": 0.0, "timeout_rate": 0.0, "policy_loss": 0.007093039574101567, "value_loss": 2.803552985191345, "entropy": 0.6222748458385468, "approx_kl": 0.018114460865035653, "clip_fraction": 0.126220703125, "grad_norm": 13.005037426948547, "explained_variance": 0.9437662363052368, "action_std_mean": 0.33036351203918457, "optimizer_iterations": 4.0, "lr": 8.701568e-05}
{"step": 653312, "wall_time": 1790741256.8363876, "episodes_completed": 5.0, "mean_episode_reward": 16.24521713256836, "std_episode_reward": 25.460801378978807, "min_episode_reward": -10.107854843139648, "max_episode_reward": 55.11190414428711, "mean_episode_length": 133.2, "success_rate": 0.4, "collision_rate": 0.6, "out_of_bounds_rate": 0.0, "timeout_rate": 0.0, "policy_loss": 0.0006222269148565829, "value_loss": 1.7771701216697693, "entropy": 0.6225031316280365, "approx_kl": 0.008822621195577085, "clip_fraction": 0.1060791015625, "grad_norm": 11.512216567993164, "explained_variance": 0.9599798321723938, "action_std_mean": 0.33040887117385864, "optimizer_iterations": 4.0, "lr": 8.697472e-05}
{"step": 655360, "wall_time": 1790741264.0241375, "episodes_completed": 7.0, "mean_episode_reward": 4.972210447703089, "std_episode_reward": 12.04005657675781, "min_episode_reward": -9.813036918640137, "max_episode_reward": 29.042495727539062, "mean_episode_length": 84.42857142857143, "success_rate": 0.2857142857142857, "collision_rate": 0.42857142857142855, "out_of_bounds_rate": 0.0, "timeout_rate": 0.2857142857142857, "policy_loss": 0.0006747151492163539, "value_loss": 5.131118535995483, "entropy": 0.6227911710739136, "approx_kl": 0.005062365205958486, "clip_fraction": 0.0517578125, "grad_norm": 15.113787531852722, "explained_variance": 0.9166603088378906, "action_std_mean": 0.3304612934589386, "optimizer_iterations": 4.0, "lr": 8.693376e-05}
{"step": 657408, "wall_time": 1790741271.3236423, "episodes_completed": 4.0, "mean_episode_reward": 28.459122896194458, "std_episode_reward": 23.121713004613465, "min_episode_reward": -9.853720664978027, "max_episode_reward": 46.931007385253906, "mean_episode_length": 121.75, "success_rate": 0.75, "collision_rate": 0.25, "out_of_bounds_rate": 0.0, "timeout_rate": 0.0, "policy_loss": -0.0022411139216274023, "value_loss": 0.22319156676530838, "entropy": 0.623109757900238, "approx_kl": 0.015799590619280934, "clip_fraction": 0.15283203125, "grad_norm": 6.423609256744385, "explained_variance": 0.9965544939041138, "action_std_mean": 0.33049917221069336, "optimizer_iterations": 4.0, "lr": 8.689280000000001e-05}
{"step": 659456, "wall_time": 1790741278.53096, "episodes_completed": 5.0, "mean_episode_reward": 20.165966320037843, "std_episode_reward": 19.228533435297287, "min_episode_reward": -6.950751781463623, "max_episode_reward": 40.871986389160156, "mean_episode_length": 119.0, "success_rate": 0.6, "collision_rate": 0.4, "out_of_bounds_rate": 0.0, "timeout_rate": 0.0, "policy_loss": -0.0020337365567684174, "value_loss": 2.37593013048172, "entropy": 0.6233149766921997, "approx_kl": 0.015015736455097795, "clip_fraction": 0.1317138671875, "grad_norm": 8.903302311897278, "explained_variance": 0.9519226551055908, "action_std_mean": 0.33055588603019714, "optimizer_iterations": 4.0, "lr": 8.685184e-05}
{"step": 661504, "wall_time": 1790741285.7783659, "episodes_completed": 5.0, "mean_episode_reward": 6.2064472258090975, "std_episode_reward": 13.032052242926477, "min_episode_reward": -10.962247848510742, "max_episode_reward": 25.194263458251953, "mean_episode_length": 114.8, "success_rate": 0.4, "collision_rate": 0.2, "out_of_bounds_rate": 0.0, "timeout_rate": 0.4, "policy_loss": 0.004533924628049135, "value_loss": 1.7236087918281555, "entropy": 0.6237177550792694, "approx_kl": 0.023203850723803043, "clip_fraction": 0.1597900390625, "grad_norm": 12.17842960357666, "explained_variance": 0.9722877740859985, "action_std_mean": 0.3306120038032532, "optimizer_iterations": 4.0, "lr": 8.681088000000001e-05}
{"step": 663552, "wall_time": 1790741292.9828308, "episodes_completed": 6.0, "mean_episode_reward": 12.159838897486528, "std_episode_reward": 18.433080232124567, "min_episode_reward": -7.43656063079834, "max_episode_reward": 40.96240997314453, "mean_episode_length": 66.0, "success_rate": 0.5, "collision_rate": 0.3333333333333333, "out_of_bounds_rate": 0.0, "timeout_rate": 0.16666666666666666, "policy_loss": 0.0126864705234766, "value_loss": 2.9456700682640076, "entropy": 0.6239741742610931, "approx_kl": 0.012276829686015844, "clip_fraction": 0.0767822265625, "grad_norm": 31.949049711227417, "explained_variance": 0.9398782253265381, "action_std_mean": 0.330636203289032, "optimizer_iterations": 4.0, "lr": 8.676992e-05}
{"step": 665600, "wall_time": 1790741300.1554234, "episodes_completed": 6.0, "mean_episode_reward": 19.501140356063843, "std_episode_reward": 16.037408253656505, "min_episode_reward": -4.548915386199951, "max_episode_reward": 48.87778091430664, "mean_episode_length": 96.33333333333333, "success_rate": 0.8333333333333334, "collision_rate": 0.16666666666666666, "out_of_bounds_rate": 0.0, "timeout_rate": 0.0, "policy_loss": 0.002915433142334223, "value_loss": 3.41109699010849, "entropy": 0.624096155166626, "approx_kl": 0.009751452482305467, "clip_fraction": 0.111328125, "grad_norm": 20.153401613235474, "explained_variance": 0.9044588208198547, "action_std_mean": 0.3306570053100586, "optimizer_iterations": 4.0, "lr": 8.672896e-05}
{"step": 667648, "wall_time": 1790741307.3989868, "episodes_completed": 4.0, "mean_episode_reward": 35.461552143096924, "std_episode_reward": 15.74504494977461, "min_episode_reward": 11.51695442199707, "max_episode_reward": 55.494483947753906, "mean_episode_length": 142.75, "success_rate": 1.0, "collision_rate": 0.0, "out_of_bounds_rate": 0.0, "timeout_rate": 0.0, "policy_loss": -0.0007860809564590454, "value_loss": 1.0215146243572235, "entropy": 0.6241932511329651, "approx_kl": 0.012339580105617642, "clip_fraction": 0.1260986328125, "grad_norm": 8.151065826416016, "explained_variance": 0.9767066240310669, "action_std_mean": 0.33064794540405273, "optimizer_iterations": 4.0, "lr": 8.668800000000001e-05}
{"step": 669696, "wall_time": 1790741314.6273837, "episodes_completed": 4.0, "mean_episode_reward": 19.528003692626953, "std_episode_reward": 29.98477719446867, "min_episode_reward": -10.472922325134277, "max_episode_reward": 55.02705383300781, "mean_episode_length": 111.25, "success_rate": 0.5, "collision_rate": 0.5, "out_of_bounds_rate": 0.0, "timeout_rate": 0.0, "policy_loss": -0.0009083254262804985, "value_loss": 1.1347675323486328, "entropy": 0.6240405440330505, "approx_kl": 0.008461539982818067, "clip_fraction": 0.1005859375, "grad_norm": 9.420891642570496, "explained_variance": 0.9773586988449097, "action_std_mean": 0.33060187101364136, "optimizer_iterations": 4.0, "lr": 8.664704e-05}
{"step": 671744, "wall_time": 1790741321.8537788, "episodes_completed": 6.0, "mean_episode_reward": 3.4810346364974976, "std_episode_reward": 10.903678564204961, "min_episode_reward": -10.012909889221191, "max_episode_reward": 16.299474716186523, "mean_episode_length": 65.5, "success_rate": 0.16666666666666666, "collision_rate": 0.6666666666666666, "out_of_bounds_rate": 0.0, "timeout_rate": 0.16666666666666666, "policy_loss": 0.00040950626134872437, "value_loss": 4.928977370262146, "entropy": 0.6237182319164276, "approx_kl": 0.008937132311984897, "clip_fraction": 0.0911865234375, "grad_norm": 31.021459341049194, "explained_variance": 0.8969159722328186, "action_std_mean": 0.33054038882255554, "optimizer_iterations": 4.0, "lr": 8.660608e-05}
{"step": 673792, "wall_time": 1790741329.0218709, "episodes_completed": 7.0, "mean_episode_reward": 18.155591515558108, "std_episode_reward": 22.05531704138424, "min_episode_reward": -9.157649993896484, "max_episode_reward": 51.02642059326172, "mean_episode_length": 94.85714285714286, "success_rate": 0.5714285714285714, "collision_rate": 0.2857142857142857, "out_of_bounds_rate": 0.0, "timeout_rate": 0.14285714285714285, "policy_loss": -0.0007856842130422592, "value_loss": 2.700769305229187, "entropy": 0.6233522295951843, "approx_kl": 0.005506582907401025, "clip_fraction": 0.059326171875, "grad_norm": 20.28406548500061, "explained_variance": 0.9413265585899353, "action_std_mean": 0.3304901719093323, "optimizer_iterations": 4.0, "lr": 8.656512000000002e-05}
{"step": 675840, "wall_time": 1790741336.2259378, "episodes_completed": 11.0, "mean_episode_reward": 4.81684719432484, "std_episode_reward": 15.860224705438341, "min_episode_reward": -10.144841194152832, "max_episode_reward": 36.37718200683594, "mean_episode_length": 69.63636363636364, "success_rate": 0.18181818181818182, "collision_rate": 0.8181818181818182, "out_of_bounds_rate": 0.0, "timeout_rate": 0.0, "policy_loss": 0.0102723422460258, "value_loss": 15.431335926055908, "entropy": 0.6230865716934204, "approx_kl": 0.015875283046625555, "clip_fraction": 0.1168212890625, "grad_norm": 37.30246829986572, "explained_variance": 0.730195164680481, "action_std_mean": 0.33045512437820435, "optimizer_iterations": 4.0, "lr": 8.652416000000001e-05}
{"step": 677888, "wall_time": 1790741343.3672674, "episodes_completed": 6.0, "mean_episode_reward": 20.86058298746745, "std_episode_reward": 19.237264436296574, "min_episode_reward": -10.529500007629395, "max_episode_reward": 37.328834533691406, "mean_episode_length": 107.66666666666667, "success_rate": 0.6666666666666666, "collision_rate": 0.3333333333333333, "out_of_bounds_rate": 0.0, "timeout_rate": 0.0, "policy_loss": -0.002930613700300455, "value_loss": 2.972397744655609, "entropy": 0.6229050755500793, "approx_kl": 0.006041851069312543, "clip_fraction": 0.0599365234375, "grad_norm": 8.552448034286499, "explained_variance": 0.9375042915344238, "action_std_mean": 0.33043795824050903, "optimizer_iterations": 4.0, "lr": 8.64832e-05}
{"step": 679936, "wall_time": 1790741350.6344044, "episodes_completed": 9.0, "mean_episode_reward": 13.589204945498043, "std_episode_reward": 15.459865299833673, "min_episode_reward": -10.360896110534668, "max_episode_reward": 37.013919830322266, "mean_episode_length": 86.11111111111111, "success_rate": 0.5555555555555556, "collision_rate": 0.2222222222222222, "out_of_bounds_rate": 0.0, "timeout_rate": 0.2222222222222222, "policy_loss": 0.0010682802821975201, "value_loss": 3.263647139072418, "entropy": 0.6228419542312622, "approx_kl": 0.007268024608492851, "clip_fraction": 0.077392578125, "grad_norm": 13.657274603843689, "explained_variance": 0.9196451902389526, "action_std_mean": 0.33044034242630005, "optimizer_iterations": 4.0, "lr": 8.644224000000001e-05}
{"step": 681984, "wall_time": 1790741357.6963172, "episodes_completed": 8.0, "mean_episode_reward": 41.17717671394348, "std_episode_reward": 13.349404036606813, "min_episode_reward": 20.127471923828125, "max_episode_reward": 54.98370361328125, "mean_episode_length": 167.75, "success_rate": 1.0, "collision_rate": 0.0, "out_of_bounds_rate": 0.0, "timeout_rate": 0.0, "policy_loss": 0.00045896926894783974, "value_loss": 0.8436930924654007, "entropy": 0.6228937804698944, "approx_kl": 0.010212831664830446, "clip_fraction": 0.1025390625, "grad_norm": 6.067510783672333, "explained_variance": 0.9141560792922974, "action_std_mean": 0.3304465413093567, "optimizer_iterations": 4.0, "lr": 8.640128000000001e-05}
{"step": 684032, "wall_time": 1790741364.8256414, "episodes_completed": 5.0, "mean_episode_reward": 16.82475366592407, "std_episode_reward": 24.177551945601063, "min_episode_reward": -6.117294788360596, "max_episode_reward": 60.53853225708008, "mean_episode_length": 106.6, "success_rate": 0.4, "collision_rate": 0.6, "out_of_bounds_rate": 0.0, "timeout_rate": 0.0, "policy_loss": 0.0009805168956518173, "value_loss": 4.415058493614197, "entropy": 0.6228854954242706, "approx_kl": 0.013027306529693305, "clip_fraction": 0.1094970703125, "grad_norm": 31.379687190055847, "explained_variance": 0.8953678607940674, "action_std_mean": 0.3304401636123657, "optimizer_iterations": 4.0, "lr": 8.636032e-05}
{"step": 686080, "wall_time": 1790741372.0585961, "episodes_completed": 9.0, "mean_episode_reward": 17.326829115549724, "std_episode_reward": 11.61302446711407, "min_episode_reward": -3.5312652587890625, "max_episode_reward": 32.15673065185547, "mean_episode_length": 72.88888888888889, "success_rate": 0.7777777777777778, "collision_rate": 0.2222222222222222, "out_of_bounds_rate": 0.0, "timeout_rate": 0.0, "policy_loss": -0.001110972836613655, "value_loss": 3.9014798998832703, "entropy": 0.622850090265274, "approx_kl": 0.008497548755258322, "clip_fraction": 0.0992431640625, "grad_norm": 13.250357151031494, "explained_variance": 0.9143352508544922, "action_std_mean": 0.33043497800827026, "optimizer_iterations": 4.0, "lr": 8.631936000000001e-05}
{"step": 688128, "wall_time": 1790741379.1623094, "episodes_completed": 5.0, "mean_episode_reward": 21.91420669555664, "std_episode_reward": 21.164697357251878, "min_episode_reward": -9.98953628540039, "max_episode_reward": 52.35000991821289, "mean_episode_length": 82.2, "success_rate": 0.8, "collision_rate": 0.2, "out_of_bounds_rate": 0.0, "timeout_rate": 0.0, "policy_loss": -0.0022914668079465628, "value_loss": 0.3628026321530342, "entropy": 0.6228212118148804, "approx_kl": 0.007343576988205314, "clip_fraction": 0.0997314453125, "grad_norm": 4.187710106372833, "explained_variance": 0.9934823513031006, "action_std_mean": 0.33042335510253906, "optimizer_iterations": 4.0, "lr": 8.62784e-05}
{"step": 690176, "wall_time": 1790741386.3952904, "episodes_completed": 4.0, "mean_episode_reward": 6.701611042022705, "std_episode_reward": 14.110695367252982, "min_episode_reward": -6.779358863830566, "max_episode_reward": 28.692298889160156, "mean_episode_length": 67.75, "success_rate": 0.25, "collision_rate": 0.75, "out_of_bounds_rate": 0.0, "timeout_rate": 0.0, "policy_loss": 0.0028128568083047867, "value_loss": 6.735632538795471, "entropy": 0.6226895749568939, "approx_kl": 0.013421803421806544, "clip_fraction": 0.1051025390625, "grad_norm": 17.392598867416382, "explained_variance": 0.87122642993927, "action_std_mean": 0.33040082454681396, "optimizer_iterations": 4.0, "lr": 8.623744e-05}
{"step": 692224, "wall_time": 1790741393.6151533, "episodes_completed": 1.0, "mean_episode_reward": 11.038782119750977, "std_episode_reward": 0.0, "min_episode_reward": 11.038782119750977, "max_episode_reward": 11.038782119750977, "mean_episode_length": 81.0, "success_rate": 1.0, "collision_rate": 0.0, "out_of_bounds_rate": 0.0, "timeout_rate": 0.0, "policy_loss": -0.0011042039841413498, "value_loss": 0.8109633773565292, "entropy": 0.6226089596748352, "approx_kl": 0.007031887653283775, "clip_fraction": 0.0799560546875, "grad_norm": 10.078064560890198, "explained_variance": 0.9846131801605225, "action_std_mean": 0.33040666580200195, "optimizer_iterations": 4.0, "lr": 8.619648e-05}
{"step": 694272, "wall_time": 1790741400.875131, "episodes_completed": 13.0, "mean_episode_reward": 10.446691553180035, "std_episode_reward": 21.59823032366835, "min_episode_reward": -10.226743698120117, "max_episode_reward": 54.148406982421875, "mean_episode_length": 94.61538461538461, "success_rate": 0.38461538461538464, "collision_rate": 0.46153846153846156, "out_of_bounds_rate": 0.0, "timeout_rate": 0.15384615384615385, "policy_loss": 0.00040375906974077225, "value_loss": 3.5486226081848145, "entropy": 0.6226801574230194, "approx_kl": 0.01413851440884173, "clip_fraction": 0.1165771484375, "grad_norm": 13.08210301399231, "explained_variance": 0.9242203235626221, "action_std_mean": 0.3304179906845093, "optimizer_iterations": 4.0, "lr": 8.615552e-05}
{"step": 696320, "wall_time": 1790741408.0782678, "episodes_completed": 9.0, "mean_episode_reward": 21.008089701334637, "std_episode_reward": 18.148130316810725, "min_episode_reward": -11.376798629760742, "max_episode_reward": 50.80329513549805, "mean_episode_length": 105.88888888888889, "success_rate": 0.6666666666666666, "collision_rate": 0.3333333333333333, "out_of_bounds_rate": 0.0, "timeout_rate": 0.0, "policy_loss": 0.0007049255073070526, "value_loss": 5.397600412368774, "entropy": 0.6227392256259918, "approx_kl": 0.008169649518094957, "clip_fraction": 0.0950927734375, "grad_norm": 14.543221831321716, "explained_variance": 0.8754630088806152, "action_std_mean": 0.3304280638694763, "optimizer_iterations": 4.0, "lr": 8.611456e-05}
{"step": 698368, "wall_time": 1790741415.3442655, "episodes_completed": 10.0, "mean_episode_reward": 13.502274020016193, "std_episode_reward": 18.53685028706504, "min_episode_reward": -9.902234077453613, "max_episode_reward": 54.67866134643555, "mean_episode_length": 91.6, "success_rate": 0.5, "collision_rate": 0.4, "out_of_bounds_rate": 0.0, "timeout_rate": 0.1, "policy_loss": 0.0027471331413835287, "value_loss": 3.190067410469055, "entropy": 0.6227919459342957, "approx_kl": 0.010029275435954332, "clip_fraction": 0.1077880859375, "grad_norm": 10.224446177482605, "explained_variance": 0.913303017616272, "action_std_mean": 0.33043068647384644, "optimizer_iterations": 4.0, "lr": 8.60736e-05}
{"step": 700416, "wall_time": 1790741422.6308217, "episodes_completed": 9.0, "mean_episode_reward": 25.76901298099094, "std_episode_reward": 20.194730667022355, "min_episode_reward": -3.94366455078125, "max_episode_reward": 57.570770263671875, "mean_episode_length": 132.66666666666666, "success_rate": 0.6666666666666666, "collision_rate": 0.3333333333333333, "out_of_bounds_rate": 0.0, "timeout_rate": 0.0, "policy_loss": 0.007553901057690382, "value_loss": 5.664146542549133, "entropy": 0.6228066980838776, "approx_kl": 0.012275018962100148, "clip_fraction": 0.1103515625, "grad_norm": 22.6479012966156, "explained_variance": 0.8003736734390259, "action_std_mean": 0.33044010400772095, "optimizer_iterations": 4.0, "lr": 8.603264e-05}
{"step": 702464, "wall_time": 1790741429.8554957, "episodes_completed": 9.0, "mean_episode_reward": 9.555278248257107, "std_episode_reward": 18.724931987284712, "min_episode_reward": -11.503463745117188, "max_episode_reward": 39.93772888183594, "mean_episode_length": 103.44444444444444, "success_rate": 0.2222222222222222, "collision_rate": 0.7777777777777778, "out_of_bounds_rate": 0.0, "timeout_rate": 0.0, "policy_loss": 0.0030006300657987595, "value_loss": 10.714686393737793, "entropy": 0.6229066252708435, "approx_kl": 0.010883953887969255, "clip_fraction": 0.1246337890625, "grad_norm": 24.309988021850586, "explained_variance": 0.8409255743026733, "action_std_mean": 0.3304669260978699, "optimizer_iterations": 4.0, "lr": 8.599168e-05}
{"step": 704512, "wall_time": 1790741437.1557865, "episodes_completed": 9.0, "mean_episode_reward": 13.334300888909233, "std_episode_reward": 21.084580286838463, "min_episode_reward": -9.939238548278809, "max_episode_reward": 56.313194274902344, "mean_episode_length": 76.55555555555556, "success_rate": 0.5555555555555556, "collision_rate": 0.4444444444444444, "out_of_bounds_rate": 0.0, "timeout_rate": 0.0, "policy_loss": 0.004361889790743589, "value_loss": 4.3286696672439575, "entropy": 0.6230778694152832, "approx_kl": 0.01140202023088932, "clip_fraction": 0.1136474609375, "grad_norm": 28.959023475646973, "explained_variance": 0.9203932285308838, "action_std_mean": 0.33049243688583374, "optimizer_iterations": 4.0, "lr": 8.595072000000001e-05}
{"step": 706560, "wall_time": 1790741444.3899872, "episodes_completed": 5.0, "mean_episode_reward": 26.067865943908693, "std_episode_reward": 11.363023195199858, "min_episode_reward": 10.124075889587402, "max_episode_reward": 41.4464111328125, "mean_episode_length": 106.6, "success_rate": 1.0, "collision_rate": 0.0, "out_of_bounds_rate": 0.0, "timeout_rate": 0.0, "policy_loss": 0.008526406716555357, "value_loss": 1.32721546292305, "entropy": 0.6232331395149231, "approx_kl": 0.012965966016054153, "clip_fraction": 0.10400390625, "grad_norm": 19.399447679519653, "explained_variance": 0.9745709896087646, "action_std_mean": 0.33052200078964233, "optimizer_iterations": 4.0, "lr": 8.590976e-05}
{"step": 708608, "wall_time": 1790741451.570598, "episodes_completed": 7.0, "mean_episode_reward": 16.69417299543108, "std_episode_reward": 22.443005264554692, "min_episode_reward": -10.099751472473145, "max_episode_reward": 59.734100341796875, "mean_episode_length": 119.71428571428571, "success_rate": 0.2857142857142857, "collision_rate": 0.7142857142857143, "out_of_bounds_rate": 0.0, "timeout_rate": 0.0, "policy_loss": -0.002376273740082979, "value_loss": 5.5003238916397095, "entropy": 0.6234353482723236, "approx_kl": 0.010147059452719986, "clip_fraction": 0.0897216796875, "grad_norm": 13.818903803825378, "explained_variance": 0.9138970375061035, "action_std_mean": 0.33056527376174927, "optimizer_iterations": 4.0, "lr": 8.58688e-05}
{"step": 710656, "wall_time": 1790741458.841221, "episodes_completed": 8.0, "mean_episode_reward": 8.035137414932251, "std_episode_reward": 14.07505113898117, "min_episode_reward": -9.962907791137695, "max_episode_reward": 27.53078842163086, "mean_episode_length": 65.0, "success_rate": 0.375, "collision_rate": 0.625, "out_of_bounds_rate": 0.0, "timeout_rate": 0.0, "policy_loss": -9.380211122334003e-05, "value_loss": 6.6089619398117065, "entropy": 0.6237289011478424, "approx_kl": 0.014348975382745266, "clip_fraction": 0.1201171875, "grad_norm": 23.86347246170044, "explained_variance": 0.8903595805168152, "action_std_mean": 0.33061665296554565, "optimizer_iterations": 4.0, "lr": 8.582784000000001e-05}
{"step": 712704, "wall_time": 1790741466.0541277, "episodes_completed": 10.0, "mean_episode_reward": 15.700985507667065, "std_episode_reward": 15.704626851333751, "min_episode_reward": -7.772668838500977, "max_episode_reward": 42.57107162475586, "mean_episode_length": 108.4, "success_rate": 0.6, "collision_rate": 0.2, "out_of_bounds_rate": 0.0, "timeout_rate": 0.2, "policy_loss": -0.0023474186891689897, "value_loss": 3.5396901965141296, "entropy": 0.6240163147449493, "approx_kl": 0.008838975802063942, "clip_fraction": 0.0804443359375, "grad_norm": 25.105464458465576, "explained_variance": 0.9066413044929504, "action_std_mean": 0.33064988255500793, "optimizer_iterations": 4.0, "lr": 8.578688e-05}
{"step": 714752, "wall_time": 1790741473.251607, "episodes_completed": 12.0, "mean_episode_reward": 14.43262513478597, "std_episode_reward": 16.64807770055614, "min_episode_reward": -9.864890098571777, "max_episode_reward": 45.67021560668945, "mean_episode_length": 82.83333333333333, "success_rate": 0.5, "collision_rate": 0.5, "out_of_bounds_rate": 0.0, "timeout_rate": 0.0, "policy_loss": 0.005626061232760549, "value_loss": 6.1886433362960815, "entropy": 0.6241581439971924, "approx_kl": 0.01091505354270339, "clip_fraction": 0.1170654296875, "grad_norm": 25.049274921417236, "explained_variance": 0.8510894775390625, "action_std_mean": 0.33066344261169434, "optimizer_iterations": 4.0, "lr": 8.574592e-05}
{"step": 716800, "wall_time": 1790741480.4268425, "episodes_completed": 9.0, "mean_episode_reward": 9.268799675835503, "std_episode_reward": 15.688911468380661, "min_episode_reward": -11.098180770874023, "max_episode_reward": 33.15589141845703, "mean_episode_length": 76.44444444444444, "success_rate": 0.4444444444444444, "collision_rate": 0.5555555555555556, "out_of_bounds_rate": 0.0, "timeout_rate": 0.0, "policy_loss": 0.0005796363111585379, "value_loss": 3.275857448577881, "entropy": 0.624224990606308, "approx_kl": 0.009686267003417015, "clip_fraction": 0.093017578125, "grad_norm": 13.886398315429688, "explained_variance": 0.941494345664978, "action_std_mean": 0.33066922426223755, "optimizer_iterations": 4.0, "lr": 8.570496e-05}
{"step": 718848, "wall_time": 1790741487.6398578, "episodes_completed": 5.0, "mean_episode_reward": 21.49458780288696, "std_episode_reward": 14.006720126118568, "min_episode_reward": -4.3421244621276855, "max_episode_reward": 35.65494155883789, "mean_episode_length": 95.2, "success_rate": 0.8, "collision_rate": 0.2, "out_of_bounds_rate": 0.0, "timeout_rate": 0.0, "policy_loss": -0.0010086293914355338, "value_loss": 1.6254383325576782, "entropy": 0.6242557764053345, "approx_kl": 0.013549101073294878, "clip_fraction": 0.1060791015625, "grad_norm": 11.6339670419693, "explained_variance": 0.9580774903297424, "action_std_mean": 0.3306736350059509, "optimizer_iterations": 4.0, "lr": 8.566400000000001e-05}
{"step": 720896, "wall_time": 1790741495.0121849, "episodes_completed": 7.0, "mean_episode_reward": 26.027495656694686, "std_episode_reward": 15.551954735421385, "min_episode_reward": -6.382149696350098, "max_episode_reward": 45.34284210205078, "mean_episode_length": 117.14285714285714, "success_rate": 0.8571428571428571, "collision_rate": 0.14285714285714285, "out_of_bounds_rate": 0.0, "timeout_rate": 0.0, "policy_loss": -0.002246215764898807, "value_loss": 0.7346472293138504, "entropy": 0.6242849826812744, "approx_kl": 0.011159445624798536, "clip_fraction": 0.10986328125, "grad_norm": 8.055675625801086, "explained_variance": 0.9834663271903992, "action_std_mean": 0.3306858539581299, "optimizer_iterations": 4.0, "lr": 8.562304e-05}
{"step": 722944, "wall_time": 1790741502.320989, "episodes_completed": 6.0, "mean_episode_reward": 16.883819421132404, "std_episode_reward": 16.896930164363166, "min_episode_reward": -7.439438819885254, "max_episode_reward": 45.56561279296875, "mean_episode_length": 112.83333333333333, "success_rate": 0.5, "collision_rate": 0.5, "out_of_bounds_rate": 0.0, "timeout_rate": 0.0, "policy_loss": 0.00713694654405117, "value_loss": 4.579108119010925, "entropy": 0.6243979632854462, "approx_kl": 0.011202828027307987, "clip_fraction": 0.1123046875, "grad_norm": 21.49647331237793, "explained_variance": 0.8955872058868408, "action_std_mean": 0.3307086229324341, "optimizer_iterations": 4.0, "lr": 8.558208000000001e-05}
{"step": 724992, "wall_time": 1790741509.5613954, "episodes_completed": 5.0, "mean_episode_reward": 3.463452172279358, "std_episode_reward": 13.015641843955093, "min_episode_reward": -9.922905921936035, "max_episode_reward": 25.275678634643555, "mean_episode_length": 81.6, "success_rate": 0.2, "collision_rate": 0.6, "out_of_bounds_rate": 0.0, "timeout_rate": 0.2, "policy_loss": 0.0021635424345731735, "value_loss": 2.9092400670051575, "entropy": 0.6244953274726868, "approx_kl": 0.007734985556453466, "clip_fraction": 0.084228515625, "grad_norm": 15.689981937408447, "explained_variance": 0.9555666446685791, "action_std_mean": 0.33070456981658936, "optimizer_iterations": 4.0, "lr": 8.554112000000001e-05}
{"step": 727040, "wall_time": 1790741516.79726, "episodes_completed": 6.0, "mean_episode_reward": 3.0807851975162825, "std_episode_reward": 10.329302078050517, "min_episode_reward": -9.26482105255127, "max_episode_reward": 22.324413299560547, "mean_episode_length": 73.83333333333333, "success_rate": 0.16666666666666666, "collision_rate": 0.5, "out_of_bounds_rate": 0.0, "timeout_rate": 0.3333333333333333, "policy_loss": 0.0008459612727165222, "value_loss": 5.649226784706116, "entropy": 0.6244121491909027, "approx_kl": 0.00581555490498431, "clip_fraction": 0.0634765625, "grad_norm": 18.766029715538025, "explained_variance": 0.9033647775650024, "action_std_mean": 0.330679714679718, "optimizer_iterations": 4.0, "lr": 8.550016e-05}
{"step": 729088, "wall_time": 1790741524.043946, "episodes_completed": 9.0, "mean_episode_reward": 10.986767902970314, "std_episode_reward": 13.617503685148115, "min_episode_reward": -9.414948463439941, "max_episode_reward": 34.01750946044922, "mean_episode_length": 81.88888888888889, "success_rate": 0.6666666666666666, "collision_rate": 0.2222222222222222, "out_of_bounds_rate": 0.0, "timeout_rate": 0.1111111111111111, "policy_loss": -0.0012275166809558868, "value_loss": 2.635198652744293, "entropy": 0.624218612909317, "approx_kl": 0.008528319536708295, "clip_fraction": 0.0946044921875, "grad_norm": 9.934317111968994, "explained_variance": 0.9124024510383606, "action_std_mean": 0.3306350111961365, "optimizer_iterations": 4.0, "lr": 8.545920000000001e-05}
{"step": 731136, "wall_time": 1790741531.1558328, "episodes_completed": 11.0, "mean_episode_reward": 18.096610069274902, "std_episode_reward": 15.275182826531493, "min_episode_reward": -8.873910903930664, "max_episode_reward": 45.862701416015625, "mean_episode_length": 92.54545454545455, "success_rate": 0.6363636363636364, "collision_rate": 0.36363636363636365, "out_of_bounds_rate": 0.0, "timeout_rate": 0.0, "policy_loss": 0.009833920747041702, "value_loss": 8.204874753952026, "entropy": 0.6239491701126099, "approx_kl": 0.016219367273151875, "clip_fraction": 0.14892578125, "grad_norm": 36.94219470024109, "explained_variance": 0.7172139883041382, "action_std_mean": 0.3305984437465668, "optimizer_iterations": 4.0, "lr": 8.541824e-05}
{"step": 733184, "wall_time": 1790741538.290861, "episodes_completed": 11.0, "mean_episode_reward": 21.26706431128762, "std_episode_reward": 11.898522540153051, "min_episode_reward": -3.83329439163208, "max_episode_reward": 39.5767936706543, "mean_episode_length": 94.36363636363636, "success_rate": 0.7272727272727273, "collision_rate": 0.2727272727272727, "out_of_bounds_rate": 0.0, "timeout_rate": 0.0, "policy_loss": 0.00982827553525567, "value_loss": 5.199207663536072, "entropy": 0.623767614364624, "approx_kl": 0.025209777057170868, "clip_fraction": 0.1546630859375, "grad_norm": 20.829965829849243, "explained_variance": 0.7075260877609253, "action_std_mean": 0.3305758833885193, "optimizer_iterations": 4.0, "lr": 8.537728e-05}
{"step": 735232, "wall_time": 1790741545.563551, "episodes_completed": 6.0, "mean_episode_reward": 28.01017697652181, "std_episode_reward": 6.265778174625949, "min_episode_reward": 16.972984313964844, "max_episode_reward": 35.64471435546875, "mean_episode_length": 134.66666666666666, "success_rate": 0.8333333333333334, "collision_rate": 0.16666666666666666, "out_of_bounds_rate": 0.0, "timeout_rate": 0.0, "policy_loss": 0.01656517433002591, "value_loss": 3.2728259563446045, "entropy": 0.6236438155174255, "approx_kl": 0.018534102011471987, "clip_fraction": 0.1357421875, "grad_norm": 21.889204740524292, "explained_variance": 0.8659660816192627, "action_std_mean": 0.33056333661079407, "optimizer_iterations": 4.0, "lr": 8.533632e-05}
{"step": 737280, "wall_time": 1790741552.7815945, "episodes_completed": 6.0, "mean_episode_reward": 17.717523177464802, "std_episode_reward": 15.90874434473772, "min_episode_reward": -3.497807025909424, "max_episode_reward": 38.113182067871094, "mean_episode_length": 105.66666666666667, "success_rate": 0.5, "collision_rate": 0.5, "out_of_bounds_rate": 0.0, "timeout_rate": 0.0, "policy_loss": 0.012176189571619034, "value_loss": 9.78875732421875, "entropy": 0.6236009895801544, "approx_kl": 0.017915336648002267, "clip_fraction": 0.1185302734375, "grad_norm": 37.084712982177734, "explained_variance": 0.5681827068328857, "action_std_mean": 0.3305615186691284, "optimizer_iterations": 4.0, "lr": 8.529536e-05}
{"step": 739328, "wall_time": 1790741560.0390208, "episodes_completed": 7.0, "mean_episode_reward": 11.596677643912178, "std_episode_reward": 19.214018795793187, "min_episode_reward": -7.961874008178711, "max_episode_reward": 41.098243713378906, "mean_episode_length": 93.14285714285714, "success_rate": 0.5714285714285714, "collision_rate": 0.42857142857142855, "out_of_bounds_rate": 0.0, "timeout_rate": 0.0, "policy_loss": -0.001564438920468092, "value_loss": 3.594978392124176, "entropy": 0.623602956533432, "approx_kl": 0.00847120676189661, "clip_fraction": 0.080322265625, "grad_norm": 22.66029191017151, "explained_variance": 0.888173520565033, "action_std_mean": 0.3305712938308716, "optimizer_iterations": 4.0, "lr": 8.52544e-05}
{"step": 741376, "wall_time": 1790741567.349521, "episodes_completed": 4.0, "mean_episode_reward": 15.791818380355835, "std_episode_reward": 6.012560503881053, "min_episode_reward": 6.231317520141602, "max_episode_reward": 21.79322052001953, "mean_episode_length": 103.25, "success_rate": 0.75, "collision_rate": 0.25, "out_of_bounds_rate": 0.0, "timeout_rate": 0.0, "policy_loss": 0.00384128512814641, "value_loss": 2.0554595291614532, "entropy": 0.6236657500267029, "approx_kl": 0.00940796418581158, "clip_fraction": 0.0933837890625, "grad_norm": 13.8785001039505, "explained_variance": 0.9572386145591736, "action_std_mean": 0.3305737376213074, "optimizer_iterations": 4.0, "lr": 8.521344e-05}
{"step": 743424, "wall_time": 1790741574.531442, "episodes_completed": 5.0, "mean_episode_reward": 26.791313934326173, "std_episode_reward": 17.048930842434963, "min_episode_reward": 10.206942558288574, "max_episode_reward": 54.55669403076172, "mean_episode_length": 98.0, "success_rate": 1.0, "collision_rate": 0.0, "out_of_bounds_rate": 0.0, "timeout_rate": 0.0, "policy_loss": -0.0001935394247993827, "value_loss": 0.39571481943130493, "entropy": 0.6237150430679321, "approx_kl": 0.010990683687850833, "clip_fraction": 0.1107177734375, "grad_norm": 7.401516556739807, "explained_variance": 0.9898791909217834, "action_std_mean": 0.3305991291999817, "optimizer_iterations": 4.0, "lr": 8.517248e-05}
{"step": 745472, "wall_time": 1790741581.7329228, "episodes_completed": 6.0, "mean_episode_reward": 6.86855515340964, "std_episode_reward": 10.471660306368607, "min_episode_reward": -9.890374183654785, "max_episode_reward": 19.25950813293457, "mean_episode_length": 57.0, "success_rate": 0.5, "collision_rate": 0.3333333333333333, "out_of_bounds_rate": 0.0, "timeout_rate": 0.16666666666666666, "policy_loss": 0.03352781664580107, "value_loss": 2.0942604541778564, "entropy": 0.6239027678966522, "approx_kl": 0.03571773134171963, "clip_fraction": 0.0987548828125, "grad_norm": 16.068674564361572, "explained_variance": 0.9613141417503357, "action_std_mean": 0.3306388258934021, "optimizer_iterations": 4.0, "lr": 8.513152e-05}
{"step": 747520, "wall_time": 1790741588.979351, "episodes_completed": 5.0, "mean_episode_reward": 18.719515991210937, "std_episode_reward": 11.078674484417352, "min_episode_reward": 2.6252689361572266, "max_episode_reward": 33.73655700683594, "mean_episode_length": 111.6, "success_rate": 0.4, "collision_rate": 0.6, "out_of_bounds_rate": 0.0, "timeout_rate": 0.0, "policy_loss": -0.0021218848414719105, "value_loss": 6.066304445266724, "entropy": 0.624179482460022, "approx_kl": 0.015274128294549882, "clip_fraction": 0.0592041015625, "grad_norm": 20.20335340499878, "explained_variance": 0.8614673614501953, "action_std_mean": 0.3306882083415985, "optimizer_iterations": 4.0, "lr": 8.509056000000001e-05}
{"step": 749568, "wall_time": 1790741596.1789055, "episodes_completed": 7.0, "mean_episode_reward": 14.776238011462349, "std_episode_reward": 13.187704998124488, "min_episode_reward": -0.29785361886024475, "max_episode_reward": 43.283470153808594, "mean_episode_length": 118.85714285714286, "success_rate": 0.7142857142857143, "collision_rate": 0.14285714285714285, "out_of_bounds_rate": 0.0, "timeout_rate": 0.14285714285714285, "policy_loss": 0.0012534726411104202, "value_loss": 1.6525277197360992, "entropy": 0.6244606077671051, "approx_kl": 0.008682166109792888, "clip_fraction": 0.0721435546875, "grad_norm": 9.228010892868042, "explained_variance": 0.9703578352928162, "action_std_mean": 0.3307245671749115, "optimizer_iterations": 4.0, "lr": 8.50496e-05}
{"step": 751616, "wall_time": 1790741603.3123014, "episodes_completed": 7.0, "mean_episode_reward": 14.332194373011589, "std_episode_reward": 12.504186742023073, "min_episode_reward": -3.9804744720458984, "max_episode_reward": 34.58555603027344, "mean_episode_length": 104.28571428571429, "success_rate": 0.42857142857142855, "collision_rate": 0.42857142857142855, "out_of_bounds_rate": 0.0, "timeout_rate": 0.14285714285714285, "policy_loss": 0.0068830205127596855, "value_loss": 5.924854040145874, "entropy": 0.6246438324451447, "approx_kl": 0.011941198725253344, "clip_fraction": 0.1097412109375, "grad_norm": 31.34347915649414, "explained_variance": 0.8534804582595825, "action_std_mean": 0.33074504137039185, "optimizer_iterations": 4.0, "lr": 8.500864e-05}
{"step": 753664, "wall_time": 1790741610.4380395, "episodes_completed": 6.0, "mean_episode_reward": 12.048964341481527, "std_episode_reward": 20.657939684901596, "min_episode_reward": -9.818647384643555, "max_episode_reward": 41.394287109375, "mean_episode_length": 70.0, "success_rate": 0.5, "collision_rate": 0.5, "out_of_bounds_rate": 0.0, "timeout_rate": 0.0, "policy_loss": 0.003431623335927725, "value_loss": 4.533400774002075, "entropy": 0.6247285604476929, "approx_kl": 0.007643588352948427, "clip_fraction": 0.0863037109375, "grad_norm": 19.93779182434082, "explained_variance": 0.8787056803703308, "action_std_mean": 0.3307454586029053, "optimizer_iterations": 4.0, "lr": 8.496768000000001e-05}
{"step": 755712, "wall_time": 1790741617.6588535, "episodes_completed": 8.0, "mean_episode_reward": 22.057820796966553, "std_episode_reward": 13.694164378365986, "min_episode_reward": -9.79268741607666, "max_episode_reward": 35.47431182861328, "mean_episode_length": 101.125, "success_rate": 0.75, "collision_rate": 0.25, "out_of_bounds_rate": 0.0, "timeout_rate": 0.0, "policy_loss": 0.004281403962522745, "value_loss": 3.837537944316864, "entropy": 0.62471142411232, "approx_kl": 0.02049029804766178, "clip_fraction": 0.2177734375, "grad_norm": 22.737460613250732, "explained_variance": 0.8526181578636169, "action_std_mean": 0.3307502269744873, "optimizer_iterations": 4.0, "lr": 8.492672e-05}
{"step": 757760, "wall_time": 1790741624.875993, "episodes_completed": 7.0, "mean_episode_reward": 13.196581159319196, "std_episode_reward": 16.841508401040112, "min_episode_reward": -9.381933212280273, "max_episode_reward": 40.85218811035156, "mean_episode_length": 89.71428571428571, "success_rate": 0.5714285714285714, "collision_rate": 0.42857142857142855, "out_of_bounds_rate": 0.0, "timeout_rate": 0.0, "policy_loss": 0.005795272998511791, "value_loss": 4.048351407051086, "entropy": 0.6247867345809937, "approx_kl": 0.017230524914339185, "clip_fraction": 0.1644287109375, "grad_norm": 17.41089415550232, "explained_variance": 0.9180612564086914, "action_std_mean": 0.33077138662338257, "optimizer_iterations": 4.0, "lr": 8.488576e-05}
{"step": 759808, "wall_time": 1790741632.0193882, "episodes_completed": 7.0, "mean_episode_reward": 27.0327205657959, "std_episode_reward": 14.067401300600125, "min_episode_reward": 2.561380386352539, "max_episode_reward": 50.480594635009766, "mean_episode_length": 104.71428571428571, "success_rate": 0.8571428571428571, "collision_rate": 0.14285714285714285, "out_of_bounds_rate": 0.0, "timeout_rate": 0.0, "policy_loss": -0.002436197828501463, "value_loss": 1.7960871756076813, "entropy": 0.624918669462204, "approx_kl": 0.004307649272959679, "clip_fraction": 0.04833984375, "grad_norm": 12.7734956741333, "explained_variance": 0.9514936804771423, "action_std_mean": 0.3307890295982361, "optimizer_iterations": 4.0, "lr": 8.48448e-05}
{"step": 761856, "wall_time": 1790741639.2001255, "episodes_completed": 4.0, "mean_episode_reward": 9.044660046696663, "std_episode_reward": 23.22333825803136, "min_episode_reward": -8.834183692932129, "max_episode_reward": 48.88630294799805, "mean_episode_length": 132.5, "success_rate": 0.25, "collision_rate": 0.5, "out_of_bounds_rate": 0.0, "timeout_rate": 0.25, "policy_loss": 0.0032397229224443436, "value_loss": 3.883832097053528, "entropy": 0.6250065863132477, "approx_kl": 0.006284307921305299, "clip_fraction": 0.06005859375, "grad_norm": 17.086854338645935, "explained_variance": 0.9166483283042908, "action_std_mean": 0.33079832792282104, "optimizer_iterations": 4.0, "lr": 8.480384e-05}
{"step": 763904, "wall_time": 1790741646.5168288, "episodes_completed": 8.0, "mean_episode_reward": 8.998544995673, "std_episode_reward": 17.169478448861526, "min_episode_reward": -10.040945053100586, "max_episode_reward": 38.889007568359375, "mean_episode_length": 61.0, "success_rate": 0.375, "collision_rate": 0.5, "out_of_bounds_rate": 0.0, "timeout_rate": 0.125, "policy_loss": 8.516618981957436e-05, "value_loss": 2.752691864967346, "entropy": 0.6250533163547516, "approx_kl": 0.010381428175605834, "clip_fraction": 0.097412109375, "grad_norm": 17.54574692249298, "explained_variance": 0.9354689717292786, "action_std_mean": 0.330804705619812, "optimizer_iterations": 4.0, "lr": 8.476288e-05}
{"step": 765952, "wall_time": 1790741653.7297454, "episodes_completed": 8.0, "mean_episode_reward": 18.8763644695282, "std_episode_reward": 13.689667835918637, "min_episode_reward": -9.720961570739746, "max_episode_reward": 37.030513763427734, "mean_episode_length": 99.125, "success_rate": 0.625, "collision_rate": 0.375, "out_of_bounds_rate": 0.0, "timeout_rate": 0.0, "policy_loss": 0.00194779213052243, "value_loss": 3.5032010078430176, "entropy": 0.625102311372757, "approx_kl": 0.008459054864943027, "clip_fraction": 0.0863037109375, "grad_norm": 14.240327835083008, "explained_variance": 0.9156598448753357, "action_std_mean": 0.3308178782463074, "optimizer_iterations": 4.0, "lr": 8.472192000000001e-05}
{"step": 768000, "wall_time": 1790741660.93545, "episodes_completed": 5.0, "mean_episode_reward": 19.256296920776368, "std_episode_reward": 9.60997057029861, "min_episode_reward": 8.666054725646973, "max_episode_reward": 33.364173889160156, "mean_episode_length": 77.6, "success_rate": 0.8, "collision_rate": 0.2, "out_of_bounds_rate": 0.0, "timeout_rate": 0.0, "policy_loss": -0.0014296344015747309, "value_loss": 2.7166380882263184, "entropy": 0.6251860857009888, "approx_kl": 0.009602941805496812, "clip_fraction": 0.076171875, "grad_norm": 12.223975777626038, "explained_variance": 0.9270005822181702, "action_std_mean": 0.3308295011520386, "optimizer_iterations": 4.0, "lr": 8.468096000000001e-05}
{"step": 770048, "wall_time": 1790741668.2269964, "episodes_completed": 4.0, "mean_episode_reward": 11.182944536209106, "std_episode_reward": 14.121932314370625, "min_episode_reward": -9.659355163574219, "max_episode_reward": 29.981719970703125, "mean_episode_length": 120.75, "success_rate": 0.25, "collision_rate": 0.75, "out_of_bounds_rate": 0.0, "timeout_rate": 0.0, "policy_loss": -0.0025299368426203728, "value_loss": 3.089021325111389, "entropy": 0.6252520084381104, "approx_kl": 0.00831479812040925, "clip_fraction": 0.079345703125, "grad_norm": 16.05262792110443, "explained_variance": 0.9291284680366516, "action_std_mean": 0.3308446407318115, "optimizer_iterations": 4.0, "lr": 8.464e-05}
{"step": 772096, "wall_time": 1790741675.3440151, "episodes_completed": 3.0, "mean_episode_reward": 18.2471464574337, "std_episode_reward": 13.357030096471826, "min_episode_reward": 0.3936801254749298, "max_episode_reward": 32.51763153076172, "mean_episode_length": 130.33333333333334, "success_rate": 0.6666666666666666, "collision_rate": 0.0, "out_of_bounds_rate": 0.0, "timeout_rate": 0.3333333333333333, "policy_loss": 0.0030488839256577194, "value_loss": 0.8885893821716309, "entropy": 0.6253270506858826, "approx_kl": 0.014167249202728271, "clip_fraction": 0.0826416015625, "grad_norm": 10.485706686973572, "explained_variance": 0.9772653579711914, "action_std_mean": 0.33084654808044434, "optimizer_iterations": 4.0, "lr": 8.459904000000001e-05}
{"step": 774144, "wall_time": 1790741682.5700803, "episodes_completed": 6.0, "mean_episode_reward": 16.261082475384075, "std_episode_reward": 18.63019892500862, "min_episode_reward": -9.89999771118164, "max_episode_reward": 47.25670623779297, "mean_episode_length": 124.33333333333333, "success_rate": 0.6666666666666666, "collision_rate": 0.16666666666666666, "out_of_bounds_rate": 0.0, "timeout_rate": 0.16666666666666666, "policy_loss": 0.0021555633284151554, "value_loss": 1.306382417678833, "entropy": 0.6253440082073212, "approx_kl": 0.03646665997803211, "clip_fraction": 0.1746826171875, "grad_norm": 9.531788349151611, "explained_variance": 0.9674527645111084, "action_std_mean": 0.33085358142852783, "optimizer_iterations": 4.0, "lr": 8.455808e-05}
{"step": 776192, "wall_time": 1790741689.795608, "episodes_completed": 6.0, "mean_episode_reward": 9.890395482381185, "std_episode_reward": 17.23697725575088, "min_episode_reward": -9.949570655822754, "max_episode_reward": 34.918338775634766, "mean_episode_length": 96.33333333333333, "success_rate": 0.3333333333333333, "collision_rate": 0.6666666666666666, "out_of_bounds_rate": 0.0, "timeout_rate": 0.0, "policy_loss": 0.0020057731308043003, "value_loss": 2.87876558303833, "entropy": 0.6254041790962219, "approx_kl": 0.019685428822413087, "clip_fraction": 0.1846923828125, "grad_norm": 16.410597801208496, "explained_variance": 0.958942711353302, "action_std_mean": 0.3308682441711426, "optimizer_iterations": 4.0, "lr": 8.451712e-05}
{"step": 778240, "wall_time": 1790741697.0653994, "episodes_completed": 6.0, "mean_episode_reward": 12.630510202298561, "std_episode_reward": 21.49466198555227, "min_episode_reward": -10.924264907836914, "max_episode_reward": 47.290809631347656, "mean_episode_length": 135.16666666666666, "success_rate": 0.5, "collision_rate": 0.3333333333333333, "out_of_bounds_rate": 0.0, "timeout_rate": 0.16666666666666666, "policy_loss": -0.002105590421706438, "value_loss": 2.5679426193237305, "entropy": 0.6255184710025787, "approx_kl": 0.014632973819971085, "clip_fraction": 0.142578125, "grad_norm": 8.366554021835327, "explained_variance": 0.9557009339332581, "action_std_mean": 0.3308858275413513, "optimizer_iterations": 4.0, "lr": 8.447616e-05}
{"step": 780288, "wall_time": 1790741704.3355212, "episodes_completed": 9.0, "mean_episode_reward": 15.471835189395481, "std_episode_reward": 8.994476234906651, "min_episode_reward": -2.3946518898010254, "max_episode_reward": 26.984813690185547, "mean_episode_length": 71.22222222222223, "success_rate": 0.6666666666666666, "collision_rate": 0.3333333333333333, "out_of_bounds_rate": 0.0, "timeout_rate": 0.0, "policy_loss": 0.0027737044729292393, "value_loss": 4.262118101119995, "entropy": 0.6255882382392883, "approx_kl": 0.020799905061721802, "clip_fraction": 0.1658935546875, "grad_norm": 19.146388053894043, "explained_variance": 0.9170956611633301, "action_std_mean": 0.33088648319244385, "optimizer_iterations": 4.0, "lr": 8.44352e-05}
{"step": 782336, "wall_time": 1790741711.5321558, "episodes_completed": 11.0, "mean_episode_reward": 15.986718833446503, "std_episode_reward": 14.621636108997317, "min_episode_reward": -9.887743949890137, "max_episode_reward": 36.47959899902344, "mean_episode_length": 95.0909090909091, "success_rate": 0.6363636363636364, "collision_rate": 0.2727272727272727, "out_of_bounds_rate": 0.0, "timeout_rate": 0.09090909090909091, "policy_loss": 0.001397430314682424, "value_loss": 2.6631829142570496, "entropy": 0.6255882978439331, "approx_kl": 0.025376826990395784, "clip_fraction": 0.1268310546875, "grad_norm": 19.21291410923004, "explained_variance": 0.9350945353507996, "action_std_mean": 0.3308875858783722, "optimizer_iterations": 4.0, "lr": 8.439424000000001e-05}
{"step": 784384, "wall_time": 1790741718.798092, "episodes_completed": 7.0, "mean_episode_reward": 9.263141427721296, "std_episode_reward": 21.713453196951765, "min_episode_reward": -11.231045722961426, "max_episode_reward": 47.767154693603516, "mean_episode_length": 91.28571428571429, "success_rate": 0.2857142857142857, "collision_rate": 0.7142857142857143, "out_of_bounds_rate": 0.0, "timeout_rate": 0.0, "policy_loss": 0.0017254408448934555, "value_loss": 4.976439952850342, "entropy": 0.6256044507026672, "approx_kl": 0.01890482334420085, "clip_fraction": 0.16455078125, "grad_norm": 18.679322600364685, "explained_variance": 0.8939622640609741, "action_std_mean": 0.33089450001716614, "optimizer_iterations": 4.0, "lr": 8.435328e-05}
{"step": 786432, "wall_time": 1790741726.0648892, "episodes_completed": 6.0, "mean_episode_reward": 28.087524096171062, "std_episode_reward": 8.985573037280576, "min_episode_reward": 16.657621383666992, "max_episode_reward": 40.14912796020508, "mean_episode_length": 152.5, "success_rate": 0.8333333333333334, "collision_rate": 0.16666666666666666, "out_of_bounds_rate": 0.0, "timeout_rate": 0.0, "policy_loss": -0.0010977326892316341, "value_loss": 2.926770806312561, "entropy": 0.6256648600101471, "approx_kl": 0.018286867765709758, "clip_fraction": 0.1444091796875, "grad_norm": 14.381669759750366, "explained_variance": 0.9214236736297607, "action_std_mean": 0.33090484142303467, "optimizer_iterations": 4.0, "lr": 8.431232e-05}
{"step": 788480, "wall_time": 1790741733.2400374, "episodes_completed": 9.0, "mean_episode_reward": 16.507617526584202, "std_episode_reward": 23.431544710756096, "min_episode_reward": -9.85793685913086, "max_episode_reward": 47.55718231201172, "mean_episode_length": 119.44444444444444, "success_rate": 0.4444444444444444, "collision_rate": 0.5555555555555556, "out_of_bounds_rate": 0.0, "timeout_rate": 0.0, "policy_loss": -0.0011698637390509248, "value_loss": 2.816138207912445, "entropy": 0.6257064938545227, "approx_kl": 0.01041410444304347, "clip_fraction": 0.078857421875, "grad_norm": 16.932260990142822, "explained_variance": 0.9509217143058777, "action_std_mean": 0.33090275526046753, "optimizer_iterations": 4.0, "lr": 8.427136e-05}
{"step": 790528, "wall_time": 1790741740.4672017, "episodes_completed": 5.0, "mean_episode_reward": 14.41395606994629, "std_episode_reward": 15.260709288957736, "min_episode_reward": -5.305522918701172, "max_episode_reward": 29.65747833251953, "mean_episode_length": 81.8, "success_rate": 0.6, "collision_rate": 0.4, "out_of_bounds_rate": 0.0, "timeout_rate": 0.0, "policy_loss": 0.004351436626166105, "value_loss": 2.529565751552582, "entropy": 0.62566277384758, "approx_kl": 0.022173732053488493, "clip_fraction": 0.1165771484375, "grad_norm": 19.212339520454407, "explained_variance": 0.9527340531349182, "action_std_mean": 0.33089351654052734, "optimizer_iterations": 4.0, "lr": 8.42304e-05}
{"step": 792576, "wall_time": 1790741747.7571092, "episodes_completed": 11.0, "mean_episode_reward": 15.23509389703924, "std_episode_reward": 13.302417312186927, "min_episode_reward": -4.135045051574707, "max_episode_reward": 32.443023681640625, "mean_episode_length": 67.45454545454545, "success_rate": 0.6363636363636364, "collision_rate": 0.36363636363636365, "out_of_bounds_rate": 0.0, "timeout_rate": 0.0, "policy_loss": 0.00404388434253633, "value_loss": 5.878523945808411, "entropy": 0.6256251931190491, "approx_kl": 0.023946143221110106, "clip_fraction": 0.15234375, "grad_norm": 27.530442118644714, "explained_variance": 0.8960574865341187, "action_std_mean": 0.33089160919189453, "optimizer_iterations": 4.0, "lr": 8.418944e-05}
{"step": 794624, "wall_time": 1790741754.9573338, "episodes_completed": 11.0, "mean_episode_reward": 21.83633600581776, "std_episode_reward": 25.665516422526583, "min_episode_reward": -10.856382369995117, "max_episode_reward": 55.87540054321289, "mean_episode_length": 133.54545454545453, "success_rate": 0.5454545454545454, "collision_rate": 0.36363636363636365, "out_of_bounds_rate": 0.0, "timeout_rate": 0.09090909090909091, "policy_loss": -0.00013573153410106897, "value_loss": 3.21109539270401, "entropy": 0.6256365776062012, "approx_kl": 0.009128943318501115, "clip_fraction": 0.0863037109375, "grad_norm": 18.214671969413757, "explained_variance": 0.9150897860527039, "action_std_mean": 0.3308945894241333, "optimizer_iterations": 4.0, "lr": 8.414848e-05}
{"step": 796672, "wall_time": 1790741762.1260798, "episodes_completed": 6.0, "mean_episode_reward": 16.790664354960125, "std_episode_reward": 22.06783154287515, "min_episode_reward": -11.472551345825195, "max_episode_reward": 50.87580108642578, "mean_episode_length": 105.83333333333333, "success_rate": 0.6666666666666666, "collision_rate": 0.3333333333333333, "out_of_bounds_rate": 0.0, "timeout_rate": 0.0, "policy_loss": 0.0055524129420518875, "value_loss": 2.499289870262146, "entropy": 0.6256002187728882, "approx_kl": 0.013065159088000655, "clip_fraction": 0.1085205078125, "grad_norm": 14.17764687538147, "explained_variance": 0.9324759244918823, "action_std_mean": 0.330866277217865, "optimizer_iterations": 4.0, "lr": 8.410752000000001e-05}
{"step": 798720, "wall_time": 1790741769.3567395, "episodes_completed": 13.0, "mean_episode_reward": 14.41507838322566, "std_episode_reward": 17.101259012172584, "min_episode_reward": -10.069364547729492, "max_episode_reward": 43.92765808105469, "mean_episode_length": 78.38461538461539, "success_rate": 0.5384615384615384, "collision_rate": 0.46153846153846156, "out_of_bounds_rate": 0.0, "timeout_rate": 0.0, "policy_loss": 0.00334983691573143, "value_loss": 9.02970814704895, "entropy": 0.6253917217254639, "approx_kl": 0.01426147622987628, "clip_fraction": 0.14404296875, "grad_norm": 46.27313280105591, "explained_variance": 0.7723771929740906, "action_std_mean": 0.33083510398864746, "optimizer_iterations": 4.0, "lr": 8.406656e-05}
{"step": 800768, "wall_time": 1790741776.484866, "episodes_completed": 4.0, "mean_episode_reward": 15.486128330230713, "std_episode_reward": 16.31773697332518, "min_episode_reward": -12.143386840820312, "max_episode_reward": 30.105680465698242, "mean_episode_length": 113.0, "success_rate": 0.75, "collision_rate": 0.25, "out_of_bounds_rate": 0.0, "timeout_rate": 0.0, "policy_loss": -0.0018895177636295557, "value_loss": 1.0500322878360748, "entropy": 0.6252710521221161, "approx_kl": 0.027284279698505998, "clip_fraction": 0.1268310546875, "grad_norm": 8.458455324172974, "explained_variance": 0.973444938659668, "action_std_mean": 0.3308297395706177, "optimizer_iterations": 4.0, "lr": 8.402560000000001e-05}
{"step": 802816, "wall_time": 1790741783.6628294, "episodes_completed": 7.0, "mean_episode_reward": 19.458230563572474, "std_episode_reward": 14.906862242160452, "min_episode_reward": -8.857954978942871, "max_episode_reward": 44.796348571777344, "mean_episode_length": 96.57142857142857, "success_rate": 0.7142857142857143, "collision_rate": 0.2857142857142857, "out_of_bounds_rate": 0.0, "timeout_rate": 0.0, "policy_loss": 0.0015251608565449715, "value_loss": 2.442428708076477, "entropy": 0.6252534985542297, "approx_kl": 0.011641095392405987, "clip_fraction": 0.095703125, "grad_norm": 12.316965579986572, "explained_variance": 0.9589158296585083, "action_std_mean": 0.3308243155479431, "optimizer_iterations": 4.0, "lr": 8.398464e-05}
{"step": 804864, "wall_time": 1790741790.7831051, "episodes_completed": 3.0, "mean_episode_reward": 19.03564167022705, "std_episode_reward": 25.618398283397873, "min_episode_reward": -10.796433448791504, "max_episode_reward": 51.755863189697266, "mean_episode_length": 159.0, "success_rate": 0.3333333333333333, "collision_rate": 0.6666666666666666, "out_of_bounds_rate": 0.0, "timeout_rate": 0.0, "policy_loss": -0.001562674849992618, "value_loss": 2.504210889339447, "entropy": 0.6252061426639557, "approx_kl": 0.005535885808058083, "clip_fraction": 0.064208984375, "grad_norm": 16.636284947395325, "explained_variance": 0.962417483329773, "action_std_mean": 0.33080947399139404, "optimizer_iterations": 4.0, "lr": 8.394368e-05}
{"step": 806912, "wall_time": 1790741798.0058577, "episodes_completed": 6.0, "mean_episode_reward": 14.275655190149942, "std_episode_reward": 17.065726612857294, "min_episode_reward": -9.849199295043945, "max_episode_reward": 34.75759506225586, "mean_episode_length": 101.66666666666667, "success_rate": 0.6666666666666666, "collision_rate": 0.3333333333333333, "out_of_bounds_rate": 0.0, "timeout_rate": 0.0, "policy_loss": -0.002092663140501827, "value_loss": 3.400627315044403, "entropy": 0.625112771987915, "approx_kl": 0.014158440986648202, "clip_fraction": 0.1298828125, "grad_norm": 14.04439663887024, "explained_variance": 0.9206878542900085, "action_std_mean": 0.33079326152801514, "optimizer_iterations": 4.0, "lr": 8.390272000000001e-05}
{"step": 808960, "wall_time": 1790741805.2000165, "episodes_completed": 6.0, "mean_episode_reward": 0.5370678901672363, "std_episode_reward": 14.08796077214355, "min_episode_reward": -9.843335151672363, "max_episode_reward": 31.059154510498047, "mean_episode_length": 43.833333333333336, "success_rate": 0.16666666666666666, "collision_rate": 0.8333333333333334, "out_of_bounds_rate": 0.0, "timeout_rate": 0.0, "policy_loss": 0.0011407306883484125, "value_loss": 5.218665242195129, "entropy": 0.6250292360782623, "approx_kl": 0.007187494309619069, "clip_fraction": 0.078369140625, "grad_norm": 29.04509973526001, "explained_variance": 0.916815459728241, "action_std_mean": 0.33079075813293457, "optimizer_iterations": 4.0, "lr": 8.386176e-05}
{"step": 811008, "wall_time": 1790741812.3332942, "episodes_completed": 17.0, "mean_episode_reward": 11.162913661231013, "std_episode_reward": 18.71886956381371, "min_episode_reward": -10.782374382019043, "max_episode_reward": 42.22943115234375, "mean_episode_length": 72.41176470588235, "success_rate": 0.47058823529411764, "collision_rate": 0.4117647058823529, "out_of_bounds_rate": 0.0, "timeout_rate": 0.11764705882352941, "policy_loss": 0.0002851687022484839, "value_loss": 2.749844253063202, "entropy": 0.6250386536121368, "approx_kl": 0.011596614844165742, "clip_fraction": 0.1212158203125, "grad_norm": 21.6596941947937, "explained_variance": 0.9471607804298401, "action_std_mean": 0.33079206943511963, "optimizer_iterations": 4.0, "lr": 8.382080000000001e-05}
{"step": 813056, "wall_time": 1790741819.4934077, "episodes_completed": 7.0, "mean_episode_reward": 15.18910353737218, "std_episode_reward": 12.444508551442318, "min_episode_reward": 0.017717376351356506, "max_episode_reward": 42.49492645263672, "mean_episode_length": 99.0, "success_rate": 0.42857142857142855, "collision_rate": 0.42857142857142855, "out_of_bounds_rate": 0.0, "timeout_rate": 0.14285714285714285, "policy_loss": 0.01647840067744255, "value_loss": 4.886613368988037, "entropy": 0.6250299513339996, "approx_kl": 0.1628396101295948, "clip_fraction": 0.152587890625, "grad_norm": 25.416468143463135, "explained_variance": 0.8852172493934631, "action_std_mean": 0.3307894468307495, "optimizer_iterations": 4.0, "lr": 8.377984e-05}
{"step": 815104, "wall_time": 1790741826.7029538, "episodes_completed": 2.0, "mean_episode_reward": 21.249561309814453, "std_episode_reward": 0.9093818664550781, "min_episode_reward": 20.340179443359375, "max_episode_reward": 22.15894317626953, "mean_episode_length": 109.5, "success_rate": 0.5, "collision_rate": 0.5, "out_of_bounds_rate": 0.0, "timeout_rate": 0.0, "policy_loss": 0.00046460237354040146, "value_loss": 3.129905343055725, "entropy": 0.6250117123126984, "approx_kl": 0.027325536124408245, "clip_fraction": 0.1297607421875, "grad_norm": 12.191541194915771, "explained_variance": 0.9003608226776123, "action_std_mean": 0.3307836055755615, "optimizer_iterations": 4.0, "lr": 8.373888000000001e-05}
{"step": 817152, "wall_time": 1790741833.938168, "episodes_completed": 6.0, "mean_episode_reward": 18.70988114674886, "std_episode_reward": 5.90107861990133, "min_episode_reward": 11.35935115814209, "max_episode_reward": 27.299299240112305, "mean_episode_length": 59.666666666666664, "success_rate": 1.0, "collision_rate": 0.0, "out_of_bounds_rate": 0.0, "timeout_rate": 0.0, "policy_loss": 0.001333680935204029, "value_loss": 1.1390635669231415, "entropy": 0.6249482333660126, "approx_kl": 0.013521911110728979, "clip_fraction": 0.1419677734375, "grad_norm": 10.309256792068481, "explained_variance": 0.9706012010574341, "action_std_mean": 0.33076658844947815, "optimizer_iterations": 4.0, "lr": 8.369792e-05}
{"step": 819200, "wall_time": 1790741841.154419, "episodes_completed": 6.0, "mean_episode_reward": 25.282602310180664, "std_episode_reward": 16.335252013697787, "min_episode_reward": -4.587076187133789, "max_episode_reward": 48.907432556152344, "mean_episode_length": 118.66666666666667, "success_rate": 0.8333333333333334, "collision_rate": 0.16666666666666666, "out_of_bounds_rate": 0.0, "timeout_rate": 0.0, "policy_loss": -7.744412869215012e-05, "value_loss": 2.0962453484535217, "entropy": 0.6248328685760498, "approx_kl": 0.01464317599311471, "clip_fraction": 0.128173828125, "grad_norm": 12.874481678009033, "explained_variance": 0.9444380402565002, "action_std_mean": 0.33074870705604553, "optimizer_iterations": 4.0, "lr": 8.365696000000001e-05}
{"step": 821248, "wall_time": 1790741848.5164943, "episodes_completed": 6.0, "mean_episode_reward": 14.422047217686972, "std_episode_reward": 12.495120620859664, "min_episode_reward": -2.9777321815490723, "max_episode_reward": 31.493690490722656, "mean_episode_length": 106.0, "success_rate": 0.5, "collision_rate": 0.5, "out_of_bounds_rate": 0.0, "timeout_rate": 0.0, "policy_loss": 0.0056460145860910416, "value_loss": 3.7913447618484497, "entropy": 0.6247444152832031, "approx_kl": 0.016890066443011165, "clip_fraction": 0.10009765625, "grad_norm": 17.038352012634277, "explained_variance": 0.8763377666473389, "action_std_mean": 0.3307410776615143, "optimizer_iterations": 4.0, "lr": 8.361600000000001e-05}
{"step": 823296, "wall_time": 1790741855.7036235, "episodes_completed": 10.0, "mean_episode_reward": 7.034736897051334, "std_episode_reward": 19.00604538937634, "min_episode_reward": -14.877097129821777, "max_episode_reward": 39.33854675292969, "mean_episode_length": 128.5, "success_rate": 0.2, "collision_rate": 0.5, "out_of_bounds_rate": 0.0, "timeout_rate": 0.3, "policy_loss": -0.0009956927970051765, "value_loss": 3.4132518768310547, "entropy": 0.6247221827507019, "approx_kl": 0.02239106991328299, "clip_fraction": 0.194580078125, "grad_norm": 16.208893060684204, "explained_variance": 0.9414288401603699, "action_std_mean": 0.3307444751262665, "optimizer_iterations": 4.0, "lr": 8.357504e-05}
{"step": 825344, "wall_time": 1790741862.8740444, "episodes_completed": 5.0, "mean_episode_reward": 21.836694526672364, "std_episode_reward": 20.24165761099486, "min_episode_reward": -10.020036697387695, "max_episode_reward": 50.71307373046875, "mean_episode_length": 109.6, "success_rate": 0.6, "collision_rate": 0.4, "out_of_bounds_rate": 0.0, "timeout_rate": 0.0, "policy_loss": 0.0005519925616681576, "value_loss": 2.9994789361953735, "entropy": 0.6247639060020447, "approx_kl": 0.0322201163507998, "clip_fraction": 0.0863037109375, "grad_norm": 19.194215536117554, "explained_variance": 0.9147142171859741, "action_std_mean": 0.33075153827667236, "optimizer_iterations": 4.0, "lr": 8.353408000000001e-05}
{"step": 827392, "wall_time": 1790741870.1595073, "episodes_completed": 7.0, "mean_episode_reward": 17.40964780535017, "std_episode_reward": 14.99338064276492, "min_episode_reward": -8.020772933959961, "max_episode_reward": 36.262081146240234, "mean_episode_length": 73.14285714285714, "success_rate": 0.7142857142857143, "collision_rate": 0.2857142857142857, "out_of_bounds_rate": 0.0, "timeout_rate": 0.0, "policy_loss": -0.0006781108677387238, "value_loss": 3.054448425769806, "entropy": 0.6248070299625397, "approx_kl": 0.01881494896952063, "clip_fraction": 0.1072998046875, "grad_norm": 28.885884761810303, "explained_variance": 0.9170984625816345, "action_std_mean": 0.33076125383377075, "optimizer_iterations": 4.0, "lr": 8.349312e-05}
{"step": 829440, "wall_time": 1790741877.3536675, "episodes_completed": 6.0, "mean_episode_reward": 1.8959513542552788, "std_episode_reward": 10.09428778198015, "min_episode_reward": -9.050241470336914, "max_episode_reward": 15.659793853759766, "mean_episode_length": 60.0, "success_rate": 0.3333333333333333, "collision_rate": 0.5, "out_of_bounds_rate": 0.0, "timeout_rate": 0.16666666666666666, "policy_loss": -0.000759329239372164, "value_loss": 4.370508313179016, "entropy": 0.6248677372932434, "approx_kl": 0.013739189540501684, "clip_fraction": 0.089599609375, "grad_norm": 26.120392203330994, "explained_variance": 0.929144024848938, "action_std_mean": 0.33077123761177063, "optimizer_iterations": 4.0, "lr": 8.345216e-05}
{"step": 831488, "wall_time": 1790741884.4701107, "episodes_completed": 4.0, "mean_episode_reward": 29.930298805236816, "std_episode_reward": 7.098720938966137, "min_episode_reward": 23.52648162841797, "max_episode_reward": 40.87813186645508, "mean_episode_length": 110.0, "success_rate": 1.0, "collision_rate": 0.0, "out_of_bounds_rate": 0.0, "timeout_rate": 0.0, "policy_loss": -9.036739356815815e-05, "value_loss": 0.4240131303668022, "entropy": 0.6248621344566345, "approx_kl": 0.010311869787983596, "clip_fraction": 0.1090087890625, "grad_norm": 7.309999585151672, "explained_variance": 0.9895373582839966, "action_std_mean": 0.33073291182518005, "optimizer_iterations": 4.0, "lr": 8.34112e-05}
{"step": 833536, "wall_time": 1790741891.675719, "episodes_completed": 7.0, "mean_episode_reward": 3.3885702405657088, "std_episode_reward": 11.397334242995452, "min_episode_reward": -11.755608558654785, "max_episode_reward": 20.1414852142334, "mean_episode_length": 55.0, "success_rate": 0.2857142857142857, "collision_rate": 0.7142857142857143, "out_of_bounds_rate": 0.0, "timeout_rate": 0.0, "policy_loss": 0.013149634934961796, "value_loss": 5.106893301010132, "entropy": 0.6245445609092712, "approx_kl": 0.10702097229659557, "clip_fraction": 0.1168212890625, "grad_norm": 21.753642559051514, "explained_variance": 0.9008000493049622, "action_std_mean": 0.33068013191223145, "optimizer_iterations": 4.0, "lr": 8.337024e-05}
{"step": 835584, "wall_time": 1790741898.8547363, "episodes_completed": 5.0, "mean_episode_reward": 12.728980445861817, "std_episode_reward": 17.78661959210735, "min_episode_reward": -11.31280517578125, "max_episode_reward": 29.328842163085938, "mean_episode_length": 93.8, "success_rate": 0.6, "collision_rate": 0.4, "out_of_bounds_rate": 0.0, "timeout_rate": 0.0, "policy_loss": -0.0005348557606339455, "value_loss": 1.613208919763565, "entropy": 0.6242742240428925, "approx_kl": 0.007491949945688248, "clip_fraction": 0.0955810546875, "grad_norm": 12.057474613189697, "explained_variance": 0.9709540605545044, "action_std_mean": 0.33065569400787354, "optimizer_iterations": 4.0, "lr": 8.332928e-05}
{"step": 837632, "wall_time": 1790741906.0571241, "episodes_completed": 7.0, "mean_episode_reward": 12.50376272201538, "std_episode_reward": 19.991984141162266, "min_episode_reward": -11.710180282592773, "max_episode_reward": 47.32537078857422, "mean_episode_length": 92.57142857142857, "success_rate": 0.5714285714285714, "collision_rate": 0.42857142857142855, "out_of_bounds_rate": 0.0, "timeout_rate": 0.0, "policy_loss": -0.00039671058766543865, "value_loss": 2.4420133233070374, "entropy": 0.6241845488548279, "approx_kl": 0.012437651690561324, "clip_fraction": 0.1026611328125, "grad_norm": 23.841347575187683, "explained_variance": 0.9571431875228882, "action_std_mean": 0.3306479752063751, "optimizer_iterations": 4.0, "lr": 8.328832e-05}
{"step": 839680, "wall_time": 1790741913.322692, "episodes_completed": 8.0, "mean_episode_reward": 24.589128840714693, "std_episode_reward": 18.893641862721825, "min_episode_reward": -4.255015850067139, "max_episode_reward": 51.89540100097656, "mean_episode_length": 126.625, "success_rate": 0.75, "collision_rate": 0.125, "out_of_bounds_rate": 0.0, "timeout_rate": 0.125, "policy_loss": 0.003262771526351571, "value_loss": 2.5020896792411804, "entropy": 0.6241853833198547, "approx_kl": 0.012151663191616535, "clip_fraction": 0.0892333984375, "grad_norm": 13.899192452430725, "explained_variance": 0.9459740519523621, "action_std_mean": 0.3306748867034912, "optimizer_iterations": 4.0, "lr": 8.324736000000001e-05}
{"step": 841728, "wall_time": 1790741920.7165623, "episodes_completed": 8.0, "mean_episode_reward": 14.19460254907608, "std_episode_reward": 17.742753429728484, "min_episode_reward": -9.995909690856934, "max_episode_reward": 50.66428756713867, "mean_episode_length": 118.625, "success_rate": 0.5, "collision_rate": 0.5, "out_of_bounds_rate": 0.0, "timeout_rate": 0.0, "policy_loss": 0.001267249695956707, "value_loss": 7.415254354476929, "entropy": 0.6244000494480133, "approx_kl": 0.011350034328643233, "clip_fraction": 0.12060546875, "grad_norm": 54.176108598709106, "explained_variance": 0.8581174612045288, "action_std_mean": 0.3307077884674072, "optimizer_iterations": 4.0, "lr": 8.32064e-05}
{"step": 843776, "wall_time": 1790741927.9541519, "episodes_completed": 12.0, "mean_episode_reward": 15.942017475763956, "std_episode_reward": 19.07625714207565, "min_episode_reward": -9.91082763671875, "max_episode_reward": 49.087921142578125, "mean_episode_length": 83.58333333333333, "success_rate": 0.5833333333333334, "collision_rate": 0.4166666666666667, "out_of_bounds_rate": 0.0, "timeout_rate": 0.0, "policy_loss": 0.003669281955808401, "value_loss": 4.206851005554199, "entropy": 0.6245695650577545, "approx_kl": 0.010730566922575235, "clip_fraction": 0.10498046875, "grad_norm": 20.876835346221924, "explained_variance": 0.8963016867637634, "action_std_mean": 0.33073580265045166, "optimizer_iterations": 4.0, "lr": 8.316544000000001e-05}
{"step": 845824, "wall_time": 1790741935.0779858, "episodes_completed": 10.0, "mean_episode_reward": 15.2004563331604, "std_episode_reward": 19.41810093268798, "min_episode_reward": -9.860567092895508, "max_episode_reward": 51.482418060302734, "mean_episode_length": 98.4, "success_rate": 0.4, "collision_rate": 0.6, "out_of_bounds_rate": 0.0, "timeout_rate": 0.0, "policy_loss": 0.009041390992933884, "value_loss": 6.515706419944763, "entropy": 0.6247560679912567, "approx_kl": 0.016901889932341874, "clip_fraction": 0.1571044921875, "grad_norm": 21.91051459312439, "explained_variance": 0.8824042677879333, "action_std_mean": 0.3307662010192871, "optimizer_iterations": 4.0, "lr": 8.312448e-05}
{"step": 847872, "wall_time": 1790741942.2742155, "episodes_completed": 3.0, "mean_episode_reward": 24.82315190633138, "std_episode_reward": 19.88087606294895, "min_episode_reward": 6.638490676879883, "max_episode_reward": 52.48595428466797, "mean_episode_length": 119.66666666666667, "success_rate": 0.6666666666666666, "collision_rate": 0.3333333333333333, "out_of_bounds_rate": 0.0, "timeout_rate": 0.0, "policy_loss": 0.00794267636956647, "value_loss": 2.490191638469696, "entropy": 0.6249023079872131, "approx_kl": 0.026439296547323465, "clip_fraction": 0.19873046875, "grad_norm": 13.086990594863892, "explained_variance": 0.9483801126480103, "action_std_mean": 0.3307752013206482, "optimizer_iterations": 4.0, "lr": 8.308352e-05}
{"step": 849920, "wall_time": 1790741949.4692502, "episodes_completed": 10.0, "mean_episode_reward": 15.746942407265305, "std_episode_reward": 14.619251004994284, "min_episode_reward": -3.948613166809082, "max_episode_reward": 41.95209503173828, "mean_episode_length": 79.0, "success_rate": 0.6, "collision_rate": 0.3, "out_of_bounds_rate": 0.0, "timeout_rate": 0.1, "policy_loss": 0.0019666794105432928, "value_loss": 4.407649040222168, "entropy": 0.6249338984489441, "approx_kl": 0.01847607409581542, "clip_fraction": 0.1673583984375, "grad_norm": 31.771457195281982, "explained_variance": 0.9076255559921265, "action_std_mean": 0.3307808041572571, "optimizer_iterations": 4.0, "lr": 8.304256000000001e-05}
{"step": 851968, "wall_time": 1790741956.8093016, "episodes_completed": 4.0, "mean_episode_reward": 20.512123346328735, "std_episode_reward": 5.971895866114258, "min_episode_reward": 13.471720695495605, "max_episode_reward": 29.708908081054688, "mean_episode_length": 115.75, "success_rate": 0.5, "collision_rate": 0.5, "out_of_bounds_rate": 0.0, "timeout_rate": 0.0, "policy_loss": 0.011928129475563765, "value_loss": 2.6953970193862915, "entropy": 0.6249797344207764, "approx_kl": 0.07196824438869953, "clip_fraction": 0.150634765625, "grad_norm": 41.425177335739136, "explained_variance": 0.9434114098548889, "action_std_mean": 0.3307882249355316, "optimizer_iterations": 4.0, "lr": 8.30016e-05}
{"step": 854016, "wall_time": 1790741964.1097598, "episodes_completed": 7.0, "mean_episode_reward": 9.55395119530814, "std_episode_reward": 16.4744318697782, "min_episode_reward": -7.359817028045654, "max_episode_reward": 41.19550323486328, "mean_episode_length": 59.142857142857146, "success_rate": 0.42857142857142855, "collision_rate": 0.5714285714285714, "out_of_bounds_rate": 0.0, "timeout_rate": 0.0, "policy_loss": 0.007754071149975061, "value_loss": 1.5706025958061218, "entropy": 0.625022828578949, "approx_kl": 0.008692442090250552, "clip_fraction": 0.05517578125, "grad_norm": 20.753984451293945, "explained_variance": 0.964987576007843, "action_std_mean": 0.3307977020740509, "optimizer_iterations": 4.0, "lr": 8.296064e-05}
{"step": 856064, "wall_time": 1790741971.3424091, "episodes_completed": 6.0, "mean_episode_reward": 16.72779782861471, "std_episode_reward": 19.67884725547324, "min_episode_reward": -6.35966157913208, "max_episode_reward": 45.2459716796875, "mean_episode_length": 112.83333333333333, "success_rate": 0.5, "collision_rate": 0.3333333333333333, "out_of_bounds_rate": 0.0, "timeout_rate": 0.16666666666666666, "policy_loss": 0.004238555207848549, "value_loss": 3.2215014696121216, "entropy": 0.6251054108142853, "approx_kl": 0.011616658885031939, "clip_fraction": 0.1392822265625, "grad_norm": 16.007184386253357, "explained_variance": 0.9391124844551086, "action_std_mean": 0.33082151412963867, "optimizer_iterations": 4.0, "lr": 8.291968000000002e-05}
{"step": 858112, "wall_time": 1790741978.558117, "episodes_completed": 11.0, "mean_episode_reward": 7.920897887511686, "std_episode_reward": 19.634278972325298, "min_episode_reward": -10.604806900024414, "max_episode_reward": 43.165435791015625, "mean_episode_length": 101.18181818181819, "success_rate": 0.18181818181818182, "collision_rate": 0.7272727272727273, "out_of_bounds_rate": 0.0, "timeout_rate": 0.09090909090909091, "policy_loss": -0.0012378390820231289, "value_loss": 5.084380865097046, "entropy": 0.6252513825893402, "approx_kl": 0.011557374382391572, "clip_fraction": 0.0653076171875, "grad_norm": 24.14655089378357, "explained_variance": 0.9185550808906555, "action_std_mean": 0.3308335542678833, "optimizer_iterations": 4.0, "lr": 8.287872000000001e-05}
{"step": 860160, "wall_time": 1790741985.66865, "episodes_completed": 0.0, "mean_episode_reward": NaN, "std_episode_reward": NaN, "min_episode_reward": NaN, "max_episode_reward": NaN, "mean_episode_length": NaN, "success_rate": NaN, "collision_rate": NaN, "out_of_bounds_rate": NaN, "timeout_rate": NaN, "policy_loss": -0.0015029455535113811, "value_loss": 0.6207585781812668, "entropy": 0.6252885162830353, "approx_kl": 0.007675470202229917, "clip_fraction": 0.0814208984375, "grad_norm": 10.29564368724823, "explained_variance": 0.9822402596473694, "action_std_mean": 0.33084896206855774, "optimizer_iterations": 4.0, "lr": 8.283776e-05}
{"step": 862208, "wall_time": 1790741992.8886743, "episodes_completed": 10.0, "mean_episode_reward": 3.032662057876587, "std_episode_reward": 10.396573256120393, "min_episode_reward": -9.867413520812988, "max_episode_reward": 19.730758666992188, "mean_episode_length": 43.5, "success_rate": 0.3, "collision_rate": 0.6, "out_of_bounds_rate": 0.0, "timeout_rate": 0.1, "policy_loss": 0.006411719601601362, "value_loss": 4.085374295711517, "entropy": 0.6254471242427826, "approx_kl": 0.018967091105878353, "clip_fraction": 0.1893310546875, "grad_norm": 37.419663190841675, "explained_variance": 0.919680118560791, "action_std_mean": 0.3308802545070648, "optimizer_iterations": 4.0, "lr": 8.279680000000001e-05}
{"step": 864256, "wall_time": 1790742000.0412188, "episodes_completed": 12.0, "mean_episode_reward": 11.966580867767334, "std_episode_reward": 13.664293481817076, "min_episode_reward": -8.953742980957031, "max_episode_reward": 41.93832778930664, "mean_episode_length": 56.083333333333336, "success_rate": 0.6666666666666666, "collision_rate": 0.3333333333333333, "out_of_bounds_rate": 0.0, "timeout_rate": 0.0, "policy_loss": 0.001167699578218162, "value_loss": 7.024351477622986, "entropy": 0.625616729259491, "approx_kl": 0.009197065024636686, "clip_fraction": 0.098388671875, "grad_norm": 25.720826029777527, "explained_variance": 0.8430143594741821, "action_std_mean": 0.3309006094932556, "optimizer_iterations": 4.0, "lr": 8.275584000000001e-05}
{"step": 866304, "wall_time": 1790742007.2358246, "episodes_completed": 10.0, "mean_episode_reward": 8.089855051040649, "std_episode_reward": 13.140451421963606, "min_episode_reward": -9.884068489074707, "max_episode_reward": 21.468496322631836, "mean_episode_length": 64.3, "success_rate": 0.4, "collision_rate": 0.6, "out_of_bounds_rate": 0.0, "timeout_rate": 0.0, "policy_loss": 0.0038026865222491324, "value_loss": 4.031521260738373, "entropy": 0.6256852746009827, "approx_kl": 0.014882580609992146, "clip_fraction": 0.13916015625, "grad_norm": 19.670852661132812, "explained_variance": 0.9328562021255493, "action_std_mean": 0.33089208602905273, "optimizer_iterations": 4.0, "lr": 8.271488e-05}
{"step": 868352, "wall_time": 1790742014.5534377, "episodes_completed": 4.0, "mean_episode_reward": 17.923980236053467, "std_episode_reward": 24.098131679028647, "min_episode_reward": -8.217870712280273, "max_episode_reward": 44.12360382080078, "mean_episode_length": 102.75, "success_rate": 0.5, "collision_rate": 0.5, "out_of_bounds_rate": 0.0, "timeout_rate": 0.0, "policy_loss": 0.005096205044537783, "value_loss": 2.250652849674225, "entropy": 0.6255694329738617, "approx_kl": 0.008630184456706047, "clip_fraction": 0.0906982421875, "grad_norm": 12.376675605773926, "explained_variance": 0.9418230652809143, "action_std_mean": 0.3308592140674591, "optimizer_iterations": 4.0, "lr": 8.267392000000001e-05}
{"step": 870400, "wall_time": 1790742021.7899566, "episodes_completed": 8.0, "mean_episode_reward": 14.61418228968978, "std_episode_reward": 18.53058452099307, "min_episode_reward": -9.573742866516113, "max_episode_reward": 53.54164505004883, "mean_episode_length": 136.25, "success_rate": 0.375, "collision_rate": 0.5, "out_of_bounds_rate": 0.0, "timeout_rate": 0.125, "policy_loss": 0.0019355500116944313, "value_loss": 3.352325975894928, "entropy": 0.625341385602951, "approx_kl": 0.009993839310482144, "clip_fraction": 0.0977783203125, "grad_norm": 18.979815244674683, "explained_variance": 0.9205529093742371, "action_std_mean": 0.330815851688385, "optimizer_iterations": 4.0, "lr": 8.263296e-05}
{"step": 872448, "wall_time": 1790742029.1002858, "episodes_completed": 6.0, "mean_episode_reward": -0.9522128899892172, "std_episode_reward": 3.9370677459540375, "min_episode_reward": -4.426040172576904, "max_episode_reward": 7.195764541625977, "mean_episode_length": 57.666666666666664, "success_rate": 0.0, "collision_rate": 1.0, "out_of_bounds_rate": 0.0, "timeout_rate": 0.0, "policy_loss": 0.0001340413000434637, "value_loss": 5.343093633651733, "entropy": 0.6250817775726318, "approx_kl": 0.011443275259807706, "clip_fraction": 0.1175537109375, "grad_norm": 35.764851093292236, "explained_variance": 0.7599892616271973, "action_std_mean": 0.3307802081108093, "optimizer_iterations": 4.0, "lr": 8.2592e-05}
{"step": 874496, "wall_time": 1790742036.2775834, "episodes_completed": 6.0, "mean_episode_reward": 4.47598759829998, "std_episode_reward": 11.954579388095777, "min_episode_reward": -10.116071701049805, "max_episode_reward": 21.217788696289062, "mean_episode_length": 110.0, "success_rate": 0.5, "collision_rate": 0.3333333333333333, "out_of_bounds_rate": 0.0, "timeout_rate": 0.16666666666666666, "policy_loss": 0.0039013284258544445, "value_loss": 1.6464065611362457, "entropy": 0.6249197125434875, "approx_kl": 0.01820303127169609, "clip_fraction": 0.1568603515625, "grad_norm": 14.30083692073822, "explained_variance": 0.9306699633598328, "action_std_mean": 0.33076754212379456, "optimizer_iterations": 4.0, "lr": 8.255104e-05}
{"step": 876544, "wall_time": 1790742043.494912, "episodes_completed": 6.0, "mean_episode_reward": 11.893001536528269, "std_episode_reward": 16.095071160107935, "min_episode_reward": -7.267050266265869, "max_episode_reward": 44.54713439941406, "mean_episode_length": 79.83333333333333, "success_rate": 0.5, "collision_rate": 0.3333333333333333, "out_of_bounds_rate": 0.0, "timeout_rate": 0.16666666666666666, "policy_loss": -0.0032505644485354424, "value_loss": 0.9632363319396973, "entropy": 0.6248347759246826, "approx_kl": 0.010387547081336379, "clip_fraction": 0.09375, "grad_norm": 7.66190242767334, "explained_variance": 0.9848151803016663, "action_std_mean": 0.3307424485683441, "optimizer_iterations": 4.0, "lr": 8.251008e-05}
{"step": 878592, "wall_time": 1790742050.6386132, "episodes_completed": 5.0, "mean_episode_reward": 13.10587158203125, "std_episode_reward": 19.499059987681985, "min_episode_reward": -9.887228965759277, "max_episode_reward": 35.3575325012207, "mean_episode_length": 96.4, "success_rate": 0.4, "collision_rate": 0.6, "out_of_bounds_rate": 0.0, "timeout_rate": 0.0, "policy_loss": -0.001034547807648778, "value_loss": 1.401466280221939, "entropy": 0.6246759593486786, "approx_kl": 0.011616608244366944, "clip_fraction": 0.1112060546875, "grad_norm": 11.652914881706238, "explained_variance": 0.974397599697113, "action_std_mean": 0.33073142170906067, "optimizer_iterations": 4.0, "lr": 8.246912e-05}
{"step": 880640, "wall_time": 1790742057.7759953, "episodes_completed": 4.0, "mean_episode_reward": 16.877626076340675, "std_episode_reward": 10.17939221597394, "min_episode_reward": -0.15143340826034546, "max_episode_reward": 26.33264923095703, "mean_episode_length": 118.0, "success_rate": 0.5, "collision_rate": 0.25, "out_of_bounds_rate": 0.0, "timeout_rate": 0.25, "policy_loss": 0.0005051625776104629, "value_loss": 2.595532238483429, "entropy": 0.6246700882911682, "approx_kl": 0.021694459952414036, "clip_fraction": 0.1756591796875, "grad_norm": 19.099366426467896, "explained_variance": 0.9591197967529297, "action_std_mean": 0.33074045181274414, "optimizer_iterations": 4.0, "lr": 8.242816e-05}
{"step": 882688, "wall_time": 1790742064.9762194, "episodes_completed": 6.0, "mean_episode_reward": 22.84656771769126, "std_episode_reward": 14.961905434149097, "min_episode_reward": 0.1000695675611496, "max_episode_reward": 40.252986907958984, "mean_episode_length": 133.33333333333334, "success_rate": 0.8333333333333334, "collision_rate": 0.0, "out_of_bounds_rate": 0.0, "timeout_rate": 0.16666666666666666, "policy_loss": -0.00016458146274089813, "value_loss": 1.5956688821315765, "entropy": 0.6247306168079376, "approx_kl": 0.010336728417314589, "clip_fraction": 0.115234375, "grad_norm": 14.007037997245789, "explained_variance": 0.9629717469215393, "action_std_mean": 0.33075088262557983, "optimizer_iterations": 4.0, "lr": 8.23872e-05}
{"step": 884736, "wall_time": 1790742072.187244, "episodes_completed": 12.0, "mean_episode_reward": 13.687510604659716, "std_episode_reward": 15.164841682372488, "min_episode_reward": -9.804006576538086, "max_episode_reward": 35.810096740722656, "mean_episode_length": 55.0, "success_rate": 0.6666666666666666, "collision_rate": 0.25, "out_of_bounds_rate": 0.0, "timeout_rate": 0.08333333333333333, "policy_loss": 0.0024305921979248524, "value_loss": 2.1568421721458435, "entropy": 0.6248461008071899, "approx_kl": 0.012818234972655773, "clip_fraction": 0.1434326171875, "grad_norm": 10.455918550491333, "explained_variance": 0.9484913349151611, "action_std_mean": 0.3308037519454956, "optimizer_iterations": 4.0, "lr": 8.234624e-05}
{"step": 886784, "wall_time": 1790742079.3032327, "episodes_completed": 10.0, "mean_episode_reward": 9.264132571220397, "std_episode_reward": 19.014871983657184, "min_episode_reward": -10.276144027709961, "max_episode_reward": 46.45116424560547, "mean_episode_length": 54.0, "success_rate": 0.5, "collision_rate": 0.5, "out_of_bounds_rate": 0.0, "timeout_rate": 0.0, "policy_loss": 0.006026979070156813, "value_loss": 1.244711458683014, "entropy": 0.6252864897251129, "approx_kl": 0.02544167684391141, "clip_fraction": 0.1375732421875, "grad_norm": 7.541108846664429, "explained_variance": 0.9760797619819641, "action_std_mean": 0.3308994770050049, "optimizer_iterations": 4.0, "lr": 8.230528000000001e-05}
{"step": 888832, "wall_time": 1790742086.579405, "episodes_completed": 6.0, "mean_episode_reward": 8.407206296920776, "std_episode_reward": 17.27491587690292, "min_episode_reward": -9.848349571228027, "max_episode_reward": 35.718963623046875, "mean_episode_length": 63.5, "success_rate": 0.3333333333333333, "collision_rate": 0.6666666666666666, "out_of_bounds_rate": 0.0, "timeout_rate": 0.0, "policy_loss": 0.004643866326659918, "value_loss": 4.231619596481323, "entropy": 0.625870555639267, "approx_kl": 0.007929842919111252, "clip_fraction": 0.079833984375, "grad_norm": 20.454057455062866, "explained_variance": 0.9287857413291931, "action_std_mean": 0.33099380135536194, "optimizer_iterations": 4.0, "lr": 8.226432e-05}
{"step": 890880, "wall_time": 1790742093.632212, "episodes_completed": 6.0, "mean_episode_reward": 20.818011442820232, "std_episode_reward": 8.245489720659313, "min_episode_reward": 11.968223571777344, "max_episode_reward": 30.709627151489258, "mean_episode_length": 85.16666666666667, "success_rate": 0.8333333333333334, "collision_rate": 0.16666666666666666, "out_of_bounds_rate": 0.0, "timeout_rate": 0.0, "policy_loss": 0.0010206745937466621, "value_loss": 1.2366412281990051, "entropy": 0.6263924241065979, "approx_kl": 0.014246763661503792, "clip_fraction": 0.144287109375, "grad_norm": 11.27022135257721, "explained_variance": 0.9709717035293579, "action_std_mean": 0.33107128739356995, "optimizer_iterations": 4.0, "lr": 8.222336e-05}
{"step": 892928, "wall_time": 1790742100.7145076, "episodes_completed": 6.0, "mean_episode_reward": 19.445154825846355, "std_episode_reward": 13.935758368909909, "min_episode_reward": -6.24381160736084, "max_episode_reward": 35.76518249511719, "mean_episode_length": 82.0, "success_rate": 0.8333333333333334, "collision_rate": 0.16666666666666666, "out_of_bounds_rate": 0.0, "timeout_rate": 0.0, "policy_loss": -0.0020262617617845535, "value_loss": 0.911045640707016, "entropy": 0.6268381178379059, "approx_kl": 0.03188607934862375, "clip_fraction": 0.1839599609375, "grad_norm": 10.057319521903992, "explained_variance": 0.9827035665512085, "action_std_mean": 0.331143319606781, "optimizer_iterations": 4.0, "lr": 8.218240000000001e-05}
{"step": 894976, "wall_time": 1790742107.781602, "episodes_completed": 6.0, "mean_episode_reward": 8.664868841568628, "std_episode_reward": 9.509019586990323, "min_episode_reward": -0.8469905853271484, "max_episode_reward": 23.867053985595703, "mean_episode_length": 134.5, "success_rate": 0.3333333333333333, "collision_rate": 0.3333333333333333, "out_of_bounds_rate": 0.0, "timeout_rate": 0.3333333333333333, "policy_loss": -0.00015268498100340366, "value_loss": 3.1268122792243958, "entropy": 0.6272211074829102, "approx_kl": 0.011768220691010356, "clip_fraction": 0.093017578125, "grad_norm": 16.705093026161194, "explained_variance": 0.9489283561706543, "action_std_mean": 0.3311883211135864, "optimizer_iterations": 4.0, "lr": 8.214144e-05}
{"step": 897024, "wall_time": 1790742115.0210176, "episodes_completed": 8.0, "mean_episode_reward": 20.59827470779419, "std_episode_reward": 19.25448513286349, "min_episode_reward": -9.801666259765625, "max_episode_reward": 56.31695556640625, "mean_episode_length": 112.5, "success_rate": 0.75, "collision_rate": 0.25, "out_of_bounds_rate": 0.0, "timeout_rate": 0.0, "policy_loss": 0.01784880179911852, "value_loss": 3.290108859539032, "entropy": 0.6274290978908539, "approx_kl": 0.052443803288042545, "clip_fraction": 0.0924072265625, "grad_norm": 22.01455783843994, "explained_variance": 0.8742555379867554, "action_std_mean": 0.3312222361564636, "optimizer_iterations": 4.0, "lr": 8.210048e-05}
{"step": 899072, "wall_time": 1790742122.1390333, "episodes_completed": 10.0, "mean_episode_reward": 18.116955184936522, "std_episode_reward": 17.20057286664738, "min_episode_reward": -10.104726791381836, "max_episode_reward": 45.760311126708984, "mean_episode_length": 88.6, "success_rate": 0.6, "collision_rate": 0.4, "out_of_bounds_rate": 0.0, "timeout_rate": 0.0, "policy_loss": 0.0016400269232690334, "value_loss": 4.112612009048462, "entropy": 0.6276610195636749, "approx_kl": 0.01278712716884911, "clip_fraction": 0.0938720703125, "grad_norm": 18.748090267181396, "explained_variance": 0.8812656402587891, "action_std_mean": 0.3312590718269348, "optimizer_iterations": 4.0, "lr": 8.205952e-05}
{"step": 901120, "wall_time": 1790742129.2663991, "episodes_completed": 9.0, "mean_episode_reward": 13.369641515943739, "std_episode_reward": 14.691063186745575, "min_episode_reward": -10.749443054199219, "max_episode_reward": 36.167667388916016, "mean_episode_length": 102.44444444444444, "success_rate": 0.5555555555555556, "collision_rate": 0.4444444444444444, "out_of_bounds_rate": 0.0, "timeout_rate": 0.0, "policy_loss": -0.00017446093261241913, "value_loss": 4.596851825714111, "entropy": 0.6278223395347595, "approx_kl": 0.010741333244368434, "clip_fraction": 0.125, "grad_norm": 23.48649024963379, "explained_variance": 0.9239908456802368, "action_std_mean": 0.3312675952911377, "optimizer_iterations": 4.0, "lr": 8.201856e-05}
{"step": 903168, "wall_time": 1790742136.603404, "episodes_completed": 5.0, "mean_episode_reward": 27.87944850921631, "std_episode_reward": 12.74368805772241, "min_episode_reward": 10.351149559020996, "max_episode_reward": 49.45721435546875, "mean_episode_length": 124.0, "success_rate": 0.8, "collision_rate": 0.2, "out_of_bounds_rate": 0.0, "timeout_rate": 0.0, "policy_loss": 0.0020781774073839188, "value_loss": 1.0666392147541046, "entropy": 0.6278099119663239, "approx_kl": 0.006651956005953252, "clip_fraction": 0.077392578125, "grad_norm": 15.288628339767456, "explained_variance": 0.9806068539619446, "action_std_mean": 0.33125197887420654, "optimizer_iterations": 4.0, "lr": 8.19776e-05}
{"step": 905216, "wall_time": 1790742143.7881508, "episodes_completed": 9.0, "mean_episode_reward": 16.447775310940212, "std_episode_reward": 22.365635010488, "min_episode_reward": -10.789860725402832, "max_episode_reward": 50.15416717529297, "mean_episode_length": 105.22222222222223, "success_rate": 0.6666666666666666, "collision_rate": 0.3333333333333333, "out_of_bounds_rate": 0.0, "timeout_rate": 0.0, "policy_loss": 0.011620370205491781, "value_loss": 1.588127315044403, "entropy": 0.6277126669883728, "approx_kl": 0.07071454264223576, "clip_fraction": 0.0679931640625, "grad_norm": 14.58487343788147, "explained_variance": 0.9696764945983887, "action_std_mean": 0.3312390148639679, "optimizer_iterations": 4.0, "lr": 8.193664000000001e-05}
{"step": 907264, "wall_time": 1790742150.8815777, "episodes_completed": 7.0, "mean_episode_reward": 24.357581274850027, "std_episode_reward": 9.147746836972155, "min_episode_reward": 13.303823471069336, "max_episode_reward": 39.14341735839844, "mean_episode_length": 125.0, "success_rate": 0.8571428571428571, "collision_rate": 0.14285714285714285, "out_of_bounds_rate": 0.0, "timeout_rate": 0.0, "policy_loss": 0.0069301321636885405, "value_loss": 2.5407326221466064, "entropy": 0.6276226341724396, "approx_kl": 0.048830625135451555, "clip_fraction": 0.1397705078125, "grad_norm": 13.558536767959595, "explained_variance": 0.940269947052002, "action_std_mean": 0.33121752738952637, "optimizer_iterations": 4.0, "lr": 8.189568000000001e-05}
{"step": 909312, "wall_time": 1790742157.9130278, "episodes_completed": 5.0, "mean_episode_reward": 16.95105571746826, "std_episode_reward": 16.909171968825078, "min_episode_reward": 0.8733253479003906, "max_episode_reward": 45.7004508972168, "mean_episode_length": 122.8, "success_rate": 0.6, "collision_rate": 0.4, "out_of_bounds_rate": 0.0, "timeout_rate": 0.0, "policy_loss": 0.003826945088803768, "value_loss": 3.709492027759552, "entropy": 0.6274881660938263, "approx_kl": 0.07713510561734438, "clip_fraction": 0.1630859375, "grad_norm": 19.98726534843445, "explained_variance": 0.9079002737998962, "action_std_mean": 0.3311992287635803, "optimizer_iterations": 4.0, "lr": 8.185472e-05}
{"step": 911360, "wall_time": 1790742164.9750566, "episodes_completed": 3.0, "mean_episode_reward": 9.405667304992676, "std_episode_reward": 12.868702973500524, "min_episode_reward": -8.32309627532959, "max_episode_reward": 21.830032348632812, "mean_episode_length": 87.66666666666667, "success_rate": 0.6666666666666666, "collision_rate": 0.3333333333333333, "out_of_bounds_rate": 0.0, "timeout_rate": 0.0, "policy_loss": 0.000673775328323245, "value_loss": 2.2836705446243286, "entropy": 0.6274209320545197, "approx_kl": 0.013990788022056222, "clip_fraction": 0.125, "grad_norm": 13.745324850082397, "explained_variance": 0.9561110734939575, "action_std_mean": 0.3312121629714966, "optimizer_iterations": 4.0, "lr": 8.181376000000001e-05}
{"step": 913408, "wall_time": 1790742172.1405454, "episodes_completed": 6.0, "mean_episode_reward": 8.483879146476587, "std_episode_reward": 14.81220033872767, "min_episode_reward": -5.674905776977539, "max_episode_reward": 36.96256637573242, "mean_episode_length": 47.166666666666664, "success_rate": 0.5, "collision_rate": 0.3333333333333333, "out_of_bounds_rate": 0.0, "timeout_rate": 0.16666666666666666, "policy_loss": 0.0023722508922219276, "value_loss": 3.5520851016044617, "entropy": 0.627559244632721, "approx_kl": 0.01893873466178775, "clip_fraction": 0.0845947265625, "grad_norm": 24.50889015197754, "explained_variance": 0.9372137784957886, "action_std_mean": 0.3312344253063202, "optimizer_iterations": 4.0, "lr": 8.17728e-05}
{"step": 915456, "wall_time": 1790742179.290831, "episodes_completed": 5.0, "mean_episode_reward": 4.895147323608398, "std_episode_reward": 17.5156995748528, "min_episode_reward": -11.060685157775879, "max_episode_reward": 29.631622314453125, "mean_episode_length": 71.4, "success_rate": 0.4, "collision_rate": 0.6, "out_of_bounds_rate": 0.0, "timeout_rate": 0.0, "policy_loss": 0.0010449915425851941, "value_loss": 3.1276426315307617, "entropy": 0.6276599764823914, "approx_kl": 0.007838502991944551, "clip_fraction": 0.075439453125, "grad_norm": 11.244229674339294, "explained_variance": 0.925366222858429, "action_std_mean": 0.33124619722366333, "optimizer_iterations": 4.0, "lr": 8.173184e-05}
{"step": 917504, "wall_time": 1790742186.4808648, "episodes_completed": 7.0, "mean_episode_reward": 9.233934674944196, "std_episode_reward": 13.561054381330367, "min_episode_reward": -10.107898712158203, "max_episode_reward": 31.055694580078125, "mean_episode_length": 61.57142857142857, "success_rate": 0.42857142857142855, "collision_rate": 0.5714285714285714, "out_of_bounds_rate": 0.0, "timeout_rate": 0.0, "policy_loss": 0.004265696741640568, "value_loss": 3.228617250919342, "entropy": 0.6277053952217102, "approx_kl": 0.005658822308760136, "clip_fraction": 0.0670166015625, "grad_norm": 17.616130590438843, "explained_variance": 0.9236839413642883, "action_std_mean": 0.33123722672462463, "optimizer_iterations": 4.0, "lr": 8.169088e-05}
{"step": 919552, "wall_time": 1790742193.6056478, "episodes_completed": 4.0, "mean_episode_reward": 17.9526686668396, "std_episode_reward": 9.314580974039055, "min_episode_reward": 10.69953727722168, "max_episode_reward": 33.65290069580078, "mean_episode_length": 130.75, "success_rate": 1.0, "collision_rate": 0.0, "out_of_bounds_rate": 0.0, "timeout_rate": 0.0, "policy_loss": -0.00023035774938762188, "value_loss": 0.8762376010417938, "entropy": 0.6276104152202606, "approx_kl": 0.012972688651643693, "clip_fraction": 0.076171875, "grad_norm": 7.822543144226074, "explained_variance": 0.9774577617645264, "action_std_mean": 0.33122217655181885, "optimizer_iterations": 4.0, "lr": 8.164992e-05}
{"step": 921600, "wall_time": 1790742200.7780795, "episodes_completed": 6.0, "mean_episode_reward": 19.70828851064046, "std_episode_reward": 13.22489770389187, "min_episode_reward": -1.7206134796142578, "max_episode_reward": 42.95681381225586, "mean_episode_length": 74.83333333333333, "success_rate": 0.8333333333333334, "collision_rate": 0.16666666666666666, "out_of_bounds_rate": 0.0, "timeout_rate": 0.0, "policy_loss": 0.0007473189107258804, "value_loss": 2.1264256834983826, "entropy": 0.6275741755962372, "approx_kl": 0.02391758468002081, "clip_fraction": 0.18701171875, "grad_norm": 20.39407169818878, "explained_variance": 0.9619683027267456, "action_std_mean": 0.3312422037124634, "optimizer_iterations": 4.0, "lr": 8.160896e-05}
{"step": 923648, "wall_time": 1790742208.1080644, "episodes_completed": 9.0, "mean_episode_reward": 5.671726376232174, "std_episode_reward": 14.494342115883546, "min_episode_reward": -12.271591186523438, "max_episode_reward": 29.717021942138672, "mean_episode_length": 84.11111111111111, "success_rate": 0.2222222222222222, "collision_rate": 0.6666666666666666, "out_of_bounds_rate": 0.0, "timeout_rate": 0.1111111111111111, "policy_loss": 0.0026960475370287895, "value_loss": 6.888030648231506, "entropy": 0.627776712179184, "approx_kl": 0.014038915280252695, "clip_fraction": 0.1383056640625, "grad_norm": 28.998796939849854, "explained_variance": 0.8716344833374023, "action_std_mean": 0.3312758803367615, "optimizer_iterations": 4.0, "lr": 8.1568e-05}
{"step": 925696, "wall_time": 1790742215.2630541, "episodes_completed": 12.0, "mean_episode_reward": 10.447413724536696, "std_episode_reward": 22.18661021463269, "min_episode_reward": -11.14825439453125, "max_episode_reward": 59.82664108276367, "mean_episode_length": 103.75, "success_rate": 0.3333333333333333, "collision_rate": 0.5833333333333334, "out_of_bounds_rate": 0.0, "timeout_rate": 0.08333333333333333, "policy_loss": 0.006424694322049618, "value_loss": 7.248181104660034, "entropy": 0.6279378533363342, "approx_kl": 0.02417492470704019, "clip_fraction": 0.127685546875, "grad_norm": 46.74792528152466, "explained_variance": 0.8553796410560608, "action_std_mean": 0.3312983810901642, "optimizer_iterations": 4.0, "lr": 8.152704e-05}
{"step": 927744, "wall_time": 1790742222.5063016, "episodes_completed": 6.0, "mean_episode_reward": 22.0226092338562, "std_episode_reward": 9.533137255119774, "min_episode_reward": 11.839700698852539, "max_episode_reward": 34.53650665283203, "mean_episode_length": 110.16666666666667, "success_rate": 0.6666666666666666, "collision_rate": 0.3333333333333333, "out_of_bounds_rate": 0.0, "timeout_rate": 0.0, "policy_loss": 0.0025054984726011753, "value_loss": 4.167793869972229, "entropy": 0.6280940473079681, "approx_kl": 0.01240097894333303, "clip_fraction": 0.0970458984375, "grad_norm": 22.238335967063904, "explained_variance": 0.8895155787467957, "action_std_mean": 0.3313305974006653, "optimizer_iterations": 4.0, "lr": 8.148608e-05}
{"step": 929792, "wall_time": 1790742229.7481806, "episodes_completed": 6.0, "mean_episode_reward": 12.04071537653605, "std_episode_reward": 17.41020648962342, "min_episode_reward": -9.944912910461426, "max_episode_reward": 37.593040466308594, "mean_episode_length": 70.5, "success_rate": 0.5, "collision_rate": 0.5, "out_of_bounds_rate": 0.0, "timeout_rate": 0.0, "policy_loss": -0.00021361513063311577, "value_loss": 1.9887008368968964, "entropy": 0.6282889246940613, "approx_kl": 0.01573828747496009, "clip_fraction": 0.1688232421875, "grad_norm": 13.281602025032043, "explained_variance": 0.9517268538475037, "action_std_mean": 0.33135756850242615, "optimizer_iterations": 4.0, "lr": 8.144512e-05}
{"step": 931840, "wall_time": 1790742237.0220516, "episodes_completed": 4.0, "mean_episode_reward": 4.230933427810669, "std_episode_reward": 21.15407842744865, "min_episode_reward": -10.820920944213867, "max_episode_reward": 40.49074172973633, "mean_episode_length": 66.25, "success_rate": 0.25, "collision_rate": 0.75, "out_of_bounds_rate": 0.0, "timeout_rate": 0.0, "policy_loss": 0.003500664606690407, "value_loss": 1.0210092514753342, "entropy": 0.6284404098987579, "approx_kl": 0.013589636888355017, "clip_fraction": 0.1343994140625, "grad_norm": 13.521262168884277, "explained_variance": 0.9635242819786072, "action_std_mean": 0.33138054609298706, "optimizer_iterations": 4.0, "lr": 8.140416e-05}
{"step": 933888, "wall_time": 1790742244.2624652, "episodes_completed": 7.0, "mean_episode_reward": 0.10963399069649833, "std_episode_reward": 13.489240138812765, "min_episode_reward": -12.50895881652832, "max_episode_reward": 25.314929962158203, "mean_episode_length": 91.28571428571429, "success_rate": 0.2857142857142857, "collision_rate": 0.7142857142857143, "out_of_bounds_rate": 0.0, "timeout_rate": 0.0, "policy_loss": 0.003732007695361972, "value_loss": 3.8111281394958496, "entropy": 0.6285607516765594, "approx_kl": 0.0054560278076678514, "clip_fraction": 0.051025390625, "grad_norm": 24.129284858703613, "explained_variance": 0.9289553165435791, "action_std_mean": 0.3313954472541809, "optimizer_iterations": 4.0, "lr": 8.13632e-05}
{"step": 935936, "wall_time": 1790742251.563008, "episodes_completed": 5.0, "mean_episode_reward": 4.165818893909455, "std_episode_reward": 7.161295609933949, "min_episode_reward": -6.301745414733887, "max_episode_reward": 13.968193054199219, "mean_episode_length": 73.2, "success_rate": 0.2, "collision_rate": 0.6, "out_of_bounds_rate": 0.0, "timeout_rate": 0.2, "policy_loss": -0.0021385885775089264, "value_loss": 3.011652112007141, "entropy": 0.6286271214485168, "approx_kl": 0.007612635265104473, "clip_fraction": 0.078857421875, "grad_norm": 11.505056381225586, "explained_variance": 0.9439119100570679, "action_std_mean": 0.33139848709106445, "optimizer_iterations": 4.0, "lr": 8.132224000000001e-05}
{"step": 937984, "wall_time": 1790742258.8903747, "episodes_completed": 11.0, "mean_episode_reward": 17.228559517724946, "std_episode_reward": 14.737604849514197, "min_episode_reward": -5.2502665519714355, "max_episode_reward": 46.4351806640625, "mean_episode_length": 82.9090909090909, "success_rate": 0.7272727272727273, "collision_rate": 0.09090909090909091, "out_of_bounds_rate": 0.0, "timeout_rate": 0.18181818181818182, "policy_loss": 0.0009450353682041168, "value_loss": 1.232585996389389, "entropy": 0.6286299228668213, "approx_kl": 0.0077733907965011895, "clip_fraction": 0.071044921875, "grad_norm": 17.08139145374298, "explained_variance": 0.9778557419776917, "action_std_mean": 0.33140236139297485, "optimizer_iterations": 4.0, "lr": 8.128128e-05}
{"step": 940032, "wall_time": 1790742266.090153, "episodes_completed": 7.0, "mean_episode_reward": 23.375630651201522, "std_episode_reward": 13.996772510864155, "min_episode_reward": -0.7760982513427734, "max_episode_reward": 46.3541259765625, "mean_episode_length": 105.14285714285714, "success_rate": 0.7142857142857143, "collision_rate": 0.2857142857142857, "out_of_bounds_rate": 0.0, "timeout_rate": 0.0, "policy_loss": 0.0011935727670788765, "value_loss": 5.487459421157837, "entropy": 0.6286726891994476, "approx_kl": 0.010006141383200884, "clip_fraction": 0.100830078125, "grad_norm": 15.259257793426514, "explained_variance": 0.8914155960083008, "action_std_mean": 0.33141499757766724, "optimizer_iterations": 4.0, "lr": 8.124032e-05}
{"step": 942080, "wall_time": 1790742273.2469234, "episodes_completed": 5.0, "mean_episode_reward": 23.103152084350587, "std_episode_reward": 19.542822376550276, "min_episode_reward": -9.828046798706055, "max_episode_reward": 44.23463439941406, "mean_episode_length": 154.0, "success_rate": 0.6, "collision_rate": 0.4, "out_of_bounds_rate": 0.0, "timeout_rate": 0.0, "policy_loss": -0.002059328369796276, "value_loss": 4.038549602031708, "entropy": 0.6287487745285034, "approx_kl": 0.007848225126508623, "clip_fraction": 0.032958984375, "grad_norm": 15.17878258228302, "explained_variance": 0.9103574752807617, "action_std_mean": 0.3314262926578522, "optimizer_iterations": 4.0, "lr": 8.119936e-05}
{"step": 944128, "wall_time": 1790742280.5367992, "episodes_completed": 7.0, "mean_episode_reward": 19.574248995099747, "std_episode_reward": 13.643734024440342, "min_episode_reward": 4.241046905517578, "max_episode_reward": 40.58189010620117, "mean_episode_length": 117.0, "success_rate": 0.5714285714285714, "collision_rate": 0.42857142857142855, "out_of_bounds_rate": 0.0, "timeout_rate": 0.0, "policy_loss": 0.005390498321503401, "value_loss": 4.186244487762451, "entropy": 0.6287709176540375, "approx_kl": 0.010060810251161456, "clip_fraction": 0.0767822265625, "grad_norm": 19.606829404830933, "explained_variance": 0.8934378623962402, "action_std_mean": 0.331412672996521, "optimizer_iterations": 4.0, "lr": 8.11584e-05}
{"step": 946176, "wall_time": 1790742287.7484224, "episodes_completed": 11.0, "mean_episode_reward": 11.282274462959982, "std_episode_reward": 16.44134117102976, "min_episode_reward": -10.033881187438965, "max_episode_reward": 36.79444122314453, "mean_episode_length": 66.0909090909091, "success_rate": 0.5454545454545454, "collision_rate": 0.45454545454545453, "out_of_bounds_rate": 0.0, "timeout_rate": 0.0, "policy_loss": 0.00466946791857481, "value_loss": 2.826537072658539, "entropy": 0.6286520659923553, "approx_kl": 0.054104854352772236, "clip_fraction": 0.0919189453125, "grad_norm": 12.841572523117065, "explained_variance": 0.9349631071090698, "action_std_mean": 0.3313922882080078, "optimizer_iterations": 4.0, "lr": 8.111744e-05}
{"step": 948224, "wall_time": 1790742294.9909203, "episodes_completed": 7.0, "mean_episode_reward": 14.812460218157087, "std_episode_reward": 13.728790002273165, "min_episode_reward": -10.30516242980957, "max_episode_reward": 34.537662506103516, "mean_episode_length": 98.14285714285714, "success_rate": 0.42857142857142855, "collision_rate": 0.5714285714285714, "out_of_bounds_rate": 0.0, "timeout_rate": 0.0, "policy_loss": 0.003480542916804552, "value_loss": 3.870581090450287, "entropy": 0.6285547614097595, "approx_kl": 0.01410934841260314, "clip_fraction": 0.1231689453125, "grad_norm": 17.867372393608093, "explained_variance": 0.9006255865097046, "action_std_mean": 0.3313838839530945, "optimizer_iterations": 4.0, "lr": 8.107648000000001e-05}
{"step": 950272, "wall_time": 1790742302.2849972, "episodes_completed": 7.0, "mean_episode_reward": 21.589848041534424, "std_episode_reward": 13.637340364927907, "min_episode_reward": -2.5545926094055176, "max_episode_reward": 45.128509521484375, "mean_episode_length": 98.85714285714286, "success_rate": 0.8571428571428571, "collision_rate": 0.14285714285714285, "out_of_bounds_rate": 0.0, "timeout_rate": 0.0, "policy_loss": -0.0016758707351982594, "value_loss": 2.5200564861297607, "entropy": 0.6285551488399506, "approx_kl": 0.040621968801133335, "clip_fraction": 0.1292724609375, "grad_norm": 11.261644721031189, "explained_variance": 0.9360604882240295, "action_std_mean": 0.33139675855636597, "optimizer_iterations": 4.0, "lr": 8.103552000000001e-05}
{"step": 952320, "wall_time": 1790742309.5867677, "episodes_completed": 4.0, "mean_episode_reward": 12.30054796487093, "std_episode_reward": 21.811741094337453, "min_episode_reward": -9.871578216552734, "max_episode_reward": 47.702972412109375, "mean_episode_length": 106.25, "success_rate": 0.5, "collision_rate": 0.25, "out_of_bounds_rate": 0.0, "timeout_rate": 0.25, "policy_loss": 0.008324053604155779, "value_loss": 0.4861428961157799, "entropy": 0.6286294460296631, "approx_kl": 0.034701105672866106, "clip_fraction": 0.2197265625, "grad_norm": 9.85194718837738, "explained_variance": 0.990601658821106, "action_std_mean": 0.33139240741729736, "optimizer_iterations": 4.0, "lr": 8.099456e-05}
{"step": 954368, "wall_time": 1790742316.8756034, "episodes_completed": 4.0, "mean_episode_reward": 14.280747890472412, "std_episode_reward": 24.27950692982143, "min_episode_reward": -10.309313774108887, "max_episode_reward": 44.3289909362793, "mean_episode_length": 98.25, "success_rate": 0.5, "collision_rate": 0.5, "out_of_bounds_rate": 0.0, "timeout_rate": 0.0, "policy_loss": -0.0032144184224307537, "value_loss": 1.0303394198417664, "entropy": 0.6285819709300995, "approx_kl": 0.007612136425450444, "clip_fraction": 0.0936279296875, "grad_norm": 7.798005819320679, "explained_variance": 0.9790809154510498, "action_std_mean": 0.3313990831375122, "optimizer_iterations": 4.0, "lr": 8.095360000000001e-05}
{"step": 956416, "wall_time": 1790742324.1852503, "episodes_completed": 5.0, "mean_episode_reward": 5.831802654266357, "std_episode_reward": 11.004597777592817, "min_episode_reward": -7.457087993621826, "max_episode_reward": 23.49162483215332, "mean_episode_length": 84.2, "success_rate": 0.2, "collision_rate": 0.8, "out_of_bounds_rate": 0.0, "timeout_rate": 0.0, "policy_loss": 0.005103935895022005, "value_loss": 5.696962356567383, "entropy": 0.6286716461181641, "approx_kl": 0.018035043496638536, "clip_fraction": 0.092529296875, "grad_norm": 37.62594389915466, "explained_variance": 0.8937023282051086, "action_std_mean": 0.33141741156578064, "optimizer_iterations": 4.0, "lr": 8.091264e-05}
{"step": 958464, "wall_time": 1790742331.5108182, "episodes_completed": 3.0, "mean_episode_reward": 24.243092854817707, "std_episode_reward": 2.482055545727423, "min_episode_reward": 21.138927459716797, "max_episode_reward": 27.214336395263672, "mean_episode_length": 88.66666666666667, "success_rate": 1.0, "collision_rate": 0.0, "out_of_bounds_rate": 0.0, "timeout_rate": 0.0, "policy_loss": 0.027520064963027835, "value_loss": 0.7137878239154816, "entropy": 0.6287706792354584, "approx_kl": 0.10757501795887947, "clip_fraction": 0.1617431640625, "grad_norm": 19.83804988861084, "explained_variance": 0.9889236688613892, "action_std_mean": 0.33142536878585815, "optimizer_iterations": 4.0, "lr": 8.087168e-05}
{"step": 960512, "wall_time": 1790742338.6664457, "episodes_completed": 11.0, "mean_episode_reward": 7.9925460544499485, "std_episode_reward": 19.57159261520899, "min_episode_reward": -10.134344100952148, "max_episode_reward": 56.092506408691406, "mean_episode_length": 64.9090909090909, "success_rate": 0.2727272727272727, "collision_rate": 0.45454545454545453, "out_of_bounds_rate": 0.0, "timeout_rate": 0.2727272727272727, "policy_loss": 0.005018441064748913, "value_loss": 3.4284656643867493, "entropy": 0.6288273930549622, "approx_kl": 0.017778238863684237, "clip_fraction": 0.142333984375, "grad_norm": 13.908084869384766, "explained_variance": 0.9434589743614197, "action_std_mean": 0.33144158124923706, "optimizer_iterations": 4.0, "lr": 8.083072e-05}
{"step": 962560, "wall_time": 1790742345.9765675, "episodes_completed": 7.0, "mean_episode_reward": 9.623624841283474, "std_episode_reward": 11.714167557084318, "min_episode_reward": -12.136817932128906, "max_episode_reward": 24.03955841064453, "mean_episode_length": 103.85714285714286, "success_rate": 0.42857142857142855, "collision_rate": 0.42857142857142855, "out_of_bounds_rate": 0.0, "timeout_rate": 0.14285714285714285, "policy_loss": 0.00221077015157789, "value_loss": 5.604783535003662, "entropy": 0.6289482116699219, "approx_kl": 0.02173785911872983, "clip_fraction": 0.110107421875, "grad_norm": 18.60432505607605, "explained_variance": 0.8990540504455566, "action_std_mean": 0.33146724104881287, "optimizer_iterations": 4.0, "lr": 8.078976e-05}
{"step": 964608, "wall_time": 1790742353.104356, "episodes_completed": 14.0, "mean_episode_reward": 17.53820010593959, "std_episode_reward": 18.698140544052357, "min_episode_reward": -9.814239501953125, "max_episode_reward": 53.31985092163086, "mean_episode_length": 104.21428571428571, "success_rate": 0.6428571428571429, "collision_rate": 0.35714285714285715, "out_of_bounds_rate": 0.0, "timeout_rate": 0.0, "policy_loss": 0.003136567771434784, "value_loss": 5.458266258239746, "entropy": 0.6291181743144989, "approx_kl": 0.011043022153899074, "clip_fraction": 0.0975341796875, "grad_norm": 22.668704748153687, "explained_variance": 0.8168349862098694, "action_std_mean": 0.3314967155456543, "optimizer_iterations": 4.0, "lr": 8.074880000000001e-05}
{"step": 966656, "wall_time": 1790742360.3282526, "episodes_completed": 3.0, "mean_episode_reward": 11.90713628133138, "std_episode_reward": 15.821709306141917, "min_episode_reward": -9.004398345947266, "max_episode_reward": 29.25641632080078, "mean_episode_length": 99.33333333333333, "success_rate": 0.6666666666666666, "collision_rate": 0.3333333333333333, "out_of_bounds_rate": 0.0, "timeout_rate": 0.0, "policy_loss": 0.002565658651292324, "value_loss": 2.394267499446869, "entropy": 0.6292771100997925, "approx_kl": 0.01655226433649659, "clip_fraction": 0.1351318359375, "grad_norm": 20.59199893474579, "explained_variance": 0.9435786008834839, "action_std_mean": 0.331512451171875, "optimizer_iterations": 4.0, "lr": 8.070784e-05}
{"step": 968704, "wall_time": 1790742367.5800366, "episodes_completed": 9.0, "mean_episode_reward": 24.328686502244736, "std_episode_reward": 19.632470319317818, "min_episode_reward": -8.440979957580566, "max_episode_reward": 50.24965286254883, "mean_episode_length": 122.55555555555556, "success_rate": 0.6666666666666666, "collision_rate": 0.3333333333333333, "out_of_bounds_rate": 0.0, "timeout_rate": 0.0, "policy_loss": 0.0015903376042842865, "value_loss": 4.107816100120544, "entropy": 0.629325658082962, "approx_kl": 0.015533775091171265, "clip_fraction": 0.1187744140625, "grad_norm": 25.305062770843506, "explained_variance": 0.91465163230896, "action_std_mean": 0.33151477575302124, "optimizer_iterations": 4.0, "lr": 8.066688e-05}
{"step": 970752, "wall_time": 1790742374.7322803, "episodes_completed": 10.0, "mean_episode_reward": 14.86750226020813, "std_episode_reward": 18.073083768780087, "min_episode_reward": -9.820464134216309, "max_episode_reward": 53.4925422668457, "mean_episode_length": 88.7, "success_rate": 0.6, "collision_rate": 0.4, "out_of_bounds_rate": 0.0, "timeout_rate": 0.0, "policy_loss": 0.00720208790153265, "value_loss": 3.04886794090271, "entropy": 0.6293310523033142, "approx_kl": 0.02904421743005514, "clip_fraction": 0.13232421875, "grad_norm": 24.56874656677246, "explained_variance": 0.9411429762840271, "action_std_mean": 0.3315098285675049, "optimizer_iterations": 4.0, "lr": 8.062592e-05}
{"step": 972800, "wall_time": 1790742381.9912264, "episodes_completed": 11.0, "mean_episode_reward": 4.614635077389804, "std_episode_reward": 13.102266974452272, "min_episode_reward": -9.805205345153809, "max_episode_reward": 28.127309799194336, "mean_episode_length": 55.54545454545455, "success_rate": 0.36363636363636365, "collision_rate": 0.5454545454545454, "out_of_bounds_rate": 0.0, "timeout_rate": 0.09090909090909091, "policy_loss": 0.009779846295714378, "value_loss": 5.93176805973053, "entropy": 0.6292878687381744, "approx_kl": 0.02786139352247119, "clip_fraction": 0.154541015625, "grad_norm": 32.07028102874756, "explained_variance": 0.9103540778160095, "action_std_mean": 0.3315061926841736, "optimizer_iterations": 4.0, "lr": 8.058496e-05}
{"step": 974848, "wall_time": 1790742389.1319802, "episodes_completed": 10.0, "mean_episode_reward": 20.51756329536438, "std_episode_reward": 21.077623660689508, "min_episode_reward": -9.881536483764648, "max_episode_reward": 51.18183898925781, "mean_episode_length": 113.8, "success_rate": 0.5, "collision_rate": 0.5, "out_of_bounds_rate": 0.0, "timeout_rate": 0.0, "policy_loss": 0.0019102953374385834, "value_loss": 5.419417977333069, "entropy": 0.6292865872383118, "approx_kl": 0.02277890406548977, "clip_fraction": 0.0933837890625, "grad_norm": 22.131967067718506, "explained_variance": 0.8814657926559448, "action_std_mean": 0.3315121531486511, "optimizer_iterations": 4.0, "lr": 8.054399999999999e-05}
{"step": 976896, "wall_time": 1790742396.258689, "episodes_completed": 10.0, "mean_episode_reward": 11.035414630174637, "std_episode_reward": 14.748684324974022, "min_episode_reward": -9.950496673583984, "max_episode_reward": 34.95923614501953, "mean_episode_length": 79.8, "success_rate": 0.5, "collision_rate": 0.4, "out_of_bounds_rate": 0.0, "timeout_rate": 0.1, "policy_loss": 0.0029511097818613052, "value_loss": 5.900124549865723, "entropy": 0.6293439269065857, "approx_kl": 0.014144073938950896, "clip_fraction": 0.087646484375, "grad_norm": 21.12805938720703, "explained_variance": 0.8961301445960999, "action_std_mean": 0.331524133682251, "optimizer_iterations": 4.0, "lr": 8.050304e-05}
{"step": 978944, "wall_time": 1790742403.4713216, "episodes_completed": 7.0, "mean_episode_reward": 18.301273890904017, "std_episode_reward": 18.712853649806785, "min_episode_reward": -9.444377899169922, "max_episode_reward": 39.9124755859375, "mean_episode_length": 90.71428571428571, "success_rate": 0.7142857142857143, "collision_rate": 0.2857142857142857, "out_of_bounds_rate": 0.0, "timeout_rate": 0.0, "policy_loss": 0.0015548975206911564, "value_loss": 1.70547217130661, "entropy": 0.6293936967849731, "approx_kl": 0.022594554349780083, "clip_fraction": 0.05615234375, "grad_norm": 12.632133483886719, "explained_variance": 0.9283791780471802, "action_std_mean": 0.3315248191356659, "optimizer_iterations": 4.0, "lr": 8.046208000000001e-05}
{"step": 980992, "wall_time": 1790742410.720418, "episodes_completed": 9.0, "mean_episode_reward": 19.367364565531414, "std_episode_reward": 14.79739287847614, "min_episode_reward": -9.49963665008545, "max_episode_reward": 49.694580078125, "mean_episode_length": 107.77777777777777, "success_rate": 0.5555555555555556, "collision_rate": 0.4444444444444444, "out_of_bounds_rate": 0.0, "timeout_rate": 0.0, "policy_loss": 0.005322238197550178, "value_loss": 5.412331581115723, "entropy": 0.6293778717517853, "approx_kl": 0.030434915330260992, "clip_fraction": 0.170166015625, "grad_norm": 21.223493099212646, "explained_variance": 0.8554431796073914, "action_std_mean": 0.33151984214782715, "optimizer_iterations": 4.0, "lr": 8.042112e-05}
{"step": 983040, "wall_time": 1790742418.0031145, "episodes_completed": 6.0, "mean_episode_reward": 19.307720184326172, "std_episode_reward": 7.263498162617081, "min_episode_reward": 10.727514266967773, "max_episode_reward": 32.01954650878906, "mean_episode_length": 108.83333333333333, "success_rate": 0.6666666666666666, "collision_rate": 0.3333333333333333, "out_of_bounds_rate": 0.0, "timeout_rate": 0.0, "policy_loss": 0.003958401270210743, "value_loss": 3.5826202034950256, "entropy": 0.6293470859527588, "approx_kl": 0.012385672307573259, "clip_fraction": 0.105712890625, "grad_norm": 20.435086131095886, "explained_variance": 0.9050214290618896, "action_std_mean": 0.33151566982269287, "optimizer_iterations": 4.0, "lr": 8.038016000000001e-05}
{"step": 985088, "wall_time": 1790742425.2686696, "episodes_completed": 11.0, "mean_episode_reward": 12.918676202947443, "std_episode_reward": 17.410194087256567, "min_episode_reward": -10.099445343017578, "max_episode_reward": 48.39500427246094, "mean_episode_length": 75.36363636363636, "success_rate": 0.5454545454545454, "collision_rate": 0.45454545454545453, "out_of_bounds_rate": 0.0, "timeout_rate": 0.0, "policy_loss": 0.004102521110326052, "value_loss": 6.49709165096283, "entropy": 0.6293177008628845, "approx_kl": 0.010844140662811697, "clip_fraction": 0.0916748046875, "grad_norm": 59.014230728149414, "explained_variance": 0.8571502566337585, "action_std_mean": 0.33150964975357056, "optimizer_iterations": 4.0, "lr": 8.03392e-05}
{"step": 987136, "wall_time": 1790742432.4914849, "episodes_completed": 5.0, "mean_episode_reward": 21.43910732269287, "std_episode_reward": 16.35698281242683, "min_episode_reward": 3.394351005554199, "max_episode_reward": 48.940216064453125, "mean_episode_length": 100.0, "success_rate": 0.8, "collision_rate": 0.2, "out_of_bounds_rate": 0.0, "timeout_rate": 0.0, "policy_loss": -0.0014653829857707024, "value_loss": 1.7310839593410492, "entropy": 0.6292706727981567, "approx_kl": 0.004033962788525969, "clip_fraction": 0.0457763671875, "grad_norm": 18.604806423187256, "explained_variance": 0.9600725173950195, "action_std_mean": 0.3314932584762573, "optimizer_iterations": 4.0, "lr": 8.029824e-05}
{"step": 989184, "wall_time": 1790742439.683032, "episodes_completed": 7.0, "mean_episode_reward": 16.89094352722168, "std_episode_reward": 11.849125561264495, "min_episode_reward": -8.883452415466309, "max_episode_reward": 27.701324462890625, "mean_episode_length": 75.42857142857143, "success_rate": 0.7142857142857143, "collision_rate": 0.2857142857142857, "out_of_bounds_rate": 0.0, "timeout_rate": 0.0, "policy_loss": 0.0015097546856850386, "value_loss": 2.9860028624534607, "entropy": 0.6291358172893524, "approx_kl": 0.011318958131596446, "clip_fraction": 0.0938720703125, "grad_norm": 21.2026104927063, "explained_variance": 0.9358914494514465, "action_std_mean": 0.3314628601074219, "optimizer_iterations": 4.0, "lr": 8.025728000000001e-05}
{"step": 991232, "wall_time": 1790742447.2876198, "episodes_completed": 10.0, "mean_episode_reward": 14.628717041015625, "std_episode_reward": 13.302329189983462, "min_episode_reward": -9.68310546875, "max_episode_reward": 34.652496337890625, "mean_episode_length": 82.2, "success_rate": 0.7, "collision_rate": 0.3, "out_of_bounds_rate": 0.0, "timeout_rate": 0.0, "policy_loss": 0.004041069536469877, "value_loss": 4.983932614326477, "entropy": 0.6289739310741425, "approx_kl": 0.022743373876437545, "clip_fraction": 0.1658935546875, "grad_norm": 17.273913145065308, "explained_variance": 0.8863841891288757, "action_std_mean": 0.3314511179924011, "optimizer_iterations": 4.0, "lr": 8.021632e-05}
{"step": 993280, "wall_time": 1790742454.8659742, "episodes_completed": 7.0, "mean_episode_reward": 17.558747495923722, "std_episode_reward": 17.187952649003915, "min_episode_reward": -1.8759560585021973, "max_episode_reward": 40.22991943359375, "mean_episode_length": 122.28571428571429, "success_rate": 0.2857142857142857, "collision_rate": 0.7142857142857143, "out_of_bounds_rate": 0.0, "timeout_rate": 0.0, "policy_loss": 0.007439666427671909, "value_loss": 7.43597948551178, "entropy": 0.6289697587490082, "approx_kl": 0.01422709971666336, "clip_fraction": 0.1390380859375, "grad_norm": 45.03835487365723, "explained_variance": 0.8616011142730713, "action_std_mean": 0.3314548432826996, "optimizer_iterations": 4.0, "lr": 8.017536000000001e-05}
{"step": 995328, "wall_time": 1790742462.929454, "episodes_completed": 10.0, "mean_episode_reward": 10.114701218903065, "std_episode_reward": 10.419181653451764, "min_episode_reward": -6.57351541519165, "max_episode_reward": 24.3828125, "mean_episode_length": 80.2, "success_rate": 0.4, "collision_rate": 0.5, "out_of_bounds_rate": 0.0, "timeout_rate": 0.1, "policy_loss": 0.005942546762526035, "value_loss": 5.209463357925415, "entropy": 0.6289907395839691, "approx_kl": 0.012108355993404984, "clip_fraction": 0.099365234375, "grad_norm": 34.49003314971924, "explained_variance": 0.8996241092681885, "action_std_mean": 0.331458181142807, "optimizer_iterations": 4.0, "lr": 8.01344e-05}
{"step": 997376, "wall_time": 1790742471.6662278, "episodes_completed": 6.0, "mean_episode_reward": 15.81338119506836, "std_episode_reward": 16.00636434507851, "min_episode_reward": -9.646178245544434, "max_episode_reward": 40.013648986816406, "mean_episode_length": 112.5, "success_rate": 0.6666666666666666, "collision_rate": 0.3333333333333333, "out_of_bounds_rate": 0.0, "timeout_rate": 0.0, "policy_loss": -3.588991239666939e-05, "value_loss": 1.7645029127597809, "entropy": 0.6290144324302673, "approx_kl": 0.004909879062324762, "clip_fraction": 0.0538330078125, "grad_norm": 16.238773107528687, "explained_variance": 0.9649626612663269, "action_std_mean": 0.33145904541015625, "optimizer_iterations": 4.0, "lr": 8.009344000000001e-05}
{"step": 999424, "wall_time": 1790742480.42808, "episodes_completed": 4.0, "mean_episode_reward": 17.320310711860657, "std_episode_reward": 14.828112966623115, "min_episode_reward": -7.743808269500732, "max_episode_reward": 28.93010139465332, "mean_episode_length": 94.25, "success_rate": 0.5, "collision_rate": 0.5, "out_of_bounds_rate": 0.0, "timeout_rate": 0.0, "policy_loss": 0.0004922626540064812, "value_loss": 3.285958766937256, "entropy": 0.6290262043476105, "approx_kl": 0.020826248917728662, "clip_fraction": 0.0989990234375, "grad_norm": 16.58403468132019, "explained_variance": 0.9440270066261292, "action_std_mean": 0.3314721882343292, "optimizer_iterations": 4.0, "lr": 8.005248e-05}
{"step": 1001472, "wall_time": 1790742488.8973114, "episodes_completed": 3.0, "mean_episode_reward": 20.822983741760254, "std_episode_reward": 7.31190858479029, "min_episode_reward": 11.391934394836426, "max_episode_reward": 29.211040496826172, "mean_episode_length": 64.0, "success_rate": 1.0, "collision_rate": 0.0, "out_of_bounds_rate": 0.0, "timeout_rate": 0.0, "policy_loss": 0.0028819674625992775, "value_loss": 1.424492597579956, "entropy": 0.6291622519493103, "approx_kl": 0.011587089393287897, "clip_fraction": 0.08349609375, "grad_norm": 24.102697134017944, "explained_variance": 0.9722510576248169, "action_std_mean": 0.33150336146354675, "optimizer_iterations": 4.0, "lr": 8.001152000000001e-05}
{"step": 1003520, "wall_time": 1790742497.884519, "episodes_completed": 6.0, "mean_episode_reward": 13.864006290833155, "std_episode_reward": 19.91868552576396, "min_episode_reward": -8.316985130310059, "max_episode_reward": 49.76462173461914, "mean_episode_length": 113.33333333333333, "success_rate": 0.5, "collision_rate": 0.16666666666666666, "out_of_bounds_rate": 0.0, "timeout_rate": 0.3333333333333333, "policy_loss": -0.001467621885240078, "value_loss": 0.8859932571649551, "entropy": 0.6293385326862335, "approx_kl": 0.006713742623105645, "clip_fraction": 0.0714111328125, "grad_norm": 9.281810402870178, "explained_variance": 0.9785327911376953, "action_std_mean": 0.3315172493457794, "optimizer_iterations": 4.0, "lr": 7.997056000000001e-05}
{"step": 1005568, "wall_time": 1790742507.2149603, "episodes_completed": 4.0, "mean_episode_reward": 23.2594633102417, "std_episode_reward": 10.867207821187709, "min_episode_reward": 12.485517501831055, "max_episode_reward": 36.498382568359375, "mean_episode_length": 99.75, "success_rate": 1.0, "collision_rate": 0.0, "out_of_bounds_rate": 0.0, "timeout_rate": 0.0, "policy_loss": 0.0016722045838832855, "value_loss": 2.2652798295021057, "entropy": 0.6293660700321198, "approx_kl": 0.010063335415907204, "clip_fraction": 0.10302734375, "grad_norm": 18.56575608253479, "explained_variance": 0.9310904145240784, "action_std_mean": 0.3315207064151764, "optimizer_iterations": 4.0, "lr": 7.99296e-05}
{"step": 1007616, "wall_time": 1790742516.8922203, "episodes_completed": 10.0, "mean_episode_reward": 9.11505222916603, "std_episode_reward": 13.233697670962137, "min_episode_reward": -9.843862533569336, "max_episode_reward": 34.724830627441406, "mean_episode_length": 53.5, "success_rate": 0.6, "collision_rate": 0.3, "out_of_bounds_rate": 0.0, "timeout_rate": 0.1, "policy_loss": 0.0050609835889190435, "value_loss": 3.1603789925575256, "entropy": 0.6293987035751343, "approx_kl": 0.016557805240154266, "clip_fraction": 0.1219482421875, "grad_norm": 19.728172183036804, "explained_variance": 0.9358980059623718, "action_std_mean": 0.3315265476703644, "optimizer_iterations": 4.0, "lr": 7.988864000000001e-05}
{"step": 1009664, "wall_time": 1790742526.3898342, "episodes_completed": 5.0, "mean_episode_reward": 16.122967100143434, "std_episode_reward": 18.146106181864468, "min_episode_reward": -4.669161796569824, "max_episode_reward": 42.16592025756836, "mean_episode_length": 88.4, "success_rate": 0.6, "collision_rate": 0.2, "out_of_bounds_rate": 0.0, "timeout_rate": 0.2, "policy_loss": -0.001688322052359581, "value_loss": 1.8982646465301514, "entropy": 0.6294533014297485, "approx_kl": 0.009364467521663755, "clip_fraction": 0.08544921875, "grad_norm": 17.817407965660095, "explained_variance": 0.9629384875297546, "action_std_mean": 0.33154934644699097, "optimizer_iterations": 4.0, "lr": 7.984768e-05}
{"step": 1011712, "wall_time": 1790742535.0166001, "episodes_completed": 4.0, "mean_episode_reward": 10.150876998901367, "std_episode_reward": 13.180747478414181, "min_episode_reward": -11.471945762634277, "max_episode_reward": 21.4047908782959, "mean_episode_length": 144.75, "success_rate": 0.75, "collision_rate": 0.25, "out_of_bounds_rate": 0.0, "timeout_rate": 0.0, "policy_loss": -0.001433792058378458, "value_loss": 1.9072305858135223, "entropy": 0.629591166973114, "approx_kl": 0.010764805600047112, "clip_fraction": 0.0721435546875, "grad_norm": 18.125627517700195, "explained_variance": 0.951566219329834, "action_std_mean": 0.3315601348876953, "optimizer_iterations": 4.0, "lr": 7.980672e-05}
{"step": 1013760, "wall_time": 1790742543.254662, "episodes_completed": 12.0, "mean_episode_reward": 20.47572410106659, "std_episode_reward": 15.984860977981437, "min_episode_reward": -4.639179229736328, "max_episode_reward": 45.196510314941406, "mean_episode_length": 84.08333333333333, "success_rate": 0.75, "collision_rate": 0.25, "out_of_bounds_rate": 0.0, "timeout_rate": 0.0, "policy_loss": 0.008740986930206418, "value_loss": 2.502198874950409, "entropy": 0.6296188831329346, "approx_kl": 0.008181075332686305, "clip_fraction": 0.0831298828125, "grad_norm": 27.507713794708252, "explained_variance": 0.9074671864509583, "action_std_mean": 0.331562340259552, "optimizer_iterations": 4.0, "lr": 7.976576e-05}
{"step": 1015808, "wall_time": 1790742551.5581424, "episodes_completed": 4.0, "mean_episode_reward": 21.353405475616455, "std_episode_reward": 16.903683834785834, "min_episode_reward": -0.2847719192504883, "max_episode_reward": 44.644981384277344, "mean_episode_length": 97.75, "success_rate": 0.75, "collision_rate": 0.25, "out_of_bounds_rate": 0.0, "timeout_rate": 0.0, "policy_loss": 0.00116094877012074, "value_loss": 4.046416640281677, "entropy": 0.6296441853046417, "approx_kl": 0.01288249681238085, "clip_fraction": 0.12646484375, "grad_norm": 18.67717981338501, "explained_variance": 0.8801800012588501, "action_std_mean": 0.3315739631652832, "optimizer_iterations": 4.0, "lr": 7.97248e-05}
{"step": 1017856, "wall_time": 1790742559.974454, "episodes_completed": 8.0, "mean_episode_reward": 29.04920220375061, "std_episode_reward": 11.280362711332401, "min_episode_reward": 16.265827178955078, "max_episode_reward": 51.26011657714844, "mean_episode_length": 129.0, "success_rate": 0.875, "collision_rate": 0.125, "out_of_bounds_rate": 0.0, "timeout_rate": 0.0, "policy_loss": 0.0021654078736901283, "value_loss": 3.0226683020591736, "entropy": 0.6297250986099243, "approx_kl": 0.038817668333649635, "clip_fraction": 0.1627197265625, "grad_norm": 18.941893458366394, "explained_variance": 0.9135918617248535, "action_std_mean": 0.33158352971076965, "optimizer_iterations": 4.0, "lr": 7.968384e-05}
{"step": 1019904, "wall_time": 1790742568.8840647, "episodes_completed": 7.0, "mean_episode_reward": 16.347556250435964, "std_episode_reward": 22.035167658321033, "min_episode_reward": -9.831080436706543, "max_episode_reward": 59.99968338012695, "mean_episode_length": 105.42857142857143, "success_rate": 0.2857142857142857, "collision_rate": 0.7142857142857143, "out_of_bounds_rate": 0.0, "timeout_rate": 0.0, "policy_loss": 0.008528563659638166, "value_loss": 4.608674168586731, "entropy": 0.6297549307346344, "approx_kl": 0.02354476973414421, "clip_fraction": 0.1611328125, "grad_norm": 27.86796760559082, "explained_variance": 0.9173042178153992, "action_std_mean": 0.3315839171409607, "optimizer_iterations": 4.0, "lr": 7.964288e-05}
{"step": 1021952, "wall_time": 1790742576.9575212, "episodes_completed": 0.0, "mean_episode_reward": NaN, "std_episode_reward": NaN, "min_episode_reward": NaN, "max_episode_reward": NaN, "mean_episode_length": NaN, "success_rate": NaN, "collision_rate": NaN, "out_of_bounds_rate": NaN, "timeout_rate": NaN, "policy_loss": 0.0007865376537665725, "value_loss": 0.9428050369024277, "entropy": 0.6297494769096375, "approx_kl": 0.014183639083057642, "clip_fraction": 0.08056640625, "grad_norm": 10.700804829597473, "explained_variance": 0.9811500310897827, "action_std_mean": 0.33158230781555176, "optimizer_iterations": 4.0, "lr": 7.960192000000001e-05}
{"step": 1024000, "wall_time": 1790742585.4025252, "episodes_completed": 6.0, "mean_episode_reward": 19.0745018410186, "std_episode_reward": 19.365050531916452, "min_episode_reward": -9.806824684143066, "max_episode_reward": 47.33483123779297, "mean_episode_length": 116.5, "success_rate": 0.6666666666666666, "collision_rate": 0.16666666666666666, "out_of_bounds_rate": 0.0, "timeout_rate": 0.16666666666666666, "policy_loss": 2.039596438407898e-06, "value_loss": 0.9345104247331619, "entropy": 0.6297617256641388, "approx_kl": 0.010179247707128525, "clip_fraction": 0.1217041015625, "grad_norm": 9.588014483451843, "explained_variance": 0.9780576825141907, "action_std_mean": 0.3315976858139038, "optimizer_iterations": 4.0, "lr": 7.956096e-05}
{"step": 1026048, "wall_time": 1790742594.3559706, "episodes_completed": 8.0, "mean_episode_reward": 13.540447298437357, "std_episode_reward": 16.884575334435766, "min_episode_reward": -10.090104103088379, "max_episode_reward": 48.787296295166016, "mean_episode_length": 80.75, "success_rate": 0.625, "collision_rate": 0.25, "out_of_bounds_rate": 0.0, "timeout_rate": 0.125, "policy_loss": -0.0006507998332381248, "value_loss": 1.4123948812484741, "entropy": 0.6299007534980774, "approx_kl": 0.008250025799497962, "clip_fraction": 0.1004638671875, "grad_norm": 8.278929471969604, "explained_variance": 0.9674739837646484, "action_std_mean": 0.3316324055194855, "optimizer_iterations": 4.0, "lr": 7.952000000000001e-05}
{"step": 1028096, "wall_time": 1790742602.7878907, "episodes_completed": 5.0, "mean_episode_reward": 29.019035720825194, "std_episode_reward": 10.170804142282533, "min_episode_reward": 9.40728759765625, "max_episode_reward": 38.45268630981445, "mean_episode_length": 156.4, "success_rate": 0.8, "collision_rate": 0.2, "out_of_bounds_rate": 0.0, "timeout_rate": 0.0, "policy_loss": -0.0007639545947313309, "value_loss": 2.507345199584961, "entropy": 0.6301179528236389, "approx_kl": 0.005485855333972722, "clip_fraction": 0.066650390625, "grad_norm": 9.34207034111023, "explained_variance": 0.9162695407867432, "action_std_mean": 0.33166950941085815, "optimizer_iterations": 4.0, "lr": 7.947904e-05}
{"step": 1030144, "wall_time": 1790742610.9432752, "episodes_completed": 8.0, "mean_episode_reward": 25.4908047914505, "std_episode_reward": 11.638609264377516, "min_episode_reward": 10.530633926391602, "max_episode_reward": 42.27045440673828, "mean_episode_length": 86.25, "success_rate": 1.0, "collision_rate": 0.0, "out_of_bounds_rate": 0.0, "timeout_rate": 0.0, "policy_loss": -0.005152225494384766, "value_loss": 0.267070647329092, "entropy": 0.6303121745586395, "approx_kl": 0.02075965190306306, "clip_fraction": 0.1075439453125, "grad_norm": 5.195719599723816, "explained_variance": 0.9924841523170471, "action_std_mean": 0.33168309926986694, "optimizer_iterations": 4.0, "lr": 7.943808e-05}
{"step": 1032192, "wall_time": 1790742619.0753129, "episodes_completed": 8.0, "mean_episode_reward": 18.831519081257284, "std_episode_reward": 15.054613872776905, "min_episode_reward": -1.7596063613891602, "max_episode_reward": 45.36146545410156, "mean_episode_length": 112.75, "success_rate": 0.625, "collision_rate": 0.25, "out_of_bounds_rate": 0.0, "timeout_rate": 0.125, "policy_loss": 0.002740883268415928, "value_loss": 4.583174705505371, "entropy": 0.6303260624408722, "approx_kl": 0.018736759899184108, "clip_fraction": 0.1397705078125, "grad_norm": 16.12291967868805, "explained_variance": 0.8957056999206543, "action_std_mean": 0.33166682720184326, "optimizer_iterations": 4.0, "lr": 7.939712000000001e-05}
{"step": 1034240, "wall_time": 1790742627.2781644, "episodes_completed": 5.0, "mean_episode_reward": 9.389624309539794, "std_episode_reward": 12.991377983947974, "min_episode_reward": -6.670156478881836, "max_episode_reward": 24.091705322265625, "mean_episode_length": 95.2, "success_rate": 0.4, "collision_rate": 0.6, "out_of_bounds_rate": 0.0, "timeout_rate": 0.0, "policy_loss": 0.00023941881954669952, "value_loss": 6.646217584609985, "entropy": 0.6302037537097931, "approx_kl": 0.007756072503980249, "clip_fraction": 0.084716796875, "grad_norm": 30.12794256210327, "explained_variance": 0.8652229309082031, "action_std_mean": 0.33164799213409424, "optimizer_iterations": 4.0, "lr": 7.935616e-05}
{"step": 1036288, "wall_time": 1790742635.409748, "episodes_completed": 13.0, "mean_episode_reward": 11.761695971855751, "std_episode_reward": 18.904025466337554, "min_episode_reward": -10.610079765319824, "max_episode_reward": 53.78704833984375, "mean_episode_length": 78.76923076923077, "success_rate": 0.5384615384615384, "collision_rate": 0.46153846153846156, "out_of_bounds_rate": 0.0, "timeout_rate": 0.0, "policy_loss": 0.004534384235739708, "value_loss": 3.59918749332428, "entropy": 0.6301266252994537, "approx_kl": 0.01079786743503064, "clip_fraction": 0.096435546875, "grad_norm": 33.42095494270325, "explained_variance": 0.9248181581497192, "action_std_mean": 0.33163928985595703, "optimizer_iterations": 4.0, "lr": 7.93152e-05}
{"step": 1038336, "wall_time": 1790742643.4954977, "episodes_completed": 6.0, "mean_episode_reward": 29.768896102905273, "std_episode_reward": 9.709425993929939, "min_episode_reward": 18.251405715942383, "max_episode_reward": 42.667198181152344, "mean_episode_length": 143.66666666666666, "success_rate": 0.8333333333333334, "collision_rate": 0.16666666666666666, "out_of_bounds_rate": 0.0, "timeout_rate": 0.0, "policy_loss": 0.001040089875459671, "value_loss": 2.0044066309928894, "entropy": 0.6301006376743317, "approx_kl": 0.012017886037938297, "clip_fraction": 0.1495361328125, "grad_norm": 21.44742178916931, "explained_variance": 0.9418315291404724, "action_std_mean": 0.33164647221565247, "optimizer_iterations": 4.0, "lr": 7.927424000000002e-05}
{"step": 1040384, "wall_time": 1790742651.7829273, "episodes_completed": 5.0, "mean_episode_reward": 15.412750434875488, "std_episode_reward": 15.063114829846576, "min_episode_reward": -9.01860523223877, "max_episode_reward": 33.621131896972656, "mean_episode_length": 105.8, "success_rate": 0.6, "collision_rate": 0.4, "out_of_bounds_rate": 0.0, "timeout_rate": 0.0, "policy_loss": 0.0011230167001485825, "value_loss": 1.264977216720581, "entropy": 0.6301693618297577, "approx_kl": 0.003228597022825852, "clip_fraction": 0.03125, "grad_norm": 17.53325629234314, "explained_variance": 0.9566192030906677, "action_std_mean": 0.3316573202610016, "optimizer_iterations": 4.0, "lr": 7.923328000000001e-05}
{"step": 1042432, "wall_time": 1790742660.1707904, "episodes_completed": 3.0, "mean_episode_reward": 14.448715686798096, "std_episode_reward": 13.117630979855702, "min_episode_reward": -2.929090976715088, "max_episode_reward": 28.760540008544922, "mean_episode_length": 65.33333333333333, "success_rate": 0.6666666666666666, "collision_rate": 0.3333333333333333, "out_of_bounds_rate": 0.0, "timeout_rate": 0.0, "policy_loss": 0.00027252547442913055, "value_loss": 1.3263646066188812, "entropy": 0.6302337348461151, "approx_kl": 0.011298093246296048, "clip_fraction": 0.098876953125, "grad_norm": 11.190073490142822, "explained_variance": 0.9577571153640747, "action_std_mean": 0.3316739797592163, "optimizer_iterations": 4.0, "lr": 7.919232e-05}
{"step": 1044480, "wall_time": 1790742668.6480486, "episodes_completed": 7.0, "mean_episode_reward": 9.120903066226415, "std_episode_reward": 15.111758816561803, "min_episode_reward": -11.778846740722656, "max_episode_reward": 29.224300384521484, "mean_episode_length": 61.714285714285715, "success_rate": 0.5714285714285714, "collision_rate": 0.2857142857142857, "out_of_bounds_rate": 0.0, "timeout_rate": 0.14285714285714285, "policy_loss": -0.0025786678306758404, "value_loss": 1.3611827194690704, "entropy": 0.6303521692752838, "approx_kl": 0.012579151894897223, "clip_fraction": 0.128662109375, "grad_norm": 10.3670734167099, "explained_variance": 0.9718226194381714, "action_std_mean": 0.33169299364089966, "optimizer_iterations": 4.0, "lr": 7.915136000000001e-05}
{"step": 1046528, "wall_time": 1790742676.8817673, "episodes_completed": 9.0, "mean_episode_reward": 10.021457937028673, "std_episode_reward": 17.8582078793021, "min_episode_reward": -10.436416625976562, "max_episode_reward": 34.62895965576172, "mean_episode_length": 86.33333333333333, "success_rate": 0.5555555555555556, "collision_rate": 0.4444444444444444, "out_of_bounds_rate": 0.0, "timeout_rate": 0.0, "policy_loss": -0.0026358668692409992, "value_loss": 2.8308562636375427, "entropy": 0.6304554045200348, "approx_kl": 0.006773924891604111, "clip_fraction": 0.0784912109375, "grad_norm": 18.43375062942505, "explained_variance": 0.932400643825531, "action_std_mean": 0.3317068815231323, "optimizer_iterations": 4.0, "lr": 7.911040000000001e-05}
{"step": 1048576, "wall_time": 1790742685.2607553, "episodes_completed": 10.0, "mean_episode_reward": 10.998012654483318, "std_episode_reward": 13.558957263562716, "min_episode_reward": -9.300287246704102, "max_episode_reward": 33.13539123535156, "mean_episode_length": 88.0, "success_rate": 0.6, "collision_rate": 0.3, "out_of_bounds_rate": 0.0, "timeout_rate": 0.1, "policy_loss": -0.0002847714349627495, "value_loss": 2.0220670998096466, "entropy": 0.6305016577243805, "approx_kl": 0.00501825290848501, "clip_fraction": 0.062744140625, "grad_norm": 11.029016375541687, "explained_variance": 0.9560942649841309, "action_std_mean": 0.33170372247695923, "optimizer_iterations": 4.0, "lr": 7.906944e-05}
{"step": 1050624, "wall_time": 1790742693.520547, "episodes_completed": 9.0, "mean_episode_reward": 5.612873077392578, "std_episode_reward": 8.585715310867968, "min_episode_reward": -7.040708065032959, "max_episode_reward": 15.11266040802002, "mean_episode_length": 58.333333333333336, "success_rate": 0.4444444444444444, "collision_rate": 0.4444444444444444, "out_of_bounds_rate": 0.0, "timeout_rate": 0.1111111111111111, "policy_loss": 0.0012215618044137955, "value_loss": 4.804836392402649, "entropy": 0.6304500102996826, "approx_kl": 0.0073242789367213845, "clip_fraction": 0.083740234375, "grad_norm": 17.301129698753357, "explained_variance": 0.9290376305580139, "action_std_mean": 0.33169543743133545, "optimizer_iterations": 4.0, "lr": 7.902848000000001e-05}
{"step": 1052672, "wall_time": 1790742701.7676516, "episodes_completed": 5.0, "mean_episode_reward": 21.939898109436037, "std_episode_reward": 21.451388054327065, "min_episode_reward": -12.042797088623047, "max_episode_reward": 50.631832122802734, "mean_episode_length": 118.8, "success_rate": 0.8, "collision_rate": 0.2, "out_of_bounds_rate": 0.0, "timeout_rate": 0.0, "policy_loss": -0.0018307333812117577, "value_loss": 1.6706760823726654, "entropy": 0.6304105520248413, "approx_kl": 0.005716867977753282, "clip_fraction": 0.06787109375, "grad_norm": 10.642310380935669, "explained_variance": 0.968370795249939, "action_std_mean": 0.3316940665245056, "optimizer_iterations": 4.0, "lr": 7.898752e-05}
{"step": 1054720, "wall_time": 1790742710.0806937, "episodes_completed": 7.0, "mean_episode_reward": 24.560571291616984, "std_episode_reward": 20.305266804722987, "min_episode_reward": 0.01575586199760437, "max_episode_reward": 60.061561584472656, "mean_episode_length": 121.28571428571429, "success_rate": 0.5714285714285714, "collision_rate": 0.2857142857142857, "out_of_bounds_rate": 0.0, "timeout_rate": 0.14285714285714285, "policy_loss": 0.005080934846773744, "value_loss": 3.38746440410614, "entropy": 0.6304140388965607, "approx_kl": 0.00898463511839509, "clip_fraction": 0.106201171875, "grad_norm": 20.859182000160217, "explained_variance": 0.9364011883735657, "action_std_mean": 0.33168888092041016, "optimizer_iterations": 4.0, "lr": 7.894656e-05}
{"step": 1056768, "wall_time": 1790742718.386664, "episodes_completed": 2.0, "mean_episode_reward": 25.270299911499023, "std_episode_reward": 6.916097640991211, "min_episode_reward": 18.354202270507812, "max_episode_reward": 32.186397552490234, "mean_episode_length": 110.5, "success_rate": 1.0, "collision_rate": 0.0, "out_of_bounds_rate": 0.0, "timeout_rate": 0.0, "policy_loss": 0.00032823486253619194, "value_loss": 1.571886122226715, "entropy": 0.6303526759147644, "approx_kl": 0.009687648271210492, "clip_fraction": 0.11181640625, "grad_norm": 16.92964208126068, "explained_variance": 0.9659112691879272, "action_std_mean": 0.33168625831604004, "optimizer_iterations": 4.0, "lr": 7.89056e-05}
{"step": 1058816, "wall_time": 1790742726.6225421, "episodes_completed": 5.0, "mean_episode_reward": 14.353109169006348, "std_episode_reward": 18.10822435077047, "min_episode_reward": -9.875129699707031, "max_episode_reward": 35.53791809082031, "mean_episode_length": 141.8, "success_rate": 0.6, "collision_rate": 0.4, "out_of_bounds_rate": 0.0, "timeout_rate": 0.0, "policy_loss": -0.0007270481437444687, "value_loss": 3.0727517008781433, "entropy": 0.6303721070289612, "approx_kl": 0.005581035045906901, "clip_fraction": 0.060791015625, "grad_norm": 14.504560232162476, "explained_variance": 0.9303543567657471, "action_std_mean": 0.3316933810710907, "optimizer_iterations": 4.0, "lr": 7.886464e-05}
{"step": 1060864, "wall_time": 1790742734.8876352, "episodes_completed": 7.0, "mean_episode_reward": 10.553645082882472, "std_episode_reward": 14.930196053337248, "min_episode_reward": -9.265179634094238, "max_episode_reward": 37.59950256347656, "mean_episode_length": 77.28571428571429, "success_rate": 0.42857142857142855, "collision_rate": 0.42857142857142855, "out_of_bounds_rate": 0.0, "timeout_rate": 0.14285714285714285, "policy_loss": 0.0002964956220239401, "value_loss": 3.5521153807640076, "entropy": 0.6304135620594025, "approx_kl": 0.009683067095465958, "clip_fraction": 0.0823974609375, "grad_norm": 16.466315507888794, "explained_variance": 0.9358834028244019, "action_std_mean": 0.33170413970947266, "optimizer_iterations": 4.0, "lr": 7.882368e-05}
{"step": 1062912, "wall_time": 1790742743.3224618, "episodes_completed": 6.0, "mean_episode_reward": 18.366414149602253, "std_episode_reward": 12.389782383292395, "min_episode_reward": -4.5332865715026855, "max_episode_reward": 33.88785171508789, "mean_episode_length": 95.83333333333333, "success_rate": 0.6666666666666666, "collision_rate": 0.3333333333333333, "out_of_bounds_rate": 0.0, "timeout_rate": 0.0, "policy_loss": -0.0003906511701643467, "value_loss": 2.5075751543045044, "entropy": 0.6305125653743744, "approx_kl": 0.03879262041300535, "clip_fraction": 0.0970458984375, "grad_norm": 15.532308220863342, "explained_variance": 0.9451746940612793, "action_std_mean": 0.3317316770553589, "optimizer_iterations": 4.0, "lr": 7.878272e-05}
{"step": 1064960, "wall_time": 1790742751.471871, "episodes_completed": 10.0, "mean_episode_reward": 10.920383949205279, "std_episode_reward": 10.835640849184271, "min_episode_reward": -9.826812744140625, "max_episode_reward": 24.334732055664062, "mean_episode_length": 47.4, "success_rate": 0.6, "collision_rate": 0.3, "out_of_bounds_rate": 0.0, "timeout_rate": 0.1, "policy_loss": 0.0012409128248691559, "value_loss": 2.566031575202942, "entropy": 0.6306806206703186, "approx_kl": 0.03368144482374191, "clip_fraction": 0.162353515625, "grad_norm": 24.44245755672455, "explained_variance": 0.9435845613479614, "action_std_mean": 0.33175045251846313, "optimizer_iterations": 4.0, "lr": 7.874176e-05}
{"step": 1067008, "wall_time": 1790742759.7105098, "episodes_completed": 12.0, "mean_episode_reward": 13.659635066986084, "std_episode_reward": 16.37483957054002, "min_episode_reward": -9.654378890991211, "max_episode_reward": 47.27473831176758, "mean_episode_length": 87.0, "success_rate": 0.5833333333333334, "collision_rate": 0.4166666666666667, "out_of_bounds_rate": 0.0, "timeout_rate": 0.0, "policy_loss": 0.019896544981747866, "value_loss": 4.114356994628906, "entropy": 0.6307571530342102, "approx_kl": 0.06702413968741894, "clip_fraction": 0.2142333984375, "grad_norm": 24.694056749343872, "explained_variance": 0.9042593836784363, "action_std_mean": 0.33176296949386597, "optimizer_iterations": 4.0, "lr": 7.87008e-05}
{"step": 1069056, "wall_time": 1790742767.9220428, "episodes_completed": 9.0, "mean_episode_reward": 14.857359038458931, "std_episode_reward": 11.200303444215963, "min_episode_reward": -10.148574829101562, "max_episode_reward": 25.670345306396484, "mean_episode_length": 90.77777777777777, "success_rate": 0.6666666666666666, "collision_rate": 0.3333333333333333, "out_of_bounds_rate": 0.0, "timeout_rate": 0.0, "policy_loss": 0.013418772723525763, "value_loss": 6.725352764129639, "entropy": 0.6308403313159943, "approx_kl": 0.028377670561894774, "clip_fraction": 0.1387939453125, "grad_norm": 39.59839105606079, "explained_variance": 0.8419968485832214, "action_std_mean": 0.3317759037017822, "optimizer_iterations": 4.0, "lr": 7.865984000000001e-05}
{"step": 1071104, "wall_time": 1790742776.2097917, "episodes_completed": 12.0, "mean_episode_reward": 18.139681100845337, "std_episode_reward": 16.297403412387425, "min_episode_reward": -9.831563949584961, "max_episode_reward": 40.40859603881836, "mean_episode_length": 77.41666666666667, "success_rate": 0.75, "collision_rate": 0.25, "out_of_bounds_rate": 0.0, "timeout_rate": 0.0, "policy_loss": 0.00026718247681856155, "value_loss": 2.282179594039917, "entropy": 0.6309044063091278, "approx_kl": 0.015432988409884274, "clip_fraction": 0.14013671875, "grad_norm": 16.954386591911316, "explained_variance": 0.8587726354598999, "action_std_mean": 0.3317857086658478, "optimizer_iterations": 4.0, "lr": 7.861888e-05}
{"step": 1073152, "wall_time": 1790742785.9178224, "episodes_completed": 14.0, "mean_episode_reward": 20.131308759961808, "std_episode_reward": 18.336342701951157, "min_episode_reward": -9.979486465454102, "max_episode_reward": 54.26462936401367, "mean_episode_length": 89.07142857142857, "success_rate": 0.7142857142857143, "collision_rate": 0.2857142857142857, "out_of_bounds_rate": 0.0, "timeout_rate": 0.0, "policy_loss": 0.0019199084490537643, "value_loss": 4.6269330978393555, "entropy": 0.630958616733551, "approx_kl": 0.013234306825324893, "clip_fraction": 0.1441650390625, "grad_norm": 15.207102417945862, "explained_variance": 0.7722777724266052, "action_std_mean": 0.3318013548851013, "optimizer_iterations": 4.0, "lr": 7.857792e-05}
{"step": 1075200, "wall_time": 1790742795.2611926, "episodes_completed": 5.0, "mean_episode_reward": 20.755526733398437, "std_episode_reward": 13.252941166078145, "min_episode_reward": -3.2965049743652344, "max_episode_reward": 32.521995544433594, "mean_episode_length": 85.8, "success_rate": 0.8, "collision_rate": 0.2, "out_of_bounds_rate": 0.0, "timeout_rate": 0.0, "policy_loss": 0.002293463796377182, "value_loss": 1.7922688126564026, "entropy": 0.63104647397995, "approx_kl": 0.010178626980632544, "clip_fraction": 0.11083984375, "grad_norm": 15.159070491790771, "explained_variance": 0.9631836414337158, "action_std_mean": 0.33179980516433716, "optimizer_iterations": 4.0, "lr": 7.853696000000001e-05}
{"step": 1077248, "wall_time": 1790742802.867257, "episodes_completed": 2.0, "mean_episode_reward": 23.980428218841553, "std_episode_reward": 8.711744785308838, "min_episode_reward": 15.268683433532715, "max_episode_reward": 32.69217300415039, "mean_episode_length": 83.0, "success_rate": 1.0, "collision_rate": 0.0, "out_of_bounds_rate": 0.0, "timeout_rate": 0.0, "policy_loss": 0.0022540371865034103, "value_loss": 1.3613007962703705, "entropy": 0.6309778690338135, "approx_kl": 0.014917090302333236, "clip_fraction": 0.16064453125, "grad_norm": 14.302465796470642, "explained_variance": 0.9605603814125061, "action_std_mean": 0.3317898213863373, "optimizer_iterations": 4.0, "lr": 7.8496e-05}
{"step": 1079296, "wall_time": 1790742810.1274478, "episodes_completed": 6.0, "mean_episode_reward": 12.06817070643107, "std_episode_reward": 15.99268076565033, "min_episode_reward": -13.43525218963623, "max_episode_reward": 32.76154708862305, "mean_episode_length": 123.5, "success_rate": 0.6666666666666666, "collision_rate": 0.3333333333333333, "out_of_bounds_rate": 0.0, "timeout_rate": 0.0, "policy_loss": -0.004069208167493343, "value_loss": 2.47906631231308, "entropy": 0.6309516727924347, "approx_kl": 0.009002252656500787, "clip_fraction": 0.086181640625, "grad_norm": 15.487412929534912, "explained_variance": 0.9397593140602112, "action_std_mean": 0.3318014144897461, "optimizer_iterations": 4.0, "lr": 7.845504e-05}
{"step": 1081344, "wall_time": 1790742817.9585764, "episodes_completed": 6.0, "mean_episode_reward": 23.860151529312134, "std_episode_reward": 15.300892169246605, "min_episode_reward": -3.494274616241455, "max_episode_reward": 41.774322509765625, "mean_episode_length": 112.33333333333333, "success_rate": 0.8333333333333334, "collision_rate": 0.16666666666666666, "out_of_bounds_rate": 0.0, "timeout_rate": 0.0, "policy_loss": -3.633834421634674e-05, "value_loss": 0.8083174973726273, "entropy": 0.6310581266880035, "approx_kl": 0.009709117352031171, "clip_fraction": 0.1094970703125, "grad_norm": 10.55199658870697, "explained_variance": 0.9797662496566772, "action_std_mean": 0.3318275511264801, "optimizer_iterations": 4.0, "lr": 7.841408e-05}
{"step": 1083392, "wall_time": 1790742826.793771, "episodes_completed": 5.0, "mean_episode_reward": 24.07126693725586, "std_episode_reward": 20.37183081119712, "min_episode_reward": -10.079235076904297, "max_episode_reward": 52.612056732177734, "mean_episode_length": 122.6, "success_rate": 0.8, "collision_rate": 0.2, "out_of_bounds_rate": 0.0, "timeout_rate": 0.0, "policy_loss": -0.0011422582319937646, "value_loss": 1.1372079253196716, "entropy": 0.6312310099601746, "approx_kl": 0.005853017559275031, "clip_fraction": 0.07080078125, "grad_norm": 11.942495465278625, "explained_variance": 0.9755745530128479, "action_std_mean": 0.331861674785614, "optimizer_iterations": 4.0, "lr": 7.837312e-05}
{"step": 1085440, "wall_time": 1790742834.5664022, "episodes_completed": 7.0, "mean_episode_reward": 14.118458792567253, "std_episode_reward": 15.499174368482894, "min_episode_reward": -0.6957273483276367, "max_episode_reward": 39.885353088378906, "mean_episode_length": 68.14285714285714, "success_rate": 0.5714285714285714, "collision_rate": 0.14285714285714285, "out_of_bounds_rate": 0.0, "timeout_rate": 0.2857142857142857, "policy_loss": 7.771491073071957e-05, "value_loss": 2.885313391685486, "entropy": 0.6314392685890198, "approx_kl": 0.010869653197005391, "clip_fraction": 0.1231689453125, "grad_norm": 21.62761092185974, "explained_variance": 0.9082256555557251, "action_std_mean": 0.33189743757247925, "optimizer_iterations": 4.0, "lr": 7.833216e-05}
{"step": 1087488, "wall_time": 1790742843.783243, "episodes_completed": 7.0, "mean_episode_reward": 15.478312466293573, "std_episode_reward": 17.813322209262708, "min_episode_reward": -9.425802230834961, "max_episode_reward": 43.68900680541992, "mean_episode_length": 120.71428571428571, "success_rate": 0.5714285714285714, "collision_rate": 0.2857142857142857, "out_of_bounds_rate": 0.0, "timeout_rate": 0.14285714285714285, "policy_loss": -0.00039341533556580544, "value_loss": 2.8101876974105835, "entropy": 0.6316423118114471, "approx_kl": 0.007109977479558438, "clip_fraction": 0.078125, "grad_norm": 18.782267689704895, "explained_variance": 0.9412118196487427, "action_std_mean": 0.3319172263145447, "optimizer_iterations": 4.0, "lr": 7.829120000000001e-05}
{"step": 1089536, "wall_time": 1790742851.6162097, "episodes_completed": 3.0, "mean_episode_reward": 23.36218039194743, "std_episode_reward": 14.49160354011619, "min_episode_reward": 6.725237846374512, "max_episode_reward": 42.04496383666992, "mean_episode_length": 131.0, "success_rate": 0.6666666666666666, "collision_rate": 0.3333333333333333, "out_of_bounds_rate": 0.0, "timeout_rate": 0.0, "policy_loss": -0.0016301460564136505, "value_loss": 0.8745477050542831, "entropy": 0.6316953897476196, "approx_kl": 0.007925943093141541, "clip_fraction": 0.072998046875, "grad_norm": 6.858835756778717, "explained_variance": 0.9834463000297546, "action_std_mean": 0.33191996812820435, "optimizer_iterations": 4.0, "lr": 7.825024000000001e-05}
{"step": 1091584, "wall_time": 1790742860.9236836, "episodes_completed": 4.0, "mean_episode_reward": 22.334521532058716, "std_episode_reward": 18.937033908222663, "min_episode_reward": -9.36799144744873, "max_episode_reward": 39.033653259277344, "mean_episode_length": 138.75, "success_rate": 0.75, "collision_rate": 0.25, "out_of_bounds_rate": 0.0, "timeout_rate": 0.0, "policy_loss": -0.0012876223772764206, "value_loss": 0.8072314113378525, "entropy": 0.6317044198513031, "approx_kl": 0.007306105340830982, "clip_fraction": 0.084716796875, "grad_norm": 8.110435247421265, "explained_variance": 0.9810697436332703, "action_std_mean": 0.33191031217575073, "optimizer_iterations": 4.0, "lr": 7.820928e-05}
{"step": 1093632, "wall_time": 1790742870.749044, "episodes_completed": 6.0, "mean_episode_reward": 9.551793257395426, "std_episode_reward": 8.756112394351998, "min_episode_reward": -9.82429027557373, "max_episode_reward": 15.999929428100586, "mean_episode_length": 45.333333333333336, "success_rate": 0.6666666666666666, "collision_rate": 0.3333333333333333, "out_of_bounds_rate": 0.0, "timeout_rate": 0.0, "policy_loss": 0.0002211232203990221, "value_loss": 2.4314433336257935, "entropy": 0.6315893232822418, "approx_kl": 0.016889392398297787, "clip_fraction": 0.1275634765625, "grad_norm": 16.524036049842834, "explained_variance": 0.9555683135986328, "action_std_mean": 0.3318840563297272, "optimizer_iterations": 4.0, "lr": 7.816832000000001e-05}
{"step": 1095680, "wall_time": 1790742880.7783308, "episodes_completed": 13.0, "mean_episode_reward": 11.539045153902126, "std_episode_reward": 17.955740381296767, "min_episode_reward": -9.902405738830566, "max_episode_reward": 48.12812423706055, "mean_episode_length": 73.92307692307692, "success_rate": 0.46153846153846156, "collision_rate": 0.46153846153846156, "out_of_bounds_rate": 0.0, "timeout_rate": 0.07692307692307693, "policy_loss": -0.00028603989630937576, "value_loss": 2.47080260515213, "entropy": 0.631423145532608, "approx_kl": 0.010159401455894113, "clip_fraction": 0.11181640625, "grad_norm": 24.053701162338257, "explained_variance": 0.9482982158660889, "action_std_mean": 0.3318590521812439, "optimizer_iterations": 4.0, "lr": 7.812736e-05}
{"step": 1097728, "wall_time": 1790742888.3712697, "episodes_completed": 5.0, "mean_episode_reward": 25.170672798156737, "std_episode_reward": 21.321680868766627, "min_episode_reward": -10.253697395324707, "max_episode_reward": 54.861595153808594, "mean_episode_length": 163.4, "success_rate": 0.6, "collision_rate": 0.4, "out_of_bounds_rate": 0.0, "timeout_rate": 0.0, "policy_loss": 0.002231139689683914, "value_loss": 1.9271072745323181, "entropy": 0.6312812268733978, "approx_kl": 0.011117436457425356, "clip_fraction": 0.0712890625, "grad_norm": 12.557811856269836, "explained_variance": 0.9618980884552002, "action_std_mean": 0.3318362832069397, "optimizer_iterations": 4.0, "lr": 7.80864e-05}
{"step": 1099776, "wall_time": 1790742895.7023938, "episodes_completed": 8.0, "mean_episode_reward": 10.773299131542444, "std_episode_reward": 17.367721727320617, "min_episode_reward": -10.41627025604248, "max_episode_reward": 40.46828842163086, "mean_episode_length": 101.875, "success_rate": 0.5, "collision_rate": 0.375, "out_of_bounds_rate": 0.0, "timeout_rate": 0.125, "policy_loss": 0.005579671997111291, "value_loss": 2.7300029397010803, "entropy": 0.6311340630054474, "approx_kl": 0.019488956546410918, "clip_fraction": 0.1357421875, "grad_norm": 26.831607580184937, "explained_variance": 0.9440608620643616, "action_std_mean": 0.33180710673332214, "optimizer_iterations": 4.0, "lr": 7.804544e-05}
{"step": 1101824, "wall_time": 1790742903.3796577, "episodes_completed": 3.0, "mean_episode_reward": 27.660127639770508, "std_episode_reward": 4.10210312169471, "min_episode_reward": 23.732751846313477, "max_episode_reward": 33.32147216796875, "mean_episode_length": 170.66666666666666, "success_rate": 1.0, "collision_rate": 0.0, "out_of_bounds_rate": 0.0, "timeout_rate": 0.0, "policy_loss": 0.01585226971656084, "value_loss": 1.8561625182628632, "entropy": 0.6309621036052704, "approx_kl": 0.04025060869753361, "clip_fraction": 0.0889892578125, "grad_norm": 27.252674341201782, "explained_variance": 0.9548608660697937, "action_std_mean": 0.33178597688674927, "optimizer_iterations": 4.0, "lr": 7.800448e-05}
{"step": 1103872, "wall_time": 1790742912.091291, "episodes_completed": 5.0, "mean_episode_reward": 19.72515239715576, "std_episode_reward": 21.96326848174118, "min_episode_reward": -6.693813323974609, "max_episode_reward": 59.55279541015625, "mean_episode_length": 119.8, "success_rate": 0.6, "collision_rate": 0.4, "out_of_bounds_rate": 0.0, "timeout_rate": 0.0, "policy_loss": 0.0017396965995430946, "value_loss": 2.118322253227234, "entropy": 0.6308684051036835, "approx_kl": 0.015689244028180838, "clip_fraction": 0.1517333984375, "grad_norm": 19.152019262313843, "explained_variance": 0.9545037150382996, "action_std_mean": 0.33177509903907776, "optimizer_iterations": 4.0, "lr": 7.796352e-05}
{"step": 1105920, "wall_time": 1790742920.4486895, "episodes_completed": 2.0, "mean_episode_reward": 33.04045009613037, "std_episode_reward": 18.722302436828613, "min_episode_reward": 14.318147659301758, "max_episode_reward": 51.762752532958984, "mean_episode_length": 121.5, "success_rate": 1.0, "collision_rate": 0.0, "out_of_bounds_rate": 0.0, "timeout_rate": 0.0, "policy_loss": -0.00018614158034324646, "value_loss": 0.47127097100019455, "entropy": 0.6308161616325378, "approx_kl": 0.0261693496722728, "clip_fraction": 0.2110595703125, "grad_norm": 10.43734359741211, "explained_variance": 0.9902804493904114, "action_std_mean": 0.331769198179245, "optimizer_iterations": 4.0, "lr": 7.792256e-05}
{"step": 1107968, "wall_time": 1790742929.7106166, "episodes_completed": 3.0, "mean_episode_reward": 3.6431540846824646, "std_episode_reward": 6.692676034029303, "min_episode_reward": -2.2178664207458496, "max_episode_reward": 13.009827613830566, "mean_episode_length": 133.33333333333334, "success_rate": 0.0, "collision_rate": 0.6666666666666666, "out_of_bounds_rate": 0.0, "timeout_rate": 0.3333333333333333, "policy_loss": -0.003325939178466797, "value_loss": 0.9449099600315094, "entropy": 0.630786269903183, "approx_kl": 0.0049811837379820645, "clip_fraction": 0.0609130859375, "grad_norm": 10.542198538780212, "explained_variance": 0.9756554365158081, "action_std_mean": 0.331767201423645, "optimizer_iterations": 4.0, "lr": 7.78816e-05}
{"step": 1110016, "wall_time": 1790742938.9250362, "episodes_completed": 3.0, "mean_episode_reward": 15.143131256103516, "std_episode_reward": 18.36725975124156, "min_episode_reward": -10.638378143310547, "max_episode_reward": 30.77608871459961, "mean_episode_length": 170.66666666666666, "success_rate": 0.6666666666666666, "collision_rate": 0.3333333333333333, "out_of_bounds_rate": 0.0, "timeout_rate": 0.0, "policy_loss": 0.00668009789660573, "value_loss": 0.8595103770494461, "entropy": 0.6307698488235474, "approx_kl": 0.020125075709074736, "clip_fraction": 0.12646484375, "grad_norm": 17.7418212890625, "explained_variance": 0.9832248091697693, "action_std_mean": 0.3317582607269287, "optimizer_iterations": 4.0, "lr": 7.784064e-05}
{"step": 1112064, "wall_time": 1790742947.884863, "episodes_completed": 3.0, "mean_episode_reward": -2.467624759922425, "std_episode_reward": 3.6932670290946152, "min_episode_reward": -7.688840866088867, "max_episode_reward": 0.2634357810020447, "mean_episode_length": 113.0, "success_rate": 0.0, "collision_rate": 0.3333333333333333, "out_of_bounds_rate": 0.0, "timeout_rate": 0.6666666666666666, "policy_loss": 0.006547877623233944, "value_loss": 1.5119761228561401, "entropy": 0.6306949257850647, "approx_kl": 0.017443219432607293, "clip_fraction": 0.1270751953125, "grad_norm": 17.256072998046875, "explained_variance": 0.974316418170929, "action_std_mean": 0.33174970746040344, "optimizer_iterations": 4.0, "lr": 7.779968e-05}
{"step": 1114112, "wall_time": 1790742956.8402543, "episodes_completed": 11.0, "mean_episode_reward": 12.973573801192371, "std_episode_reward": 13.875618694582998, "min_episode_reward": -8.303778648376465, "max_episode_reward": 40.24407196044922, "mean_episode_length": 84.81818181818181, "success_rate": 0.5454545454545454, "collision_rate": 0.2727272727272727, "out_of_bounds_rate": 0.0, "timeout_rate": 0.18181818181818182, "policy_loss": 0.007699512876570225, "value_loss": 3.064454436302185, "entropy": 0.6306912302970886, "approx_kl": 0.029116959776729345, "clip_fraction": 0.14453125, "grad_norm": 18.962798595428467, "explained_variance": 0.931243896484375, "action_std_mean": 0.3317667841911316, "optimizer_iterations": 4.0, "lr": 7.775872e-05}
{"step": 1116160, "wall_time": 1790742965.6614637, "episodes_completed": 8.0, "mean_episode_reward": 8.446590185165405, "std_episode_reward": 12.528065991627148, "min_episode_reward": -9.853975296020508, "max_episode_reward": 30.067279815673828, "mean_episode_length": 84.625, "success_rate": 0.375, "collision_rate": 0.625, "out_of_bounds_rate": 0.0, "timeout_rate": 0.0, "policy_loss": -0.0018298979848623276, "value_loss": 5.310595154762268, "entropy": 0.6308319270610809, "approx_kl": 0.008765175240114331, "clip_fraction": 0.09228515625, "grad_norm": 18.820945024490356, "explained_variance": 0.9104156494140625, "action_std_mean": 0.3317912817001343, "optimizer_iterations": 4.0, "lr": 7.771776e-05}
{"step": 1118208, "wall_time": 1790742976.3393357, "episodes_completed": 8.0, "mean_episode_reward": 33.2271842956543, "std_episode_reward": 13.262395648185397, "min_episode_reward": 20.486003875732422, "max_episode_reward": 55.70972442626953, "mean_episode_length": 136.25, "success_rate": 1.0, "collision_rate": 0.0, "out_of_bounds_rate": 0.0, "timeout_rate": 0.0, "policy_loss": -0.0017603461164981127, "value_loss": 0.8250987380743027, "entropy": 0.6309483349323273, "approx_kl": 0.005861334968358278, "clip_fraction": 0.060546875, "grad_norm": 11.794759750366211, "explained_variance": 0.9780901670455933, "action_std_mean": 0.33179494738578796, "optimizer_iterations": 4.0, "lr": 7.767680000000001e-05}
{"step": 1120256, "wall_time": 1790742986.0726914, "episodes_completed": 13.0, "mean_episode_reward": 5.431426194997934, "std_episode_reward": 17.9094072532842, "min_episode_reward": -10.169062614440918, "max_episode_reward": 45.97887420654297, "mean_episode_length": 46.53846153846154, "success_rate": 0.38461538461538464, "collision_rate": 0.6153846153846154, "out_of_bounds_rate": 0.0, "timeout_rate": 0.0, "policy_loss": 0.0012673400342464447, "value_loss": 4.397507905960083, "entropy": 0.6308979690074921, "approx_kl": 0.007647087448276579, "clip_fraction": 0.0928955078125, "grad_norm": 26.31677794456482, "explained_variance": 0.928757905960083, "action_std_mean": 0.3317786455154419, "optimizer_iterations": 4.0, "lr": 7.763584e-05}
{"step": 1122304, "wall_time": 1790742995.1307607, "episodes_completed": 11.0, "mean_episode_reward": 0.16146217692982068, "std_episode_reward": 11.73064758625649, "min_episode_reward": -9.800114631652832, "max_episode_reward": 26.568199157714844, "mean_episode_length": 37.36363636363637, "success_rate": 0.18181818181818182, "collision_rate": 0.8181818181818182, "out_of_bounds_rate": 0.0, "timeout_rate": 0.0, "policy_loss": -0.0011479053646326065, "value_loss": 5.476919889450073, "entropy": 0.6308117508888245, "approx_kl": 0.006027241586707532, "clip_fraction": 0.062255859375, "grad_norm": 42.62621212005615, "explained_variance": 0.9032809138298035, "action_std_mean": 0.3317694664001465, "optimizer_iterations": 4.0, "lr": 7.759488e-05}
{"step": 1124352, "wall_time": 1790743004.1180193, "episodes_completed": 3.0, "mean_episode_reward": 12.873859087626139, "std_episode_reward": 5.36676052001898, "min_episode_reward": 5.443159103393555, "max_episode_reward": 17.927753448486328, "mean_episode_length": 104.33333333333333, "success_rate": 0.6666666666666666, "collision_rate": 0.3333333333333333, "out_of_bounds_rate": 0.0, "timeout_rate": 0.0, "policy_loss": 0.00040252297185361385, "value_loss": 1.9405711889266968, "entropy": 0.630772203207016, "approx_kl": 0.010845986602362245, "clip_fraction": 0.0294189453125, "grad_norm": 18.746941447257996, "explained_variance": 0.9588213562965393, "action_std_mean": 0.33177006244659424, "optimizer_iterations": 4.0, "lr": 7.755392e-05}
{"step": 1126400, "wall_time": 1790743013.3056102, "episodes_completed": 7.0, "mean_episode_reward": 22.568533612149103, "std_episode_reward": 21.298503601474184, "min_episode_reward": -9.809622764587402, "max_episode_reward": 52.74143981933594, "mean_episode_length": 112.0, "success_rate": 0.7142857142857143, "collision_rate": 0.14285714285714285, "out_of_bounds_rate": 0.0, "timeout_rate": 0.14285714285714285, "policy_loss": -0.0006542876362800598, "value_loss": 1.8300824463367462, "entropy": 0.6307776868343353, "approx_kl": 0.014844185905531049, "clip_fraction": 0.1361083984375, "grad_norm": 10.388845324516296, "explained_variance": 0.953174889087677, "action_std_mean": 0.3317614793777466, "optimizer_iterations": 4.0, "lr": 7.751296e-05}
{"step": 1128448, "wall_time": 1790743022.00063, "episodes_completed": 5.0, "mean_episode_reward": 14.164880561828614, "std_episode_reward": 13.096804984325352, "min_episode_reward": -11.21430778503418, "max_episode_reward": 25.248992919921875, "mean_episode_length": 94.4, "success_rate": 0.6, "collision_rate": 0.4, "out_of_bounds_rate": 0.0, "timeout_rate": 0.0, "policy_loss": -0.0011364236706867814, "value_loss": 2.4829723834991455, "entropy": 0.6306690573692322, "approx_kl": 0.011030667694285512, "clip_fraction": 0.1048583984375, "grad_norm": 10.202233076095581, "explained_variance": 0.9554153680801392, "action_std_mean": 0.3317334055900574, "optimizer_iterations": 4.0, "lr": 7.7472e-05}
{"step": 1130496, "wall_time": 1790743032.3323598, "episodes_completed": 8.0, "mean_episode_reward": 12.302382480353117, "std_episode_reward": 21.107335310426656, "min_episode_reward": -9.888598442077637, "max_episode_reward": 53.46357345581055, "mean_episode_length": 92.5, "success_rate": 0.5, "collision_rate": 0.375, "out_of_bounds_rate": 0.0, "timeout_rate": 0.125, "policy_loss": -0.0031297076493501663, "value_loss": 3.009449541568756, "entropy": 0.6304886639118195, "approx_kl": 0.007701551425270736, "clip_fraction": 0.076904296875, "grad_norm": 20.913814306259155, "explained_variance": 0.9442467093467712, "action_std_mean": 0.3317040205001831, "optimizer_iterations": 4.0, "lr": 7.743104000000001e-05}
{"step": 1132544, "wall_time": 1790743042.287065, "episodes_completed": 6.0, "mean_episode_reward": 13.053104082743326, "std_episode_reward": 18.11988999074435, "min_episode_reward": -9.01720142364502, "max_episode_reward": 33.052940368652344, "mean_episode_length": 101.16666666666667, "success_rate": 0.3333333333333333, "collision_rate": 0.6666666666666666, "out_of_bounds_rate": 0.0, "timeout_rate": 0.0, "policy_loss": 0.0019290174823254347, "value_loss": 2.8175249695777893, "entropy": 0.6303085386753082, "approx_kl": 0.005243200605036691, "clip_fraction": 0.0369873046875, "grad_norm": 21.107895135879517, "explained_variance": 0.9494240283966064, "action_std_mean": 0.33168748021125793, "optimizer_iterations": 4.0, "lr": 7.739008000000001e-05}
{"step": 1134592, "wall_time": 1790743052.126644, "episodes_completed": 7.0, "mean_episode_reward": 9.33861768245697, "std_episode_reward": 13.291140773213654, "min_episode_reward": -9.138599395751953, "max_episode_reward": 36.22686767578125, "mean_episode_length": 98.71428571428571, "success_rate": 0.2857142857142857, "collision_rate": 0.5714285714285714, "out_of_bounds_rate": 0.0, "timeout_rate": 0.14285714285714285, "policy_loss": 0.005377256078645587, "value_loss": 5.912065386772156, "entropy": 0.6302590072154999, "approx_kl": 0.017520712222903967, "clip_fraction": 0.0789794921875, "grad_norm": 27.397144317626953, "explained_variance": 0.8979573845863342, "action_std_mean": 0.3316936194896698, "optimizer_iterations": 4.0, "lr": 7.734912e-05}
{"step": 1136640, "wall_time": 1790743060.2146006, "episodes_completed": 10.0, "mean_episode_reward": 17.8221417427063, "std_episode_reward": 15.692609240362534, "min_episode_reward": -9.879013061523438, "max_episode_reward": 37.6702880859375, "mean_episode_length": 80.1, "success_rate": 0.7, "collision_rate": 0.3, "out_of_bounds_rate": 0.0, "timeout_rate": 0.0, "policy_loss": -0.0006447993218898773, "value_loss": 1.84456866979599, "entropy": 0.630332350730896, "approx_kl": 0.011013615352567285, "clip_fraction": 0.091064453125, "grad_norm": 11.719805479049683, "explained_variance": 0.9538424015045166, "action_std_mean": 0.33172309398651123, "optimizer_iterations": 4.0, "lr": 7.730816000000001e-05}
{"step": 1138688, "wall_time": 1790743067.5809295, "episodes_completed": 9.0, "mean_episode_reward": 12.065386989050442, "std_episode_reward": 21.113159214073736, "min_episode_reward": -9.953845024108887, "max_episode_reward": 52.87771224975586, "mean_episode_length": 102.77777777777777, "success_rate": 0.4444444444444444, "collision_rate": 0.4444444444444444, "out_of_bounds_rate": 0.0, "timeout_rate": 0.1111111111111111, "policy_loss": 0.001621318981051445, "value_loss": 3.545915961265564, "entropy": 0.6305493414402008, "approx_kl": 0.014362168032675982, "clip_fraction": 0.165283203125, "grad_norm": 26.866838216781616, "explained_variance": 0.9283305406570435, "action_std_mean": 0.3317583203315735, "optimizer_iterations": 4.0, "lr": 7.72672e-05}
{"step": 1140736, "wall_time": 1790743074.8904412, "episodes_completed": 5.0, "mean_episode_reward": 20.18216609954834, "std_episode_reward": 18.21072386246839, "min_episode_reward": -7.369917869567871, "max_episode_reward": 48.772430419921875, "mean_episode_length": 127.6, "success_rate": 0.4, "collision_rate": 0.6, "out_of_bounds_rate": 0.0, "timeout_rate": 0.0, "policy_loss": -0.00027956266421824694, "value_loss": 6.067065954208374, "entropy": 0.6307401359081268, "approx_kl": 0.012293514097109437, "clip_fraction": 0.083740234375, "grad_norm": 23.75119924545288, "explained_variance": 0.8597121238708496, "action_std_mean": 0.33178991079330444, "optimizer_iterations": 4.0, "lr": 7.722624e-05}
{"step": 1142784, "wall_time": 1790743082.8005517, "episodes_completed": 10.0, "mean_episode_reward": 9.43299036026001, "std_episode_reward": 15.294344920963784, "min_episode_reward": -9.926048278808594, "max_episode_reward": 29.602766036987305, "mean_episode_length": 79.9, "success_rate": 0.4, "collision_rate": 0.6, "out_of_bounds_rate": 0.0, "timeout_rate": 0.0, "policy_loss": 0.002165605081245303, "value_loss": 5.345309853553772, "entropy": 0.6309371590614319, "approx_kl": 0.012018623296171427, "clip_fraction": 0.0570068359375, "grad_norm": 19.627527713775635, "explained_variance": 0.8969891667366028, "action_std_mean": 0.33182087540626526, "optimizer_iterations": 4.0, "lr": 7.718528e-05}
{"step": 1144832, "wall_time": 1790743094.3290806, "episodes_completed": 3.0, "mean_episode_reward": 31.465683619181316, "std_episode_reward": 12.190695624835064, "min_episode_reward": 22.558719635009766, "max_episode_reward": 48.70271301269531, "mean_episode_length": 132.66666666666666, "success_rate": 1.0, "collision_rate": 0.0, "out_of_bounds_rate": 0.0, "timeout_rate": 0.0, "policy_loss": 0.0005266964435577393, "value_loss": 1.446967214345932, "entropy": 0.631087988615036, "approx_kl": 0.004745810525491834, "clip_fraction": 0.044189453125, "grad_norm": 17.128409266471863, "explained_variance": 0.9637965559959412, "action_std_mean": 0.3318229615688324, "optimizer_iterations": 4.0, "lr": 7.714432e-05}
{"step": 1146880, "wall_time": 1790743104.5715733, "episodes_completed": 6.0, "mean_episode_reward": 12.070472228651246, "std_episode_reward": 12.239413238471169, "min_episode_reward": -9.260177612304688, "max_episode_reward": 24.409725189208984, "mean_episode_length": 52.5, "success_rate": 0.6666666666666666, "collision_rate": 0.16666666666666666, "out_of_bounds_rate": 0.0, "timeout_rate": 0.16666666666666666, "policy_loss": -0.001853778026998043, "value_loss": 1.079120934009552, "entropy": 0.6310222148895264, "approx_kl": 0.006245596217922866, "clip_fraction": 0.0751953125, "grad_norm": 14.55335533618927, "explained_variance": 0.9807398319244385, "action_std_mean": 0.33179813623428345, "optimizer_iterations": 4.0, "lr": 7.710336000000001e-05}
{"step": 1148928, "wall_time": 1790743116.084606, "episodes_completed": 4.0, "mean_episode_reward": 12.919023461639881, "std_episode_reward": 10.484869973511438, "min_episode_reward": 0.4023931324481964, "max_episode_reward": 24.38140106201172, "mean_episode_length": 157.75, "success_rate": 0.25, "collision_rate": 0.5, "out_of_bounds_rate": 0.0, "timeout_rate": 0.25, "policy_loss": 0.0012636897154152393, "value_loss": 2.461194932460785, "entropy": 0.6308515965938568, "approx_kl": 0.015913352835923433, "clip_fraction": 0.17529296875, "grad_norm": 14.515657424926758, "explained_variance": 0.9474994540214539, "action_std_mean": 0.3317711353302002, "optimizer_iterations": 4.0, "lr": 7.70624e-05}
{"step": 1150976, "wall_time": 1790743128.9653654, "episodes_completed": 4.0, "mean_episode_reward": 19.441271699965, "std_episode_reward": 18.235519449924066, "min_episode_reward": 0.2589060366153717, "max_episode_reward": 49.07627868652344, "mean_episode_length": 168.75, "success_rate": 0.5, "collision_rate": 0.25, "out_of_bounds_rate": 0.0, "timeout_rate": 0.25, "policy_loss": 0.006507712882012129, "value_loss": 1.831447571516037, "entropy": 0.6307342648506165, "approx_kl": 0.009278360521420836, "clip_fraction": 0.1031494140625, "grad_norm": 22.357621669769287, "explained_variance": 0.9356385469436646, "action_std_mean": 0.3317612409591675, "optimizer_iterations": 4.0, "lr": 7.702144e-05}
{"step": 1153024, "wall_time": 1790743145.2854908, "episodes_completed": 4.0, "mean_episode_reward": 23.092519760131836, "std_episode_reward": 10.765964223040536, "min_episode_reward": 10.500431060791016, "max_episode_reward": 39.557159423828125, "mean_episode_length": 92.75, "success_rate": 1.0, "collision_rate": 0.0, "out_of_bounds_rate": 0.0, "timeout_rate": 0.0, "policy_loss": -0.0010021652415161952, "value_loss": 3.3289365768432617, "entropy": 0.6306800842285156, "approx_kl": 0.010503946105018258, "clip_fraction": 0.1138916015625, "grad_norm": 25.150944232940674, "explained_variance": 0.9330825209617615, "action_std_mean": 0.33175128698349, "optimizer_iterations": 4.0, "lr": 7.698048e-05}
{"step": 1155072, "wall_time": 1790743155.678782, "episodes_completed": 10.0, "mean_episode_reward": 9.56574293449521, "std_episode_reward": 21.490110298537605, "min_episode_reward": -9.90791130065918, "max_episode_reward": 48.99363708496094, "mean_episode_length": 81.2, "success_rate": 0.3, "collision_rate": 0.5, "out_of_bounds_rate": 0.0, "timeout_rate": 0.2, "policy_loss": -0.002661747857928276, "value_loss": 2.874042570590973, "entropy": 0.6306212544441223, "approx_kl": 0.003988530792412348, "clip_fraction": 0.042724609375, "grad_norm": 9.54554957151413, "explained_variance": 0.9216797351837158, "action_std_mean": 0.3317491412162781, "optimizer_iterations": 4.0, "lr": 7.693952e-05}
{"step": 1157120, "wall_time": 1790743165.2625544, "episodes_completed": 8.0, "mean_episode_reward": 21.38108265399933, "std_episode_reward": 15.276951927923177, "min_episode_reward": -9.82370376586914, "max_episode_reward": 40.338043212890625, "mean_episode_length": 100.5, "success_rate": 0.75, "collision_rate": 0.25, "out_of_bounds_rate": 0.0, "timeout_rate": 0.0, "policy_loss": 0.007763431873172522, "value_loss": 1.9626815021038055, "entropy": 0.6306027173995972, "approx_kl": 0.017103669000789523, "clip_fraction": 0.141845703125, "grad_norm": 9.456045031547546, "explained_variance": 0.9518234133720398, "action_std_mean": 0.33173710107803345, "optimizer_iterations": 4.0, "lr": 7.689855999999999e-05}
{"step": 1159168, "wall_time": 1790743173.72098, "episodes_completed": 3.0, "mean_episode_reward": 26.768697102864582, "std_episode_reward": 8.519092733632041, "min_episode_reward": 18.62674331665039, "max_episode_reward": 38.53017807006836, "mean_episode_length": 89.0, "success_rate": 1.0, "collision_rate": 0.0, "out_of_bounds_rate": 0.0, "timeout_rate": 0.0, "policy_loss": 0.0010287222685292363, "value_loss": 0.21790645644068718, "entropy": 0.6305035650730133, "approx_kl": 0.07997694239020348, "clip_fraction": 0.1121826171875, "grad_norm": 7.113564372062683, "explained_variance": 0.9954362511634827, "action_std_mean": 0.3317193388938904, "optimizer_iterations": 4.0, "lr": 7.68576e-05}
{"step": 1161216, "wall_time": 1790743186.183584, "episodes_completed": 6.0, "mean_episode_reward": 7.6000420823693275, "std_episode_reward": 14.621032930950896, "min_episode_reward": -10.006637573242188, "max_episode_reward": 32.28654861450195, "mean_episode_length": 133.0, "success_rate": 0.3333333333333333, "collision_rate": 0.3333333333333333, "out_of_bounds_rate": 0.0, "timeout_rate": 0.3333333333333333, "policy_loss": -0.0010918090119957924, "value_loss": 3.0954779982566833, "entropy": 0.6303725838661194, "approx_kl": 0.018304514116607606, "clip_fraction": 0.1798095703125, "grad_norm": 13.321919918060303, "explained_variance": 0.9370884895324707, "action_std_mean": 0.33169126510620117, "optimizer_iterations": 4.0, "lr": 7.681664000000001e-05}
{"step": 1163264, "wall_time": 1790743196.246755, "episodes_completed": 6.0, "mean_episode_reward": 28.257360299428303, "std_episode_reward": 13.35822813327109, "min_episode_reward": 14.347572326660156, "max_episode_reward": 47.97489929199219, "mean_episode_length": 104.66666666666667, "success_rate": 1.0, "collision_rate": 0.0, "out_of_bounds_rate": 0.0, "timeout_rate": 0.0, "policy_loss": 0.0035558012314140797, "value_loss": 1.3915418088436127, "entropy": 0.63023442029953, "approx_kl": 0.010595446801744401, "clip_fraction": 0.0787353515625, "grad_norm": 15.057546854019165, "explained_variance": 0.9509335160255432, "action_std_mean": 0.33169087767601013, "optimizer_iterations": 4.0, "lr": 7.677568e-05}
{"step": 1165312, "wall_time": 1790743206.5656521, "episodes_completed": 11.0, "mean_episode_reward": 15.081041639501398, "std_episode_reward": 14.883152883379521, "min_episode_reward": -6.722477912902832, "max_episode_reward": 44.53788375854492, "mean_episode_length": 59.90909090909091, "success_rate": 0.7272727272727273, "collision_rate": 0.2727272727272727, "out_of_bounds_rate": 0.0, "timeout_rate": 0.0, "policy_loss": 4.845019429922104e-05, "value_loss": 2.0717503428459167, "entropy": 0.630311518907547, "approx_kl": 0.010785284219309688, "clip_fraction": 0.07958984375, "grad_norm": 21.3089839220047, "explained_variance": 0.9556816816329956, "action_std_mean": 0.33170217275619507, "optimizer_iterations": 4.0, "lr": 7.673472000000001e-05}
{"step": 1167360, "wall_time": 1790743219.6297703, "episodes_completed": 6.0, "mean_episode_reward": 14.161410570144653, "std_episode_reward": 17.886815857421894, "min_episode_reward": -8.406425476074219, "max_episode_reward": 37.50886535644531, "mean_episode_length": 77.33333333333333, "success_rate": 0.6666666666666666, "collision_rate": 0.3333333333333333, "out_of_bounds_rate": 0.0, "timeout_rate": 0.0, "policy_loss": -0.0004319192375987768, "value_loss": 1.2550365626811981, "entropy": 0.6303903758525848, "approx_kl": 0.01056092488579452, "clip_fraction": 0.0614013671875, "grad_norm": 10.776432037353516, "explained_variance": 0.9771624207496643, "action_std_mean": 0.33172664046287537, "optimizer_iterations": 4.0, "lr": 7.669376e-05}
{"step": 1169408, "wall_time": 1790743230.0070662, "episodes_completed": 8.0, "mean_episode_reward": 18.241995649412274, "std_episode_reward": 12.01056265720968, "min_episode_reward": 0.24597610533237457, "max_episode_reward": 39.46940231323242, "mean_episode_length": 76.5, "success_rate": 0.75, "collision_rate": 0.125, "out_of_bounds_rate": 0.0, "timeout_rate": 0.125, "policy_loss": 0.002282580826431513, "value_loss": 2.991074562072754, "entropy": 0.6305982768535614, "approx_kl": 0.009285920183174312, "clip_fraction": 0.09033203125, "grad_norm": 10.78705906867981, "explained_variance": 0.9354300498962402, "action_std_mean": 0.33177584409713745, "optimizer_iterations": 4.0, "lr": 7.66528e-05}
{"step": 1171456, "wall_time": 1790743243.7456436, "episodes_completed": 7.0, "mean_episode_reward": 12.641925743647985, "std_episode_reward": 15.30471394155053, "min_episode_reward": -9.624382019042969, "max_episode_reward": 29.948894500732422, "mean_episode_length": 99.71428571428571, "success_rate": 0.5714285714285714, "collision_rate": 0.42857142857142855, "out_of_bounds_rate": 0.0, "timeout_rate": 0.0, "policy_loss": 0.004810794140212238, "value_loss": 3.750961720943451, "entropy": 0.6309329569339752, "approx_kl": 0.009389474929776043, "clip_fraction": 0.08642578125, "grad_norm": 22.594661235809326, "explained_variance": 0.9314045310020447, "action_std_mean": 0.3318280577659607, "optimizer_iterations": 4.0, "lr": 7.661184000000001e-05}
{"step": 1173504, "wall_time": 1790743255.9238172, "episodes_completed": 10.0, "mean_episode_reward": 12.154316909611225, "std_episode_reward": 16.148753353409823, "min_episode_reward": -9.836027145385742, "max_episode_reward": 46.48406219482422, "mean_episode_length": 65.3, "success_rate": 0.5, "collision_rate": 0.4, "out_of_bounds_rate": 0.0, "timeout_rate": 0.1, "policy_loss": -0.00020983628928661346, "value_loss": 3.3763732314109802, "entropy": 0.6312080025672913, "approx_kl": 0.005642904550768435, "clip_fraction": 0.056396484375, "grad_norm": 25.046544075012207, "explained_variance": 0.9292739033699036, "action_std_mean": 0.33185893297195435, "optimizer_iterations": 4.0, "lr": 7.657088e-05}
{"step": 1175552, "wall_time": 1790743269.8635197, "episodes_completed": 4.0, "mean_episode_reward": 23.551404237747192, "std_episode_reward": 17.86115686218183, "min_episode_reward": -6.088980674743652, "max_episode_reward": 41.75405502319336, "mean_episode_length": 120.5, "success_rate": 0.75, "collision_rate": 0.25, "out_of_bounds_rate": 0.0, "timeout_rate": 0.0, "policy_loss": -0.00159472442464903, "value_loss": 2.5465312004089355, "entropy": 0.6313695013523102, "approx_kl": 0.008979280362837017, "clip_fraction": 0.0699462890625, "grad_norm": 21.216753482818604, "explained_variance": 0.9481467008590698, "action_std_mean": 0.3318861722946167, "optimizer_iterations": 4.0, "lr": 7.652992000000001e-05}
{"step": 1177600, "wall_time": 1790743281.270777, "episodes_completed": 6.0, "mean_episode_reward": 22.747101942698162, "std_episode_reward": 19.80187585320441, "min_episode_reward": -11.247908592224121, "max_episode_reward": 56.16258239746094, "mean_episode_length": 104.83333333333333, "success_rate": 0.8333333333333334, "collision_rate": 0.16666666666666666, "out_of_bounds_rate": 0.0, "timeout_rate": 0.0, "policy_loss": 0.001038670598063618, "value_loss": 2.807780385017395, "entropy": 0.6315386295318604, "approx_kl": 0.017006733687594533, "clip_fraction": 0.0716552734375, "grad_norm": 16.850035667419434, "explained_variance": 0.9503392577171326, "action_std_mean": 0.3319108784198761, "optimizer_iterations": 4.0, "lr": 7.648896e-05}
{"step": 1179648, "wall_time": 1790743289.4107397, "episodes_completed": 4.0, "mean_episode_reward": 19.159575819969177, "std_episode_reward": 16.644909871722234, "min_episode_reward": -5.86417818069458, "max_episode_reward": 40.55675506591797, "mean_episode_length": 84.25, "success_rate": 0.75, "collision_rate": 0.25, "out_of_bounds_rate": 0.0, "timeout_rate": 0.0, "policy_loss": -0.003977479413151741, "value_loss": 2.6115201711654663, "entropy": 0.6316523849964142, "approx_kl": 0.026509257731959224, "clip_fraction": 0.0941162109375, "grad_norm": 9.324286937713623, "explained_variance": 0.9433636665344238, "action_std_mean": 0.33191975951194763, "optimizer_iterations": 4.0, "lr": 7.644800000000001e-05}
{"step": 1181696, "wall_time": 1790743299.9050505, "episodes_completed": 7.0, "mean_episode_reward": 13.546441465616226, "std_episode_reward": 18.930508082279044, "min_episode_reward": -5.172150135040283, "max_episode_reward": 53.9111328125, "mean_episode_length": 87.42857142857143, "success_rate": 0.5714285714285714, "collision_rate": 0.2857142857142857, "out_of_bounds_rate": 0.0, "timeout_rate": 0.14285714285714285, "policy_loss": 0.0022850828245282173, "value_loss": 3.6322364807128906, "entropy": 0.6316795647144318, "approx_kl": 0.014790285495109856, "clip_fraction": 0.17138671875, "grad_norm": 14.370790600776672, "explained_variance": 0.9322932362556458, "action_std_mean": 0.3319176435470581, "optimizer_iterations": 4.0, "lr": 7.640704e-05}
{"step": 1183744, "wall_time": 1790743309.4628818, "episodes_completed": 5.0, "mean_episode_reward": 21.56695209145546, "std_episode_reward": 25.094236796277908, "min_episode_reward": -5.094418048858643, "max_episode_reward": 58.77621841430664, "mean_episode_length": 118.2, "success_rate": 0.6, "collision_rate": 0.2, "out_of_bounds_rate": 0.0, "timeout_rate": 0.2, "policy_loss": 0.002880051266402006, "value_loss": 0.769917368888855, "entropy": 0.6316143870353699, "approx_kl": 0.006891651777550578, "clip_fraction": 0.07470703125, "grad_norm": 11.345991134643555, "explained_variance": 0.9860590696334839, "action_std_mean": 0.3318868577480316, "optimizer_iterations": 4.0, "lr": 7.636608000000001e-05}
{"step": 1185792, "wall_time": 1790743317.087628, "episodes_completed": 6.0, "mean_episode_reward": 25.774041334788006, "std_episode_reward": 22.199624714575638, "min_episode_reward": -10.114644050598145, "max_episode_reward": 58.76804733276367, "mean_episode_length": 156.0, "success_rate": 0.8333333333333334, "collision_rate": 0.16666666666666666, "out_of_bounds_rate": 0.0, "timeout_rate": 0.0, "policy_loss": 0.0009537418372929096, "value_loss": 1.481658548116684, "entropy": 0.6313844621181488, "approx_kl": 0.030026652617380023, "clip_fraction": 0.1097412109375, "grad_norm": 10.39011263847351, "explained_variance": 0.9745872020721436, "action_std_mean": 0.33184152841567993, "optimizer_iterations": 4.0, "lr": 7.632512000000001e-05}
{"step": 1187840, "wall_time": 1790743327.3593538, "episodes_completed": 7.0, "mean_episode_reward": 3.5995175497872487, "std_episode_reward": 15.765787585702437, "min_episode_reward": -10.656475067138672, "max_episode_reward": 30.008485794067383, "mean_episode_length": 87.42857142857143, "success_rate": 0.14285714285714285, "collision_rate": 0.8571428571428571, "out_of_bounds_rate": 0.0, "timeout_rate": 0.0, "policy_loss": 0.004107191925868392, "value_loss": 6.087052345275879, "entropy": 0.6311043798923492, "approx_kl": 0.014879528433084488, "clip_fraction": 0.11474609375, "grad_norm": 21.637364387512207, "explained_variance": 0.8938781023025513, "action_std_mean": 0.33179229497909546, "optimizer_iterations": 4.0, "lr": 7.628416e-05}
{"step": 1189888, "wall_time": 1790743337.7849169, "episodes_completed": 15.0, "mean_episode_reward": 13.402143669128417, "std_episode_reward": 15.72534796555262, "min_episode_reward": -10.068387031555176, "max_episode_reward": 35.855228424072266, "mean_episode_length": 50.46666666666667, "success_rate": 0.7333333333333333, "collision_rate": 0.26666666666666666, "out_of_bounds_rate": 0.0, "timeout_rate": 0.0, "policy_loss": -0.003386360011063516, "value_loss": 0.8957844525575638, "entropy": 0.6307922303676605, "approx_kl": 0.015711780404672027, "clip_fraction": 0.113037109375, "grad_norm": 8.008645296096802, "explained_variance": 0.9742442965507507, "action_std_mean": 0.3317336440086365, "optimizer_iterations": 4.0, "lr": 7.624320000000001e-05}
{"step": 1191936, "wall_time": 1790743346.7411776, "episodes_completed": 12.0, "mean_episode_reward": 18.197033817569416, "std_episode_reward": 13.261322005031442, "min_episode_reward": -0.7530193328857422, "max_episode_reward": 41.023807525634766, "mean_episode_length": 92.25, "success_rate": 0.6666666666666666, "collision_rate": 0.25, "out_of_bounds_rate": 0.0, "timeout_rate": 0.08333333333333333, "policy_loss": 0.005501819658093154, "value_loss": 4.745909690856934, "entropy": 0.6304443776607513, "approx_kl": 0.015610673581250012, "clip_fraction": 0.0880126953125, "grad_norm": 18.106516003608704, "explained_variance": 0.8585588932037354, "action_std_mean": 0.33168190717697144, "optimizer_iterations": 4.0, "lr": 7.620224e-05}
{"step": 1193984, "wall_time": 1790743355.6925135, "episodes_completed": 13.0, "mean_episode_reward": 9.815098028916578, "std_episode_reward": 16.651886816768325, "min_episode_reward": -9.993337631225586, "max_episode_reward": 34.86403274536133, "mean_episode_length": 53.38461538461539, "success_rate": 0.5384615384615384, "collision_rate": 0.46153846153846156, "out_of_bounds_rate": 0.0, "timeout_rate": 0.0, "policy_loss": -0.00036974879913032055, "value_loss": 4.322459101676941, "entropy": 0.6301809251308441, "approx_kl": 0.010945563903078437, "clip_fraction": 0.059326171875, "grad_norm": 29.594401359558105, "explained_variance": 0.8675203323364258, "action_std_mean": 0.3316468596458435, "optimizer_iterations": 4.0, "lr": 7.616128e-05}
{"step": 1196032, "wall_time": 1790743364.7769003, "episodes_completed": 6.0, "mean_episode_reward": 13.743884086608887, "std_episode_reward": 19.72837231696131, "min_episode_reward": -9.473319053649902, "max_episode_reward": 49.77656555175781, "mean_episode_length": 110.5, "success_rate": 0.3333333333333333, "collision_rate": 0.6666666666666666, "out_of_bounds_rate": 0.0, "timeout_rate": 0.0, "policy_loss": 0.003014902147697285, "value_loss": 6.1341201066970825, "entropy": 0.6300137639045715, "approx_kl": 0.008841770002618432, "clip_fraction": 0.0777587890625, "grad_norm": 28.811841249465942, "explained_variance": 0.8960670828819275, "action_std_mean": 0.3316326141357422, "optimizer_iterations": 4.0, "lr": 7.612032e-05}
{"step": 1198080, "wall_time": 1790743373.6655855, "episodes_completed": 9.0, "mean_episode_reward": 0.1739731894599067, "std_episode_reward": 15.420620815956614, "min_episode_reward": -10.179116249084473, "max_episode_reward": 30.736553192138672, "mean_episode_length": 64.0, "success_rate": 0.2222222222222222, "collision_rate": 0.7777777777777778, "out_of_bounds_rate": 0.0, "timeout_rate": 0.0, "policy_loss": -0.0033476125972811133, "value_loss": 2.6586771607398987, "entropy": 0.6299821138381958, "approx_kl": 0.007529437425546348, "clip_fraction": 0.0689697265625, "grad_norm": 21.460583448410034, "explained_variance": 0.9623011350631714, "action_std_mean": 0.33163708448410034, "optimizer_iterations": 4.0, "lr": 7.607936e-05}
{"step": 1200128, "wall_time": 1790743382.6080003, "episodes_completed": 5.0, "mean_episode_reward": 28.141498374938966, "std_episode_reward": 14.946906709136602, "min_episode_reward": 14.169501304626465, "max_episode_reward": 55.30632019042969, "mean_episode_length": 100.2, "success_rate": 1.0, "collision_rate": 0.0, "out_of_bounds_rate": 0.0, "timeout_rate": 0.0, "policy_loss": -0.0002361719962209463, "value_loss": 0.6584237962961197, "entropy": 0.6300176084041595, "approx_kl": 0.013790832599624991, "clip_fraction": 0.0867919921875, "grad_norm": 8.544244408607483, "explained_variance": 0.9842734336853027, "action_std_mean": 0.33163535594940186, "optimizer_iterations": 4.0, "lr": 7.60384e-05}
{"step": 1202176, "wall_time": 1790743392.21469, "episodes_completed": 6.0, "mean_episode_reward": 24.70579481124878, "std_episode_reward": 10.336583721662814, "min_episode_reward": 10.3381929397583, "max_episode_reward": 36.358123779296875, "mean_episode_length": 89.16666666666667, "success_rate": 1.0, "collision_rate": 0.0, "out_of_bounds_rate": 0.0, "timeout_rate": 0.0, "policy_loss": -0.0004515470936894417, "value_loss": 0.9820069819688797, "entropy": 0.6299466192722321, "approx_kl": 0.007505224784836173, "clip_fraction": 0.0809326171875, "grad_norm": 9.106123328208923, "explained_variance": 0.9686253070831299, "action_std_mean": 0.33160191774368286, "optimizer_iterations": 4.0, "lr": 7.599744e-05}
{"step": 1204224, "wall_time": 1790743401.138341, "episodes_completed": 12.0, "mean_episode_reward": 12.871707002321878, "std_episode_reward": 16.67488502390774, "min_episode_reward": -9.825274467468262, "max_episode_reward": 34.798587799072266, "mean_episode_length": 78.5, "success_rate": 0.5833333333333334, "collision_rate": 0.4166666666666667, "out_of_bounds_rate": 0.0, "timeout_rate": 0.0, "policy_loss": -0.0022233533672988415, "value_loss": 3.2422611713409424, "entropy": 0.6296975910663605, "approx_kl": 0.013315137475728989, "clip_fraction": 0.105224609375, "grad_norm": 22.31014609336853, "explained_variance": 0.9080276489257812, "action_std_mean": 0.331555038690567, "optimizer_iterations": 4.0, "lr": 7.595648000000001e-05}
{"step": 1206272, "wall_time": 1790743412.4132018, "episodes_completed": 11.0, "mean_episode_reward": 12.757033783603799, "std_episode_reward": 16.710429234502516, "min_episode_reward": -11.143928527832031, "max_episode_reward": 36.00703430175781, "mean_episode_length": 74.0, "success_rate": 0.6363636363636364, "collision_rate": 0.2727272727272727, "out_of_bounds_rate": 0.0, "timeout_rate": 0.09090909090909091, "policy_loss": -0.0060318163596093655, "value_loss": 2.621262490749359, "entropy": 0.6294266879558563, "approx_kl": 0.0061554014682769775, "clip_fraction": 0.062744140625, "grad_norm": 15.439498543739319, "explained_variance": 0.8957841396331787, "action_std_mean": 0.33151859045028687, "optimizer_iterations": 4.0, "lr": 7.591552e-05}
{"step": 1208320, "wall_time": 1790743420.1823888, "episodes_completed": 7.0, "mean_episode_reward": 34.23187828063965, "std_episode_reward": 9.763190513047958, "min_episode_reward": 22.807300567626953, "max_episode_reward": 52.82890319824219, "mean_episode_length": 137.14285714285714, "success_rate": 1.0, "collision_rate": 0.0, "out_of_bounds_rate": 0.0, "timeout_rate": 0.0, "policy_loss": 0.013101463206112385, "value_loss": 0.9182792901992798, "entropy": 0.6292240619659424, "approx_kl": 0.015230033197440207, "clip_fraction": 0.05126953125, "grad_norm": 16.077416837215424, "explained_variance": 0.9450918436050415, "action_std_mean": 0.33148473501205444, "optimizer_iterations": 4.0, "lr": 7.587456000000001e-05}
{"step": 1210368, "wall_time": 1790743428.6130564, "episodes_completed": 7.0, "mean_episode_reward": 13.171647684914726, "std_episode_reward": 8.940955147116188, "min_episode_reward": -6.1731438636779785, "max_episode_reward": 24.914173126220703, "mean_episode_length": 95.0, "success_rate": 0.7142857142857143, "collision_rate": 0.2857142857142857, "out_of_bounds_rate": 0.0, "timeout_rate": 0.0, "policy_loss": 0.00013893051072955132, "value_loss": 3.2000564336776733, "entropy": 0.6290198266506195, "approx_kl": 0.013426641002297401, "clip_fraction": 0.1448974609375, "grad_norm": 15.038353204727173, "explained_variance": 0.9205492734909058, "action_std_mean": 0.3314545154571533, "optimizer_iterations": 4.0, "lr": 7.58336e-05}
{"step": 1212416, "wall_time": 1790743437.0258338, "episodes_completed": 8.0, "mean_episode_reward": 24.864343285560608, "std_episode_reward": 17.441057966165776, "min_episode_reward": -8.887590408325195, "max_episode_reward": 44.44318771362305, "mean_episode_length": 103.75, "success_rate": 0.875, "collision_rate": 0.125, "out_of_bounds_rate": 0.0, "timeout_rate": 0.0, "policy_loss": 0.0037674831692129374, "value_loss": 0.8686622977256775, "entropy": 0.6288610398769379, "approx_kl": 0.00936826434917748, "clip_fraction": 0.10205078125, "grad_norm": 10.256027698516846, "explained_variance": 0.9795448780059814, "action_std_mean": 0.33143436908721924, "optimizer_iterations": 4.0, "lr": 7.579264e-05}
{"step": 1214464, "wall_time": 1790743445.3177063, "episodes_completed": 3.0, "mean_episode_reward": 19.35496203104655, "std_episode_reward": 20.922401221090453, "min_episode_reward": -6.540472030639648, "max_episode_reward": 44.69986343383789, "mean_episode_length": 99.33333333333333, "success_rate": 0.6666666666666666, "collision_rate": 0.3333333333333333, "out_of_bounds_rate": 0.0, "timeout_rate": 0.0, "policy_loss": 0.009197363397106528, "value_loss": 2.3395270705223083, "entropy": 0.628738135099411, "approx_kl": 0.015381729928776622, "clip_fraction": 0.1719970703125, "grad_norm": 17.456377506256104, "explained_variance": 0.9586492776870728, "action_std_mean": 0.3314076066017151, "optimizer_iterations": 4.0, "lr": 7.575168000000001e-05}
{"step": 1216512, "wall_time": 1790743453.626005, "episodes_completed": 7.0, "mean_episode_reward": 12.660305568150111, "std_episode_reward": 14.951706008668442, "min_episode_reward": -9.812421798706055, "max_episode_reward": 28.10272979736328, "mean_episode_length": 91.42857142857143, "success_rate": 0.5714285714285714, "collision_rate": 0.42857142857142855, "out_of_bounds_rate": 0.0, "timeout_rate": 0.0, "policy_loss": 0.002604111738037318, "value_loss": 6.651843070983887, "entropy": 0.6285676062107086, "approx_kl": 0.009427633485756814, "clip_fraction": 0.114013671875, "grad_norm": 30.62643814086914, "explained_variance": 0.8394222259521484, "action_std_mean": 0.33138197660446167, "optimizer_iterations": 4.0, "lr": 7.571072e-05}
{"step": 1218560, "wall_time": 1790743461.7827823, "episodes_completed": 7.0, "mean_episode_reward": 17.706865787506104, "std_episode_reward": 20.66986866309739, "min_episode_reward": -9.598730087280273, "max_episode_reward": 49.268585205078125, "mean_episode_length": 92.14285714285714, "success_rate": 0.5714285714285714, "collision_rate": 0.42857142857142855, "out_of_bounds_rate": 0.0, "timeout_rate": 0.0, "policy_loss": 0.003611208638176322, "value_loss": 4.513639450073242, "entropy": 0.6284541189670563, "approx_kl": 0.01635283837094903, "clip_fraction": 0.0885009765625, "grad_norm": 24.941898584365845, "explained_variance": 0.9041885733604431, "action_std_mean": 0.3313785195350647, "optimizer_iterations": 4.0, "lr": 7.566976e-05}
{"step": 1220608, "wall_time": 1790743469.9230328, "episodes_completed": 5.0, "mean_episode_reward": 13.67276439666748, "std_episode_reward": 14.8281677750495, "min_episode_reward": -12.124977111816406, "max_episode_reward": 28.658477783203125, "mean_episode_length": 119.6, "success_rate": 0.6, "collision_rate": 0.4, "out_of_bounds_rate": 0.0, "timeout_rate": 0.0, "policy_loss": 0.004944200627505779, "value_loss": 3.0578578114509583, "entropy": 0.6284832656383514, "approx_kl": 0.007726940442807972, "clip_fraction": 0.07177734375, "grad_norm": 16.087852239608765, "explained_variance": 0.9380882382392883, "action_std_mean": 0.33139485120773315, "optimizer_iterations": 4.0, "lr": 7.56288e-05}
{"step": 1222656, "wall_time": 1790743478.6368432, "episodes_completed": 14.0, "mean_episode_reward": 9.253289937973022, "std_episode_reward": 15.025557683223365, "min_episode_reward": -9.937792778015137, "max_episode_reward": 35.28413772583008, "mean_episode_length": 95.07142857142857, "success_rate": 0.5, "collision_rate": 0.5, "out_of_bounds_rate": 0.0, "timeout_rate": 0.0, "policy_loss": -0.0007263401057571173, "value_loss": 4.254339933395386, "entropy": 0.6286000311374664, "approx_kl": 0.0073935677064582705, "clip_fraction": 0.0816650390625, "grad_norm": 26.71102547645569, "explained_variance": 0.9276658296585083, "action_std_mean": 0.33141273260116577, "optimizer_iterations": 4.0, "lr": 7.558784000000001e-05}
{"step": 1224704, "wall_time": 1790743486.8458135, "episodes_completed": 7.0, "mean_episode_reward": 12.085300854274205, "std_episode_reward": 23.998091814306395, "min_episode_reward": -9.800013542175293, "max_episode_reward": 50.064002990722656, "mean_episode_length": 77.28571428571429, "success_rate": 0.42857142857142855, "collision_rate": 0.5714285714285714, "out_of_bounds_rate": 0.0, "timeout_rate": 0.0, "policy_loss": -0.0017996402457356453, "value_loss": 2.096053659915924, "entropy": 0.6286978125572205, "approx_kl": 0.013508119038306177, "clip_fraction": 0.1156005859375, "grad_norm": 13.361624956130981, "explained_variance": 0.9685496091842651, "action_std_mean": 0.331432044506073, "optimizer_iterations": 4.0, "lr": 7.554688e-05}
{"step": 1226752, "wall_time": 1790743498.2987068, "episodes_completed": 9.0, "mean_episode_reward": 2.363342513640722, "std_episode_reward": 10.446296368664468, "min_episode_reward": -9.881409645080566, "max_episode_reward": 21.6319580078125, "mean_episode_length": 57.44444444444444, "success_rate": 0.2222222222222222, "collision_rate": 0.6666666666666666, "out_of_bounds_rate": 0.0, "timeout_rate": 0.1111111111111111, "policy_loss": 0.003498762845993042, "value_loss": 7.941237568855286, "entropy": 0.62882399559021, "approx_kl": 0.010411510709673166, "clip_fraction": 0.0936279296875, "grad_norm": 28.483916521072388, "explained_variance": 0.8744432926177979, "action_std_mean": 0.3314557671546936, "optimizer_iterations": 4.0, "lr": 7.550592000000001e-05}
{"step": 1228800, "wall_time": 1790743507.6697063, "episodes_completed": 4.0, "mean_episode_reward": 19.00536823272705, "std_episode_reward": 14.420359531957846, "min_episode_reward": 2.320690155029297, "max_episode_reward": 41.112361907958984, "mean_episode_length": 91.25, "success_rate": 0.75, "collision_rate": 0.25, "out_of_bounds_rate": 0.0, "timeout_rate": 0.0, "policy_loss": 0.0015091937966644764, "value_loss": 2.8164876103401184, "entropy": 0.6289695501327515, "approx_kl": 0.008109331247396767, "clip_fraction": 0.0650634765625, "grad_norm": 12.114659786224365, "explained_variance": 0.9458923935890198, "action_std_mean": 0.3314738869667053, "optimizer_iterations": 4.0, "lr": 7.546496000000001e-05}
{"step": 1230848, "wall_time": 1790743515.9701154, "episodes_completed": 9.0, "mean_episode_reward": 10.487570073869493, "std_episode_reward": 14.740941605679577, "min_episode_reward": -9.809379577636719, "max_episode_reward": 30.0423641204834, "mean_episode_length": 80.77777777777777, "success_rate": 0.4444444444444444, "collision_rate": 0.5555555555555556, "out_of_bounds_rate": 0.0, "timeout_rate": 0.0, "policy_loss": 0.0014719476457685232, "value_loss": 4.644559860229492, "entropy": 0.6290446519851685, "approx_kl": 0.010264097829349339, "clip_fraction": 0.1229248046875, "grad_norm": 18.358206272125244, "explained_variance": 0.9252801537513733, "action_std_mean": 0.33148065209388733, "optimizer_iterations": 4.0, "lr": 7.5424e-05}
{"step": 1232896, "wall_time": 1790743524.1526105, "episodes_completed": 5.0, "mean_episode_reward": 17.64486446380615, "std_episode_reward": 13.806384517624796, "min_episode_reward": -6.927401542663574, "max_episode_reward": 30.913097381591797, "mean_episode_length": 67.2, "success_rate": 0.8, "collision_rate": 0.2, "out_of_bounds_rate": 0.0, "timeout_rate": 0.0, "policy_loss": 0.0014125376474112272, "value_loss": 0.9486830234527588, "entropy": 0.6290653049945831, "approx_kl": 0.015155332628637552, "clip_fraction": 0.118408203125, "grad_norm": 29.559016942977905, "explained_variance": 0.98173588514328, "action_std_mean": 0.3314705491065979, "optimizer_iterations": 4.0, "lr": 7.538304000000001e-05}
{"step": 1234944, "wall_time": 1790743532.3072112, "episodes_completed": 5.0, "mean_episode_reward": 8.498508071899414, "std_episode_reward": 14.95727522649563, "min_episode_reward": -9.721769332885742, "max_episode_reward": 23.71657943725586, "mean_episode_length": 41.4, "success_rate": 0.6, "collision_rate": 0.4, "out_of_bounds_rate": 0.0, "timeout_rate": 0.0, "policy_loss": -0.0021924972534179688, "value_loss": 1.6801333725452423, "entropy": 0.6289908587932587, "approx_kl": 0.020713489968329668, "clip_fraction": 0.0771484375, "grad_norm": 14.185999751091003, "explained_variance": 0.9576321244239807, "action_std_mean": 0.33146029710769653, "optimizer_iterations": 4.0, "lr": 7.534208e-05}
{"step": 1236992, "wall_time": 1790743541.1132665, "episodes_completed": 10.0, "mean_episode_reward": 11.504124116897582, "std_episode_reward": 12.921788195364037, "min_episode_reward": -7.568768501281738, "max_episode_reward": 30.732986450195312, "mean_episode_length": 92.6, "success_rate": 0.5, "collision_rate": 0.4, "out_of_bounds_rate": 0.0, "timeout_rate": 0.1, "policy_loss": 0.0005323505029082298, "value_loss": 4.134183287620544, "entropy": 0.6289377808570862, "approx_kl": 0.009336830582469702, "clip_fraction": 0.068359375, "grad_norm": 26.217440366744995, "explained_variance": 0.9286673069000244, "action_std_mean": 0.3314429223537445, "optimizer_iterations": 4.0, "lr": 7.530112e-05}
{"step": 1239040, "wall_time": 1790743552.0753329, "episodes_completed": 2.0, "mean_episode_reward": 32.07723617553711, "std_episode_reward": 0.97113037109375, "min_episode_reward": 31.10610580444336, "max_episode_reward": 33.04836654663086, "mean_episode_length": 180.0, "success_rate": 1.0, "collision_rate": 0.0, "out_of_bounds_rate": 0.0, "timeout_rate": 0.0, "policy_loss": -0.002469646278768778, "value_loss": 0.44758734107017517, "entropy": 0.6288266181945801, "approx_kl": 0.00740806118119508, "clip_fraction": 0.0711669921875, "grad_norm": 8.12590229511261, "explained_variance": 0.9903053045272827, "action_std_mean": 0.3314303159713745, "optimizer_iterations": 4.0, "lr": 7.526016e-05}
{"step": 1241088, "wall_time": 1790743560.9213514, "episodes_completed": 4.0, "mean_episode_reward": 27.358251333236694, "std_episode_reward": 15.237105836834536, "min_episode_reward": 2.698929786682129, "max_episode_reward": 44.4171028137207, "mean_episode_length": 150.25, "success_rate": 0.75, "collision_rate": 0.25, "out_of_bounds_rate": 0.0, "timeout_rate": 0.0, "policy_loss": 0.00034303986467421055, "value_loss": 1.867348313331604, "entropy": 0.6287747919559479, "approx_kl": 0.007545263855718076, "clip_fraction": 0.0579833984375, "grad_norm": 8.98847770690918, "explained_variance": 0.9611518383026123, "action_std_mean": 0.33143261075019836, "optimizer_iterations": 4.0, "lr": 7.52192e-05}
{"step": 1243136, "wall_time": 1790743569.2253327, "episodes_completed": 7.0, "mean_episode_reward": 9.955368842397418, "std_episode_reward": 17.45625684467597, "min_episode_reward": -8.54411506652832, "max_episode_reward": 45.07476806640625, "mean_episode_length": 79.57142857142857, "success_rate": 0.42857142857142855, "collision_rate": 0.42857142857142855, "out_of_bounds_rate": 0.0, "timeout_rate": 0.14285714285714285, "policy_loss": -0.0036436585942283273, "value_loss": 3.2098763585090637, "entropy": 0.6288388967514038, "approx_kl": 0.013513139565475285, "clip_fraction": 0.126220703125, "grad_norm": 15.55619078874588, "explained_variance": 0.9523305892944336, "action_std_mean": 0.3314545750617981, "optimizer_iterations": 4.0, "lr": 7.517824e-05}
{"step": 1245184, "wall_time": 1790743577.4323392, "episodes_completed": 4.0, "mean_episode_reward": 11.196923211216927, "std_episode_reward": 21.782389094748662, "min_episode_reward": -9.62037467956543, "max_episode_reward": 47.558448791503906, "mean_episode_length": 134.5, "success_rate": 0.25, "collision_rate": 0.5, "out_of_bounds_rate": 0.0, "timeout_rate": 0.25, "policy_loss": -0.000733841210603714, "value_loss": 2.166677176952362, "entropy": 0.628991037607193, "approx_kl": 0.010045245988294482, "clip_fraction": 0.1251220703125, "grad_norm": 10.742999792098999, "explained_variance": 0.9590238928794861, "action_std_mean": 0.3314727544784546, "optimizer_iterations": 4.0, "lr": 7.513728e-05}
{"step": 1247232, "wall_time": 1790743585.691621, "episodes_completed": 6.0, "mean_episode_reward": 24.13764826456706, "std_episode_reward": 11.681436661194617, "min_episode_reward": 6.614180564880371, "max_episode_reward": 37.83501052856445, "mean_episode_length": 125.5, "success_rate": 0.6666666666666666, "collision_rate": 0.3333333333333333, "out_of_bounds_rate": 0.0, "timeout_rate": 0.0, "policy_loss": 0.0025011510588228703, "value_loss": 1.6167933642864227, "entropy": 0.6290400326251984, "approx_kl": 0.008459071861580014, "clip_fraction": 0.0977783203125, "grad_norm": 16.242687702178955, "explained_variance": 0.96018385887146, "action_std_mean": 0.3314661979675293, "optimizer_iterations": 4.0, "lr": 7.509632e-05}
{"step": 1249280, "wall_time": 1790743593.9665325, "episodes_completed": 6.0, "mean_episode_reward": 11.669845374921957, "std_episode_reward": 16.784840878934432, "min_episode_reward": -7.371732711791992, "max_episode_reward": 42.774513244628906, "mean_episode_length": 80.83333333333333, "success_rate": 0.5, "collision_rate": 0.3333333333333333, "out_of_bounds_rate": 0.0, "timeout_rate": 0.16666666666666666, "policy_loss": 0.0007642442360520363, "value_loss": 2.8480127453804016, "entropy": 0.6289910674095154, "approx_kl": 0.012310427846387029, "clip_fraction": 0.1473388671875, "grad_norm": 18.013440132141113, "explained_variance": 0.9482923746109009, "action_std_mean": 0.3314610719680786, "optimizer_iterations": 4.0, "lr": 7.505535999999999e-05}
{"step": 1251328, "wall_time": 1790743602.9321826, "episodes_completed": 4.0, "mean_episode_reward": 8.745295763015747, "std_episode_reward": 12.089518534094307, "min_episode_reward": -8.110547065734863, "max_episode_reward": 23.10883331298828, "mean_episode_length": 50.75, "success_rate": 0.5, "collision_rate": 0.5, "out_of_bounds_rate": 0.0, "timeout_rate": 0.0, "policy_loss": 0.00018283165991306305, "value_loss": 1.735204130411148, "entropy": 0.6290074586868286, "approx_kl": 0.011031799134798348, "clip_fraction": 0.071533203125, "grad_norm": 8.178929328918457, "explained_variance": 0.9639998078346252, "action_std_mean": 0.3314749598503113, "optimizer_iterations": 4.0, "lr": 7.501440000000001e-05}
{"step": 1253376, "wall_time": 1790743612.5361502, "episodes_completed": 6.0, "mean_episode_reward": 18.922507437566917, "std_episode_reward": 11.462788687878131, "min_episode_reward": 0.16230101883411407, "max_episode_reward": 33.3184814453125, "mean_episode_length": 87.5, "success_rate": 0.8333333333333334, "collision_rate": 0.0, "out_of_bounds_rate": 0.0, "timeout_rate": 0.16666666666666666, "policy_loss": 0.0001775156706571579, "value_loss": 1.458441138267517, "entropy": 0.6290805339813232, "approx_kl": 0.014426553156226873, "clip_fraction": 0.188720703125, "grad_norm": 11.074347138404846, "explained_variance": 0.9637078046798706, "action_std_mean": 0.3314676284790039, "optimizer_iterations": 4.0, "lr": 7.497344e-05}
{"step": 1255424, "wall_time": 1790743621.525066, "episodes_completed": 7.0, "mean_episode_reward": 20.648065280701434, "std_episode_reward": 17.04603449586596, "min_episode_reward": -0.9445075988769531, "max_episode_reward": 45.298683166503906, "mean_episode_length": 104.71428571428571, "success_rate": 0.7142857142857143, "collision_rate": 0.14285714285714285, "out_of_bounds_rate": 0.0, "timeout_rate": 0.14285714285714285, "policy_loss": 0.0001510363072156906, "value_loss": 1.339347779750824, "entropy": 0.6289592981338501, "approx_kl": 0.0070003754226490855, "clip_fraction": 0.0721435546875, "grad_norm": 7.243052303791046, "explained_variance": 0.9767037034034729, "action_std_mean": 0.3314351737499237, "optimizer_iterations": 4.0, "lr": 7.493248e-05}
{"step": 1257472, "wall_time": 1790743630.6791768, "episodes_completed": 6.0, "mean_episode_reward": 20.52165583645304, "std_episode_reward": 21.181862705356522, "min_episode_reward": -4.470852375030518, "max_episode_reward": 55.14659881591797, "mean_episode_length": 113.83333333333333, "success_rate": 0.5, "collision_rate": 0.3333333333333333, "out_of_bounds_rate": 0.0, "timeout_rate": 0.16666666666666666, "policy_loss": 0.001394999329932034, "value_loss": 2.625024974346161, "entropy": 0.6287540793418884, "approx_kl": 0.007717165281064808, "clip_fraction": 0.0889892578125, "grad_norm": 20.954912781715393, "explained_variance": 0.9578993916511536, "action_std_mean": 0.33140966296195984, "optimizer_iterations": 4.0, "lr": 7.489152000000001e-05}
{"step": 1259520, "wall_time": 1790743638.9842834, "episodes_completed": 6.0, "mean_episode_reward": 13.604552268981934, "std_episode_reward": 14.96853940464661, "min_episode_reward": -9.37717342376709, "max_episode_reward": 26.851646423339844, "mean_episode_length": 72.83333333333333, "success_rate": 0.6666666666666666, "collision_rate": 0.3333333333333333, "out_of_bounds_rate": 0.0, "timeout_rate": 0.0, "policy_loss": 0.0006315391510725021, "value_loss": 1.4036593437194824, "entropy": 0.6286533772945404, "approx_kl": 0.015692855697125196, "clip_fraction": 0.1624755859375, "grad_norm": 16.891759395599365, "explained_variance": 0.969696044921875, "action_std_mean": 0.3314063549041748, "optimizer_iterations": 4.0, "lr": 7.485056e-05}
{"step": 1261568, "wall_time": 1790743647.3372138, "episodes_completed": 5.0, "mean_episode_reward": 17.540159580111503, "std_episode_reward": 13.540976533884228, "min_episode_reward": -0.20428194105625153, "max_episode_reward": 41.48969268798828, "mean_episode_length": 108.8, "success_rate": 0.8, "collision_rate": 0.0, "out_of_bounds_rate": 0.0, "timeout_rate": 0.2, "policy_loss": -0.0018123425543308258, "value_loss": 0.4538057744503021, "entropy": 0.6286672055721283, "approx_kl": 0.012292952043935657, "clip_fraction": 0.100830078125, "grad_norm": 7.607072591781616, "explained_variance": 0.9845343232154846, "action_std_mean": 0.3314208984375, "optimizer_iterations": 4.0, "lr": 7.48096e-05}
{"step": 1263616, "wall_time": 1790743655.8485928, "episodes_completed": 4.0, "mean_episode_reward": 25.18162488937378, "std_episode_reward": 16.946741982192524, "min_episode_reward": 0.10305976867675781, "max_episode_reward": 44.05998992919922, "mean_episode_length": 152.75, "success_rate": 0.75, "collision_rate": 0.0, "out_of_bounds_rate": 0.0, "timeout_rate": 0.25, "policy_loss": -0.0009924033656716347, "value_loss": 0.11256122775375843, "entropy": 0.6288105249404907, "approx_kl": 0.025180596276186407, "clip_fraction": 0.2275390625, "grad_norm": 6.526503145694733, "explained_variance": 0.9977782964706421, "action_std_mean": 0.3314613997936249, "optimizer_iterations": 4.0, "lr": 7.476864e-05}
{"step": 1265664, "wall_time": 1790743664.1901696, "episodes_completed": 7.0, "mean_episode_reward": 19.590718541826522, "std_episode_reward": 13.046062341925158, "min_episode_reward": -8.42467212677002, "max_episode_reward": 30.905006408691406, "mean_episode_length": 116.57142857142857, "success_rate": 0.8571428571428571, "collision_rate": 0.14285714285714285, "out_of_bounds_rate": 0.0, "timeout_rate": 0.0, "policy_loss": -0.0011901083635166287, "value_loss": 0.8579070568084717, "entropy": 0.6290342807769775, "approx_kl": 0.006442720303311944, "clip_fraction": 0.06884765625, "grad_norm": 9.460237503051758, "explained_variance": 0.9828379154205322, "action_std_mean": 0.33147960901260376, "optimizer_iterations": 4.0, "lr": 7.472768000000001e-05}
{"step": 1267712, "wall_time": 1790743672.4656208, "episodes_completed": 6.0, "mean_episode_reward": 8.301124731699625, "std_episode_reward": 13.51334882811868, "min_episode_reward": -10.710245132446289, "max_episode_reward": 32.19891357421875, "mean_episode_length": 103.5, "success_rate": 0.3333333333333333, "collision_rate": 0.6666666666666666, "out_of_bounds_rate": 0.0, "timeout_rate": 0.0, "policy_loss": -0.0023571988567709923, "value_loss": 4.403655171394348, "entropy": 0.6290613412857056, "approx_kl": 0.006753174588084221, "clip_fraction": 0.08984375, "grad_norm": 29.893710374832153, "explained_variance": 0.9216703176498413, "action_std_mean": 0.33148127794265747, "optimizer_iterations": 4.0, "lr": 7.468672e-05}
{"step": 1269760, "wall_time": 1790743680.755653, "episodes_completed": 8.0, "mean_episode_reward": 7.830588649958372, "std_episode_reward": 8.938867416095912, "min_episode_reward": -4.663483142852783, "max_episode_reward": 24.786510467529297, "mean_episode_length": 105.625, "success_rate": 0.375, "collision_rate": 0.375, "out_of_bounds_rate": 0.0, "timeout_rate": 0.25, "policy_loss": 0.00022177305072546005, "value_loss": 2.638716459274292, "entropy": 0.6290696859359741, "approx_kl": 0.010570327285677195, "clip_fraction": 0.0892333984375, "grad_norm": 19.11872100830078, "explained_variance": 0.9530719518661499, "action_std_mean": 0.33147576451301575, "optimizer_iterations": 4.0, "lr": 7.464576000000001e-05}
{"step": 1271808, "wall_time": 1790743689.2586489, "episodes_completed": 8.0, "mean_episode_reward": 10.599078595638275, "std_episode_reward": 18.70142216384208, "min_episode_reward": -9.879798889160156, "max_episode_reward": 49.6915283203125, "mean_episode_length": 93.0, "success_rate": 0.5, "collision_rate": 0.5, "out_of_bounds_rate": 0.0, "timeout_rate": 0.0, "policy_loss": -0.0002740258350968361, "value_loss": 7.332383990287781, "entropy": 0.6289937496185303, "approx_kl": 0.00431817042408511, "clip_fraction": 0.04638671875, "grad_norm": 27.193257689476013, "explained_variance": 0.8577126264572144, "action_std_mean": 0.33146199584007263, "optimizer_iterations": 4.0, "lr": 7.460480000000001e-05}
{"step": 1273856, "wall_time": 1790743698.3676884, "episodes_completed": 4.0, "mean_episode_reward": 17.221317768096924, "std_episode_reward": 15.959354649493429, "min_episode_reward": -9.909643173217773, "max_episode_reward": 31.044292449951172, "mean_episode_length": 95.75, "success_rate": 0.75, "collision_rate": 0.25, "out_of_bounds_rate": 0.0, "timeout_rate": 0.0, "policy_loss": 0.0015293760225176811, "value_loss": 1.2023271322250366, "entropy": 0.6288871169090271, "approx_kl": 0.010818447452038527, "clip_fraction": 0.1297607421875, "grad_norm": 11.53952431678772, "explained_variance": 0.9628787040710449, "action_std_mean": 0.331432580947876, "optimizer_iterations": 4.0, "lr": 7.456384e-05}
{"step": 1275904, "wall_time": 1790743706.623169, "episodes_completed": 5.0, "mean_episode_reward": 10.198309135437011, "std_episode_reward": 2.1124694188918407, "min_episode_reward": 6.305681228637695, "max_episode_reward": 12.693471908569336, "mean_episode_length": 113.6, "success_rate": 0.8, "collision_rate": 0.2, "out_of_bounds_rate": 0.0, "timeout_rate": 0.0, "policy_loss": 0.0033770352602005005, "value_loss": 5.314450144767761, "entropy": 0.6286637783050537, "approx_kl": 0.014806321589276195, "clip_fraction": 0.1468505859375, "grad_norm": 35.03788781166077, "explained_variance": 0.8682642579078674, "action_std_mean": 0.3313944339752197, "optimizer_iterations": 4.0, "lr": 7.452288000000001e-05}
{"step": 1277952, "wall_time": 1790743715.0272884, "episodes_completed": 2.0, "mean_episode_reward": 26.75403070449829, "std_episode_reward": 17.58551549911499, "min_episode_reward": 9.1685152053833, "max_episode_reward": 44.33954620361328, "mean_episode_length": 145.5, "success_rate": 0.5, "collision_rate": 0.5, "out_of_bounds_rate": 0.0, "timeout_rate": 0.0, "policy_loss": -0.0008354261517524719, "value_loss": 2.573244094848633, "entropy": 0.6284458637237549, "approx_kl": 0.0059703653678298, "clip_fraction": 0.06689453125, "grad_norm": 15.87517499923706, "explained_variance": 0.9583169221878052, "action_std_mean": 0.33136457204818726, "optimizer_iterations": 4.0, "lr": 7.448192e-05}
{"step": 1280000, "wall_time": 1790743723.3298514, "episodes_completed": 5.0, "mean_episode_reward": 4.041124153137207, "std_episode_reward": 12.730713099143172, "min_episode_reward": -9.917035102844238, "max_episode_reward": 19.94523811340332, "mean_episode_length": 118.4, "success_rate": 0.2, "collision_rate": 0.8, "out_of_bounds_rate": 0.0, "timeout_rate": 0.0, "policy_loss": 0.0025582564994692802, "value_loss": 2.804088592529297, "entropy": 0.6282790005207062, "approx_kl": 0.007261977763846517, "clip_fraction": 0.08447265625, "grad_norm": 24.607682466506958, "explained_variance": 0.960019588470459, "action_std_mean": 0.33134233951568604, "optimizer_iterations": 4.0, "lr": 7.444096e-05}
{"step": 1282048, "wall_time": 1790743731.5911403, "episodes_completed": 7.0, "mean_episode_reward": 12.622014509780067, "std_episode_reward": 16.122356810220488, "min_episode_reward": -7.45102596282959, "max_episode_reward": 36.76416015625, "mean_episode_length": 75.0, "success_rate": 0.5714285714285714, "collision_rate": 0.2857142857142857, "out_of_bounds_rate": 0.0, "timeout_rate": 0.14285714285714285, "policy_loss": -0.001579561736434698, "value_loss": 1.1047652065753937, "entropy": 0.6281580626964569, "approx_kl": 0.014693004661239684, "clip_fraction": 0.1063232421875, "grad_norm": 7.734830856323242, "explained_variance": 0.9756016731262207, "action_std_mean": 0.3313365578651428, "optimizer_iterations": 4.0, "lr": 7.44e-05}
{"step": 1284096, "wall_time": 1790743739.9076846, "episodes_completed": 8.0, "mean_episode_reward": 18.880236268043518, "std_episode_reward": 18.8763484568258, "min_episode_reward": -9.697394371032715, "max_episode_reward": 44.17086410522461, "mean_episode_length": 95.375, "success_rate": 0.75, "collision_rate": 0.25, "out_of_bounds_rate": 0.0, "timeout_rate": 0.0, "policy_loss": 0.0024273130111396313, "value_loss": 2.2574150562286377, "entropy": 0.6281761825084686, "approx_kl": 0.017254829523153603, "clip_fraction": 0.1063232421875, "grad_norm": 14.492271780967712, "explained_variance": 0.928749680519104, "action_std_mean": 0.33133918046951294, "optimizer_iterations": 4.0, "lr": 7.435904e-05}
{"step": 1286144, "wall_time": 1790743747.9933522, "episodes_completed": 7.0, "mean_episode_reward": 18.944194332829543, "std_episode_reward": 12.931548165301786, "min_episode_reward": 0.03271447867155075, "max_episode_reward": 43.593849182128906, "mean_episode_length": 117.28571428571429, "success_rate": 0.5714285714285714, "collision_rate": 0.2857142857142857, "out_of_bounds_rate": 0.0, "timeout_rate": 0.14285714285714285, "policy_loss": 0.004012321471236646, "value_loss": 3.052038073539734, "entropy": 0.6281924247741699, "approx_kl": 0.01723491633310914, "clip_fraction": 0.132568359375, "grad_norm": 12.933133363723755, "explained_variance": 0.9248654246330261, "action_std_mean": 0.33135268092155457, "optimizer_iterations": 4.0, "lr": 7.431808e-05}
{"step": 1288192, "wall_time": 1790743757.2087471, "episodes_completed": 8.0, "mean_episode_reward": 15.777311563491821, "std_episode_reward": 12.260224207515815, "min_episode_reward": -9.420287132263184, "max_episode_reward": 36.68605041503906, "mean_episode_length": 73.75, "success_rate": 0.875, "collision_rate": 0.125, "out_of_bounds_rate": 0.0, "timeout_rate": 0.0, "policy_loss": -0.0005103014409542084, "value_loss": 4.775666117668152, "entropy": 0.6283109188079834, "approx_kl": 0.008645297377370298, "clip_fraction": 0.1033935546875, "grad_norm": 25.976198196411133, "explained_variance": 0.9005169868469238, "action_std_mean": 0.3313678503036499, "optimizer_iterations": 4.0, "lr": 7.427712e-05}
{"step": 1290240, "wall_time": 1790743766.7539375, "episodes_completed": 3.0, "mean_episode_reward": 26.585934321085613, "std_episode_reward": 23.73452903885241, "min_episode_reward": -6.979318618774414, "max_episode_reward": 43.51738739013672, "mean_episode_length": 146.66666666666666, "success_rate": 0.6666666666666666, "collision_rate": 0.3333333333333333, "out_of_bounds_rate": 0.0, "timeout_rate": 0.0, "policy_loss": 0.0003174697048962116, "value_loss": 1.853504091501236, "entropy": 0.6283468306064606, "approx_kl": 0.008501037606038153, "clip_fraction": 0.0709228515625, "grad_norm": 12.02898645401001, "explained_variance": 0.9654496908187866, "action_std_mean": 0.33134979009628296, "optimizer_iterations": 4.0, "lr": 7.423616e-05}
{"step": 1292288, "wall_time": 1790743776.0172858, "episodes_completed": 10.0, "mean_episode_reward": 10.292060013115407, "std_episode_reward": 15.115473476483752, "min_episode_reward": -10.090187072753906, "max_episode_reward": 32.78132247924805, "mean_episode_length": 53.3, "success_rate": 0.6, "collision_rate": 0.3, "out_of_bounds_rate": 0.0, "timeout_rate": 0.1, "policy_loss": 0.0003364374570082873, "value_loss": 2.1145686507225037, "entropy": 0.6281863152980804, "approx_kl": 0.00730507232947275, "clip_fraction": 0.08349609375, "grad_norm": 16.735867500305176, "explained_variance": 0.9662418365478516, "action_std_mean": 0.3313208818435669, "optimizer_iterations": 4.0, "lr": 7.41952e-05}
{"step": 1294336, "wall_time": 1790743785.156589, "episodes_completed": 4.0, "mean_episode_reward": 9.81935977935791, "std_episode_reward": 6.645066353432424, "min_episode_reward": 2.5665273666381836, "max_episode_reward": 19.814373016357422, "mean_episode_length": 92.75, "success_rate": 0.5, "collision_rate": 0.5, "out_of_bounds_rate": 0.0, "timeout_rate": 0.0, "policy_loss": 0.0006853260565549135, "value_loss": 3.084828734397888, "entropy": 0.6280259788036346, "approx_kl": 0.011610615300014615, "clip_fraction": 0.102294921875, "grad_norm": 16.049508571624756, "explained_variance": 0.9519942998886108, "action_std_mean": 0.3312966227531433, "optimizer_iterations": 4.0, "lr": 7.415424e-05}
{"step": 1296384, "wall_time": 1790743793.9309466, "episodes_completed": 3.0, "mean_episode_reward": 6.407192548116048, "std_episode_reward": 12.18571792157438, "min_episode_reward": -10.09964656829834, "max_episode_reward": 18.947893142700195, "mean_episode_length": 74.33333333333333, "success_rate": 0.6666666666666666, "collision_rate": 0.3333333333333333, "out_of_bounds_rate": 0.0, "timeout_rate": 0.0, "policy_loss": -0.004727769643068314, "value_loss": 0.7864701300859451, "entropy": 0.6278727352619171, "approx_kl": 0.011223617242649198, "clip_fraction": 0.140380859375, "grad_norm": 10.69001591205597, "explained_variance": 0.9800521731376648, "action_std_mean": 0.33125799894332886, "optimizer_iterations": 4.0, "lr": 7.411327999999999e-05}
{"step": 1298432, "wall_time": 1790743802.1695156, "episodes_completed": 9.0, "mean_episode_reward": 17.143486658732098, "std_episode_reward": 10.922637983765165, "min_episode_reward": -9.838558197021484, "max_episode_reward": 31.951255798339844, "mean_episode_length": 61.22222222222222, "success_rate": 0.8888888888888888, "collision_rate": 0.1111111111111111, "out_of_bounds_rate": 0.0, "timeout_rate": 0.0, "policy_loss": -0.0033822646364569664, "value_loss": 1.1316413581371307, "entropy": 0.627607524394989, "approx_kl": 0.005245854408713058, "clip_fraction": 0.06884765625, "grad_norm": 9.163569569587708, "explained_variance": 0.9520576596260071, "action_std_mean": 0.33122092485427856, "optimizer_iterations": 4.0, "lr": 7.407232e-05}
{"step": 1300480, "wall_time": 1790743810.3047662, "episodes_completed": 8.0, "mean_episode_reward": 0.7620402127504349, "std_episode_reward": 10.215135453048399, "min_episode_reward": -10.227648735046387, "max_episode_reward": 17.3017578125, "mean_episode_length": 89.375, "success_rate": 0.25, "collision_rate": 0.625, "out_of_bounds_rate": 0.0, "timeout_rate": 0.125, "policy_loss": 0.0021389489993453026, "value_loss": 5.139987945556641, "entropy": 0.6274327337741852, "approx_kl": 0.008029041695408523, "clip_fraction": 0.0899658203125, "grad_norm": 27.20983123779297, "explained_variance": 0.9049941301345825, "action_std_mean": 0.33119523525238037, "optimizer_iterations": 4.0, "lr": 7.403136000000001e-05}
{"step": 1302528, "wall_time": 1790743818.4002934, "episodes_completed": 9.0, "mean_episode_reward": 30.655333942837185, "std_episode_reward": 15.544286073774046, "min_episode_reward": 10.774978637695312, "max_episode_reward": 49.712791442871094, "mean_episode_length": 129.22222222222223, "success_rate": 1.0, "collision_rate": 0.0, "out_of_bounds_rate": 0.0, "timeout_rate": 0.0, "policy_loss": 0.00024229486007243395, "value_loss": 0.8793044090270996, "entropy": 0.6272389888763428, "approx_kl": 0.009651814820244908, "clip_fraction": 0.06103515625, "grad_norm": 9.693732500076294, "explained_variance": 0.9796135425567627, "action_std_mean": 0.33114901185035706, "optimizer_iterations": 4.0, "lr": 7.39904e-05}
{"step": 1304576, "wall_time": 1790743826.673119, "episodes_completed": 5.0, "mean_episode_reward": 30.389942169189453, "std_episode_reward": 22.681666994058318, "min_episode_reward": -9.838212966918945, "max_episode_reward": 56.294288635253906, "mean_episode_length": 135.0, "success_rate": 0.8, "collision_rate": 0.2, "out_of_bounds_rate": 0.0, "timeout_rate": 0.0, "policy_loss": -0.000603438587859273, "value_loss": 2.2012499570846558, "entropy": 0.6269186437129974, "approx_kl": 0.005322466837242246, "clip_fraction": 0.05029296875, "grad_norm": 22.201842188835144, "explained_variance": 0.9431954622268677, "action_std_mean": 0.3310861587524414, "optimizer_iterations": 4.0, "lr": 7.394944e-05}
{"step": 1306624, "wall_time": 1790743834.8712173, "episodes_completed": 8.0, "mean_episode_reward": 6.1951799392700195, "std_episode_reward": 7.196717234062406, "min_episode_reward": -6.0187668800354, "max_episode_reward": 16.047805786132812, "mean_episode_length": 56.125, "success_rate": 0.375, "collision_rate": 0.625, "out_of_bounds_rate": 0.0, "timeout_rate": 0.0, "policy_loss": 0.0013144640251994133, "value_loss": 6.003297209739685, "entropy": 0.626503974199295, "approx_kl": 0.010574627318419516, "clip_fraction": 0.1204833984375, "grad_norm": 27.62181806564331, "explained_variance": 0.8810024857521057, "action_std_mean": 0.3310166895389557, "optimizer_iterations": 4.0, "lr": 7.390848e-05}
{"step": 1308672, "wall_time": 1790743843.1010087, "episodes_completed": 11.0, "mean_episode_reward": 15.311017946763473, "std_episode_reward": 17.879495436639615, "min_episode_reward": -9.855502128601074, "max_episode_reward": 46.006919860839844, "mean_episode_length": 73.9090909090909, "success_rate": 0.6363636363636364, "collision_rate": 0.36363636363636365, "out_of_bounds_rate": 0.0, "timeout_rate": 0.0, "policy_loss": 0.0064003122970461845, "value_loss": 2.6993463039398193, "entropy": 0.6261093020439148, "approx_kl": 0.010299393383320421, "clip_fraction": 0.0933837890625, "grad_norm": 15.090568780899048, "explained_variance": 0.9442548155784607, "action_std_mean": 0.3309633731842041, "optimizer_iterations": 4.0, "lr": 7.386752e-05}
{"step": 1310720, "wall_time": 1790743851.326059, "episodes_completed": 8.0, "mean_episode_reward": 16.45619154907763, "std_episode_reward": 13.753356280382095, "min_episode_reward": -2.196704387664795, "max_episode_reward": 43.29075241088867, "mean_episode_length": 111.25, "success_rate": 0.75, "collision_rate": 0.125, "out_of_bounds_rate": 0.0, "timeout_rate": 0.125, "policy_loss": -0.0006528249941766262, "value_loss": 2.8079630732536316, "entropy": 0.6258212625980377, "approx_kl": 0.004523255047388375, "clip_fraction": 0.0584716796875, "grad_norm": 21.086831092834473, "explained_variance": 0.9455873370170593, "action_std_mean": 0.33092403411865234, "optimizer_iterations": 4.0, "lr": 7.382656e-05}
{"step": 1312768, "wall_time": 1790743859.5321176, "episodes_completed": 4.0, "mean_episode_reward": 30.40102529525757, "std_episode_reward": 14.895630303963172, "min_episode_reward": 10.440261840820312, "max_episode_reward": 48.997230529785156, "mean_episode_length": 126.0, "success_rate": 1.0, "collision_rate": 0.0, "out_of_bounds_rate": 0.0, "timeout_rate": 0.0, "policy_loss": 0.0008442923426628113, "value_loss": 1.5903930068016052, "entropy": 0.6256264448165894, "approx_kl": 0.012148127192631364, "clip_fraction": 0.1038818359375, "grad_norm": 14.81269919872284, "explained_variance": 0.9516632556915283, "action_std_mean": 0.33091026544570923, "optimizer_iterations": 4.0, "lr": 7.378560000000001e-05}
{"step": 1314816, "wall_time": 1790743867.7179418, "episodes_completed": 7.0, "mean_episode_reward": 8.198498504502433, "std_episode_reward": 10.67639434051796, "min_episode_reward": -5.502986907958984, "max_episode_reward": 22.259654998779297, "mean_episode_length": 63.857142857142854, "success_rate": 0.5714285714285714, "collision_rate": 0.2857142857142857, "out_of_bounds_rate": 0.0, "timeout_rate": 0.14285714285714285, "policy_loss": -0.003933524247258902, "value_loss": 3.429112195968628, "entropy": 0.6255768835544586, "approx_kl": 0.003312995337182656, "clip_fraction": 0.0360107421875, "grad_norm": 29.39939785003662, "explained_variance": 0.8922238945960999, "action_std_mean": 0.3309048116207123, "optimizer_iterations": 4.0, "lr": 7.374464000000001e-05}
{"step": 1316864, "wall_time": 1790743875.897398, "episodes_completed": 8.0, "mean_episode_reward": 11.325057029724121, "std_episode_reward": 16.60514421632587, "min_episode_reward": -7.739830017089844, "max_episode_reward": 40.80118942260742, "mean_episode_length": 50.875, "success_rate": 0.625, "collision_rate": 0.375, "out_of_bounds_rate": 0.0, "timeout_rate": 0.0, "policy_loss": -0.0011799409985542297, "value_loss": 4.282260894775391, "entropy": 0.625525712966919, "approx_kl": 0.006046241906005889, "clip_fraction": 0.0689697265625, "grad_norm": 17.696402549743652, "explained_variance": 0.9265947937965393, "action_std_mean": 0.3308875262737274, "optimizer_iterations": 4.0, "lr": 7.370368e-05}
{"step": 1318912, "wall_time": 1790743884.1502724, "episodes_completed": 5.0, "mean_episode_reward": 25.402175426483154, "std_episode_reward": 20.26780434163448, "min_episode_reward": -5.550529956817627, "max_episode_reward": 56.45176315307617, "mean_episode_length": 135.8, "success_rate": 0.8, "collision_rate": 0.2, "out_of_bounds_rate": 0.0, "timeout_rate": 0.0, "policy_loss": -0.0033256085589528084, "value_loss": 1.3784072697162628, "entropy": 0.6253817975521088, "approx_kl": 0.00736283091828227, "clip_fraction": 0.0721435546875, "grad_norm": 7.532265543937683, "explained_variance": 0.9660878777503967, "action_std_mean": 0.3308594524860382, "optimizer_iterations": 4.0, "lr": 7.366272000000001e-05}
{"step": 1320960, "wall_time": 1790743892.449965, "episodes_completed": 7.0, "mean_episode_reward": 12.1475921358381, "std_episode_reward": 10.223097637855467, "min_episode_reward": -4.81070613861084, "max_episode_reward": 28.89804458618164, "mean_episode_length": 65.28571428571429, "success_rate": 0.5714285714285714, "collision_rate": 0.42857142857142855, "out_of_bounds_rate": 0.0, "timeout_rate": 0.0, "policy_loss": 0.0023298291489481926, "value_loss": 2.530799448490143, "entropy": 0.6252348124980927, "approx_kl": 0.006123052327893674, "clip_fraction": 0.0565185546875, "grad_norm": 22.559582233428955, "explained_variance": 0.9611353278160095, "action_std_mean": 0.33085113763809204, "optimizer_iterations": 4.0, "lr": 7.362176e-05}
{"step": 1323008, "wall_time": 1790743900.6131206, "episodes_completed": 4.0, "mean_episode_reward": 26.89497423171997, "std_episode_reward": 14.302647753332787, "min_episode_reward": 13.662984848022461, "max_episode_reward": 50.35923385620117, "mean_episode_length": 123.25, "success_rate": 0.75, "collision_rate": 0.25, "out_of_bounds_rate": 0.0, "timeout_rate": 0.0, "policy_loss": 0.00145629548933357, "value_loss": 2.9037386178970337, "entropy": 0.6252429187297821, "approx_kl": 0.005734333302825689, "clip_fraction": 0.072021484375, "grad_norm": 10.058762431144714, "explained_variance": 0.9346659779548645, "action_std_mean": 0.33085840940475464, "optimizer_iterations": 4.0, "lr": 7.35808e-05}
{"step": 1325056, "wall_time": 1790743908.8897154, "episodes_completed": 6.0, "mean_episode_reward": 20.58295726776123, "std_episode_reward": 14.357355168838044, "min_episode_reward": -10.682350158691406, "max_episode_reward": 32.16648483276367, "mean_episode_length": 111.33333333333333, "success_rate": 0.8333333333333334, "collision_rate": 0.16666666666666666, "out_of_bounds_rate": 0.0, "timeout_rate": 0.0, "policy_loss": 0.0017593820521142334, "value_loss": 1.734717696905136, "entropy": 0.6252945959568024, "approx_kl": 0.008296242915093899, "clip_fraction": 0.1072998046875, "grad_norm": 15.786398649215698, "explained_variance": 0.9634841084480286, "action_std_mean": 0.3308817148208618, "optimizer_iterations": 4.0, "lr": 7.353984e-05}
{"step": 1327104, "wall_time": 1790743917.198481, "episodes_completed": 5.0, "mean_episode_reward": 19.75315559208393, "std_episode_reward": 11.217750233234252, "min_episode_reward": 0.07286490499973297, "max_episode_reward": 32.06666946411133, "mean_episode_length": 105.0, "success_rate": 0.6, "collision_rate": 0.2, "out_of_bounds_rate": 0.0, "timeout_rate": 0.2, "policy_loss": 0.0003727965522557497, "value_loss": 1.0315447747707367, "entropy": 0.6254767775535583, "approx_kl": 0.011203341069631279, "clip_fraction": 0.1175537109375, "grad_norm": 14.634034752845764, "explained_variance": 0.974134087562561, "action_std_mean": 0.33090439438819885, "optimizer_iterations": 4.0, "lr": 7.349888e-05}
{"step": 1329152, "wall_time": 1790743925.3305678, "episodes_completed": 6.0, "mean_episode_reward": 8.66167824404935, "std_episode_reward": 16.695774442091306, "min_episode_reward": -9.917119979858398, "max_episode_reward": 36.8267822265625, "mean_episode_length": 95.5, "success_rate": 0.3333333333333333, "collision_rate": 0.5, "out_of_bounds_rate": 0.0, "timeout_rate": 0.16666666666666666, "policy_loss": -0.0004237070679664612, "value_loss": 2.8512811064720154, "entropy": 0.6255449056625366, "approx_kl": 0.010240322793833911, "clip_fraction": 0.082763671875, "grad_norm": 13.17963981628418, "explained_variance": 0.9281302690505981, "action_std_mean": 0.3309020400047302, "optimizer_iterations": 4.0, "lr": 7.345792000000001e-05}
{"step": 1331200, "wall_time": 1790743933.4346273, "episodes_completed": 12.0, "mean_episode_reward": 4.2171253363291425, "std_episode_reward": 14.755601698596879, "min_episode_reward": -10.795666694641113, "max_episode_reward": 26.583890914916992, "mean_episode_length": 72.25, "success_rate": 0.3333333333333333, "collision_rate": 0.6666666666666666, "out_of_bounds_rate": 0.0, "timeout_rate": 0.0, "policy_loss": -0.0034551583230495453, "value_loss": 2.3375372886657715, "entropy": 0.6255210936069489, "approx_kl": 0.004979567514965311, "clip_fraction": 0.0450439453125, "grad_norm": 23.414496898651123, "explained_variance": 0.958249032497406, "action_std_mean": 0.33089616894721985, "optimizer_iterations": 4.0, "lr": 7.341696e-05}
{"step": 1333248, "wall_time": 1790743941.6139913, "episodes_completed": 5.0, "mean_episode_reward": 21.052184104919434, "std_episode_reward": 26.66395441856929, "min_episode_reward": -10.121684074401855, "max_episode_reward": 57.89708709716797, "mean_episode_length": 123.8, "success_rate": 0.6, "collision_rate": 0.4, "out_of_bounds_rate": 0.0, "timeout_rate": 0.0, "policy_loss": 0.00793271278962493, "value_loss": 2.794852375984192, "entropy": 0.6254805326461792, "approx_kl": 0.009289270383305848, "clip_fraction": 0.09423828125, "grad_norm": 91.42142677307129, "explained_variance": 0.9379438161849976, "action_std_mean": 0.3308897018432617, "optimizer_iterations": 4.0, "lr": 7.3376e-05}
{"step": 1335296, "wall_time": 1790743949.7675056, "episodes_completed": 6.0, "mean_episode_reward": 19.941617488861084, "std_episode_reward": 4.830096277886039, "min_episode_reward": 10.48827838897705, "max_episode_reward": 25.673622131347656, "mean_episode_length": 63.166666666666664, "success_rate": 1.0, "collision_rate": 0.0, "out_of_bounds_rate": 0.0, "timeout_rate": 0.0, "policy_loss": -0.0004644677974283695, "value_loss": 2.571998953819275, "entropy": 0.6254447400569916, "approx_kl": 0.0017312296549789608, "clip_fraction": 0.0147705078125, "grad_norm": 45.818209171295166, "explained_variance": 0.9248926639556885, "action_std_mean": 0.33088764548301697, "optimizer_iterations": 4.0, "lr": 7.333504e-05}
{"step": 1337344, "wall_time": 1790743957.823763, "episodes_completed": 8.0, "mean_episode_reward": 13.303096413612366, "std_episode_reward": 16.1892997521578, "min_episode_reward": -9.748881340026855, "max_episode_reward": 38.798614501953125, "mean_episode_length": 119.25, "success_rate": 0.5, "collision_rate": 0.375, "out_of_bounds_rate": 0.0, "timeout_rate": 0.125, "policy_loss": 0.0026646977057680488, "value_loss": 2.6007508635520935, "entropy": 0.6254395842552185, "approx_kl": 0.0059709715424105525, "clip_fraction": 0.055419921875, "grad_norm": 19.416316986083984, "explained_variance": 0.9373326301574707, "action_std_mean": 0.3308870196342468, "optimizer_iterations": 4.0, "lr": 7.329408e-05}
{"step": 1339392, "wall_time": 1790743966.0952122, "episodes_completed": 7.0, "mean_episode_reward": 20.258920397077286, "std_episode_reward": 13.620305161214754, "min_episode_reward": -9.90379524230957, "max_episode_reward": 32.95795822143555, "mean_episode_length": 83.14285714285714, "success_rate": 0.8571428571428571, "collision_rate": 0.14285714285714285, "out_of_bounds_rate": 0.0, "timeout_rate": 0.0, "policy_loss": -0.0008627730421721935, "value_loss": 1.8503199815750122, "entropy": 0.625412791967392, "approx_kl": 0.007280613703187555, "clip_fraction": 0.0687255859375, "grad_norm": 14.708098411560059, "explained_variance": 0.9654269814491272, "action_std_mean": 0.33087196946144104, "optimizer_iterations": 4.0, "lr": 7.325311999999999e-05}
{"step": 1341440, "wall_time": 1790743974.4348505, "episodes_completed": 5.0, "mean_episode_reward": 15.681826972961426, "std_episode_reward": 24.645199448932765, "min_episode_reward": -12.046809196472168, "max_episode_reward": 54.28754425048828, "mean_episode_length": 108.6, "success_rate": 0.6, "collision_rate": 0.4, "out_of_bounds_rate": 0.0, "timeout_rate": 0.0, "policy_loss": 0.002933630021288991, "value_loss": 1.6618579924106598, "entropy": 0.6252779364585876, "approx_kl": 0.004534283827524632, "clip_fraction": 0.0406494140625, "grad_norm": 16.56989026069641, "explained_variance": 0.9672752022743225, "action_std_mean": 0.33083575963974, "optimizer_iterations": 4.0, "lr": 7.321216e-05}
{"step": 1343488, "wall_time": 1790743982.5877087, "episodes_completed": 9.0, "mean_episode_reward": 16.15542729695638, "std_episode_reward": 17.512528120749927, "min_episode_reward": -9.990150451660156, "max_episode_reward": 40.71855926513672, "mean_episode_length": 98.0, "success_rate": 0.6666666666666666, "collision_rate": 0.3333333333333333, "out_of_bounds_rate": 0.0, "timeout_rate": 0.0, "policy_loss": 0.0012438538251444697, "value_loss": 5.986443996429443, "entropy": 0.6250024735927582, "approx_kl": 0.005615621339529753, "clip_fraction": 0.065185546875, "grad_norm": 15.485633611679077, "explained_variance": 0.86061030626297, "action_std_mean": 0.33078426122665405, "optimizer_iterations": 4.0, "lr": 7.31712e-05}
{"step": 1345536, "wall_time": 1790743990.7300665, "episodes_completed": 8.0, "mean_episode_reward": 16.442953765392303, "std_episode_reward": 15.461837980343915, "min_episode_reward": -9.976995468139648, "max_episode_reward": 31.2257137298584, "mean_episode_length": 74.125, "success_rate": 0.625, "collision_rate": 0.375, "out_of_bounds_rate": 0.0, "timeout_rate": 0.0, "policy_loss": 0.008673787117004395, "value_loss": 2.213467538356781, "entropy": 0.6247038543224335, "approx_kl": 0.01068611047230661, "clip_fraction": 0.048828125, "grad_norm": 42.575242042541504, "explained_variance": 0.9481964111328125, "action_std_mean": 0.33074790239334106, "optimizer_iterations": 4.0, "lr": 7.313024e-05}
{"step": 1347584, "wall_time": 1790743998.911843, "episodes_completed": 8.0, "mean_episode_reward": 24.02160084247589, "std_episode_reward": 16.75263526120111, "min_episode_reward": -9.868857383728027, "max_episode_reward": 55.10478973388672, "mean_episode_length": 113.0, "success_rate": 0.75, "collision_rate": 0.25, "out_of_bounds_rate": 0.0, "timeout_rate": 0.0, "policy_loss": -3.926269710063934e-05, "value_loss": 2.7343775629997253, "entropy": 0.6245282888412476, "approx_kl": 0.0011876260105054826, "clip_fraction": 0.009033203125, "grad_norm": 33.994131088256836, "explained_variance": 0.926316499710083, "action_std_mean": 0.3307330906391144, "optimizer_iterations": 4.0, "lr": 7.308928000000001e-05}
{"step": 1349632, "wall_time": 1790744007.0345893, "episodes_completed": 11.0, "mean_episode_reward": 14.922654802148992, "std_episode_reward": 15.730721967336152, "min_episode_reward": -10.166881561279297, "max_episode_reward": 39.590599060058594, "mean_episode_length": 88.63636363636364, "success_rate": 0.6363636363636364, "collision_rate": 0.36363636363636365, "out_of_bounds_rate": 0.0, "timeout_rate": 0.0, "policy_loss": 0.0018092608079314232, "value_loss": 4.788547873497009, "entropy": 0.62445929646492, "approx_kl": 0.010361084947362542, "clip_fraction": 0.111328125, "grad_norm": 36.154115438461304, "explained_variance": 0.8527279496192932, "action_std_mean": 0.3307259678840637, "optimizer_iterations": 4.0, "lr": 7.304832e-05}
{"step": 1351680, "wall_time": 1790744017.1021059, "episodes_completed": 6.0, "mean_episode_reward": 27.15237013498942, "std_episode_reward": 10.50426337480566, "min_episode_reward": 14.250850677490234, "max_episode_reward": 42.93125915527344, "mean_episode_length": 101.16666666666667, "success_rate": 1.0, "collision_rate": 0.0, "out_of_bounds_rate": 0.0, "timeout_rate": 0.0, "policy_loss": 0.0017579677514731884, "value_loss": 1.5381439626216888, "entropy": 0.6244138479232788, "approx_kl": 0.011404500633943826, "clip_fraction": 0.1297607421875, "grad_norm": 15.49924921989441, "explained_variance": 0.9299909472465515, "action_std_mean": 0.3307199776172638, "optimizer_iterations": 4.0, "lr": 7.300736e-05}
{"step": 1353728, "wall_time": 1790744025.2163875, "episodes_completed": 9.0, "mean_episode_reward": 7.717189311981201, "std_episode_reward": 16.96937918154754, "min_episode_reward": -9.903914451599121, "max_episode_reward": 36.9273681640625, "mean_episode_length": 80.66666666666667, "success_rate": 0.2222222222222222, "collision_rate": 0.7777777777777778, "out_of_bounds_rate": 0.0, "timeout_rate": 0.0, "policy_loss": 0.0006771795451641083, "value_loss": 8.277860164642334, "entropy": 0.6243872940540314, "approx_kl": 0.006829283433035016, "clip_fraction": 0.0726318359375, "grad_norm": 28.776092529296875, "explained_variance": 0.7812832593917847, "action_std_mean": 0.33072108030319214, "optimizer_iterations": 4.0, "lr": 7.29664e-05}
{"step": 1355776, "wall_time": 1790744033.317428, "episodes_completed": 9.0, "mean_episode_reward": 19.244508743286133, "std_episode_reward": 11.357124438689283, "min_episode_reward": 0.09610843658447266, "max_episode_reward": 33.21886444091797, "mean_episode_length": 80.55555555555556, "success_rate": 0.7777777777777778, "collision_rate": 0.2222222222222222, "out_of_bounds_rate": 0.0, "timeout_rate": 0.0, "policy_loss": -0.0002845730632543564, "value_loss": 2.1774577498435974, "entropy": 0.6243997514247894, "approx_kl": 0.006682934705168009, "clip_fraction": 0.0849609375, "grad_norm": 27.72479248046875, "explained_variance": 0.9461345076560974, "action_std_mean": 0.3307209014892578, "optimizer_iterations": 4.0, "lr": 7.292544000000001e-05}
{"step": 1357824, "wall_time": 1790744040.711739, "episodes_completed": 12.0, "mean_episode_reward": 13.933149572461843, "std_episode_reward": 17.150013900304597, "min_episode_reward": -11.496872901916504, "max_episode_reward": 38.7674446105957, "mean_episode_length": 74.83333333333333, "success_rate": 0.5833333333333334, "collision_rate": 0.3333333333333333, "out_of_bounds_rate": 0.0, "timeout_rate": 0.08333333333333333, "policy_loss": 0.001327326288446784, "value_loss": 2.4551903009414673, "entropy": 0.624362587928772, "approx_kl": 0.009145226795226336, "clip_fraction": 0.0955810546875, "grad_norm": 15.926599383354187, "explained_variance": 0.9341412782669067, "action_std_mean": 0.33070024847984314, "optimizer_iterations": 4.0, "lr": 7.288448000000001e-05}
{"step": 1359872, "wall_time": 1790744047.9366798, "episodes_completed": 12.0, "mean_episode_reward": 11.458635687828064, "std_episode_reward": 16.87448768692355, "min_episode_reward": -10.174764633178711, "max_episode_reward": 39.48509979248047, "mean_episode_length": 79.66666666666667, "success_rate": 0.4166666666666667, "collision_rate": 0.5833333333333334, "out_of_bounds_rate": 0.0, "timeout_rate": 0.0, "policy_loss": -0.0020627594785764813, "value_loss": 6.027920126914978, "entropy": 0.6241994798183441, "approx_kl": 0.005221637315116823, "clip_fraction": 0.0634765625, "grad_norm": 20.039891958236694, "explained_variance": 0.8443033695220947, "action_std_mean": 0.3306693434715271, "optimizer_iterations": 4.0, "lr": 7.284352e-05}
{"step": 1361920, "wall_time": 1790744055.2269218, "episodes_completed": 12.0, "mean_episode_reward": 10.033101433577636, "std_episode_reward": 12.837743615139605, "min_episode_reward": -8.226460456848145, "max_episode_reward": 33.7385139465332, "mean_episode_length": 82.83333333333333, "success_rate": 0.3333333333333333, "collision_rate": 0.5833333333333334, "out_of_bounds_rate": 0.0, "timeout_rate": 0.08333333333333333, "policy_loss": 0.003605336882174015, "value_loss": 7.025286555290222, "entropy": 0.6240213513374329, "approx_kl": 0.004790289036463946, "clip_fraction": 0.05322265625, "grad_norm": 38.368385791778564, "explained_variance": 0.8573495149612427, "action_std_mean": 0.3306422233581543, "optimizer_iterations": 4.0, "lr": 7.280256000000001e-05}
{"step": 1363968, "wall_time": 1790744062.4126854, "episodes_completed": 7.0, "mean_episode_reward": 16.0251875604902, "std_episode_reward": 16.069104877938013, "min_episode_reward": -8.033407211303711, "max_episode_reward": 36.03181457519531, "mean_episode_length": 103.14285714285714, "success_rate": 0.42857142857142855, "collision_rate": 0.5714285714285714, "out_of_bounds_rate": 0.0, "timeout_rate": 0.0, "policy_loss": -0.0029248734936118126, "value_loss": 3.896950423717499, "entropy": 0.6238728165626526, "approx_kl": 0.0054096446256153286, "clip_fraction": 0.05322265625, "grad_norm": 14.491621613502502, "explained_variance": 0.9174538850784302, "action_std_mean": 0.33062735199928284, "optimizer_iterations": 4.0, "lr": 7.27616e-05}
{"step": 1366016, "wall_time": 1790744069.6605165, "episodes_completed": 11.0, "mean_episode_reward": 25.129843538457695, "std_episode_reward": 18.188647490172446, "min_episode_reward": -6.452815055847168, "max_episode_reward": 49.83713912963867, "mean_episode_length": 130.9090909090909, "success_rate": 0.6363636363636364, "collision_rate": 0.36363636363636365, "out_of_bounds_rate": 0.0, "timeout_rate": 0.0, "policy_loss": -0.00027280766516923904, "value_loss": 4.134594202041626, "entropy": 0.6238192319869995, "approx_kl": 0.010631526936776936, "clip_fraction": 0.097412109375, "grad_norm": 15.287498712539673, "explained_variance": 0.887445330619812, "action_std_mean": 0.3306274116039276, "optimizer_iterations": 4.0, "lr": 7.272064000000001e-05}
{"step": 1368064, "wall_time": 1790744076.9520042, "episodes_completed": 11.0, "mean_episode_reward": 15.836717909032648, "std_episode_reward": 17.523699793889968, "min_episode_reward": -11.444254875183105, "max_episode_reward": 46.789772033691406, "mean_episode_length": 93.27272727272727, "success_rate": 0.5454545454545454, "collision_rate": 0.45454545454545453, "out_of_bounds_rate": 0.0, "timeout_rate": 0.0, "policy_loss": 0.006641687941737473, "value_loss": 4.877473950386047, "entropy": 0.6238400638103485, "approx_kl": 0.008268866455182433, "clip_fraction": 0.090087890625, "grad_norm": 30.298563480377197, "explained_variance": 0.8799782395362854, "action_std_mean": 0.3306344747543335, "optimizer_iterations": 4.0, "lr": 7.267968000000001e-05}
{"step": 1370112, "wall_time": 1790744084.2064414, "episodes_completed": 17.0, "mean_episode_reward": 3.803824172300451, "std_episode_reward": 15.193855579122445, "min_episode_reward": -10.196100234985352, "max_episode_reward": 38.54279327392578, "mean_episode_length": 54.11764705882353, "success_rate": 0.29411764705882354, "collision_rate": 0.7058823529411765, "out_of_bounds_rate": 0.0, "timeout_rate": 0.0, "policy_loss": -0.0012097871513105929, "value_loss": 9.901824712753296, "entropy": 0.6238792836666107, "approx_kl": 0.004688908229582012, "clip_fraction": 0.034423828125, "grad_norm": 29.354272603988647, "explained_variance": 0.8294003009796143, "action_std_mean": 0.33063578605651855, "optimizer_iterations": 4.0, "lr": 7.263872e-05}
{"step": 1372160, "wall_time": 1790744091.5458672, "episodes_completed": 8.0, "mean_episode_reward": 19.276331305503845, "std_episode_reward": 16.630860914558113, "min_episode_reward": -4.290326118469238, "max_episode_reward": 42.20539093017578, "mean_episode_length": 95.75, "success_rate": 0.625, "collision_rate": 0.375, "out_of_bounds_rate": 0.0, "timeout_rate": 0.0, "policy_loss": 0.0011401469819247723, "value_loss": 1.7474975883960724, "entropy": 0.6238651275634766, "approx_kl": 0.004530654521659017, "clip_fraction": 0.0404052734375, "grad_norm": 12.85673975944519, "explained_variance": 0.9704355001449585, "action_std_mean": 0.33063238859176636, "optimizer_iterations": 4.0, "lr": 7.259776000000001e-05}
{"step": 1374208, "wall_time": 1790744098.9833403, "episodes_completed": 6.0, "mean_episode_reward": 18.06791114807129, "std_episode_reward": 22.96975007004528, "min_episode_reward": -11.248153686523438, "max_episode_reward": 47.114437103271484, "mean_episode_length": 103.66666666666667, "success_rate": 0.6666666666666666, "collision_rate": 0.3333333333333333, "out_of_bounds_rate": 0.0, "timeout_rate": 0.0, "policy_loss": -0.0035866638645529747, "value_loss": 1.5749641060829163, "entropy": 0.6238588392734528, "approx_kl": 0.006302091031102464, "clip_fraction": 0.063720703125, "grad_norm": 10.402759075164795, "explained_variance": 0.9703376293182373, "action_std_mean": 0.330640584230423, "optimizer_iterations": 4.0, "lr": 7.25568e-05}
{"step": 1376256, "wall_time": 1790744106.3445592, "episodes_completed": 8.0, "mean_episode_reward": 29.89859712123871, "std_episode_reward": 12.180270933050387, "min_episode_reward": 10.975974082946777, "max_episode_reward": 45.72132110595703, "mean_episode_length": 128.25, "success_rate": 0.875, "collision_rate": 0.125, "out_of_bounds_rate": 0.0, "timeout_rate": 0.0, "policy_loss": 0.0003477931022644043, "value_loss": 3.150234580039978, "entropy": 0.6239514350891113, "approx_kl": 0.01028280088212341, "clip_fraction": 0.0985107421875, "grad_norm": 22.02796459197998, "explained_variance": 0.930425763130188, "action_std_mean": 0.3306606411933899, "optimizer_iterations": 4.0, "lr": 7.251584e-05}
{"step": 1378304, "wall_time": 1790744114.8654342, "episodes_completed": 6.0, "mean_episode_reward": 30.55419381459554, "std_episode_reward": 11.984380369977057, "min_episode_reward": 16.45578384399414, "max_episode_reward": 55.20224380493164, "mean_episode_length": 150.83333333333334, "success_rate": 0.6666666666666666, "collision_rate": 0.3333333333333333, "out_of_bounds_rate": 0.0, "timeout_rate": 0.0, "policy_loss": 0.0007509440183639526, "value_loss": 4.226366400718689, "entropy": 0.6240706145763397, "approx_kl": 0.006306088878773153, "clip_fraction": 0.0322265625, "grad_norm": 36.7421441078186, "explained_variance": 0.9290118217468262, "action_std_mean": 0.33068227767944336, "optimizer_iterations": 4.0, "lr": 7.247488e-05}
{"step": 1380352, "wall_time": 1790744125.0413182, "episodes_completed": 7.0, "mean_episode_reward": 14.748334844197545, "std_episode_reward": 17.787094087057778, "min_episode_reward": -9.910179138183594, "max_episode_reward": 45.120357513427734, "mean_episode_length": 112.42857142857143, "success_rate": 0.2857142857142857, "collision_rate": 0.5714285714285714, "out_of_bounds_rate": 0.0, "timeout_rate": 0.14285714285714285, "policy_loss": 0.00078007293632254, "value_loss": 3.8624067306518555, "entropy": 0.6242027282714844, "approx_kl": 0.005658162175677717, "clip_fraction": 0.064208984375, "grad_norm": 17.46409583091736, "explained_variance": 0.932310938835144, "action_std_mean": 0.33070528507232666, "optimizer_iterations": 4.0, "lr": 7.243392e-05}
{"step": 1382400, "wall_time": 1790744133.489185, "episodes_completed": 6.0, "mean_episode_reward": 20.380133690933388, "std_episode_reward": 11.305667332065195, "min_episode_reward": 0.15438212454319, "max_episode_reward": 33.75634002685547, "mean_episode_length": 75.5, "success_rate": 0.8333333333333334, "collision_rate": 0.0, "out_of_bounds_rate": 0.0, "timeout_rate": 0.16666666666666666, "policy_loss": 0.00019064173102378845, "value_loss": 0.924858033657074, "entropy": 0.624345451593399, "approx_kl": 0.011503812856972218, "clip_fraction": 0.0863037109375, "grad_norm": 8.858555436134338, "explained_variance": 0.9683706760406494, "action_std_mean": 0.33073729276657104, "optimizer_iterations": 4.0, "lr": 7.239296e-05}
{"step": 1384448, "wall_time": 1790744140.8545635, "episodes_completed": 10.0, "mean_episode_reward": 12.75276870727539, "std_episode_reward": 12.27738778185344, "min_episode_reward": -11.456839561462402, "max_episode_reward": 24.812564849853516, "mean_episode_length": 71.4, "success_rate": 0.7, "collision_rate": 0.3, "out_of_bounds_rate": 0.0, "timeout_rate": 0.0, "policy_loss": 0.005939272465184331, "value_loss": 1.5667974054813385, "entropy": 0.6245816946029663, "approx_kl": 0.008290187106467783, "clip_fraction": 0.1053466796875, "grad_norm": 13.020697236061096, "explained_variance": 0.9752920866012573, "action_std_mean": 0.33078354597091675, "optimizer_iterations": 4.0, "lr": 7.2352e-05}
{"step": 1386496, "wall_time": 1790744148.2746375, "episodes_completed": 7.0, "mean_episode_reward": 13.024679047720772, "std_episode_reward": 18.77376576177224, "min_episode_reward": -9.9796781539917, "max_episode_reward": 37.438697814941406, "mean_episode_length": 139.85714285714286, "success_rate": 0.42857142857142855, "collision_rate": 0.5714285714285714, "out_of_bounds_rate": 0.0, "timeout_rate": 0.0, "policy_loss": 0.004855773993767798, "value_loss": 2.443286657333374, "entropy": 0.6248526275157928, "approx_kl": 0.010827372316271067, "clip_fraction": 0.13037109375, "grad_norm": 14.918024897575378, "explained_variance": 0.9565003514289856, "action_std_mean": 0.33081546425819397, "optimizer_iterations": 4.0, "lr": 7.231104e-05}
{"step": 1388544, "wall_time": 1790744155.9256306, "episodes_completed": 9.0, "mean_episode_reward": 19.57179970211453, "std_episode_reward": 24.474050623577803, "min_episode_reward": -10.200902938842773, "max_episode_reward": 57.6935920715332, "mean_episode_length": 122.0, "success_rate": 0.5555555555555556, "collision_rate": 0.4444444444444444, "out_of_bounds_rate": 0.0, "timeout_rate": 0.0, "policy_loss": -0.001372978265862912, "value_loss": 4.242587327957153, "entropy": 0.6250069737434387, "approx_kl": 0.0041821307968348265, "clip_fraction": 0.0406494140625, "grad_norm": 20.268372535705566, "explained_variance": 0.884321928024292, "action_std_mean": 0.3308384120464325, "optimizer_iterations": 4.0, "lr": 7.227007999999999e-05}
{"step": 1390592, "wall_time": 1790744163.3884764, "episodes_completed": 18.0, "mean_episode_reward": 10.630367755889893, "std_episode_reward": 15.959251652767637, "min_episode_reward": -9.636978149414062, "max_episode_reward": 49.46363830566406, "mean_episode_length": 76.33333333333333, "success_rate": 0.5, "collision_rate": 0.5, "out_of_bounds_rate": 0.0, "timeout_rate": 0.0, "policy_loss": 0.0018862099386751652, "value_loss": 5.064800262451172, "entropy": 0.6251626908779144, "approx_kl": 0.006420073157642037, "clip_fraction": 0.057861328125, "grad_norm": 27.08971118927002, "explained_variance": 0.8984310626983643, "action_std_mean": 0.33086955547332764, "optimizer_iterations": 4.0, "lr": 7.222912000000001e-05}
{"step": 1392640, "wall_time": 1790744170.923152, "episodes_completed": 7.0, "mean_episode_reward": 18.754409790039062, "std_episode_reward": 10.838343123143838, "min_episode_reward": 2.6477537155151367, "max_episode_reward": 36.807044982910156, "mean_episode_length": 131.42857142857142, "success_rate": 0.5714285714285714, "collision_rate": 0.42857142857142855, "out_of_bounds_rate": 0.0, "timeout_rate": 0.0, "policy_loss": 0.0006271011661738157, "value_loss": 6.726899862289429, "entropy": 0.6253484189510345, "approx_kl": 0.005706157622626051, "clip_fraction": 0.069091796875, "grad_norm": 27.515106916427612, "explained_variance": 0.7409167289733887, "action_std_mean": 0.3308878242969513, "optimizer_iterations": 4.0, "lr": 7.218816e-05}
{"step": 1394688, "wall_time": 1790744178.452978, "episodes_completed": 12.0, "mean_episode_reward": 7.547857443491618, "std_episode_reward": 19.978132909233114, "min_episode_reward": -10.135848045349121, "max_episode_reward": 48.842227935791016, "mean_episode_length": 109.41666666666667, "success_rate": 0.16666666666666666, "collision_rate": 0.8333333333333334, "out_of_bounds_rate": 0.0, "timeout_rate": 0.0, "policy_loss": 0.0037926111835986376, "value_loss": 10.08864164352417, "entropy": 0.6253966391086578, "approx_kl": 0.013053729198873043, "clip_fraction": 0.0433349609375, "grad_norm": 38.03567337989807, "explained_variance": 0.845348596572876, "action_std_mean": 0.33088624477386475, "optimizer_iterations": 4.0, "lr": 7.21472e-05}
{"step": 1396736, "wall_time": 1790744185.77104, "episodes_completed": 11.0, "mean_episode_reward": 9.812927852977406, "std_episode_reward": 15.343291697755985, "min_episode_reward": -9.961187362670898, "max_episode_reward": 32.835548400878906, "mean_episode_length": 64.72727272727273, "success_rate": 0.45454545454545453, "collision_rate": 0.5454545454545454, "out_of_bounds_rate": 0.0, "timeout_rate": 0.0, "policy_loss": 0.00202358840033412, "value_loss": 5.981679916381836, "entropy": 0.625381350517273, "approx_kl": 0.007527307607233524, "clip_fraction": 0.0745849609375, "grad_norm": 50.309711933135986, "explained_variance": 0.7878913879394531, "action_std_mean": 0.330883264541626, "optimizer_iterations": 4.0, "lr": 7.210624000000001e-05}
{"step": 1398784, "wall_time": 1790744193.1399136, "episodes_completed": 7.0, "mean_episode_reward": 19.652653694152832, "std_episode_reward": 21.03102036348905, "min_episode_reward": -4.623720645904541, "max_episode_reward": 50.324092864990234, "mean_episode_length": 99.42857142857143, "success_rate": 0.5714285714285714, "collision_rate": 0.42857142857142855, "out_of_bounds_rate": 0.0, "timeout_rate": 0.0, "policy_loss": -0.0007564332336187363, "value_loss": 5.003900647163391, "entropy": 0.6253778040409088, "approx_kl": 0.004645413078833371, "clip_fraction": 0.0328369140625, "grad_norm": 30.520758152008057, "explained_variance": 0.8202401399612427, "action_std_mean": 0.33088740706443787, "optimizer_iterations": 4.0, "lr": 7.206528e-05}
{"step": 1400832, "wall_time": 1790744200.5358815, "episodes_completed": 8.0, "mean_episode_reward": 22.393227219581604, "std_episode_reward": 13.352771601151465, "min_episode_reward": -9.681113243103027, "max_episode_reward": 38.07548904418945, "mean_episode_length": 105.875, "success_rate": 0.75, "collision_rate": 0.25, "out_of_bounds_rate": 0.0, "timeout_rate": 0.0, "policy_loss": 0.00012766628060489893, "value_loss": 2.0678144693374634, "entropy": 0.6254001557826996, "approx_kl": 0.004449431551620364, "clip_fraction": 0.0443115234375, "grad_norm": 20.23859167098999, "explained_variance": 0.9444218873977661, "action_std_mean": 0.33088529109954834, "optimizer_iterations": 4.0, "lr": 7.202432e-05}
{"step": 1402880, "wall_time": 1790744208.166253, "episodes_completed": 6.0, "mean_episode_reward": 6.096890846888225, "std_episode_reward": 11.244224481849297, "min_episode_reward": -9.07111644744873, "max_episode_reward": 23.48705291748047, "mean_episode_length": 41.833333333333336, "success_rate": 0.5, "collision_rate": 0.5, "out_of_bounds_rate": 0.0, "timeout_rate": 0.0, "policy_loss": -0.0004718612181022763, "value_loss": 3.254719078540802, "entropy": 0.6253557503223419, "approx_kl": 0.004593389516230673, "clip_fraction": 0.0494384765625, "grad_norm": 17.07271122932434, "explained_variance": 0.9438247084617615, "action_std_mean": 0.3308642506599426, "optimizer_iterations": 4.0, "lr": 7.198336000000002e-05}
{"step": 1404928, "wall_time": 1790744216.3333056, "episodes_completed": 3.0, "mean_episode_reward": 15.098463217417398, "std_episode_reward": 18.194612761837078, "min_episode_reward": -5.0023417472839355, "max_episode_reward": 39.06052017211914, "mean_episode_length": 66.33333333333333, "success_rate": 0.6666666666666666, "collision_rate": 0.3333333333333333, "out_of_bounds_rate": 0.0, "timeout_rate": 0.0, "policy_loss": 0.0006433585658669472, "value_loss": 2.2679336071014404, "entropy": 0.625170111656189, "approx_kl": 0.0030206891242414713, "clip_fraction": 0.031982421875, "grad_norm": 21.879619598388672, "explained_variance": 0.9534497857093811, "action_std_mean": 0.33082443475723267, "optimizer_iterations": 4.0, "lr": 7.194240000000001e-05}
{"step": 1406976, "wall_time": 1790744223.5567822, "episodes_completed": 4.0, "mean_episode_reward": 1.8739293962717056, "std_episode_reward": 9.7043047241666, "min_episode_reward": -8.15959358215332, "max_episode_reward": 17.880191802978516, "mean_episode_length": 148.0, "success_rate": 0.0, "collision_rate": 0.5, "out_of_bounds_rate": 0.0, "timeout_rate": 0.5, "policy_loss": -0.0006736810319125652, "value_loss": 2.719328999519348, "entropy": 0.6249681413173676, "approx_kl": 0.00472554552834481, "clip_fraction": 0.0606689453125, "grad_norm": 12.006957769393921, "explained_variance": 0.9309064149856567, "action_std_mean": 0.3308137059211731, "optimizer_iterations": 4.0, "lr": 7.190144e-05}
{"step": 1409024, "wall_time": 1790744230.7866802, "episodes_completed": 6.0, "mean_episode_reward": 9.471510310967764, "std_episode_reward": 13.142951681814733, "min_episode_reward": -9.95667552947998, "max_episode_reward": 32.93735885620117, "mean_episode_length": 119.16666666666667, "success_rate": 0.3333333333333333, "collision_rate": 0.5, "out_of_bounds_rate": 0.0, "timeout_rate": 0.16666666666666666, "policy_loss": 0.0005851965397596359, "value_loss": 3.100618600845337, "entropy": 0.6249514818191528, "approx_kl": 0.011913927621208131, "clip_fraction": 0.131103515625, "grad_norm": 22.07469379901886, "explained_variance": 0.9350326657295227, "action_std_mean": 0.3308100402355194, "optimizer_iterations": 4.0, "lr": 7.186048000000001e-05}
{"step": 1411072, "wall_time": 1790744237.8998766, "episodes_completed": 5.0, "mean_episode_reward": 21.532530975341796, "std_episode_reward": 20.18173388943462, "min_episode_reward": -8.881478309631348, "max_episode_reward": 49.2774658203125, "mean_episode_length": 107.4, "success_rate": 0.8, "collision_rate": 0.2, "out_of_bounds_rate": 0.0, "timeout_rate": 0.0, "policy_loss": 0.0037663490511476994, "value_loss": 3.380973219871521, "entropy": 0.6249148547649384, "approx_kl": 0.011259220773354173, "clip_fraction": 0.0706787109375, "grad_norm": 27.154349327087402, "explained_variance": 0.936847984790802, "action_std_mean": 0.330807626247406, "optimizer_iterations": 4.0, "lr": 7.181952000000001e-05}
{"step": 1413120, "wall_time": 1790744245.061707, "episodes_completed": 6.0, "mean_episode_reward": 6.255026236176491, "std_episode_reward": 16.77206464613827, "min_episode_reward": -9.410303115844727, "max_episode_reward": 31.181049346923828, "mean_episode_length": 85.16666666666667, "success_rate": 0.3333333333333333, "collision_rate": 0.5, "out_of_bounds_rate": 0.0, "timeout_rate": 0.16666666666666666, "policy_loss": -0.00010183942504227161, "value_loss": 1.4837435483932495, "entropy": 0.6249127984046936, "approx_kl": 0.005000516481231898, "clip_fraction": 0.047607421875, "grad_norm": 14.628130435943604, "explained_variance": 0.9754369258880615, "action_std_mean": 0.330807626247406, "optimizer_iterations": 4.0, "lr": 7.177856e-05}
{"step": 1415168, "wall_time": 1790744252.2326863, "episodes_completed": 10.0, "mean_episode_reward": 7.149873161315918, "std_episode_reward": 16.246009429057253, "min_episode_reward": -11.79700756072998, "max_episode_reward": 40.768775939941406, "mean_episode_length": 69.6, "success_rate": 0.5, "collision_rate": 0.5, "out_of_bounds_rate": 0.0, "timeout_rate": 0.0, "policy_loss": 0.002257751999422908, "value_loss": 5.00669801235199, "entropy": 0.624910980463028, "approx_kl": 0.0047575440257787704, "clip_fraction": 0.0477294921875, "grad_norm": 35.09517526626587, "explained_variance": 0.9187924265861511, "action_std_mean": 0.3308076858520508, "optimizer_iterations": 4.0, "lr": 7.173760000000001e-05}
{"step": 1417216, "wall_time": 1790744259.3760343, "episodes_completed": 6.0, "mean_episode_reward": 16.397850672403973, "std_episode_reward": 5.03688861715732, "min_episode_reward": 11.264349937438965, "max_episode_reward": 25.289560317993164, "mean_episode_length": 77.16666666666667, "success_rate": 0.6666666666666666, "collision_rate": 0.3333333333333333, "out_of_bounds_rate": 0.0, "timeout_rate": 0.0, "policy_loss": -0.0007763755857013166, "value_loss": 4.003975689411163, "entropy": 0.6248989403247833, "approx_kl": 0.007138869492337108, "clip_fraction": 0.0635986328125, "grad_norm": 33.17774963378906, "explained_variance": 0.911105751991272, "action_std_mean": 0.33079981803894043, "optimizer_iterations": 4.0, "lr": 7.169664e-05}
{"step": 1419264, "wall_time": 1790744266.6297812, "episodes_completed": 5.0, "mean_episode_reward": 19.01412296295166, "std_episode_reward": 15.399734015149125, "min_episode_reward": -6.576987266540527, "max_episode_reward": 40.083797454833984, "mean_episode_length": 71.2, "success_rate": 0.8, "collision_rate": 0.2, "out_of_bounds_rate": 0.0, "timeout_rate": 0.0, "policy_loss": 0.0005696532898582518, "value_loss": 1.2889631688594818, "entropy": 0.6248490214347839, "approx_kl": 0.005908079212531447, "clip_fraction": 0.046142578125, "grad_norm": 18.2777738571167, "explained_variance": 0.9735520482063293, "action_std_mean": 0.33079737424850464, "optimizer_iterations": 4.0, "lr": 7.165568e-05}
{"step": 1421312, "wall_time": 1790744273.833129, "episodes_completed": 8.0, "mean_episode_reward": 13.503982543945312, "std_episode_reward": 12.826618260665473, "min_episode_reward": -10.121888160705566, "max_episode_reward": 28.019786834716797, "mean_episode_length": 64.25, "success_rate": 0.625, "collision_rate": 0.375, "out_of_bounds_rate": 0.0, "timeout_rate": 0.0, "policy_loss": 0.001380237052217126, "value_loss": 1.359983891248703, "entropy": 0.6248663663864136, "approx_kl": 0.007574090617708862, "clip_fraction": 0.092041015625, "grad_norm": 24.88091278076172, "explained_variance": 0.9736474752426147, "action_std_mean": 0.3308072090148926, "optimizer_iterations": 4.0, "lr": 7.161472e-05}
{"step": 1423360, "wall_time": 1790744281.1840153, "episodes_completed": 8.0, "mean_episode_reward": 9.262566726654768, "std_episode_reward": 15.626008602199803, "min_episode_reward": -9.800339698791504, "max_episode_reward": 40.08787155151367, "mean_episode_length": 70.75, "success_rate": 0.5, "collision_rate": 0.375, "out_of_bounds_rate": 0.0, "timeout_rate": 0.125, "policy_loss": 0.00208803778514266, "value_loss": 2.300263226032257, "entropy": 0.6249270737171173, "approx_kl": 0.008170022920239717, "clip_fraction": 0.0938720703125, "grad_norm": 14.327897071838379, "explained_variance": 0.9485945105552673, "action_std_mean": 0.3308163285255432, "optimizer_iterations": 4.0, "lr": 7.157376e-05}
{"step": 1425408, "wall_time": 1790744290.8732612, "episodes_completed": 6.0, "mean_episode_reward": 7.773970206578572, "std_episode_reward": 22.969797344066006, "min_episode_reward": -10.173052787780762, "max_episode_reward": 47.56462860107422, "mean_episode_length": 82.0, "success_rate": 0.3333333333333333, "collision_rate": 0.6666666666666666, "out_of_bounds_rate": 0.0, "timeout_rate": 0.0, "policy_loss": -0.001606483245268464, "value_loss": 1.6703226864337921, "entropy": 0.6249991059303284, "approx_kl": 0.008356835693120956, "clip_fraction": 0.099365234375, "grad_norm": 15.31692898273468, "explained_variance": 0.9651274085044861, "action_std_mean": 0.3308410346508026, "optimizer_iterations": 4.0, "lr": 7.15328e-05}
{"step": 1427456, "wall_time": 1790744299.2779217, "episodes_completed": 7.0, "mean_episode_reward": 10.06691710438047, "std_episode_reward": 16.85394542986044, "min_episode_reward": -8.243608474731445, "max_episode_reward": 35.314002990722656, "mean_episode_length": 69.28571428571429, "success_rate": 0.42857142857142855, "collision_rate": 0.42857142857142855, "out_of_bounds_rate": 0.0, "timeout_rate": 0.14285714285714285, "policy_loss": -0.006718849763274193, "value_loss": 4.079930305480957, "entropy": 0.625187486410141, "approx_kl": 0.009376333211548626, "clip_fraction": 0.0582275390625, "grad_norm": 12.085310578346252, "explained_variance": 0.9017542600631714, "action_std_mean": 0.33087819814682007, "optimizer_iterations": 4.0, "lr": 7.149184e-05}
{"step": 1429504, "wall_time": 1790744307.0772462, "episodes_completed": 3.0, "mean_episode_reward": 19.765751202901203, "std_episode_reward": 6.8455784261561705, "min_episode_reward": 10.326586723327637, "max_episode_reward": 26.348005294799805, "mean_episode_length": 110.0, "success_rate": 1.0, "collision_rate": 0.0, "out_of_bounds_rate": 0.0, "timeout_rate": 0.0, "policy_loss": -0.001981551744393073, "value_loss": 0.5340675115585327, "entropy": 0.6254034042358398, "approx_kl": 0.011069349362514913, "clip_fraction": 0.1341552734375, "grad_norm": 5.309725999832153, "explained_variance": 0.9801275730133057, "action_std_mean": 0.3309079706668854, "optimizer_iterations": 4.0, "lr": 7.145088e-05}
{"step": 1431552, "wall_time": 1790744316.1821094, "episodes_completed": 5.0, "mean_episode_reward": -2.7354078114032747, "std_episode_reward": 9.890400356357931, "min_episode_reward": -11.79670524597168, "max_episode_reward": 15.429638862609863, "mean_episode_length": 141.8, "success_rate": 0.0, "collision_rate": 0.8, "out_of_bounds_rate": 0.0, "timeout_rate": 0.2, "policy_loss": 0.003035896923393011, "value_loss": 3.2706812024116516, "entropy": 0.6255716979503632, "approx_kl": 0.02576843649148941, "clip_fraction": 0.2100830078125, "grad_norm": 12.727562069892883, "explained_variance": 0.9332521557807922, "action_std_mean": 0.3309297561645508, "optimizer_iterations": 4.0, "lr": 7.140992e-05}
{"step": 1433600, "wall_time": 1790744324.7688813, "episodes_completed": 5.0, "mean_episode_reward": 16.210735511779784, "std_episode_reward": 7.5001693668929335, "min_episode_reward": 4.812802314758301, "max_episode_reward": 23.881929397583008, "mean_episode_length": 61.4, "success_rate": 0.8, "collision_rate": 0.2, "out_of_bounds_rate": 0.0, "timeout_rate": 0.0, "policy_loss": 0.0019574053585529327, "value_loss": 1.8496476411819458, "entropy": 0.6256984174251556, "approx_kl": 0.01205537049099803, "clip_fraction": 0.154541015625, "grad_norm": 16.788172960281372, "explained_variance": 0.9599009156227112, "action_std_mean": 0.33094990253448486, "optimizer_iterations": 4.0, "lr": 7.136896e-05}
{"step": 1435648, "wall_time": 1790744334.539026, "episodes_completed": 8.0, "mean_episode_reward": 9.960252977907658, "std_episode_reward": 14.131914623946038, "min_episode_reward": -11.821832656860352, "max_episode_reward": 34.295013427734375, "mean_episode_length": 71.5, "success_rate": 0.5, "collision_rate": 0.375, "out_of_bounds_rate": 0.0, "timeout_rate": 0.125, "policy_loss": -0.002626601839438081, "value_loss": 3.769864499568939, "entropy": 0.6258345246315002, "approx_kl": 0.0070320358499884605, "clip_fraction": 0.0703125, "grad_norm": 21.26064884662628, "explained_variance": 0.9164906740188599, "action_std_mean": 0.330979585647583, "optimizer_iterations": 4.0, "lr": 7.1328e-05}
{"step": 1437696, "wall_time": 1790744344.780238, "episodes_completed": 4.0, "mean_episode_reward": 16.07872247695923, "std_episode_reward": 10.261831115586338, "min_episode_reward": 0.38507080078125, "max_episode_reward": 28.227266311645508, "mean_episode_length": 104.25, "success_rate": 0.75, "collision_rate": 0.25, "out_of_bounds_rate": 0.0, "timeout_rate": 0.0, "policy_loss": -0.004383193154353648, "value_loss": 0.7676509618759155, "entropy": 0.6260058879852295, "approx_kl": 0.008151007641572505, "clip_fraction": 0.099365234375, "grad_norm": 10.481535911560059, "explained_variance": 0.9704033136367798, "action_std_mean": 0.33098673820495605, "optimizer_iterations": 4.0, "lr": 7.128704e-05}
{"step": 1439744, "wall_time": 1790744353.0885262, "episodes_completed": 5.0, "mean_episode_reward": 10.463543838262558, "std_episode_reward": 13.365028968745792, "min_episode_reward": -0.36091530323028564, "max_episode_reward": 35.98933792114258, "mean_episode_length": 116.6, "success_rate": 0.4, "collision_rate": 0.2, "out_of_bounds_rate": 0.0, "timeout_rate": 0.4, "policy_loss": 0.0030119502916932106, "value_loss": 1.2124037146568298, "entropy": 0.625960648059845, "approx_kl": 0.005373562918975949, "clip_fraction": 0.0252685546875, "grad_norm": 9.755924344062805, "explained_variance": 0.9762859344482422, "action_std_mean": 0.33096665143966675, "optimizer_iterations": 4.0, "lr": 7.124608000000001e-05}
{"step": 1441792, "wall_time": 1790744361.1405153, "episodes_completed": 7.0, "mean_episode_reward": 13.641401018415179, "std_episode_reward": 15.036608178251814, "min_episode_reward": -9.972991943359375, "max_episode_reward": 26.68352508544922, "mean_episode_length": 93.57142857142857, "success_rate": 0.5714285714285714, "collision_rate": 0.42857142857142855, "out_of_bounds_rate": 0.0, "timeout_rate": 0.0, "policy_loss": 0.0014996742829680443, "value_loss": 2.583329498767853, "entropy": 0.6258460581302643, "approx_kl": 0.003155793820042163, "clip_fraction": 0.0208740234375, "grad_norm": 48.47402620315552, "explained_variance": 0.9426029324531555, "action_std_mean": 0.33094972372055054, "optimizer_iterations": 4.0, "lr": 7.120512e-05}
{"step": 1443840, "wall_time": 1790744369.902045, "episodes_completed": 3.0, "mean_episode_reward": 25.274237314860027, "std_episode_reward": 4.374581590942776, "min_episode_reward": 19.106346130371094, "max_episode_reward": 28.774457931518555, "mean_episode_length": 113.33333333333333, "success_rate": 0.6666666666666666, "collision_rate": 0.3333333333333333, "out_of_bounds_rate": 0.0, "timeout_rate": 0.0, "policy_loss": 0.002347052562981844, "value_loss": 5.766881227493286, "entropy": 0.6257639527320862, "approx_kl": 0.006940581137314439, "clip_fraction": 0.079833984375, "grad_norm": 51.25972509384155, "explained_variance": 0.8842916488647461, "action_std_mean": 0.33094412088394165, "optimizer_iterations": 4.0, "lr": 7.116416e-05}
{"step": 1445888, "wall_time": 1790744378.6721294, "episodes_completed": 5.0, "mean_episode_reward": 21.117717833071946, "std_episode_reward": 15.515433840684397, "min_episode_reward": 0.002277825027704239, "max_episode_reward": 41.698341369628906, "mean_episode_length": 121.2, "success_rate": 0.6, "collision_rate": 0.2, "out_of_bounds_rate": 0.0, "timeout_rate": 0.2, "policy_loss": 0.010240159463137388, "value_loss": 1.55348739027977, "entropy": 0.6257704496383667, "approx_kl": 0.04869440570473671, "clip_fraction": 0.12744140625, "grad_norm": 14.221895337104797, "explained_variance": 0.970496654510498, "action_std_mean": 0.3309546709060669, "optimizer_iterations": 4.0, "lr": 7.11232e-05}
{"step": 1447936, "wall_time": 1790744387.43833, "episodes_completed": 7.0, "mean_episode_reward": 14.97452447350536, "std_episode_reward": 17.279130895940625, "min_episode_reward": -9.936153411865234, "max_episode_reward": 38.467201232910156, "mean_episode_length": 119.42857142857143, "success_rate": 0.42857142857142855, "collision_rate": 0.2857142857142857, "out_of_bounds_rate": 0.0, "timeout_rate": 0.2857142857142857, "policy_loss": -0.0020164651796221733, "value_loss": 1.3150054216384888, "entropy": 0.6258501708507538, "approx_kl": 0.006136859185062349, "clip_fraction": 0.03662109375, "grad_norm": 9.783521711826324, "explained_variance": 0.9750146865844727, "action_std_mean": 0.33097660541534424, "optimizer_iterations": 4.0, "lr": 7.108224000000001e-05}
{"step": 1449984, "wall_time": 1790744396.000061, "episodes_completed": 3.0, "mean_episode_reward": 15.062320391337076, "std_episode_reward": 9.705425080035496, "min_episode_reward": 4.7996110916137695, "max_episode_reward": 28.086742401123047, "mean_episode_length": 94.0, "success_rate": 0.6666666666666666, "collision_rate": 0.3333333333333333, "out_of_bounds_rate": 0.0, "timeout_rate": 0.0, "policy_loss": -0.0021676633041352034, "value_loss": 0.7676215916872025, "entropy": 0.6260119080543518, "approx_kl": 0.006724928913172334, "clip_fraction": 0.0792236328125, "grad_norm": 11.289728879928589, "explained_variance": 0.984172523021698, "action_std_mean": 0.33100664615631104, "optimizer_iterations": 4.0, "lr": 7.104128e-05}
{"step": 1452032, "wall_time": 1790744405.065254, "episodes_completed": 11.0, "mean_episode_reward": 13.36236487193541, "std_episode_reward": 16.928273438173324, "min_episode_reward": -10.6751070022583, "max_episode_reward": 39.07273864746094, "mean_episode_length": 108.0909090909091, "success_rate": 0.5454545454545454, "collision_rate": 0.36363636363636365, "out_of_bounds_rate": 0.0, "timeout_rate": 0.09090909090909091, "policy_loss": 0.0008782161166891456, "value_loss": 3.0759083032608032, "entropy": 0.6261788606643677, "approx_kl": 0.011858269921503961, "clip_fraction": 0.1124267578125, "grad_norm": 15.520506143569946, "explained_variance": 0.9349475502967834, "action_std_mean": 0.3310267925262451, "optimizer_iterations": 4.0, "lr": 7.100032000000001e-05}
{"step": 1454080, "wall_time": 1790744414.789476, "episodes_completed": 13.0, "mean_episode_reward": 18.3706693649292, "std_episode_reward": 22.876011057744986, "min_episode_reward": -11.02192497253418, "max_episode_reward": 52.67808151245117, "mean_episode_length": 105.23076923076923, "success_rate": 0.6153846153846154, "collision_rate": 0.38461538461538464, "out_of_bounds_rate": 0.0, "timeout_rate": 0.0, "policy_loss": -0.0006671464070677757, "value_loss": 3.1658605337142944, "entropy": 0.6262733042240143, "approx_kl": 0.005525400512851775, "clip_fraction": 0.0455322265625, "grad_norm": 27.805034399032593, "explained_variance": 0.9316463470458984, "action_std_mean": 0.3310391306877136, "optimizer_iterations": 4.0, "lr": 7.095936000000001e-05}
{"step": 1456128, "wall_time": 1790744423.703844, "episodes_completed": 8.0, "mean_episode_reward": 16.691774487495422, "std_episode_reward": 18.066956009748477, "min_episode_reward": -9.813321113586426, "max_episode_reward": 40.36461639404297, "mean_episode_length": 124.25, "success_rate": 0.5, "collision_rate": 0.5, "out_of_bounds_rate": 0.0, "timeout_rate": 0.0, "policy_loss": -0.00040707940934225917, "value_loss": 3.9215036034584045, "entropy": 0.6263423264026642, "approx_kl": 0.004554142476990819, "clip_fraction": 0.0504150390625, "grad_norm": 19.433936953544617, "explained_variance": 0.9259933233261108, "action_std_mean": 0.3310423493385315, "optimizer_iterations": 4.0, "lr": 7.09184e-05}
{"step": 1458176, "wall_time": 1790744432.516716, "episodes_completed": 6.0, "mean_episode_reward": 23.057777404785156, "std_episode_reward": 24.381530202771557, "min_episode_reward": -10.419031143188477, "max_episode_reward": 50.98311233520508, "mean_episode_length": 133.66666666666666, "success_rate": 0.6666666666666666, "collision_rate": 0.3333333333333333, "out_of_bounds_rate": 0.0, "timeout_rate": 0.0, "policy_loss": -0.0018979392480105162, "value_loss": 2.0301019847393036, "entropy": 0.626362681388855, "approx_kl": 0.008123517938656732, "clip_fraction": 0.10595703125, "grad_norm": 9.853207468986511, "explained_variance": 0.941680371761322, "action_std_mean": 0.3310554623603821, "optimizer_iterations": 4.0, "lr": 7.087744000000001e-05}
{"step": 1460224, "wall_time": 1790744441.1743152, "episodes_completed": 8.0, "mean_episode_reward": 32.42642551660538, "std_episode_reward": 17.94797213796579, "min_episode_reward": -3.51417875289917, "max_episode_reward": 54.445159912109375, "mean_episode_length": 147.625, "success_rate": 0.75, "collision_rate": 0.25, "out_of_bounds_rate": 0.0, "timeout_rate": 0.0, "policy_loss": -0.001657797023653984, "value_loss": 2.7091899514198303, "entropy": 0.6264478862285614, "approx_kl": 0.005914773792028427, "clip_fraction": 0.06298828125, "grad_norm": 27.715693473815918, "explained_variance": 0.9464458227157593, "action_std_mean": 0.33106502890586853, "optimizer_iterations": 4.0, "lr": 7.083648e-05}
{"step": 1462272, "wall_time": 1790744450.0472417, "episodes_completed": 5.0, "mean_episode_reward": 10.096832847595214, "std_episode_reward": 12.550445315895061, "min_episode_reward": -9.835131645202637, "max_episode_reward": 23.297607421875, "mean_episode_length": 78.6, "success_rate": 0.4, "collision_rate": 0.6, "out_of_bounds_rate": 0.0, "timeout_rate": 0.0, "policy_loss": 0.000171612948179245, "value_loss": 4.335568308830261, "entropy": 0.626507967710495, "approx_kl": 0.0040826863842085, "clip_fraction": 0.046630859375, "grad_norm": 23.88575768470764, "explained_variance": 0.9213570952415466, "action_std_mean": 0.3310777246952057, "optimizer_iterations": 4.0, "lr": 7.079552e-05}
{"step": 1464320, "wall_time": 1790744458.6856275, "episodes_completed": 5.0, "mean_episode_reward": 10.034849739074707, "std_episode_reward": 16.80689800299876, "min_episode_reward": -10.141322135925293, "max_episode_reward": 29.65518569946289, "mean_episode_length": 66.4, "success_rate": 0.6, "collision_rate": 0.4, "out_of_bounds_rate": 0.0, "timeout_rate": 0.0, "policy_loss": -0.002623729407787323, "value_loss": 1.2468483746051788, "entropy": 0.6265926957130432, "approx_kl": 0.00611014076275751, "clip_fraction": 0.074462890625, "grad_norm": 9.131827235221863, "explained_variance": 0.9738717079162598, "action_std_mean": 0.3310891091823578, "optimizer_iterations": 4.0, "lr": 7.075456e-05}
{"step": 1466368, "wall_time": 1790744467.4129272, "episodes_completed": 14.0, "mean_episode_reward": 8.686998054385185, "std_episode_reward": 17.284991085235088, "min_episode_reward": -10.251338005065918, "max_episode_reward": 39.56432342529297, "mean_episode_length": 85.28571428571429, "success_rate": 0.42857142857142855, "collision_rate": 0.5, "out_of_bounds_rate": 0.0, "timeout_rate": 0.07142857142857142, "policy_loss": 0.001079268753528595, "value_loss": 4.79345703125, "entropy": 0.6266474723815918, "approx_kl": 0.004960341902915388, "clip_fraction": 0.0548095703125, "grad_norm": 33.01855540275574, "explained_variance": 0.9289630651473999, "action_std_mean": 0.3310924172401428, "optimizer_iterations": 4.0, "lr": 7.07136e-05}
{"step": 1468416, "wall_time": 1790744476.3404164, "episodes_completed": 10.0, "mean_episode_reward": 14.10793161392212, "std_episode_reward": 20.0243188305436, "min_episode_reward": -9.945072174072266, "max_episode_reward": 43.39923858642578, "mean_episode_length": 95.9, "success_rate": 0.4, "collision_rate": 0.6, "out_of_bounds_rate": 0.0, "timeout_rate": 0.0, "policy_loss": 0.006723421160131693, "value_loss": 3.138366401195526, "entropy": 0.626667320728302, "approx_kl": 0.01048713584896177, "clip_fraction": 0.103515625, "grad_norm": 37.956053733825684, "explained_variance": 0.9538404941558838, "action_std_mean": 0.331093966960907, "optimizer_iterations": 4.0, "lr": 7.067264000000001e-05}
{"step": 1470464, "wall_time": 1790744485.3676205, "episodes_completed": 6.0, "mean_episode_reward": 24.983689785003662, "std_episode_reward": 17.116771673398695, "min_episode_reward": -2.422647476196289, "max_episode_reward": 46.45674514770508, "mean_episode_length": 122.33333333333333, "success_rate": 0.6666666666666666, "collision_rate": 0.3333333333333333, "out_of_bounds_rate": 0.0, "timeout_rate": 0.0, "policy_loss": 0.0009663887321949005, "value_loss": 3.6192538142204285, "entropy": 0.626687616109848, "approx_kl": 0.008928731549531221, "clip_fraction": 0.0867919921875, "grad_norm": 22.40955662727356, "explained_variance": 0.9368871450424194, "action_std_mean": 0.33110326528549194, "optimizer_iterations": 4.0, "lr": 7.063168e-05}
{"step": 1472512, "wall_time": 1790744495.1156437, "episodes_completed": 6.0, "mean_episode_reward": 19.07953731312106, "std_episode_reward": 17.16622530219961, "min_episode_reward": -5.617664337158203, "max_episode_reward": 45.021244049072266, "mean_episode_length": 106.5, "success_rate": 0.6666666666666666, "collision_rate": 0.16666666666666666, "out_of_bounds_rate": 0.0, "timeout_rate": 0.16666666666666666, "policy_loss": 0.006850377423688769, "value_loss": 1.0843226909637451, "entropy": 0.6267766654491425, "approx_kl": 0.008778308401815593, "clip_fraction": 0.08935546875, "grad_norm": 17.058013200759888, "explained_variance": 0.9805473685264587, "action_std_mean": 0.3311192989349365, "optimizer_iterations": 4.0, "lr": 7.059072e-05}
{"step": 1474560, "wall_time": 1790744504.0256202, "episodes_completed": 8.0, "mean_episode_reward": 26.37101447582245, "std_episode_reward": 11.18956108644811, "min_episode_reward": 11.840408325195312, "max_episode_reward": 44.046607971191406, "mean_episode_length": 109.5, "success_rate": 0.875, "collision_rate": 0.125, "out_of_bounds_rate": 0.0, "timeout_rate": 0.0, "policy_loss": -0.0013497676700353622, "value_loss": 1.1103103458881378, "entropy": 0.6268378496170044, "approx_kl": 0.009982177871279418, "clip_fraction": 0.0672607421875, "grad_norm": 9.52899432182312, "explained_variance": 0.9676827788352966, "action_std_mean": 0.33111146092414856, "optimizer_iterations": 4.0, "lr": 7.054976e-05}
{"step": 1476608, "wall_time": 1790744512.7986526, "episodes_completed": 10.0, "mean_episode_reward": 13.902422204613686, "std_episode_reward": 23.367094999384165, "min_episode_reward": -9.916924476623535, "max_episode_reward": 56.419979095458984, "mean_episode_length": 135.9, "success_rate": 0.4, "collision_rate": 0.5, "out_of_bounds_rate": 0.0, "timeout_rate": 0.1, "policy_loss": 0.0008862907998263836, "value_loss": 3.3574798703193665, "entropy": 0.626734048128128, "approx_kl": 0.009731466067023575, "clip_fraction": 0.0936279296875, "grad_norm": 18.389538764953613, "explained_variance": 0.9507977962493896, "action_std_mean": 0.3310869336128235, "optimizer_iterations": 4.0, "lr": 7.05088e-05}
{"step": 1478656, "wall_time": 1790744521.645671, "episodes_completed": 7.0, "mean_episode_reward": 31.13747991834368, "std_episode_reward": 14.650888984302043, "min_episode_reward": 11.831929206848145, "max_episode_reward": 58.26491928100586, "mean_episode_length": 147.71428571428572, "success_rate": 0.8571428571428571, "collision_rate": 0.14285714285714285, "out_of_bounds_rate": 0.0, "timeout_rate": 0.0, "policy_loss": 0.0023160595446825027, "value_loss": 2.5831249952316284, "entropy": 0.6265744566917419, "approx_kl": 0.013700954150408506, "clip_fraction": 0.127685546875, "grad_norm": 13.399137020111084, "explained_variance": 0.8947659730911255, "action_std_mean": 0.3310577869415283, "optimizer_iterations": 4.0, "lr": 7.046783999999999e-05}
{"step": 1480704, "wall_time": 1790744531.3588774, "episodes_completed": 14.0, "mean_episode_reward": 10.078346456800189, "std_episode_reward": 19.50720346208314, "min_episode_reward": -9.203865051269531, "max_episode_reward": 45.661128997802734, "mean_episode_length": 75.71428571428571, "success_rate": 0.35714285714285715, "collision_rate": 0.6428571428571429, "out_of_bounds_rate": 0.0, "timeout_rate": 0.0, "policy_loss": 0.0014228255022317171, "value_loss": 6.108521103858948, "entropy": 0.6264097988605499, "approx_kl": 0.009718680754303932, "clip_fraction": 0.10791015625, "grad_norm": 36.84959411621094, "explained_variance": 0.8821799159049988, "action_std_mean": 0.33103519678115845, "optimizer_iterations": 4.0, "lr": 7.042688e-05}
{"step": 1482752, "wall_time": 1790744541.3622863, "episodes_completed": 6.0, "mean_episode_reward": 21.22462542851766, "std_episode_reward": 18.879494439740817, "min_episode_reward": -3.8141422271728516, "max_episode_reward": 47.47093200683594, "mean_episode_length": 111.33333333333333, "success_rate": 0.6666666666666666, "collision_rate": 0.3333333333333333, "out_of_bounds_rate": 0.0, "timeout_rate": 0.0, "policy_loss": 0.0006959425518289208, "value_loss": 2.298826813697815, "entropy": 0.6263008713722229, "approx_kl": 0.003063118550926447, "clip_fraction": 0.0341796875, "grad_norm": 15.80882740020752, "explained_variance": 0.9397264719009399, "action_std_mean": 0.33103257417678833, "optimizer_iterations": 4.0, "lr": 7.038592000000001e-05}
{"step": 1484800, "wall_time": 1790744551.2922413, "episodes_completed": 2.0, "mean_episode_reward": 26.831993103027344, "std_episode_reward": 5.997474670410156, "min_episode_reward": 20.834518432617188, "max_episode_reward": 32.8294677734375, "mean_episode_length": 137.0, "success_rate": 0.5, "collision_rate": 0.5, "out_of_bounds_rate": 0.0, "timeout_rate": 0.0, "policy_loss": -0.0008005498675629497, "value_loss": 3.289728820323944, "entropy": 0.6262993514537811, "approx_kl": 0.005650116479955614, "clip_fraction": 0.064208984375, "grad_norm": 28.788394451141357, "explained_variance": 0.9257993698120117, "action_std_mean": 0.3310171067714691, "optimizer_iterations": 4.0, "lr": 7.034496e-05}
{"step": 1486848, "wall_time": 1790744561.0781822, "episodes_completed": 7.0, "mean_episode_reward": 13.622041974748884, "std_episode_reward": 18.980947714972586, "min_episode_reward": -10.241216659545898, "max_episode_reward": 48.588191986083984, "mean_episode_length": 80.28571428571429, "success_rate": 0.5714285714285714, "collision_rate": 0.42857142857142855, "out_of_bounds_rate": 0.0, "timeout_rate": 0.0, "policy_loss": -0.0028484498616307974, "value_loss": 1.0913252532482147, "entropy": 0.6261506080627441, "approx_kl": 0.005718275730032474, "clip_fraction": 0.06201171875, "grad_norm": 14.025871276855469, "explained_variance": 0.9820309281349182, "action_std_mean": 0.33099132776260376, "optimizer_iterations": 4.0, "lr": 7.030400000000001e-05}
{"step": 1488896, "wall_time": 1790744569.8912463, "episodes_completed": 8.0, "mean_episode_reward": 3.4552122354507446, "std_episode_reward": 17.34851233418356, "min_episode_reward": -11.069180488586426, "max_episode_reward": 33.61775207519531, "mean_episode_length": 82.5, "success_rate": 0.375, "collision_rate": 0.625, "out_of_bounds_rate": 0.0, "timeout_rate": 0.0, "policy_loss": 0.000455809582490474, "value_loss": 2.750912666320801, "entropy": 0.626000851392746, "approx_kl": 0.007254211697727442, "clip_fraction": 0.082763671875, "grad_norm": 20.672837495803833, "explained_variance": 0.9502071142196655, "action_std_mean": 0.33096134662628174, "optimizer_iterations": 4.0, "lr": 7.026304e-05}
{"step": 1490944, "wall_time": 1790744578.4856567, "episodes_completed": 7.0, "mean_episode_reward": 16.35696486064366, "std_episode_reward": 13.268275290010399, "min_episode_reward": -5.059603214263916, "max_episode_reward": 33.08934020996094, "mean_episode_length": 94.57142857142857, "success_rate": 0.5714285714285714, "collision_rate": 0.42857142857142855, "out_of_bounds_rate": 0.0, "timeout_rate": 0.0, "policy_loss": 0.0012435056269168854, "value_loss": 2.7211175560951233, "entropy": 0.6258021891117096, "approx_kl": 0.012219297932460904, "clip_fraction": 0.02978515625, "grad_norm": 33.38880228996277, "explained_variance": 0.9405170679092407, "action_std_mean": 0.33092570304870605, "optimizer_iterations": 4.0, "lr": 7.022208e-05}
{"step": 1492992, "wall_time": 1790744587.304461, "episodes_completed": 9.0, "mean_episode_reward": 19.215238836076523, "std_episode_reward": 19.856256997580527, "min_episode_reward": -10.870220184326172, "max_episode_reward": 42.54280090332031, "mean_episode_length": 122.11111111111111, "success_rate": 0.5555555555555556, "collision_rate": 0.4444444444444444, "out_of_bounds_rate": 0.0, "timeout_rate": 0.0, "policy_loss": 0.0016300524584949017, "value_loss": 4.415237784385681, "entropy": 0.6255897581577301, "approx_kl": 0.004162009892752394, "clip_fraction": 0.04736328125, "grad_norm": 28.923978328704834, "explained_variance": 0.9237354397773743, "action_std_mean": 0.3308955430984497, "optimizer_iterations": 4.0, "lr": 7.018112e-05}
{"step": 1495040, "wall_time": 1790744597.7797284, "episodes_completed": 18.0, "mean_episode_reward": 16.696706779715086, "std_episode_reward": 14.659971516826838, "min_episode_reward": -8.751791000366211, "max_episode_reward": 45.58374786376953, "mean_episode_length": 80.16666666666667, "success_rate": 0.5555555555555556, "collision_rate": 0.3888888888888889, "out_of_bounds_rate": 0.0, "timeout_rate": 0.05555555555555555, "policy_loss": -0.00045857857912778854, "value_loss": 7.0742267370224, "entropy": 0.6254386603832245, "approx_kl": 0.0035025757970288396, "clip_fraction": 0.0306396484375, "grad_norm": 34.91118001937866, "explained_variance": 0.8037818670272827, "action_std_mean": 0.3308788239955902, "optimizer_iterations": 4.0, "lr": 7.014016000000001e-05}
{"step": 1497088, "wall_time": 1790744606.5799637, "episodes_completed": 12.0, "mean_episode_reward": 13.975106716156006, "std_episode_reward": 17.016788818447544, "min_episode_reward": -10.008728981018066, "max_episode_reward": 37.51100158691406, "mean_episode_length": 73.5, "success_rate": 0.5833333333333334, "collision_rate": 0.4166666666666667, "out_of_bounds_rate": 0.0, "timeout_rate": 0.0, "policy_loss": 0.00029413914307951927, "value_loss": 5.442216634750366, "entropy": 0.6253582537174225, "approx_kl": 0.0051266258815303445, "clip_fraction": 0.0509033203125, "grad_norm": 32.67280626296997, "explained_variance": 0.7724817991256714, "action_std_mean": 0.3308660387992859, "optimizer_iterations": 4.0, "lr": 7.009920000000001e-05}
{"step": 1499136, "wall_time": 1790744615.513074, "episodes_completed": 10.0, "mean_episode_reward": 27.36484785079956, "std_episode_reward": 18.86613391129681, "min_episode_reward": 2.617471694946289, "max_episode_reward": 60.18519973754883, "mean_episode_length": 140.1, "success_rate": 0.6, "collision_rate": 0.4, "out_of_bounds_rate": 0.0, "timeout_rate": 0.0, "policy_loss": 0.0007981536909937859, "value_loss": 5.341918706893921, "entropy": 0.625270664691925, "approx_kl": 0.0069018586073070765, "clip_fraction": 0.079833984375, "grad_norm": 78.72049617767334, "explained_variance": 0.767900824546814, "action_std_mean": 0.33085155487060547, "optimizer_iterations": 4.0, "lr": 7.005824e-05}
{"step": 1501184, "wall_time": 1790744624.7639666, "episodes_completed": 11.0, "mean_episode_reward": 21.91860753839666, "std_episode_reward": 18.245133506844844, "min_episode_reward": -3.8476881980895996, "max_episode_reward": 49.3962287902832, "mean_episode_length": 110.0, "success_rate": 0.7272727272727273, "collision_rate": 0.2727272727272727, "out_of_bounds_rate": 0.0, "timeout_rate": 0.0, "policy_loss": 0.000645119696855545, "value_loss": 4.2965744733810425, "entropy": 0.6251879930496216, "approx_kl": 0.005746631766669452, "clip_fraction": 0.028564453125, "grad_norm": 27.014607191085815, "explained_variance": 0.8093827366828918, "action_std_mean": 0.33083611726760864, "optimizer_iterations": 4.0, "lr": 7.001728000000001e-05}
{"step": 1503232, "wall_time": 1790744633.616741, "episodes_completed": 8.0, "mean_episode_reward": 15.64727920293808, "std_episode_reward": 17.29143956564428, "min_episode_reward": -11.092325210571289, "max_episode_reward": 44.6744384765625, "mean_episode_length": 93.25, "success_rate": 0.75, "collision_rate": 0.25, "out_of_bounds_rate": 0.0, "timeout_rate": 0.0, "policy_loss": -0.003887794795446098, "value_loss": 1.5485353469848633, "entropy": 0.6251226365566254, "approx_kl": 0.0080781658180058, "clip_fraction": 0.0694580078125, "grad_norm": 11.769538164138794, "explained_variance": 0.9671350121498108, "action_std_mean": 0.33084386587142944, "optimizer_iterations": 4.0, "lr": 6.997632e-05}
{"step": 1505280, "wall_time": 1790744642.5583642, "episodes_completed": 8.0, "mean_episode_reward": 16.70967137813568, "std_episode_reward": 15.995286602737382, "min_episode_reward": -10.717057228088379, "max_episode_reward": 36.334476470947266, "mean_episode_length": 106.375, "success_rate": 0.625, "collision_rate": 0.375, "out_of_bounds_rate": 0.0, "timeout_rate": 0.0, "policy_loss": -0.002298594219610095, "value_loss": 3.801572620868683, "entropy": 0.6252203285694122, "approx_kl": 0.007206545153167099, "clip_fraction": 0.041015625, "grad_norm": 31.56173849105835, "explained_variance": 0.8910531401634216, "action_std_mean": 0.33086636662483215, "optimizer_iterations": 4.0, "lr": 6.993536000000001e-05}
{"step": 1507328, "wall_time": 1790744651.4433382, "episodes_completed": 4.0, "mean_episode_reward": 18.395896196365356, "std_episode_reward": 10.29770926087043, "min_episode_reward": 10.31769847869873, "max_episode_reward": 35.66514587402344, "mean_episode_length": 79.5, "success_rate": 1.0, "collision_rate": 0.0, "out_of_bounds_rate": 0.0, "timeout_rate": 0.0, "policy_loss": -0.0011249636299908161, "value_loss": 1.0008968263864517, "entropy": 0.625364363193512, "approx_kl": 0.0035915130865760148, "clip_fraction": 0.037353515625, "grad_norm": 17.653545022010803, "explained_variance": 0.981448769569397, "action_std_mean": 0.3308895230293274, "optimizer_iterations": 4.0, "lr": 6.98944e-05}
{"step": 1509376, "wall_time": 1790744660.32093, "episodes_completed": 8.0, "mean_episode_reward": 15.686655640602112, "std_episode_reward": 15.960105929856828, "min_episode_reward": -3.7574000358581543, "max_episode_reward": 36.70576477050781, "mean_episode_length": 88.375, "success_rate": 0.5, "collision_rate": 0.5, "out_of_bounds_rate": 0.0, "timeout_rate": 0.0, "policy_loss": -6.598606705665588e-05, "value_loss": 3.2664674520492554, "entropy": 0.6254959404468536, "approx_kl": 0.008977042511105537, "clip_fraction": 0.08740234375, "grad_norm": 34.97876214981079, "explained_variance": 0.9347500801086426, "action_std_mean": 0.33091047406196594, "optimizer_iterations": 4.0, "lr": 6.985344e-05}
{"step": 1511424, "wall_time": 1790744669.1418438, "episodes_completed": 7.0, "mean_episode_reward": 16.58881800515311, "std_episode_reward": 20.359346772401235, "min_episode_reward": -9.606136322021484, "max_episode_reward": 47.74235534667969, "mean_episode_length": 125.42857142857143, "success_rate": 0.5714285714285714, "collision_rate": 0.42857142857142855, "out_of_bounds_rate": 0.0, "timeout_rate": 0.0, "policy_loss": 0.003037454793229699, "value_loss": 2.158736824989319, "entropy": 0.6256427466869354, "approx_kl": 0.009876202209852636, "clip_fraction": 0.1126708984375, "grad_norm": 13.72031044960022, "explained_variance": 0.9618024826049805, "action_std_mean": 0.33094024658203125, "optimizer_iterations": 4.0, "lr": 6.981248000000001e-05}
{"step": 1513472, "wall_time": 1790744677.8864937, "episodes_completed": 3.0, "mean_episode_reward": 16.129255930582683, "std_episode_reward": 18.689777770463973, "min_episode_reward": -8.501359939575195, "max_episode_reward": 36.74885559082031, "mean_episode_length": 87.66666666666667, "success_rate": 0.6666666666666666, "collision_rate": 0.3333333333333333, "out_of_bounds_rate": 0.0, "timeout_rate": 0.0, "policy_loss": -0.0014176443219184875, "value_loss": 0.7237166464328766, "entropy": 0.6258333325386047, "approx_kl": 0.004415194678585976, "clip_fraction": 0.050537109375, "grad_norm": 16.669904828071594, "explained_variance": 0.9895288348197937, "action_std_mean": 0.3309609293937683, "optimizer_iterations": 4.0, "lr": 6.977152e-05}
{"step": 1515520, "wall_time": 1790744686.6543996, "episodes_completed": 4.0, "mean_episode_reward": 22.225924134254456, "std_episode_reward": 21.11564550107892, "min_episode_reward": -0.1413559913635254, "max_episode_reward": 51.85757064819336, "mean_episode_length": 198.25, "success_rate": 0.25, "collision_rate": 0.5, "out_of_bounds_rate": 0.0, "timeout_rate": 0.25, "policy_loss": -0.0031639626249670982, "value_loss": 1.6346213519573212, "entropy": 0.6258902847766876, "approx_kl": 0.0031767149484949186, "clip_fraction": 0.0316162109375, "grad_norm": 8.991546034812927, "explained_variance": 0.9709900617599487, "action_std_mean": 0.33095356822013855, "optimizer_iterations": 4.0, "lr": 6.973056e-05}
{"step": 1517568, "wall_time": 1790744695.4668465, "episodes_completed": 8.0, "mean_episode_reward": 19.211201831698418, "std_episode_reward": 18.665931770936112, "min_episode_reward": -3.6018714904785156, "max_episode_reward": 47.2401123046875, "mean_episode_length": 121.75, "success_rate": 0.625, "collision_rate": 0.25, "out_of_bounds_rate": 0.0, "timeout_rate": 0.125, "policy_loss": 0.0057036420330405235, "value_loss": 3.6198419332504272, "entropy": 0.6258259117603302, "approx_kl": 0.01379624311812222, "clip_fraction": 0.1011962890625, "grad_norm": 26.358402967453003, "explained_variance": 0.9305369257926941, "action_std_mean": 0.3309473395347595, "optimizer_iterations": 4.0, "lr": 6.96896e-05}
{"step": 1519616, "wall_time": 1790744704.4235551, "episodes_completed": 2.0, "mean_episode_reward": 9.890934944152832, "std_episode_reward": 7.940648078918457, "min_episode_reward": 1.950286865234375, "max_episode_reward": 17.83158302307129, "mean_episode_length": 55.5, "success_rate": 0.5, "collision_rate": 0.5, "out_of_bounds_rate": 0.0, "timeout_rate": 0.0, "policy_loss": 0.0015191974816843867, "value_loss": 3.9795055389404297, "entropy": 0.6258224844932556, "approx_kl": 0.010110852541401982, "clip_fraction": 0.06103515625, "grad_norm": 33.64134407043457, "explained_variance": 0.9418509602546692, "action_std_mean": 0.33095717430114746, "optimizer_iterations": 4.0, "lr": 6.964864e-05}
{"step": 1521664, "wall_time": 1790744713.5956972, "episodes_completed": 8.0, "mean_episode_reward": 21.957138873636723, "std_episode_reward": 19.905010166519656, "min_episode_reward": -9.798722267150879, "max_episode_reward": 54.068626403808594, "mean_episode_length": 115.5, "success_rate": 0.625, "collision_rate": 0.25, "out_of_bounds_rate": 0.0, "timeout_rate": 0.125, "policy_loss": 1.0506948456168175e-05, "value_loss": 1.6928789019584656, "entropy": 0.6258803606033325, "approx_kl": 0.013520165346562862, "clip_fraction": 0.1485595703125, "grad_norm": 16.914215326309204, "explained_variance": 0.9728481769561768, "action_std_mean": 0.3309590816497803, "optimizer_iterations": 4.0, "lr": 6.960767999999999e-05}
{"step": 1523712, "wall_time": 1790744722.691205, "episodes_completed": 7.0, "mean_episode_reward": 21.862920524818556, "std_episode_reward": 21.011911094352847, "min_episode_reward": -9.72359561920166, "max_episode_reward": 55.088382720947266, "mean_episode_length": 164.0, "success_rate": 0.5714285714285714, "collision_rate": 0.2857142857142857, "out_of_bounds_rate": 0.0, "timeout_rate": 0.14285714285714285, "policy_loss": 0.0009689535945653915, "value_loss": 2.2766520380973816, "entropy": 0.6258530020713806, "approx_kl": 0.006311161094345152, "clip_fraction": 0.0703125, "grad_norm": 13.717374563217163, "explained_variance": 0.957243800163269, "action_std_mean": 0.33094313740730286, "optimizer_iterations": 4.0, "lr": 6.956672e-05}
{"step": 1525760, "wall_time": 1790744731.5341094, "episodes_completed": 13.0, "mean_episode_reward": 12.002339399777926, "std_episode_reward": 16.404996202055134, "min_episode_reward": -7.61562442779541, "max_episode_reward": 44.07474136352539, "mean_episode_length": 71.61538461538461, "success_rate": 0.5384615384615384, "collision_rate": 0.46153846153846156, "out_of_bounds_rate": 0.0, "timeout_rate": 0.0, "policy_loss": 0.0021734159672632813, "value_loss": 8.206341743469238, "entropy": 0.625732958316803, "approx_kl": 0.009358906419947743, "clip_fraction": 0.1119384765625, "grad_norm": 39.21701908111572, "explained_variance": 0.8158283829689026, "action_std_mean": 0.3309227526187897, "optimizer_iterations": 4.0, "lr": 6.952576e-05}
{"step": 1527808, "wall_time": 1790744740.3972554, "episodes_completed": 9.0, "mean_episode_reward": 22.86009618971083, "std_episode_reward": 13.624786277936586, "min_episode_reward": -9.913373947143555, "max_episode_reward": 39.17667007446289, "mean_episode_length": 104.33333333333333, "success_rate": 0.7777777777777778, "collision_rate": 0.2222222222222222, "out_of_bounds_rate": 0.0, "timeout_rate": 0.0, "policy_loss": -0.0029057026840746403, "value_loss": 2.2999370098114014, "entropy": 0.6256269812583923, "approx_kl": 0.004079425852978602, "clip_fraction": 0.045166015625, "grad_norm": 12.16908848285675, "explained_variance": 0.9072356820106506, "action_std_mean": 0.3309059739112854, "optimizer_iterations": 4.0, "lr": 6.94848e-05}
{"step": 1529856, "wall_time": 1790744749.3301387, "episodes_completed": 11.0, "mean_episode_reward": 14.76015264337713, "std_episode_reward": 17.092496555621615, "min_episode_reward": -9.04914379119873, "max_episode_reward": 55.979007720947266, "mean_episode_length": 105.81818181818181, "success_rate": 0.5454545454545454, "collision_rate": 0.45454545454545453, "out_of_bounds_rate": 0.0, "timeout_rate": 0.0, "policy_loss": 0.0008568172343075275, "value_loss": 5.869571328163147, "entropy": 0.6255328953266144, "approx_kl": 0.007511227275244892, "clip_fraction": 0.08984375, "grad_norm": 37.22124767303467, "explained_variance": 0.8921390771865845, "action_std_mean": 0.3308967649936676, "optimizer_iterations": 4.0, "lr": 6.944384000000001e-05}
{"step": 1531904, "wall_time": 1790744758.115643, "episodes_completed": 6.0, "mean_episode_reward": 16.457054138183594, "std_episode_reward": 22.034204853858164, "min_episode_reward": -2.227797508239746, "max_episode_reward": 50.45756912231445, "mean_episode_length": 107.16666666666667, "success_rate": 0.3333333333333333, "collision_rate": 0.6666666666666666, "out_of_bounds_rate": 0.0, "timeout_rate": 0.0, "policy_loss": 0.001006964361295104, "value_loss": 5.779506802558899, "entropy": 0.6254956126213074, "approx_kl": 0.008874222403392196, "clip_fraction": 0.09912109375, "grad_norm": 34.39901852607727, "explained_variance": 0.8623659014701843, "action_std_mean": 0.33089548349380493, "optimizer_iterations": 4.0, "lr": 6.940288e-05}
{"step": 1533952, "wall_time": 1790744766.823646, "episodes_completed": 7.0, "mean_episode_reward": 19.538464954921178, "std_episode_reward": 17.72563069744497, "min_episode_reward": -9.053518295288086, "max_episode_reward": 41.54737854003906, "mean_episode_length": 100.71428571428571, "success_rate": 0.5714285714285714, "collision_rate": 0.42857142857142855, "out_of_bounds_rate": 0.0, "timeout_rate": 0.0, "policy_loss": -0.0011939568794332445, "value_loss": 1.1859866082668304, "entropy": 0.625467985868454, "approx_kl": 0.006106844637542963, "clip_fraction": 0.076416015625, "grad_norm": 15.486978530883789, "explained_variance": 0.9714265465736389, "action_std_mean": 0.33087754249572754, "optimizer_iterations": 4.0, "lr": 6.936192e-05}
{"step": 1536000, "wall_time": 1790744775.7326212, "episodes_completed": 7.0, "mean_episode_reward": 20.493647847856796, "std_episode_reward": 10.631489551680378, "min_episode_reward": 1.6291446685791016, "max_episode_reward": 38.860225677490234, "mean_episode_length": 80.42857142857143, "success_rate": 0.8571428571428571, "collision_rate": 0.14285714285714285, "out_of_bounds_rate": 0.0, "timeout_rate": 0.0, "policy_loss": -0.0001634247601032257, "value_loss": 1.4575403928756714, "entropy": 0.6253159940242767, "approx_kl": 0.008521881070919335, "clip_fraction": 0.107421875, "grad_norm": 19.36243438720703, "explained_variance": 0.9694871306419373, "action_std_mean": 0.3308546543121338, "optimizer_iterations": 4.0, "lr": 6.932096e-05}
{"step": 1538048, "wall_time": 1790744784.8297725, "episodes_completed": 9.0, "mean_episode_reward": 13.447941144307455, "std_episode_reward": 20.66389834058877, "min_episode_reward": -10.377889633178711, "max_episode_reward": 53.87238311767578, "mean_episode_length": 94.22222222222223, "success_rate": 0.3333333333333333, "collision_rate": 0.6666666666666666, "out_of_bounds_rate": 0.0, "timeout_rate": 0.0, "policy_loss": 0.0035853569279424846, "value_loss": 6.817373991012573, "entropy": 0.6252127587795258, "approx_kl": 0.012178894830867648, "clip_fraction": 0.1370849609375, "grad_norm": 28.640785455703735, "explained_variance": 0.8664581775665283, "action_std_mean": 0.33084723353385925, "optimizer_iterations": 4.0, "lr": 6.928000000000001e-05}
{"step": 1540096, "wall_time": 1790744794.7349074, "episodes_completed": 6.0, "mean_episode_reward": 11.332401514053345, "std_episode_reward": 14.184523618119883, "min_episode_reward": -9.872809410095215, "max_episode_reward": 29.086318969726562, "mean_episode_length": 87.5, "success_rate": 0.5, "collision_rate": 0.5, "out_of_bounds_rate": 0.0, "timeout_rate": 0.0, "policy_loss": 0.003365948796272278, "value_loss": 5.690229535102844, "entropy": 0.6251794695854187, "approx_kl": 0.005676580127328634, "clip_fraction": 0.0635986328125, "grad_norm": 20.027000784873962, "explained_variance": 0.9025276303291321, "action_std_mean": 0.33083564043045044, "optimizer_iterations": 4.0, "lr": 6.923904000000001e-05}
{"step": 1542144, "wall_time": 1790744805.1095314, "episodes_completed": 5.0, "mean_episode_reward": 27.337176036834716, "std_episode_reward": 18.776812292299187, "min_episode_reward": -3.1257519721984863, "max_episode_reward": 51.0078010559082, "mean_episode_length": 132.2, "success_rate": 0.8, "collision_rate": 0.2, "out_of_bounds_rate": 0.0, "timeout_rate": 0.0, "policy_loss": 0.0006071930984035134, "value_loss": 3.771801233291626, "entropy": 0.6250876784324646, "approx_kl": 0.015130937099456787, "clip_fraction": 0.150146484375, "grad_norm": 16.654372334480286, "explained_variance": 0.9021795988082886, "action_std_mean": 0.3308297097682953, "optimizer_iterations": 4.0, "lr": 6.919808000000002e-05}
{"step": 1544192, "wall_time": 1790744813.8593342, "episodes_completed": 7.0, "mean_episode_reward": 14.31692818232945, "std_episode_reward": 12.294275287197175, "min_episode_reward": -6.54742431640625, "max_episode_reward": 33.02806854248047, "mean_episode_length": 79.71428571428571, "success_rate": 0.5714285714285714, "collision_rate": 0.42857142857142855, "out_of_bounds_rate": 0.0, "timeout_rate": 0.0, "policy_loss": 0.003088756464421749, "value_loss": 2.267952024936676, "entropy": 0.6251263916492462, "approx_kl": 0.008992532850243151, "clip_fraction": 0.0867919921875, "grad_norm": 24.87667942047119, "explained_variance": 0.9378687739372253, "action_std_mean": 0.33085018396377563, "optimizer_iterations": 4.0, "lr": 6.915712000000001e-05}
{"step": 1546240, "wall_time": 1790744822.8863032, "episodes_completed": 2.0, "mean_episode_reward": 10.337244033813477, "std_episode_reward": 17.610864639282227, "min_episode_reward": -7.27362060546875, "max_episode_reward": 27.948108673095703, "mean_episode_length": 54.5, "success_rate": 0.5, "collision_rate": 0.5, "out_of_bounds_rate": 0.0, "timeout_rate": 0.0, "policy_loss": 0.0015477361157536507, "value_loss": 2.744690239429474, "entropy": 0.6252480745315552, "approx_kl": 0.006546421442180872, "clip_fraction": 0.0745849609375, "grad_norm": 42.122260332107544, "explained_variance": 0.950138509273529, "action_std_mean": 0.3308616578578949, "optimizer_iterations": 4.0, "lr": 6.911616e-05}
{"step": 1548288, "wall_time": 1790744831.9411445, "episodes_completed": 9.0, "mean_episode_reward": 8.604015684790081, "std_episode_reward": 10.834468717914335, "min_episode_reward": -4.671621799468994, "max_episode_reward": 26.482547760009766, "mean_episode_length": 68.22222222222223, "success_rate": 0.4444444444444444, "collision_rate": 0.3333333333333333, "out_of_bounds_rate": 0.0, "timeout_rate": 0.2222222222222222, "policy_loss": 0.00541223119944334, "value_loss": 2.247806429862976, "entropy": 0.625275731086731, "approx_kl": 0.014545080717653036, "clip_fraction": 0.107666015625, "grad_norm": 18.675715923309326, "explained_variance": 0.967776894569397, "action_std_mean": 0.33086544275283813, "optimizer_iterations": 4.0, "lr": 6.907520000000001e-05}
{"step": 1550336, "wall_time": 1790744840.8535392, "episodes_completed": 4.0, "mean_episode_reward": 20.568236514925957, "std_episode_reward": 14.837654079239979, "min_episode_reward": -0.6372330784797668, "max_episode_reward": 40.81314468383789, "mean_episode_length": 122.5, "success_rate": 0.75, "collision_rate": 0.0, "out_of_bounds_rate": 0.0, "timeout_rate": 0.25, "policy_loss": -0.0025883920025080442, "value_loss": 0.2704358920454979, "entropy": 0.6253617405891418, "approx_kl": 0.004880784428678453, "clip_fraction": 0.05615234375, "grad_norm": 6.51194041967392, "explained_variance": 0.9932097792625427, "action_std_mean": 0.3309122323989868, "optimizer_iterations": 4.0, "lr": 6.903424e-05}
{"step": 1552384, "wall_time": 1790744850.4851859, "episodes_completed": 11.0, "mean_episode_reward": 15.295339118350636, "std_episode_reward": 18.582626958517995, "min_episode_reward": -10.101116180419922, "max_episode_reward": 47.3524055480957, "mean_episode_length": 100.63636363636364, "success_rate": 0.5454545454545454, "collision_rate": 0.36363636363636365, "out_of_bounds_rate": 0.0, "timeout_rate": 0.09090909090909091, "policy_loss": 0.0020283646881580353, "value_loss": 3.569040894508362, "entropy": 0.6257259547710419, "approx_kl": 0.0074034209828823805, "clip_fraction": 0.080078125, "grad_norm": 16.65165686607361, "explained_variance": 0.926005482673645, "action_std_mean": 0.330975204706192, "optimizer_iterations": 4.0, "lr": 6.899328e-05}
{"step": 1554432, "wall_time": 1790744859.5807967, "episodes_completed": 10.0, "mean_episode_reward": 14.313928842544556, "std_episode_reward": 16.24069350399033, "min_episode_reward": -9.811673164367676, "max_episode_reward": 39.264801025390625, "mean_episode_length": 93.2, "success_rate": 0.5, "collision_rate": 0.5, "out_of_bounds_rate": 0.0, "timeout_rate": 0.0, "policy_loss": -0.0005084987496957183, "value_loss": 5.315254807472229, "entropy": 0.6260620653629303, "approx_kl": 0.007947292877361178, "clip_fraction": 0.0762939453125, "grad_norm": 16.1585613489151, "explained_variance": 0.8829485774040222, "action_std_mean": 0.33101844787597656, "optimizer_iterations": 4.0, "lr": 6.895232000000001e-05}
{"step": 1556480, "wall_time": 1790744868.7016904, "episodes_completed": 8.0, "mean_episode_reward": 17.048503279685974, "std_episode_reward": 19.156296471989464, "min_episode_reward": -9.366747856140137, "max_episode_reward": 49.51572799682617, "mean_episode_length": 113.875, "success_rate": 0.625, "collision_rate": 0.375, "out_of_bounds_rate": 0.0, "timeout_rate": 0.0, "policy_loss": 0.004504476208239794, "value_loss": 2.545525372028351, "entropy": 0.6262891590595245, "approx_kl": 0.007735688355751336, "clip_fraction": 0.0748291015625, "grad_norm": 11.924163103103638, "explained_variance": 0.947775661945343, "action_std_mean": 0.3310500383377075, "optimizer_iterations": 4.0, "lr": 6.891136e-05}
{"step": 1558528, "wall_time": 1790744877.6321871, "episodes_completed": 7.0, "mean_episode_reward": 19.37844385419573, "std_episode_reward": 19.823720594004076, "min_episode_reward": -9.411624908447266, "max_episode_reward": 58.264068603515625, "mean_episode_length": 89.85714285714286, "success_rate": 0.7142857142857143, "collision_rate": 0.2857142857142857, "out_of_bounds_rate": 0.0, "timeout_rate": 0.0, "policy_loss": 0.0005576945841312408, "value_loss": 3.005173146724701, "entropy": 0.6264462769031525, "approx_kl": 0.003973009123001248, "clip_fraction": 0.027099609375, "grad_norm": 18.122814893722534, "explained_variance": 0.9423485994338989, "action_std_mean": 0.33106517791748047, "optimizer_iterations": 4.0, "lr": 6.88704e-05}
{"step": 1560576, "wall_time": 1790744886.535694, "episodes_completed": 4.0, "mean_episode_reward": 27.233954906463623, "std_episode_reward": 19.970383094241527, "min_episode_reward": 4.858552932739258, "max_episode_reward": 50.17473220825195, "mean_episode_length": 129.75, "success_rate": 0.75, "collision_rate": 0.25, "out_of_bounds_rate": 0.0, "timeout_rate": 0.0, "policy_loss": -0.004390941932797432, "value_loss": 2.070971369743347, "entropy": 0.626505970954895, "approx_kl": 0.04109433852136135, "clip_fraction": 0.1065673828125, "grad_norm": 10.34778118133545, "explained_variance": 0.956097424030304, "action_std_mean": 0.3310689330101013, "optimizer_iterations": 4.0, "lr": 6.882944e-05}
{"step": 1562624, "wall_time": 1790744895.3393867, "episodes_completed": 8.0, "mean_episode_reward": 21.85140311717987, "std_episode_reward": 20.06231060277031, "min_episode_reward": -10.0613374710083, "max_episode_reward": 52.09271240234375, "mean_episode_length": 127.875, "success_rate": 0.75, "collision_rate": 0.25, "out_of_bounds_rate": 0.0, "timeout_rate": 0.0, "policy_loss": 0.0004534251056611538, "value_loss": 2.3266270756721497, "entropy": 0.6264920830726624, "approx_kl": 0.014792331494390965, "clip_fraction": 0.080078125, "grad_norm": 9.87236773967743, "explained_variance": 0.9484986066818237, "action_std_mean": 0.33105188608169556, "optimizer_iterations": 4.0, "lr": 6.878848e-05}
{"step": 1564672, "wall_time": 1790744904.2763317, "episodes_completed": 7.0, "mean_episode_reward": 27.314776965550013, "std_episode_reward": 8.498115160269453, "min_episode_reward": 15.6388521194458, "max_episode_reward": 39.4842643737793, "mean_episode_length": 141.57142857142858, "success_rate": 0.7142857142857143, "collision_rate": 0.2857142857142857, "out_of_bounds_rate": 0.0, "timeout_rate": 0.0, "policy_loss": 0.0021639568731188774, "value_loss": 2.5773937106132507, "entropy": 0.6263380348682404, "approx_kl": 0.008476017450448126, "clip_fraction": 0.0828857421875, "grad_norm": 26.58335304260254, "explained_variance": 0.9497501850128174, "action_std_mean": 0.33102917671203613, "optimizer_iterations": 4.0, "lr": 6.874752e-05}
{"step": 1566720, "wall_time": 1790744912.8833416, "episodes_completed": 9.0, "mean_episode_reward": 20.003168136709267, "std_episode_reward": 19.32250744868096, "min_episode_reward": -9.818442344665527, "max_episode_reward": 44.803253173828125, "mean_episode_length": 122.22222222222223, "success_rate": 0.5555555555555556, "collision_rate": 0.2222222222222222, "out_of_bounds_rate": 0.0, "timeout_rate": 0.2222222222222222, "policy_loss": 0.012835230911150575, "value_loss": 2.9483829140663147, "entropy": 0.6262276470661163, "approx_kl": 0.008992529008537531, "clip_fraction": 0.0970458984375, "grad_norm": 85.13677215576172, "explained_variance": 0.9326844215393066, "action_std_mean": 0.3310169279575348, "optimizer_iterations": 4.0, "lr": 6.870656e-05}
{"step": 1568768, "wall_time": 1790744921.7983577, "episodes_completed": 14.0, "mean_episode_reward": 9.639004571097237, "std_episode_reward": 19.377252678637166, "min_episode_reward": -10.128066062927246, "max_episode_reward": 47.96578598022461, "mean_episode_length": 76.42857142857143, "success_rate": 0.35714285714285715, "collision_rate": 0.6428571428571429, "out_of_bounds_rate": 0.0, "timeout_rate": 0.0, "policy_loss": 0.0013665811275132, "value_loss": 5.510560393333435, "entropy": 0.6261608004570007, "approx_kl": 0.004007361771073192, "clip_fraction": 0.0435791015625, "grad_norm": 28.880241870880127, "explained_variance": 0.8807900547981262, "action_std_mean": 0.33101120591163635, "optimizer_iterations": 4.0, "lr": 6.86656e-05}
{"step": 1570816, "wall_time": 1790744930.757519, "episodes_completed": 8.0, "mean_episode_reward": 16.576128602027893, "std_episode_reward": 19.3396384757662, "min_episode_reward": -10.110177993774414, "max_episode_reward": 50.9089241027832, "mean_episode_length": 111.25, "success_rate": 0.5, "collision_rate": 0.5, "out_of_bounds_rate": 0.0, "timeout_rate": 0.0, "policy_loss": 0.002283134206663817, "value_loss": 3.8051117062568665, "entropy": 0.626138299703598, "approx_kl": 0.006373801035806537, "clip_fraction": 0.0733642578125, "grad_norm": 26.361202716827393, "explained_variance": 0.906288206577301, "action_std_mean": 0.3310110569000244, "optimizer_iterations": 4.0, "lr": 6.862463999999999e-05}
{"step": 1572864, "wall_time": 1790744939.5123456, "episodes_completed": 8.0, "mean_episode_reward": 22.727797031402588, "std_episode_reward": 16.918053333029206, "min_episode_reward": 0.8435497283935547, "max_episode_reward": 54.787086486816406, "mean_episode_length": 126.0, "success_rate": 0.5, "collision_rate": 0.5, "out_of_bounds_rate": 0.0, "timeout_rate": 0.0, "policy_loss": -0.002523212693631649, "value_loss": 5.023649573326111, "entropy": 0.6261499226093292, "approx_kl": 0.004388300672871992, "clip_fraction": 0.04443359375, "grad_norm": 38.33742821216583, "explained_variance": 0.8783668875694275, "action_std_mean": 0.33101946115493774, "optimizer_iterations": 4.0, "lr": 6.858368000000001e-05}
{"step": 1574912, "wall_time": 1790744949.117861, "episodes_completed": 9.0, "mean_episode_reward": 11.3901400036282, "std_episode_reward": 21.253678021602727, "min_episode_reward": -9.987356185913086, "max_episode_reward": 58.257015228271484, "mean_episode_length": 73.55555555555556, "success_rate": 0.4444444444444444, "collision_rate": 0.5555555555555556, "out_of_bounds_rate": 0.0, "timeout_rate": 0.0, "policy_loss": -0.0004789031809195876, "value_loss": 4.118400931358337, "entropy": 0.6262226700782776, "approx_kl": 0.0040427494677715, "clip_fraction": 0.03564453125, "grad_norm": 16.48413121700287, "explained_variance": 0.931088387966156, "action_std_mean": 0.3310285806655884, "optimizer_iterations": 4.0, "lr": 6.854272e-05}
{"step": 1576960, "wall_time": 1790744958.220063, "episodes_completed": 4.0, "mean_episode_reward": 7.387083649635315, "std_episode_reward": 27.80914267854295, "min_episode_reward": -12.213703155517578, "max_episode_reward": 55.200889587402344, "mean_episode_length": 117.75, "success_rate": 0.25, "collision_rate": 0.75, "out_of_bounds_rate": 0.0, "timeout_rate": 0.0, "policy_loss": -0.0007023769430816174, "value_loss": 1.561803013086319, "entropy": 0.6262495219707489, "approx_kl": 0.0054267098603304476, "clip_fraction": 0.0654296875, "grad_norm": 18.816245913505554, "explained_variance": 0.9731534719467163, "action_std_mean": 0.3310229182243347, "optimizer_iterations": 4.0, "lr": 6.850176e-05}
{"step": 1579008, "wall_time": 1790744967.2509503, "episodes_completed": 11.0, "mean_episode_reward": 16.96270598132502, "std_episode_reward": 14.581315393245665, "min_episode_reward": -7.931103706359863, "max_episode_reward": 35.49436569213867, "mean_episode_length": 124.81818181818181, "success_rate": 0.6363636363636364, "collision_rate": 0.2727272727272727, "out_of_bounds_rate": 0.0, "timeout_rate": 0.09090909090909091, "policy_loss": 0.001334379892796278, "value_loss": 3.209380567073822, "entropy": 0.6262009739875793, "approx_kl": 0.0025014979182742536, "clip_fraction": 0.026611328125, "grad_norm": 21.33054542541504, "explained_variance": 0.9268583059310913, "action_std_mean": 0.3310077488422394, "optimizer_iterations": 4.0, "lr": 6.846080000000001e-05}
{"step": 1581056, "wall_time": 1790744975.9551196, "episodes_completed": 11.0, "mean_episode_reward": 20.48044707558372, "std_episode_reward": 14.519927812917222, "min_episode_reward": -6.677084922790527, "max_episode_reward": 47.98390197753906, "mean_episode_length": 89.54545454545455, "success_rate": 0.7272727272727273, "collision_rate": 0.2727272727272727, "out_of_bounds_rate": 0.0, "timeout_rate": 0.0, "policy_loss": -0.0011254067067056894, "value_loss": 2.699014186859131, "entropy": 0.6260901987552643, "approx_kl": 0.00414304924197495, "clip_fraction": 0.0433349609375, "grad_norm": 25.840063095092773, "explained_variance": 0.9327678084373474, "action_std_mean": 0.3309885263442993, "optimizer_iterations": 4.0, "lr": 6.841984e-05}
{"step": 1583104, "wall_time": 1790744985.0285597, "episodes_completed": 9.0, "mean_episode_reward": 18.530928399827744, "std_episode_reward": 16.014298726576662, "min_episode_reward": -1.5485773086547852, "max_episode_reward": 49.93444061279297, "mean_episode_length": 94.88888888888889, "success_rate": 0.5555555555555556, "collision_rate": 0.4444444444444444, "out_of_bounds_rate": 0.0, "timeout_rate": 0.0, "policy_loss": 0.003845557104796171, "value_loss": 5.382475018501282, "entropy": 0.6259868144989014, "approx_kl": 0.0074832504615187645, "clip_fraction": 0.0794677734375, "grad_norm": 30.321204662322998, "explained_variance": 0.8868704438209534, "action_std_mean": 0.3309740126132965, "optimizer_iterations": 4.0, "lr": 6.837888e-05}
{"step": 1585152, "wall_time": 1790744993.7818735, "episodes_completed": 5.0, "mean_episode_reward": 14.544314670562745, "std_episode_reward": 8.180126293514267, "min_episode_reward": 0.2632718086242676, "max_episode_reward": 24.15324592590332, "mean_episode_length": 87.4, "success_rate": 0.8, "collision_rate": 0.0, "out_of_bounds_rate": 0.0, "timeout_rate": 0.2, "policy_loss": 0.003940369468182325, "value_loss": 1.735409915447235, "entropy": 0.6259112060070038, "approx_kl": 0.004644742584787309, "clip_fraction": 0.0321044921875, "grad_norm": 27.49194359779358, "explained_variance": 0.9574447870254517, "action_std_mean": 0.330965518951416, "optimizer_iterations": 4.0, "lr": 6.833792000000002e-05}
{"step": 1587200, "wall_time": 1790745002.4376678, "episodes_completed": 5.0, "mean_episode_reward": 23.360154914855958, "std_episode_reward": 12.490990635355361, "min_episode_reward": 2.1678762435913086, "max_episode_reward": 38.614112854003906, "mean_episode_length": 106.0, "success_rate": 0.8, "collision_rate": 0.2, "out_of_bounds_rate": 0.0, "timeout_rate": 0.0, "policy_loss": -0.0007396289147436619, "value_loss": 1.337818831205368, "entropy": 0.6258458495140076, "approx_kl": 0.008058588195126504, "clip_fraction": 0.0843505859375, "grad_norm": 14.722476363182068, "explained_variance": 0.96107417345047, "action_std_mean": 0.3309359550476074, "optimizer_iterations": 4.0, "lr": 6.829696000000001e-05}
{"step": 1589248, "wall_time": 1790745011.0586483, "episodes_completed": 6.0, "mean_episode_reward": 9.955354849497477, "std_episode_reward": 9.806431556623316, "min_episode_reward": -9.603456497192383, "max_episode_reward": 19.731351852416992, "mean_episode_length": 69.83333333333333, "success_rate": 0.5, "collision_rate": 0.5, "out_of_bounds_rate": 0.0, "timeout_rate": 0.0, "policy_loss": 0.002561059780418873, "value_loss": 2.0737304091453552, "entropy": 0.6256044507026672, "approx_kl": 0.008733627386391163, "clip_fraction": 0.0968017578125, "grad_norm": 14.850629091262817, "explained_variance": 0.9575591087341309, "action_std_mean": 0.33090096712112427, "optimizer_iterations": 4.0, "lr": 6.8256e-05}
{"step": 1591296, "wall_time": 1790745020.1481667, "episodes_completed": 5.0, "mean_episode_reward": 13.883549308776855, "std_episode_reward": 12.32415467019592, "min_episode_reward": -1.0834360122680664, "max_episode_reward": 35.69942855834961, "mean_episode_length": 74.8, "success_rate": 0.6, "collision_rate": 0.4, "out_of_bounds_rate": 0.0, "timeout_rate": 0.0, "policy_loss": -0.0015230965800583363, "value_loss": 2.8089934587478638, "entropy": 0.625453770160675, "approx_kl": 0.012157312594354153, "clip_fraction": 0.07275390625, "grad_norm": 14.862903833389282, "explained_variance": 0.9461854696273804, "action_std_mean": 0.3308836817741394, "optimizer_iterations": 4.0, "lr": 6.821504000000001e-05}
{"step": 1593344, "wall_time": 1790745029.1806257, "episodes_completed": 9.0, "mean_episode_reward": 12.310615313549837, "std_episode_reward": 16.96579158289491, "min_episode_reward": -9.836641311645508, "max_episode_reward": 52.59006881713867, "mean_episode_length": 97.22222222222223, "success_rate": 0.4444444444444444, "collision_rate": 0.4444444444444444, "out_of_bounds_rate": 0.0, "timeout_rate": 0.1111111111111111, "policy_loss": -0.0006185658276081085, "value_loss": 4.691658854484558, "entropy": 0.6253497004508972, "approx_kl": 0.007080243318341672, "clip_fraction": 0.04638671875, "grad_norm": 26.05483889579773, "explained_variance": 0.8644682765007019, "action_std_mean": 0.3308694362640381, "optimizer_iterations": 4.0, "lr": 6.817408000000001e-05}
{"step": 1595392, "wall_time": 1790745038.1557126, "episodes_completed": 11.0, "mean_episode_reward": 18.29699169505726, "std_episode_reward": 14.788835555535094, "min_episode_reward": -9.905034065246582, "max_episode_reward": 47.67174530029297, "mean_episode_length": 91.54545454545455, "success_rate": 0.6363636363636364, "collision_rate": 0.36363636363636365, "out_of_bounds_rate": 0.0, "timeout_rate": 0.0, "policy_loss": 0.0006751210894435644, "value_loss": 2.921157121658325, "entropy": 0.6252817511558533, "approx_kl": 0.0018300482770428061, "clip_fraction": 0.017822265625, "grad_norm": 50.48423385620117, "explained_variance": 0.9262508749961853, "action_std_mean": 0.33086222410202026, "optimizer_iterations": 4.0, "lr": 6.813312e-05}
{"step": 1597440, "wall_time": 1790745046.8599198, "episodes_completed": 10.0, "mean_episode_reward": 13.831971866637469, "std_episode_reward": 20.598455626206718, "min_episode_reward": -11.10820198059082, "max_episode_reward": 53.2502326965332, "mean_episode_length": 102.1, "success_rate": 0.5, "collision_rate": 0.4, "out_of_bounds_rate": 0.0, "timeout_rate": 0.1, "policy_loss": -0.004485240671783686, "value_loss": 2.6404926776885986, "entropy": 0.6252508461475372, "approx_kl": 0.004109468951355666, "clip_fraction": 0.03955078125, "grad_norm": 27.96664309501648, "explained_variance": 0.9273462295532227, "action_std_mean": 0.3308611810207367, "optimizer_iterations": 4.0, "lr": 6.809216000000001e-05}
{"step": 1599488, "wall_time": 1790745056.0002885, "episodes_completed": 7.0, "mean_episode_reward": 17.61143364225115, "std_episode_reward": 21.81989278257113, "min_episode_reward": -11.53484058380127, "max_episode_reward": 47.074546813964844, "mean_episode_length": 131.42857142857142, "success_rate": 0.5714285714285714, "collision_rate": 0.42857142857142855, "out_of_bounds_rate": 0.0, "timeout_rate": 0.0, "policy_loss": -0.003568082582205534, "value_loss": 2.9034189581871033, "entropy": 0.6252579391002655, "approx_kl": 0.007574108720291406, "clip_fraction": 0.073974609375, "grad_norm": 15.280551195144653, "explained_variance": 0.9174215197563171, "action_std_mean": 0.33086031675338745, "optimizer_iterations": 4.0, "lr": 6.80512e-05}
{"step": 1601536, "wall_time": 1790745064.7809672, "episodes_completed": 8.0, "mean_episode_reward": 17.662699460983276, "std_episode_reward": 25.177597747225732, "min_episode_reward": -12.314794540405273, "max_episode_reward": 54.717323303222656, "mean_episode_length": 119.125, "success_rate": 0.625, "collision_rate": 0.375, "out_of_bounds_rate": 0.0, "timeout_rate": 0.0, "policy_loss": -0.002365061081945896, "value_loss": 2.2055789828300476, "entropy": 0.6252389550209045, "approx_kl": 0.013923695776611567, "clip_fraction": 0.0926513671875, "grad_norm": 14.878434777259827, "explained_variance": 0.9606263637542725, "action_std_mean": 0.33085206151008606, "optimizer_iterations": 4.0, "lr": 6.801024e-05}
{"step": 1603584, "wall_time": 1790745073.4830408, "episodes_completed": 10.0, "mean_episode_reward": 3.8825724124908447, "std_episode_reward": 15.252436100106577, "min_episode_reward": -9.995436668395996, "max_episode_reward": 33.71522903442383, "mean_episode_length": 59.0, "success_rate": 0.2, "collision_rate": 0.8, "out_of_bounds_rate": 0.0, "timeout_rate": 0.0, "policy_loss": 0.0019754573004320264, "value_loss": 5.507148027420044, "entropy": 0.625178337097168, "approx_kl": 0.005531511822482571, "clip_fraction": 0.056884765625, "grad_norm": 33.68522357940674, "explained_variance": 0.9031551480293274, "action_std_mean": 0.3308362364768982, "optimizer_iterations": 4.0, "lr": 6.796928e-05}
{"step": 1605632, "wall_time": 1790745082.3110764, "episodes_completed": 7.0, "mean_episode_reward": 18.019800390516007, "std_episode_reward": 17.361033841392448, "min_episode_reward": -9.279337882995605, "max_episode_reward": 37.10055923461914, "mean_episode_length": 112.71428571428571, "success_rate": 0.7142857142857143, "collision_rate": 0.2857142857142857, "out_of_bounds_rate": 0.0, "timeout_rate": 0.0, "policy_loss": -7.281079888343811e-06, "value_loss": 0.8792940825223923, "entropy": 0.6250455379486084, "approx_kl": 0.003762835229281336, "clip_fraction": 0.039794921875, "grad_norm": 9.001150786876678, "explained_variance": 0.9818951487541199, "action_std_mean": 0.33078986406326294, "optimizer_iterations": 4.0, "lr": 6.792832e-05}
{"step": 1607680, "wall_time": 1790745091.1529179, "episodes_completed": 6.0, "mean_episode_reward": 25.389145533243816, "std_episode_reward": 9.084475225560208, "min_episode_reward": 10.68359375, "max_episode_reward": 38.2891960144043, "mean_episode_length": 114.0, "success_rate": 0.8333333333333334, "collision_rate": 0.16666666666666666, "out_of_bounds_rate": 0.0, "timeout_rate": 0.0, "policy_loss": -0.0022159377112984657, "value_loss": 4.071656107902527, "entropy": 0.6246883273124695, "approx_kl": 0.006488513929070905, "clip_fraction": 0.0775146484375, "grad_norm": 20.584232568740845, "explained_variance": 0.8777677416801453, "action_std_mean": 0.3307279944419861, "optimizer_iterations": 4.0, "lr": 6.788736e-05}
{"step": 1609728, "wall_time": 1790745101.1513157, "episodes_completed": 3.0, "mean_episode_reward": 8.205681800842285, "std_episode_reward": 6.240463531842486, "min_episode_reward": -0.54290771484375, "max_episode_reward": 13.585816383361816, "mean_episode_length": 108.66666666666667, "success_rate": 0.6666666666666666, "collision_rate": 0.0, "out_of_bounds_rate": 0.0, "timeout_rate": 0.3333333333333333, "policy_loss": -0.0006536943546961993, "value_loss": 1.3744562864303589, "entropy": 0.6243433654308319, "approx_kl": 0.006884788745082915, "clip_fraction": 0.08154296875, "grad_norm": 12.873755693435669, "explained_variance": 0.9503862261772156, "action_std_mean": 0.33066892623901367, "optimizer_iterations": 4.0, "lr": 6.78464e-05}
{"step": 1611776, "wall_time": 1790745110.0157845, "episodes_completed": 5.0, "mean_episode_reward": 23.011119842529297, "std_episode_reward": 10.907363928459292, "min_episode_reward": 10.744924545288086, "max_episode_reward": 43.16115951538086, "mean_episode_length": 86.6, "success_rate": 1.0, "collision_rate": 0.0, "out_of_bounds_rate": 0.0, "timeout_rate": 0.0, "policy_loss": 0.00042978860437870026, "value_loss": 1.0923967957496643, "entropy": 0.623997688293457, "approx_kl": 0.007675688597373664, "clip_fraction": 0.0906982421875, "grad_norm": 17.273412704467773, "explained_variance": 0.9709950685501099, "action_std_mean": 0.3306245803833008, "optimizer_iterations": 4.0, "lr": 6.780544e-05}
{"step": 1613824, "wall_time": 1790745118.727055, "episodes_completed": 4.0, "mean_episode_reward": 3.5245665293186903, "std_episode_reward": 9.827438665390154, "min_episode_reward": -10.982063293457031, "max_episode_reward": 13.00931453704834, "mean_episode_length": 79.0, "success_rate": 0.5, "collision_rate": 0.25, "out_of_bounds_rate": 0.0, "timeout_rate": 0.25, "policy_loss": -0.0036630313843488693, "value_loss": 1.0102935135364532, "entropy": 0.6237645447254181, "approx_kl": 0.005808831658214331, "clip_fraction": 0.068359375, "grad_norm": 14.923173189163208, "explained_variance": 0.9766707420349121, "action_std_mean": 0.33057764172554016, "optimizer_iterations": 4.0, "lr": 6.776448e-05}
{"step": 1615872, "wall_time": 1790745128.818533, "episodes_completed": 6.0, "mean_episode_reward": 11.714477141698202, "std_episode_reward": 14.844615491250671, "min_episode_reward": -9.804747581481934, "max_episode_reward": 34.83722686767578, "mean_episode_length": 74.0, "success_rate": 0.5, "collision_rate": 0.5, "out_of_bounds_rate": 0.0, "timeout_rate": 0.0, "policy_loss": 0.0014817612245678902, "value_loss": 4.185484290122986, "entropy": 0.623441219329834, "approx_kl": 0.003941235656384379, "clip_fraction": 0.026611328125, "grad_norm": 27.23215687274933, "explained_variance": 0.9046723246574402, "action_std_mean": 0.3305343985557556, "optimizer_iterations": 4.0, "lr": 6.772352e-05}
{"step": 1617920, "wall_time": 1790745137.4971008, "episodes_completed": 5.0, "mean_episode_reward": 10.792718863487243, "std_episode_reward": 15.47773056295176, "min_episode_reward": -9.901041030883789, "max_episode_reward": 35.38541030883789, "mean_episode_length": 97.0, "success_rate": 0.4, "collision_rate": 0.4, "out_of_bounds_rate": 0.0, "timeout_rate": 0.2, "policy_loss": -0.001898965798318386, "value_loss": 1.615099847316742, "entropy": 0.6232670545578003, "approx_kl": 0.00637584290234372, "clip_fraction": 0.0762939453125, "grad_norm": 10.631730794906616, "explained_variance": 0.9645537734031677, "action_std_mean": 0.33052003383636475, "optimizer_iterations": 4.0, "lr": 6.768256e-05}
{"step": 1619968, "wall_time": 1790745147.073554, "episodes_completed": 10.0, "mean_episode_reward": 13.182015013694762, "std_episode_reward": 15.886437864396967, "min_episode_reward": -8.926239967346191, "max_episode_reward": 42.661651611328125, "mean_episode_length": 93.2, "success_rate": 0.4, "collision_rate": 0.5, "out_of_bounds_rate": 0.0, "timeout_rate": 0.1, "policy_loss": 0.0053618792444467545, "value_loss": 5.552397847175598, "entropy": 0.6231884956359863, "approx_kl": 0.008562177885323763, "clip_fraction": 0.085693359375, "grad_norm": 27.54182004928589, "explained_variance": 0.9041493535041809, "action_std_mean": 0.3305132985115051, "optimizer_iterations": 4.0, "lr": 6.76416e-05}
{"step": 1622016, "wall_time": 1790745158.0793483, "episodes_completed": 4.0, "mean_episode_reward": 11.877248406410217, "std_episode_reward": 20.846429719702464, "min_episode_reward": -10.221628189086914, "max_episode_reward": 43.860023498535156, "mean_episode_length": 132.0, "success_rate": 0.25, "collision_rate": 0.75, "out_of_bounds_rate": 0.0, "timeout_rate": 0.0, "policy_loss": -0.002449287101626396, "value_loss": 2.890619456768036, "entropy": 0.623174250125885, "approx_kl": 0.002687243206310086, "clip_fraction": 0.0283203125, "grad_norm": 18.393720865249634, "explained_variance": 0.9556700587272644, "action_std_mean": 0.3305177092552185, "optimizer_iterations": 4.0, "lr": 6.760064000000001e-05}
{"step": 1624064, "wall_time": 1790745170.354736, "episodes_completed": 10.0, "mean_episode_reward": 7.015356981754303, "std_episode_reward": 15.311785794477546, "min_episode_reward": -10.018818855285645, "max_episode_reward": 43.95411682128906, "mean_episode_length": 78.0, "success_rate": 0.4, "collision_rate": 0.5, "out_of_bounds_rate": 0.0, "timeout_rate": 0.1, "policy_loss": 0.0001303164754062891, "value_loss": 2.6970189809799194, "entropy": 0.6232053339481354, "approx_kl": 0.011512179160490632, "clip_fraction": 0.0499267578125, "grad_norm": 24.34107494354248, "explained_variance": 0.9424493312835693, "action_std_mean": 0.3305177092552185, "optimizer_iterations": 4.0, "lr": 6.755968e-05}
{"step": 1626112, "wall_time": 1790745182.0080805, "episodes_completed": 3.0, "mean_episode_reward": 6.267306327819824, "std_episode_reward": 21.782119165415015, "min_episode_reward": -9.875608444213867, "max_episode_reward": 37.05980682373047, "mean_episode_length": 77.33333333333333, "success_rate": 0.3333333333333333, "collision_rate": 0.6666666666666666, "out_of_bounds_rate": 0.0, "timeout_rate": 0.0, "policy_loss": -0.0030027534812688828, "value_loss": 1.4829057455062866, "entropy": 0.6231595277786255, "approx_kl": 0.0128854108043015, "clip_fraction": 0.125732421875, "grad_norm": 6.792307138442993, "explained_variance": 0.9503268003463745, "action_std_mean": 0.3305019736289978, "optimizer_iterations": 4.0, "lr": 6.751872e-05}
{"step": 1628160, "wall_time": 1790745198.1514206, "episodes_completed": 3.0, "mean_episode_reward": 10.102595965067545, "std_episode_reward": 15.385222051440026, "min_episode_reward": -8.775064468383789, "max_episode_reward": 28.910686492919922, "mean_episode_length": 101.0, "success_rate": 0.3333333333333333, "collision_rate": 0.6666666666666666, "out_of_bounds_rate": 0.0, "timeout_rate": 0.0, "policy_loss": -0.0005894191563129425, "value_loss": 2.2049229741096497, "entropy": 0.6230524480342865, "approx_kl": 0.007685494259931147, "clip_fraction": 0.067626953125, "grad_norm": 18.10243332386017, "explained_variance": 0.9697341918945312, "action_std_mean": 0.3304905593395233, "optimizer_iterations": 4.0, "lr": 6.747776e-05}
{"step": 1630208, "wall_time": 1790745208.1738944, "episodes_completed": 2.0, "mean_episode_reward": 14.7891263961792, "std_episode_reward": 24.65034580230713, "min_episode_reward": -9.86121940612793, "max_episode_reward": 39.43947219848633, "mean_episode_length": 87.0, "success_rate": 0.5, "collision_rate": 0.5, "out_of_bounds_rate": 0.0, "timeout_rate": 0.0, "policy_loss": -0.0027611502446234226, "value_loss": 0.7290727496147156, "entropy": 0.623023509979248, "approx_kl": 0.003981052606832236, "clip_fraction": 0.0457763671875, "grad_norm": 7.402090132236481, "explained_variance": 0.9862036108970642, "action_std_mean": 0.3304874300956726, "optimizer_iterations": 4.0, "lr": 6.743680000000001e-05}
