{"step": 2048, "wall_time": 1790745705.9916468, "episodes_completed": 4.0, "mean_episode_reward": 8.080227136611938, "std_episode_reward": 11.338376519108287, "min_episode_reward": -10.028509140014648, "max_episode_reward": 21.24831771850586, "mean_episode_length": 68.25, "success_rate": 0.75, "collision_rate": 0.25, "out_of_bounds_rate": 0.0, "timeout_rate": 0.0, "policy_loss": 0.0326768453232944, "value_loss": 8.75142765045166, "entropy": 0.6097863018512726, "approx_kl": 0.0749791394919157, "clip_fraction": 0.3729248046875, "grad_norm": 33.51921093463898, "explained_variance": 0.8885204792022705, "action_std_mean": 0.3282921314239502, "optimizer_iterations": 4.0, "lr": 0.0001}
{"step": 4096, "wall_time": 1790745715.6370876, "episodes_completed": 3.0, "mean_episode_reward": -1.7736790974934895, "std_episode_reward": 9.984781647539554, "min_episode_reward": -9.275498390197754, "max_episode_reward": 12.337531089782715, "mean_episode_length": 38.666666666666664, "success_rate": 0.3333333333333333, "collision_rate": 0.6666666666666666, "out_of_bounds_rate": 0.0, "timeout_rate": 0.0, "policy_loss": 0.02424076944589615, "value_loss": 10.251954793930054, "entropy": 0.6099364161491394, "approx_kl": 0.07302870228886604, "clip_fraction": 0.368896484375, "grad_norm": 39.41369104385376, "explained_variance": 0.8032385110855103, "action_std_mean": 0.3283473551273346, "optimizer_iterations": 4.0, "lr": 9.995904e-05}
{"step": 6144, "wall_time": 1790745724.4512768, "episodes_completed": 4.0, "mean_episode_reward": 6.60552978515625, "std_episode_reward": 9.734786411542407, "min_episode_reward": -10.115846633911133, "max_episode_reward": 13.382890701293945, "mean_episode_length": 47.25, "success_rate": 0.75, "collision_rate": 0.25, "out_of_bounds_rate": 0.0, "timeout_rate": 0.0, "policy_loss": 0.018520581535995007, "value_loss": 3.8397486805915833, "entropy": 0.6103726327419281, "approx_kl": 0.03438255190849304, "clip_fraction": 0.281005859375, "grad_norm": 21.272300839424133, "explained_variance": 0.9383058547973633, "action_std_mean": 0.3284427523612976, "optimizer_iterations": 4.0, "lr": 9.991808e-05}
{"step": 8192, "wall_time": 1790745733.221765, "episodes_completed": 2.0, "mean_episode_reward": 10.415526390075684, "std_episode_reward": 0.3293924331665039, "min_episode_reward": 10.08613395690918, "max_episode_reward": 10.744918823242188, "mean_episode_length": 99.0, "success_rate": 1.0, "collision_rate": 0.0, "out_of_bounds_rate": 0.0, "timeout_rate": 0.0, "policy_loss": 0.03954213857650757, "value_loss": 3.5391805768013, "entropy": 0.610990047454834, "approx_kl": 0.05024043656885624, "clip_fraction": 0.3580322265625, "grad_norm": 22.98692226409912, "explained_variance": 0.8772308826446533, "action_std_mean": 0.3285486102104187, "optimizer_iterations": 4.0, "lr": 9.987712e-05}
{"step": 10240, "wall_time": 1790745741.8650882, "episodes_completed": 1.0, "mean_episode_reward": 13.96943473815918, "std_episode_reward": 0.0, "min_episode_reward": 13.96943473815918, "max_episode_reward": 13.96943473815918, "mean_episode_length": 162.0, "success_rate": 1.0, "collision_rate": 0.0, "out_of_bounds_rate": 0.0, "timeout_rate": 0.0, "policy_loss": 0.030621030367910862, "value_loss": 2.8178139328956604, "entropy": 0.6116155087947845, "approx_kl": 0.04616743139922619, "clip_fraction": 0.306640625, "grad_norm": 27.924222946166992, "explained_variance": 0.8998792171478271, "action_std_mean": 0.3286345601081848, "optimizer_iterations": 4.0, "lr": 9.983616e-05}
{"step": 12288, "wall_time": 1790745751.3927348, "episodes_completed": 4.0, "mean_episode_reward": 0.14788308180868626, "std_episode_reward": 0.16800868431834715, "min_episode_reward": -0.07689180970191956, "max_episode_reward": 0.3612244725227356, "mean_episode_length": 226.75, "success_rate": 0.0, "collision_rate": 0.0, "out_of_bounds_rate": 0.0, "timeout_rate": 1.0, "policy_loss": 0.023016770544927567, "value_loss": 3.0670948028564453, "entropy": 0.6120695173740387, "approx_kl": 0.041890453547239304, "clip_fraction": 0.2884521484375, "grad_norm": 23.985711812973022, "explained_variance": 0.908356785774231, "action_std_mean": 0.32869988679885864, "optimizer_iterations": 4.0, "lr": 9.97952e-05}
{"step": 14336, "wall_time": 1790745760.2090313, "episodes_completed": 4.0, "mean_episode_reward": 5.642903508618474, "std_episode_reward": 12.444689857612806, "min_episode_reward": -12.030332565307617, "max_episode_reward": 18.443252563476562, "mean_episode_length": 218.0, "success_rate": 0.5, "collision_rate": 0.25, "out_of_bounds_rate": 0.0, "timeout_rate": 0.25, "policy_loss": 0.007876154966652393, "value_loss": 4.60077440738678, "entropy": 0.6124307215213776, "approx_kl": 0.0237936326302588, "clip_fraction": 0.1981201171875, "grad_norm": 27.07898235321045, "explained_variance": 0.9095310568809509, "action_std_mean": 0.3287503719329834, "optimizer_iterations": 4.0, "lr": 9.975424000000001e-05}
{"step": 16384, "wall_time": 1790745768.9421291, "episodes_completed": 8.0, "mean_episode_reward": 8.459527313709259, "std_episode_reward": 9.83390231699777, "min_episode_reward": -8.867520332336426, "max_episode_reward": 17.97016716003418, "mean_episode_length": 114.0, "success_rate": 0.75, "collision_rate": 0.25, "out_of_bounds_rate": 0.0, "timeout_rate": 0.0, "policy_loss": 0.0072095999494194984, "value_loss": 8.589573621749878, "entropy": 0.6127306520938873, "approx_kl": 0.02221733331680298, "clip_fraction": 0.1640625, "grad_norm": 30.740551233291626, "explained_variance": 0.6003237962722778, "action_std_mean": 0.32880645990371704, "optimizer_iterations": 4.0, "lr": 9.971328e-05}
{"step": 18432, "wall_time": 1790745777.6926262, "episodes_completed": 1.0, "mean_episode_reward": 12.551263809204102, "std_episode_reward": 0.0, "min_episode_reward": 12.551263809204102, "max_episode_reward": 12.551263809204102, "mean_episode_length": 76.0, "success_rate": 1.0, "collision_rate": 0.0, "out_of_bounds_rate": 0.0, "timeout_rate": 0.0, "policy_loss": -0.0004589496529661119, "value_loss": 2.5587030053138733, "entropy": 0.6131247282028198, "approx_kl": 0.008917746366932988, "clip_fraction": 0.1038818359375, "grad_norm": 23.619423747062683, "explained_variance": 0.9275825619697571, "action_std_mean": 0.32889705896377563, "optimizer_iterations": 4.0, "lr": 9.967232000000001e-05}
{"step": 20480, "wall_time": 1790745787.511574, "episodes_completed": 2.0, "mean_episode_reward": 7.60153591632843, "std_episode_reward": 7.363426089286804, "min_episode_reward": 0.23810982704162598, "max_episode_reward": 14.964962005615234, "mean_episode_length": 125.5, "success_rate": 0.5, "collision_rate": 0.0, "out_of_bounds_rate": 0.0, "timeout_rate": 0.5, "policy_loss": 0.00024404097348451614, "value_loss": 2.174954354763031, "entropy": 0.613722413778305, "approx_kl": 0.007251101778820157, "clip_fraction": 0.093505859375, "grad_norm": 16.73848271369934, "explained_variance": 0.9352404475212097, "action_std_mean": 0.3289743661880493, "optimizer_iterations": 4.0, "lr": 9.963136000000001e-05}
{"step": 22528, "wall_time": 1790745796.3727362, "episodes_completed": 2.0, "mean_episode_reward": 17.674376487731934, "std_episode_reward": 0.5452165603637695, "min_episode_reward": 17.129159927368164, "max_episode_reward": 18.219593048095703, "mean_episode_length": 192.5, "success_rate": 1.0, "collision_rate": 0.0, "out_of_bounds_rate": 0.0, "timeout_rate": 0.0, "policy_loss": -0.0005430262535810471, "value_loss": 1.540245145559311, "entropy": 0.6140714883804321, "approx_kl": 0.004876447434071451, "clip_fraction": 0.0587158203125, "grad_norm": 11.205448746681213, "explained_variance": 0.8953496813774109, "action_std_mean": 0.32901424169540405, "optimizer_iterations": 4.0, "lr": 9.95904e-05}
{"step": 24576, "wall_time": 1790745805.2549398, "episodes_completed": 4.0, "mean_episode_reward": 3.2031030654907227, "std_episode_reward": 12.406327620455606, "min_episode_reward": -9.312570571899414, "max_episode_reward": 16.742942810058594, "mean_episode_length": 83.25, "success_rate": 0.5, "collision_rate": 0.5, "out_of_bounds_rate": 0.0, "timeout_rate": 0.0, "policy_loss": -0.003589564934372902, "value_loss": 3.2309783697128296, "entropy": 0.6142905652523041, "approx_kl": 0.00915115512907505, "clip_fraction": 0.0628662109375, "grad_norm": 19.762775778770447, "explained_variance": 0.5786408185958862, "action_std_mean": 0.32904839515686035, "optimizer_iterations": 4.0, "lr": 9.954944000000001e-05}
{"step": 26624, "wall_time": 1790745814.0901382, "episodes_completed": 1.0, "mean_episode_reward": -0.2467762529850006, "std_episode_reward": 0.0, "min_episode_reward": -0.2467762529850006, "max_episode_reward": -0.2467762529850006, "mean_episode_length": 171.0, "success_rate": 0.0, "collision_rate": 0.0, "out_of_bounds_rate": 0.0, "timeout_rate": 1.0, "policy_loss": 0.0012184166116639972, "value_loss": 0.6906354874372482, "entropy": 0.6144858598709106, "approx_kl": 0.008480487624183297, "clip_fraction": 0.1090087890625, "grad_norm": 12.145660638809204, "explained_variance": 0.8370036482810974, "action_std_mean": 0.32905882596969604, "optimizer_iterations": 4.0, "lr": 9.950848e-05}
{"step": 28672, "wall_time": 1790745822.8540998, "episodes_completed": 9.0, "mean_episode_reward": 1.1052856563280027, "std_episode_reward": 9.388248931879087, "min_episode_reward": -10.19908618927002, "max_episode_reward": 15.158760070800781, "mean_episode_length": 76.22222222222223, "success_rate": 0.3333333333333333, "collision_rate": 0.3333333333333333, "out_of_bounds_rate": 0.0, "timeout_rate": 0.3333333333333333, "policy_loss": 0.003642626106739044, "value_loss": 4.099920272827148, "entropy": 0.6144763231277466, "approx_kl": 0.013510007178410888, "clip_fraction": 0.162109375, "grad_norm": 32.491063833236694, "explained_variance": 0.718494176864624, "action_std_mean": 0.3290468454360962, "optimizer_iterations": 4.0, "lr": 9.946752e-05}
{"step": 30720, "wall_time": 1790745831.7637486, "episodes_completed": 5.0, "mean_episode_reward": 0.8216426581144333, "std_episode_reward": 9.683069011010149, "min_episode_reward": -10.010794639587402, "max_episode_reward": 13.505502700805664, "mean_episode_length": 43.8, "success_rate": 0.4, "collision_rate": 0.4, "out_of_bounds_rate": 0.0, "timeout_rate": 0.2, "policy_loss": 0.003062357660382986, "value_loss": 2.5757842659950256, "entropy": 0.6144069135189056, "approx_kl": 0.016215143725275993, "clip_fraction": 0.164794921875, "grad_norm": 25.67625331878662, "explained_variance": 0.8708950877189636, "action_std_mean": 0.3290419578552246, "optimizer_iterations": 4.0, "lr": 9.942656e-05}
{"step": 32768, "wall_time": 1790745840.599298, "episodes_completed": 4.0, "mean_episode_reward": -2.991926908493042, "std_episode_reward": 9.852572658237225, "min_episode_reward": -8.850418090820312, "max_episode_reward": 14.07017707824707, "mean_episode_length": 47.75, "success_rate": 0.25, "collision_rate": 0.75, "out_of_bounds_rate": 0.0, "timeout_rate": 0.0, "policy_loss": 0.0003066383069381118, "value_loss": 5.95845901966095, "entropy": 0.6144111156463623, "approx_kl": 0.01289787469431758, "clip_fraction": 0.1451416015625, "grad_norm": 22.4212384223938, "explained_variance": 0.6592894792556763, "action_std_mean": 0.32905471324920654, "optimizer_iterations": 4.0, "lr": 9.93856e-05}
{"step": 34816, "wall_time": 1790745851.1639173, "episodes_completed": 4.0, "mean_episode_reward": 12.18687105178833, "std_episode_reward": 2.0454653578775037, "min_episode_reward": 10.047553062438965, "max_episode_reward": 14.779735565185547, "mean_episode_length": 81.0, "success_rate": 1.0, "collision_rate": 0.0, "out_of_bounds_rate": 0.0, "timeout_rate": 0.0, "policy_loss": 0.0008327928371727467, "value_loss": 1.6161133646965027, "entropy": 0.6145123243331909, "approx_kl": 0.01051115756854415, "clip_fraction": 0.133056640625, "grad_norm": 11.384172439575195, "explained_variance": 0.8043158054351807, "action_std_mean": 0.32905852794647217, "optimizer_iterations": 4.0, "lr": 9.934464e-05}
{"step": 36864, "wall_time": 1790745861.1601179, "episodes_completed": 2.0, "mean_episode_reward": 5.984654441475868, "std_episode_reward": 6.013500198721886, "min_episode_reward": -0.028845757246017456, "max_episode_reward": 11.998154640197754, "mean_episode_length": 112.0, "success_rate": 0.5, "collision_rate": 0.0, "out_of_bounds_rate": 0.0, "timeout_rate": 0.5, "policy_loss": 0.0004756767302751541, "value_loss": 1.2105196416378021, "entropy": 0.6144382357597351, "approx_kl": 0.01010718964971602, "clip_fraction": 0.1405029296875, "grad_norm": 11.748448133468628, "explained_variance": 0.818602979183197, "action_std_mean": 0.3290109634399414, "optimizer_iterations": 4.0, "lr": 9.930368000000001e-05}
{"step": 38912, "wall_time": 1790745869.8893583, "episodes_completed": 4.0, "mean_episode_reward": 2.908837679773569, "std_episode_reward": 8.638029211900223, "min_episode_reward": -10.047750473022461, "max_episode_reward": 10.898490905761719, "mean_episode_length": 122.25, "success_rate": 0.5, "collision_rate": 0.25, "out_of_bounds_rate": 0.0, "timeout_rate": 0.25, "policy_loss": -0.0012286859564483166, "value_loss": 1.3579894006252289, "entropy": 0.6140869855880737, "approx_kl": 0.0061700488440692425, "clip_fraction": 0.07763671875, "grad_norm": 18.874607801437378, "explained_variance": 0.46775519847869873, "action_std_mean": 0.3289670944213867, "optimizer_iterations": 4.0, "lr": 9.926272000000001e-05}
{"step": 40960, "wall_time": 1790745878.84708, "episodes_completed": 9.0, "mean_episode_reward": -0.28843883456041414, "std_episode_reward": 9.01323251005292, "min_episode_reward": -9.960582733154297, "max_episode_reward": 15.485727310180664, "mean_episode_length": 97.11111111111111, "success_rate": 0.2222222222222222, "collision_rate": 0.5555555555555556, "out_of_bounds_rate": 0.0, "timeout_rate": 0.2222222222222222, "policy_loss": 0.002186647616326809, "value_loss": 6.02209210395813, "entropy": 0.6139127612113953, "approx_kl": 0.010816036141477525, "clip_fraction": 0.138671875, "grad_norm": 27.55316400527954, "explained_variance": 0.24307012557983398, "action_std_mean": 0.32894667983055115, "optimizer_iterations": 4.0, "lr": 9.922176e-05}
{"step": 43008, "wall_time": 1790745887.7624736, "episodes_completed": 4.0, "mean_episode_reward": -5.150022555142641, "std_episode_reward": 3.5362003824715864, "min_episode_reward": -9.976590156555176, "max_episode_reward": -0.051194384694099426, "mean_episode_length": 78.5, "success_rate": 0.0, "collision_rate": 0.75, "out_of_bounds_rate": 0.0, "timeout_rate": 0.25, "policy_loss": 0.0022693047649227083, "value_loss": 3.6106695532798767, "entropy": 0.613823801279068, "approx_kl": 0.009311654139310122, "clip_fraction": 0.0771484375, "grad_norm": 14.608751654624939, "explained_variance": 0.6319488286972046, "action_std_mean": 0.3289475739002228, "optimizer_iterations": 4.0, "lr": 9.918080000000001e-05}
{"step": 45056, "wall_time": 1790745896.7996724, "episodes_completed": 1.0, "mean_episode_reward": -4.99321174621582, "std_episode_reward": 0.0, "min_episode_reward": -4.99321174621582, "max_episode_reward": -4.99321174621582, "mean_episode_length": 123.0, "success_rate": 0.0, "collision_rate": 1.0, "out_of_bounds_rate": 0.0, "timeout_rate": 0.0, "policy_loss": 0.003822724334895611, "value_loss": 1.2759194076061249, "entropy": 0.613880842924118, "approx_kl": 0.00794733059592545, "clip_fraction": 0.0780029296875, "grad_norm": 13.06452488899231, "explained_variance": 0.7697155475616455, "action_std_mean": 0.32896435260772705, "optimizer_iterations": 4.0, "lr": 9.913984e-05}
{"step": 47104, "wall_time": 1790745907.7807918, "episodes_completed": 1.0, "mean_episode_reward": -7.416316986083984, "std_episode_reward": 0.0, "min_episode_reward": -7.416316986083984, "max_episode_reward": -7.416316986083984, "mean_episode_length": 57.0, "success_rate": 0.0, "collision_rate": 1.0, "out_of_bounds_rate": 0.0, "timeout_rate": 0.0, "policy_loss": -0.004145678132772446, "value_loss": 1.3647005259990692, "entropy": 0.614003598690033, "approx_kl": 0.007198948806035332, "clip_fraction": 0.073486328125, "grad_norm": 11.380425214767456, "explained_variance": 0.7297149896621704, "action_std_mean": 0.32899370789527893, "optimizer_iterations": 4.0, "lr": 9.909888e-05}
{"step": 49152, "wall_time": 1790745916.3466065, "episodes_completed": 3.0, "mean_episode_reward": -3.5296649833520255, "std_episode_reward": 4.8593082664154, "min_episode_reward": -10.399693489074707, "max_episode_reward": 0.05145364999771118, "mean_episode_length": 95.33333333333333, "success_rate": 0.0, "collision_rate": 0.3333333333333333, "out_of_bounds_rate": 0.0, "timeout_rate": 0.6666666666666666, "policy_loss": 0.0008555776439607143, "value_loss": 0.6940276026725769, "entropy": 0.6141554415225983, "approx_kl": 0.006355996709316969, "clip_fraction": 0.0809326171875, "grad_norm": 8.617803931236267, "explained_variance": 0.886049211025238, "action_std_mean": 0.32898709177970886, "optimizer_iterations": 4.0, "lr": 9.905792000000001e-05}
{"step": 51200, "wall_time": 1790745924.9884596, "episodes_completed": 2.0, "mean_episode_reward": 11.468830108642578, "std_episode_reward": 1.32989501953125, "min_episode_reward": 10.138935089111328, "max_episode_reward": 12.798725128173828, "mean_episode_length": 32.0, "success_rate": 1.0, "collision_rate": 0.0, "out_of_bounds_rate": 0.0, "timeout_rate": 0.0, "policy_loss": -0.0016488248948007822, "value_loss": 0.6997883468866348, "entropy": 0.6140799820423126, "approx_kl": 0.013756381464190781, "clip_fraction": 0.144775390625, "grad_norm": 9.88207483291626, "explained_variance": 0.88046795129776, "action_std_mean": 0.32898759841918945, "optimizer_iterations": 4.0, "lr": 9.901696e-05}
{"step": 53248, "wall_time": 1790745936.374053, "episodes_completed": 5.0, "mean_episode_reward": -0.720385261811316, "std_episode_reward": 8.599705384014934, "min_episode_reward": -9.454257011413574, "max_episode_reward": 14.342239379882812, "mean_episode_length": 117.2, "success_rate": 0.2, "collision_rate": 0.4, "out_of_bounds_rate": 0.0, "timeout_rate": 0.4, "policy_loss": 0.002422862220555544, "value_loss": 2.3307812213897705, "entropy": 0.6141360104084015, "approx_kl": 0.011719346744939685, "clip_fraction": 0.133056640625, "grad_norm": 13.937384128570557, "explained_variance": 0.5707088708877563, "action_std_mean": 0.3289983868598938, "optimizer_iterations": 4.0, "lr": 9.8976e-05}
{"step": 55296, "wall_time": 1790745946.2930422, "episodes_completed": 3.0, "mean_episode_reward": 0.06910538673400879, "std_episode_reward": 0.7296463916814931, "min_episode_reward": -0.9018449783325195, "max_episode_reward": 0.8570988774299622, "mean_episode_length": 105.0, "success_rate": 0.0, "collision_rate": 0.3333333333333333, "out_of_bounds_rate": 0.0, "timeout_rate": 0.6666666666666666, "policy_loss": 0.0016527397965546697, "value_loss": 1.3769303560256958, "entropy": 0.6141907572746277, "approx_kl": 0.02453516935929656, "clip_fraction": 0.1715087890625, "grad_norm": 14.665341854095459, "explained_variance": 0.8188589811325073, "action_std_mean": 0.3290037512779236, "optimizer_iterations": 4.0, "lr": 9.893504e-05}
{"step": 57344, "wall_time": 1790745959.4226546, "episodes_completed": 2.0, "mean_episode_reward": 12.3934645652771, "std_episode_reward": 1.919445514678955, "min_episode_reward": 10.474019050598145, "max_episode_reward": 14.312910079956055, "mean_episode_length": 77.0, "success_rate": 1.0, "collision_rate": 0.0, "out_of_bounds_rate": 0.0, "timeout_rate": 0.0, "policy_loss": -0.00026869308203458786, "value_loss": 0.7448848783969879, "entropy": 0.6142763495445251, "approx_kl": 0.012286584358662367, "clip_fraction": 0.1566162109375, "grad_norm": 5.75200092792511, "explained_variance": 0.8164750933647156, "action_std_mean": 0.32901889085769653, "optimizer_iterations": 4.0, "lr": 9.889408e-05}
{"step": 59392, "wall_time": 1790745969.7821553, "episodes_completed": 0.0, "mean_episode_reward": NaN, "std_episode_reward": NaN, "min_episode_reward": NaN, "max_episode_reward": NaN, "mean_episode_length": NaN, "success_rate": NaN, "collision_rate": NaN, "out_of_bounds_rate": NaN, "timeout_rate": NaN, "policy_loss": -0.005189481191337109, "value_loss": 0.10531467199325562, "entropy": 0.6143065392971039, "approx_kl": 0.006526618846692145, "clip_fraction": 0.07373046875, "grad_norm": 4.0278549790382385, "explained_variance": 0.9093806147575378, "action_std_mean": 0.3290180265903473, "optimizer_iterations": 4.0, "lr": 9.885312e-05}
{"step": 61440, "wall_time": 1790745980.6964734, "episodes_completed": 5.0, "mean_episode_reward": -1.8457784354686737, "std_episode_reward": 7.4841851479918295, "min_episode_reward": -10.168903350830078, "max_episode_reward": 10.11085319519043, "mean_episode_length": 94.4, "success_rate": 0.2, "collision_rate": 0.4, "out_of_bounds_rate": 0.0, "timeout_rate": 0.4, "policy_loss": -0.0020047668367624283, "value_loss": 0.9511146545410156, "entropy": 0.6143083870410919, "approx_kl": 0.005386868608184159, "clip_fraction": 0.06640625, "grad_norm": 6.911518216133118, "explained_variance": 0.7095909118652344, "action_std_mean": 0.3290153443813324, "optimizer_iterations": 4.0, "lr": 9.881216000000001e-05}
{"step": 63488, "wall_time": 1790745989.592627, "episodes_completed": 5.0, "mean_episode_reward": 6.72443567737937, "std_episode_reward": 10.557103595480296, "min_episode_reward": -9.95805549621582, "max_episode_reward": 19.996084213256836, "mean_episode_length": 82.2, "success_rate": 0.6, "collision_rate": 0.2, "out_of_bounds_rate": 0.0, "timeout_rate": 0.2, "policy_loss": -0.0006263176910579205, "value_loss": 1.2207260429859161, "entropy": 0.6143398880958557, "approx_kl": 0.016676137689501047, "clip_fraction": 0.1890869140625, "grad_norm": 6.040879428386688, "explained_variance": 0.7309830784797668, "action_std_mean": 0.3290395736694336, "optimizer_iterations": 4.0, "lr": 9.877120000000001e-05}
{"step": 65536, "wall_time": 1790745998.3427875, "episodes_completed": 3.0, "mean_episode_reward": 4.914105415344238, "std_episode_reward": 10.627228181412477, "min_episode_reward": -9.96151065826416, "max_episode_reward": 14.20771598815918, "mean_episode_length": 58.333333333333336, "success_rate": 0.6666666666666666, "collision_rate": 0.3333333333333333, "out_of_bounds_rate": 0.0, "timeout_rate": 0.0, "policy_loss": 0.002586814749520272, "value_loss": 1.400087833404541, "entropy": 0.6145100891590118, "approx_kl": 0.019896274898201227, "clip_fraction": 0.22314453125, "grad_norm": 7.078306198120117, "explained_variance": 0.7789072394371033, "action_std_mean": 0.32907265424728394, "optimizer_iterations": 4.0, "lr": 9.873024e-05}
{"step": 67584, "wall_time": 1790746007.9811535, "episodes_completed": 8.0, "mean_episode_reward": 7.574237165506929, "std_episode_reward": 9.308687339059816, "min_episode_reward": -9.871898651123047, "max_episode_reward": 18.50722312927246, "mean_episode_length": 112.75, "success_rate": 0.625, "collision_rate": 0.125, "out_of_bounds_rate": 0.0, "timeout_rate": 0.25, "policy_loss": -0.002077223267406225, "value_loss": 2.216501832008362, "entropy": 0.6147763431072235, "approx_kl": 0.01382826897315681, "clip_fraction": 0.159912109375, "grad_norm": 6.805666446685791, "explained_variance": 0.6045550107955933, "action_std_mean": 0.32912880182266235, "optimizer_iterations": 4.0, "lr": 9.868928000000001e-05}
{"step": 69632, "wall_time": 1790746016.9182193, "episodes_completed": 2.0, "mean_episode_reward": 4.3092265129089355, "std_episode_reward": 14.00281572341919, "min_episode_reward": -9.693589210510254, "max_episode_reward": 18.312042236328125, "mean_episode_length": 110.0, "success_rate": 0.5, "collision_rate": 0.5, "out_of_bounds_rate": 0.0, "timeout_rate": 0.0, "policy_loss": -0.0038363169878721237, "value_loss": 0.9263767004013062, "entropy": 0.6150433719158173, "approx_kl": 0.018068331759423018, "clip_fraction": 0.23193359375, "grad_norm": 7.667840600013733, "explained_variance": 0.6576168537139893, "action_std_mean": 0.3291475772857666, "optimizer_iterations": 4.0, "lr": 9.864832e-05}
{"step": 71680, "wall_time": 1790746025.8173008, "episodes_completed": 5.0, "mean_episode_reward": -1.8049771670252084, "std_episode_reward": 6.765197257109693, "min_episode_reward": -10.302153587341309, "max_episode_reward": 10.033913612365723, "mean_episode_length": 127.2, "success_rate": 0.2, "collision_rate": 0.6, "out_of_bounds_rate": 0.0, "timeout_rate": 0.2, "policy_loss": -0.004302571061998606, "value_loss": 2.4302680492401123, "entropy": 0.6151057481765747, "approx_kl": 0.006145857973024249, "clip_fraction": 0.07421875, "grad_norm": 13.475001335144043, "explained_variance": 0.6262537837028503, "action_std_mean": 0.3291514813899994, "optimizer_iterations": 4.0, "lr": 9.860736e-05}
{"step": 73728, "wall_time": 1790746034.8440742, "episodes_completed": 3.0, "mean_episode_reward": 6.769046465555827, "std_episode_reward": 11.043307268933932, "min_episode_reward": -8.84427261352539, "max_episode_reward": 14.892176628112793, "mean_episode_length": 115.66666666666667, "success_rate": 0.6666666666666666, "collision_rate": 0.3333333333333333, "out_of_bounds_rate": 0.0, "timeout_rate": 0.0, "policy_loss": -0.004409944638609886, "value_loss": 1.1987594068050385, "entropy": 0.6151534616947174, "approx_kl": 0.00775063835317269, "clip_fraction": 0.0816650390625, "grad_norm": 4.9727747440338135, "explained_variance": 0.6022452116012573, "action_std_mean": 0.3291676640510559, "optimizer_iterations": 4.0, "lr": 9.85664e-05}
{"step": 75776, "wall_time": 1790746043.7904587, "episodes_completed": 6.0, "mean_episode_reward": 0.9956481630603472, "std_episode_reward": 10.217604115167884, "min_episode_reward": -10.442173957824707, "max_episode_reward": 15.105476379394531, "mean_episode_length": 126.66666666666667, "success_rate": 0.3333333333333333, "collision_rate": 0.5, "out_of_bounds_rate": 0.0, "timeout_rate": 0.16666666666666666, "policy_loss": -0.003355934051796794, "value_loss": 1.8455618917942047, "entropy": 0.6152822077274323, "approx_kl": 0.012115608667954803, "clip_fraction": 0.1331787109375, "grad_norm": 6.064376950263977, "explained_variance": 0.3957661986351013, "action_std_mean": 0.3291981816291809, "optimizer_iterations": 4.0, "lr": 9.852544e-05}
{"step": 77824, "wall_time": 1790746052.7713447, "episodes_completed": 3.0, "mean_episode_reward": -0.8594268163045248, "std_episode_reward": 11.431094288833592, "min_episode_reward": -9.96560001373291, "max_episode_reward": 15.261420249938965, "mean_episode_length": 92.66666666666667, "success_rate": 0.3333333333333333, "collision_rate": 0.6666666666666666, "out_of_bounds_rate": 0.0, "timeout_rate": 0.0, "policy_loss": -0.004071821109391749, "value_loss": 0.9221372753381729, "entropy": 0.6154598891735077, "approx_kl": 0.015809778356924653, "clip_fraction": 0.1710205078125, "grad_norm": 3.98044753074646, "explained_variance": 0.6670870184898376, "action_std_mean": 0.3292078375816345, "optimizer_iterations": 4.0, "lr": 9.848448000000001e-05}
{"step": 79872, "wall_time": 1790746062.4738486, "episodes_completed": 1.0, "mean_episode_reward": 0.10959815979003906, "std_episode_reward": 0.0, "min_episode_reward": 0.10959815979003906, "max_episode_reward": 0.10959815979003906, "mean_episode_length": 209.0, "success_rate": 0.0, "collision_rate": 0.0, "out_of_bounds_rate": 0.0, "timeout_rate": 1.0, "policy_loss": 0.00798238581046462, "value_loss": 0.10119855776429176, "entropy": 0.615452915430069, "approx_kl": 0.02152495877817273, "clip_fraction": 0.180419921875, "grad_norm": 6.830891191959381, "explained_variance": 0.9386695027351379, "action_std_mean": 0.32918891310691833, "optimizer_iterations": 4.0, "lr": 9.844352e-05}
{"step": 81920, "wall_time": 1790746071.437733, "episodes_completed": 3.0, "mean_episode_reward": 9.786762104059259, "std_episode_reward": 6.992859575283099, "min_episode_reward": 0.01446874625980854, "max_episode_reward": 15.987001419067383, "mean_episode_length": 130.66666666666666, "success_rate": 0.6666666666666666, "collision_rate": 0.0, "out_of_bounds_rate": 0.0, "timeout_rate": 0.3333333333333333, "policy_loss": -0.0017774093430489302, "value_loss": 0.5712663233280182, "entropy": 0.6153087019920349, "approx_kl": 0.009295416763052344, "clip_fraction": 0.114990234375, "grad_norm": 5.114680647850037, "explained_variance": 0.8723224401473999, "action_std_mean": 0.3291610777378082, "optimizer_iterations": 4.0, "lr": 9.840256000000001e-05}
{"step": 83968, "wall_time": 1790746080.4625287, "episodes_completed": 4.0, "mean_episode_reward": -0.5067374743521214, "std_episode_reward": 9.634382210692799, "min_episode_reward": -10.01244831085205, "max_episode_reward": 14.986459732055664, "mean_episode_length": 83.25, "success_rate": 0.25, "collision_rate": 0.5, "out_of_bounds_rate": 0.0, "timeout_rate": 0.25, "policy_loss": 0.00023642601445317268, "value_loss": 1.406654804944992, "entropy": 0.6151577532291412, "approx_kl": 0.016736792400479317, "clip_fraction": 0.174072265625, "grad_norm": 13.15335988998413, "explained_variance": 0.7233214378356934, "action_std_mean": 0.32914578914642334, "optimizer_iterations": 4.0, "lr": 9.83616e-05}
{"step": 86016, "wall_time": 1790746089.3563576, "episodes_completed": 4.0, "mean_episode_reward": 7.739046573638916, "std_episode_reward": 7.037110870323713, "min_episode_reward": -4.144126892089844, "max_episode_reward": 14.206964492797852, "mean_episode_length": 78.75, "success_rate": 0.75, "collision_rate": 0.25, "out_of_bounds_rate": 0.0, "timeout_rate": 0.0, "policy_loss": 0.0009050597436726093, "value_loss": 1.4958567023277283, "entropy": 0.6150821149349213, "approx_kl": 0.012599645415320992, "clip_fraction": 0.1240234375, "grad_norm": 10.241769790649414, "explained_variance": 0.5783543586730957, "action_std_mean": 0.3291340470314026, "optimizer_iterations": 4.0, "lr": 9.832064000000001e-05}
{"step": 88064, "wall_time": 1790746098.3091927, "episodes_completed": 6.0, "mean_episode_reward": 3.0896332169262073, "std_episode_reward": 7.933416563508158, "min_episode_reward": -8.292632102966309, "max_episode_reward": 15.084169387817383, "mean_episode_length": 92.5, "success_rate": 0.3333333333333333, "collision_rate": 0.16666666666666666, "out_of_bounds_rate": 0.0, "timeout_rate": 0.5, "policy_loss": -0.0026983749121427536, "value_loss": 1.2424849569797516, "entropy": 0.6150215268135071, "approx_kl": 0.010209814878180623, "clip_fraction": 0.0826416015625, "grad_norm": 7.7286887764930725, "explained_variance": 0.6378786563873291, "action_std_mean": 0.329134464263916, "optimizer_iterations": 4.0, "lr": 9.827968e-05}
{"step": 90112, "wall_time": 1790746107.189167, "episodes_completed": 4.0, "mean_episode_reward": 10.881416775286198, "std_episode_reward": 6.9083893970284596, "min_episode_reward": -0.0526486337184906, "max_episode_reward": 18.578617095947266, "mean_episode_length": 110.25, "success_rate": 0.75, "collision_rate": 0.0, "out_of_bounds_rate": 0.0, "timeout_rate": 0.25, "policy_loss": -0.0003450356889516115, "value_loss": 0.7117668688297272, "entropy": 0.6149900853633881, "approx_kl": 0.017878627288155258, "clip_fraction": 0.1907958984375, "grad_norm": 4.79789936542511, "explained_variance": 0.6555931568145752, "action_std_mean": 0.3291056454181671, "optimizer_iterations": 4.0, "lr": 9.823872e-05}
{"step": 92160, "wall_time": 1790746116.331333, "episodes_completed": 2.0, "mean_episode_reward": -8.464699029922485, "std_episode_reward": 1.8023030757904053, "min_episode_reward": -10.26700210571289, "max_episode_reward": -6.66239595413208, "mean_episode_length": 128.0, "success_rate": 0.0, "collision_rate": 1.0, "out_of_bounds_rate": 0.0, "timeout_rate": 0.0, "policy_loss": -0.002515996340662241, "value_loss": 1.2908221781253815, "entropy": 0.6148317456245422, "approx_kl": 0.015228073112666607, "clip_fraction": 0.1629638671875, "grad_norm": 7.173264861106873, "explained_variance": 0.7082438468933105, "action_std_mean": 0.32909834384918213, "optimizer_iterations": 4.0, "lr": 9.819776000000001e-05}
{"step": 94208, "wall_time": 1790746125.342034, "episodes_completed": 6.0, "mean_episode_reward": -1.2932969729105632, "std_episode_reward": 9.198175801274552, "min_episode_reward": -10.018738746643066, "max_episode_reward": 12.725454330444336, "mean_episode_length": 51.333333333333336, "success_rate": 0.3333333333333333, "collision_rate": 0.6666666666666666, "out_of_bounds_rate": 0.0, "timeout_rate": 0.0, "policy_loss": 0.002949145156890154, "value_loss": 2.621591627597809, "entropy": 0.6148447692394257, "approx_kl": 0.0112448048312217, "clip_fraction": 0.1317138671875, "grad_norm": 18.39430570602417, "explained_variance": 0.3812258243560791, "action_std_mean": 0.3291042745113373, "optimizer_iterations": 4.0, "lr": 9.81568e-05}
{"step": 96256, "wall_time": 1790746134.2147973, "episodes_completed": 5.0, "mean_episode_reward": 2.9232372980564834, "std_episode_reward": 7.1769590482778405, "min_episode_reward": -7.432225227355957, "max_episode_reward": 11.975984573364258, "mean_episode_length": 64.0, "success_rate": 0.4, "collision_rate": 0.2, "out_of_bounds_rate": 0.0, "timeout_rate": 0.4, "policy_loss": -0.0012480353470891714, "value_loss": 1.2300423979759216, "entropy": 0.61497962474823, "approx_kl": 0.00841137720271945, "clip_fraction": 0.09521484375, "grad_norm": 7.085717439651489, "explained_variance": 0.7522710561752319, "action_std_mean": 0.32916539907455444, "optimizer_iterations": 4.0, "lr": 9.811584000000001e-05}
{"step": 98304, "wall_time": 1790746143.10147, "episodes_completed": 4.0, "mean_episode_reward": 4.391012153588235, "std_episode_reward": 10.324803899298905, "min_episode_reward": -10.398613929748535, "max_episode_reward": 15.435590744018555, "mean_episode_length": 128.25, "success_rate": 0.5, "collision_rate": 0.25, "out_of_bounds_rate": 0.0, "timeout_rate": 0.25, "policy_loss": -0.002910760696977377, "value_loss": 1.0167748183012009, "entropy": 0.6153950691223145, "approx_kl": 0.009178166976198554, "clip_fraction": 0.1195068359375, "grad_norm": 5.621630668640137, "explained_variance": 0.7411313056945801, "action_std_mean": 0.32922038435935974, "optimizer_iterations": 4.0, "lr": 9.807488e-05}
{"step": 100352, "wall_time": 1790746152.1279445, "episodes_completed": 6.0, "mean_episode_reward": 11.3543221950531, "std_episode_reward": 5.452698281500935, "min_episode_reward": -0.14705801010131836, "max_episode_reward": 16.24748420715332, "mean_episode_length": 73.16666666666667, "success_rate": 0.8333333333333334, "collision_rate": 0.0, "out_of_bounds_rate": 0.0, "timeout_rate": 0.16666666666666666, "policy_loss": -0.002544049173593521, "value_loss": 1.2155710458755493, "entropy": 0.6156461238861084, "approx_kl": 0.004683106031734496, "clip_fraction": 0.05810546875, "grad_norm": 6.703842282295227, "explained_variance": 0.6619366407394409, "action_std_mean": 0.329241544008255, "optimizer_iterations": 4.0, "lr": 9.803392e-05}
{"step": 102400, "wall_time": 1790746161.0912864, "episodes_completed": 6.0, "mean_episode_reward": -3.465027173360189, "std_episode_reward": 7.6870742462154, "min_episode_reward": -10.040544509887695, "max_episode_reward": 12.631877899169922, "mean_episode_length": 74.5, "success_rate": 0.16666666666666666, "collision_rate": 0.8333333333333334, "out_of_bounds_rate": 0.0, "timeout_rate": 0.0, "policy_loss": 0.0022017434239387512, "value_loss": 3.503665804862976, "entropy": 0.615711510181427, "approx_kl": 0.010840856237336993, "clip_fraction": 0.108642578125, "grad_norm": 18.5296071767807, "explained_variance": 0.418775737285614, "action_std_mean": 0.3292345106601715, "optimizer_iterations": 4.0, "lr": 9.799296e-05}
{"step": 104448, "wall_time": 1790746170.0564253, "episodes_completed": 6.0, "mean_episode_reward": 10.788203875223795, "std_episode_reward": 9.111253298271517, "min_episode_reward": -8.526904106140137, "max_episode_reward": 18.526710510253906, "mean_episode_length": 89.0, "success_rate": 0.8333333333333334, "collision_rate": 0.16666666666666666, "out_of_bounds_rate": 0.0, "timeout_rate": 0.0, "policy_loss": -0.0017858525970950723, "value_loss": 1.3135620653629303, "entropy": 0.615652471780777, "approx_kl": 0.013716535177081823, "clip_fraction": 0.152587890625, "grad_norm": 7.386078238487244, "explained_variance": 0.7176100015640259, "action_std_mean": 0.32922735810279846, "optimizer_iterations": 4.0, "lr": 9.7952e-05}
{"step": 106496, "wall_time": 1790746179.1110091, "episodes_completed": 2.0, "mean_episode_reward": -0.000616787001490593, "std_episode_reward": 0.018947409465909004, "min_episode_reward": -0.019564196467399597, "max_episode_reward": 0.01833062246441841, "mean_episode_length": 106.0, "success_rate": 0.0, "collision_rate": 0.0, "out_of_bounds_rate": 0.0, "timeout_rate": 1.0, "policy_loss": 0.016332467086613178, "value_loss": 0.24550123140215874, "entropy": 0.6156370043754578, "approx_kl": 0.05851161386817694, "clip_fraction": 0.3250732421875, "grad_norm": 11.36739981174469, "explained_variance": 0.8196961879730225, "action_std_mean": 0.32922834157943726, "optimizer_iterations": 4.0, "lr": 9.791104000000001e-05}
{"step": 108544, "wall_time": 1790746188.1921952, "episodes_completed": 5.0, "mean_episode_reward": 12.59489040374756, "std_episode_reward": 1.8891217927540993, "min_episode_reward": 10.69566822052002, "max_episode_reward": 15.180561065673828, "mean_episode_length": 80.6, "success_rate": 1.0, "collision_rate": 0.0, "out_of_bounds_rate": 0.0, "timeout_rate": 0.0, "policy_loss": 0.001831013709306717, "value_loss": 1.0806171596050262, "entropy": 0.6156120896339417, "approx_kl": 0.011744064278900623, "clip_fraction": 0.15185546875, "grad_norm": 7.847952246665955, "explained_variance": 0.6770832538604736, "action_std_mean": 0.3292096257209778, "optimizer_iterations": 4.0, "lr": 9.787008e-05}
{"step": 110592, "wall_time": 1790746197.184159, "episodes_completed": 4.0, "mean_episode_reward": 3.242755743674934, "std_episode_reward": 8.030098609571782, "min_episode_reward": -8.399703979492188, "max_episode_reward": 11.021162986755371, "mean_episode_length": 75.25, "success_rate": 0.5, "collision_rate": 0.25, "out_of_bounds_rate": 0.0, "timeout_rate": 0.25, "policy_loss": 0.0014320526388473809, "value_loss": 1.6818272471427917, "entropy": 0.615436464548111, "approx_kl": 0.01699408609420061, "clip_fraction": 0.207763671875, "grad_norm": 10.714956998825073, "explained_variance": 0.42285192012786865, "action_std_mean": 0.3291645050048828, "optimizer_iterations": 4.0, "lr": 9.782912000000001e-05}
{"step": 112640, "wall_time": 1790746206.1344295, "episodes_completed": 3.0, "mean_episode_reward": 1.9984077662229538, "std_episode_reward": 6.402845361801429, "min_episode_reward": -4.574237823486328, "max_episode_reward": 10.678698539733887, "mean_episode_length": 71.0, "success_rate": 0.3333333333333333, "collision_rate": 0.3333333333333333, "out_of_bounds_rate": 0.0, "timeout_rate": 0.3333333333333333, "policy_loss": -0.0036616637371480465, "value_loss": 1.4895453453063965, "entropy": 0.615167886018753, "approx_kl": 0.010634918580763042, "clip_fraction": 0.085693359375, "grad_norm": 14.627939581871033, "explained_variance": 0.5852382779121399, "action_std_mean": 0.3291252553462982, "optimizer_iterations": 4.0, "lr": 9.778816e-05}
{"step": 114688, "wall_time": 1790746214.9595456, "episodes_completed": 1.0, "mean_episode_reward": -0.03156392276287079, "std_episode_reward": 0.0, "min_episode_reward": -0.03156392276287079, "max_episode_reward": -0.03156392276287079, "mean_episode_length": 233.0, "success_rate": 0.0, "collision_rate": 0.0, "out_of_bounds_rate": 0.0, "timeout_rate": 1.0, "policy_loss": -0.004271934740245342, "value_loss": 0.2089085504412651, "entropy": 0.614935427904129, "approx_kl": 0.010601107263937593, "clip_fraction": 0.1304931640625, "grad_norm": 6.2694538831710815, "explained_variance": 0.888582170009613, "action_std_mean": 0.32907724380493164, "optimizer_iterations": 4.0, "lr": 9.774720000000001e-05}
{"step": 116736, "wall_time": 1790746223.7068903, "episodes_completed": 5.0, "mean_episode_reward": 10.805868163704872, "std_episode_reward": 6.121695302928614, "min_episode_reward": 0.02493007481098175, "max_episode_reward": 18.726911544799805, "mean_episode_length": 105.4, "success_rate": 0.8, "collision_rate": 0.0, "out_of_bounds_rate": 0.0, "timeout_rate": 0.2, "policy_loss": -0.001623536751139909, "value_loss": 0.934135302901268, "entropy": 0.6146431863307953, "approx_kl": 0.012586768250912428, "clip_fraction": 0.1575927734375, "grad_norm": 5.365682363510132, "explained_variance": 0.7274699807167053, "action_std_mean": 0.32903528213500977, "optimizer_iterations": 4.0, "lr": 9.770624e-05}
{"step": 118784, "wall_time": 1790746232.51115, "episodes_completed": 7.0, "mean_episode_reward": 1.7958641999534197, "std_episode_reward": 8.895333662798844, "min_episode_reward": -9.956440925598145, "max_episode_reward": 12.402240753173828, "mean_episode_length": 87.28571428571429, "success_rate": 0.42857142857142855, "collision_rate": 0.42857142857142855, "out_of_bounds_rate": 0.0, "timeout_rate": 0.14285714285714285, "policy_loss": 0.0026239920407533646, "value_loss": 2.5581094622612, "entropy": 0.6143808662891388, "approx_kl": 0.012290826067328453, "clip_fraction": 0.164306640625, "grad_norm": 8.13337767124176, "explained_variance": 0.3614080548286438, "action_std_mean": 0.328988641500473, "optimizer_iterations": 4.0, "lr": 9.766528e-05}
{"step": 120832, "wall_time": 1790746241.1909187, "episodes_completed": 2.0, "mean_episode_reward": -0.5582610312849283, "std_episode_reward": 0.5325011070817709, "min_episode_reward": -1.0907621383666992, "max_episode_reward": -0.025759924203157425, "mean_episode_length": 186.5, "success_rate": 0.0, "collision_rate": 0.5, "out_of_bounds_rate": 0.0, "timeout_rate": 0.5, "policy_loss": -0.006652500480413437, "value_loss": 0.44027967751026154, "entropy": 0.6141728460788727, "approx_kl": 0.012265734374523163, "clip_fraction": 0.0924072265625, "grad_norm": 6.400641918182373, "explained_variance": 0.8257450461387634, "action_std_mean": 0.3289846181869507, "optimizer_iterations": 4.0, "lr": 9.762432000000001e-05}
{"step": 122880, "wall_time": 1790746250.11178, "episodes_completed": 1.0, "mean_episode_reward": -0.09220246970653534, "std_episode_reward": 0.0, "min_episode_reward": -0.09220246970653534, "max_episode_reward": -0.09220246970653534, "mean_episode_length": 238.0, "success_rate": 0.0, "collision_rate": 0.0, "out_of_bounds_rate": 0.0, "timeout_rate": 1.0, "policy_loss": -0.001598938601091504, "value_loss": 0.14474937692284584, "entropy": 0.6142084896564484, "approx_kl": 0.011635322822257876, "clip_fraction": 0.1451416015625, "grad_norm": 6.6372246742248535, "explained_variance": 0.9031527638435364, "action_std_mean": 0.3289942741394043, "optimizer_iterations": 4.0, "lr": 9.758336e-05}
{"step": 124928, "wall_time": 1790746260.0350835, "episodes_completed": 4.0, "mean_episode_reward": -5.442891037091613, "std_episode_reward": 4.720106822851031, "min_episode_reward": -10.255825996398926, "max_episode_reward": 0.018213607370853424, "mean_episode_length": 104.0, "success_rate": 0.0, "collision_rate": 0.75, "out_of_bounds_rate": 0.0, "timeout_rate": 0.25, "policy_loss": -0.003530958667397499, "value_loss": 1.4381217956542969, "entropy": 0.61434006690979, "approx_kl": 0.008633596822619438, "clip_fraction": 0.11962890625, "grad_norm": 5.629943013191223, "explained_variance": 0.4450876712799072, "action_std_mean": 0.32904958724975586, "optimizer_iterations": 4.0, "lr": 9.75424e-05}
{"step": 126976, "wall_time": 1790746272.3628101, "episodes_completed": 4.0, "mean_episode_reward": 2.780821681022644, "std_episode_reward": 9.436352586941085, "min_episode_reward": -9.9500093460083, "max_episode_reward": 13.182784080505371, "mean_episode_length": 62.75, "success_rate": 0.5, "collision_rate": 0.5, "out_of_bounds_rate": 0.0, "timeout_rate": 0.0, "policy_loss": -0.001171605195850134, "value_loss": 0.9603163003921509, "entropy": 0.6147232055664062, "approx_kl": 0.007728321012109518, "clip_fraction": 0.0950927734375, "grad_norm": 11.08465826511383, "explained_variance": 0.7327580451965332, "action_std_mean": 0.32911109924316406, "optimizer_iterations": 4.0, "lr": 9.750144e-05}
{"step": 129024, "wall_time": 1790746282.2377102, "episodes_completed": 2.0, "mean_episode_reward": 7.658801907673478, "std_episode_reward": 7.643228655681014, "min_episode_reward": 0.015573251992464066, "max_episode_reward": 15.302030563354492, "mean_episode_length": 217.5, "success_rate": 0.5, "collision_rate": 0.0, "out_of_bounds_rate": 0.0, "timeout_rate": 0.5, "policy_loss": -0.0015498977154493332, "value_loss": 0.2571437545120716, "entropy": 0.6149157583713531, "approx_kl": 0.01172292698174715, "clip_fraction": 0.15087890625, "grad_norm": 3.3741447925567627, "explained_variance": 0.8486102223396301, "action_std_mean": 0.3290714621543884, "optimizer_iterations": 4.0, "lr": 9.746048000000001e-05}
{"step": 131072, "wall_time": 1790746291.348593, "episodes_completed": 7.0, "mean_episode_reward": -3.380141947950636, "std_episode_reward": 4.261847405970902, "min_episode_reward": -10.048927307128906, "max_episode_reward": -0.008274279534816742, "mean_episode_length": 108.42857142857143, "success_rate": 0.0, "collision_rate": 0.7142857142857143, "out_of_bounds_rate": 0.0, "timeout_rate": 0.2857142857142857, "policy_loss": -0.004531293408945203, "value_loss": 2.1761155128479004, "entropy": 0.6145768463611603, "approx_kl": 0.004440329968929291, "clip_fraction": 0.0523681640625, "grad_norm": 9.040923357009888, "explained_variance": 0.454484760761261, "action_std_mean": 0.3290271759033203, "optimizer_iterations": 4.0, "lr": 9.741952e-05}
{"step": 133120, "wall_time": 1790746301.133519, "episodes_completed": 5.0, "mean_episode_reward": 0.6859604954719544, "std_episode_reward": 6.330404344345134, "min_episode_reward": -6.864960670471191, "max_episode_reward": 12.299838066101074, "mean_episode_length": 117.6, "success_rate": 0.2, "collision_rate": 0.4, "out_of_bounds_rate": 0.0, "timeout_rate": 0.4, "policy_loss": -0.0033439421094954014, "value_loss": 1.8033155798912048, "entropy": 0.6143993139266968, "approx_kl": 0.008452615235000849, "clip_fraction": 0.080078125, "grad_norm": 10.131936311721802, "explained_variance": 0.5269309282302856, "action_std_mean": 0.3290148377418518, "optimizer_iterations": 4.0, "lr": 9.737856000000001e-05}
{"step": 135168, "wall_time": 1790746309.9720528, "episodes_completed": 2.0, "mean_episode_reward": 3.6704373359680176, "std_episode_reward": 13.333444118499756, "min_episode_reward": -9.663006782531738, "max_episode_reward": 17.003881454467773, "mean_episode_length": 83.0, "success_rate": 0.5, "collision_rate": 0.5, "out_of_bounds_rate": 0.0, "timeout_rate": 0.0, "policy_loss": 0.007833525189198554, "value_loss": 0.9015093743801117, "entropy": 0.6143567562103271, "approx_kl": 0.032463978976011276, "clip_fraction": 0.11572265625, "grad_norm": 9.188506722450256, "explained_variance": 0.7435242533683777, "action_std_mean": 0.3290152847766876, "optimizer_iterations": 4.0, "lr": 9.733760000000001e-05}
{"step": 137216, "wall_time": 1790746318.7742567, "episodes_completed": 3.0, "mean_episode_reward": 2.115107706437508, "std_episode_reward": 8.948913875381828, "min_episode_reward": -7.649532318115234, "max_episode_reward": 13.969761848449707, "mean_episode_length": 53.333333333333336, "success_rate": 0.3333333333333333, "collision_rate": 0.3333333333333333, "out_of_bounds_rate": 0.0, "timeout_rate": 0.3333333333333333, "policy_loss": -0.0036431034095585346, "value_loss": 0.782678097486496, "entropy": 0.614361584186554, "approx_kl": 0.012436101911589503, "clip_fraction": 0.1409912109375, "grad_norm": 8.735629081726074, "explained_variance": 0.7453056573867798, "action_std_mean": 0.32901278138160706, "optimizer_iterations": 4.0, "lr": 9.729664e-05}
{"step": 139264, "wall_time": 1790746327.554459, "episodes_completed": 3.0, "mean_episode_reward": -3.5490733683109283, "std_episode_reward": 4.563942228721558, "min_episode_reward": -10.003029823303223, "max_episode_reward": -0.257383793592453, "mean_episode_length": 81.0, "success_rate": 0.0, "collision_rate": 0.6666666666666666, "out_of_bounds_rate": 0.0, "timeout_rate": 0.3333333333333333, "policy_loss": -0.0036859032697975636, "value_loss": 0.6130709052085876, "entropy": 0.6142861247062683, "approx_kl": 0.005850217770785093, "clip_fraction": 0.0531005859375, "grad_norm": 6.528991103172302, "explained_variance": 0.7597700953483582, "action_std_mean": 0.328978955745697, "optimizer_iterations": 4.0, "lr": 9.725568000000001e-05}
{"step": 141312, "wall_time": 1790746336.5285723, "episodes_completed": 2.0, "mean_episode_reward": 5.389939308166504, "std_episode_reward": 11.62586498260498, "min_episode_reward": -6.235925674438477, "max_episode_reward": 17.015804290771484, "mean_episode_length": 125.0, "success_rate": 0.5, "collision_rate": 0.5, "out_of_bounds_rate": 0.0, "timeout_rate": 0.0, "policy_loss": -0.009333580266684294, "value_loss": 0.7791639864444733, "entropy": 0.6141074597835541, "approx_kl": 0.010298604844138026, "clip_fraction": 0.08740234375, "grad_norm": 5.54265022277832, "explained_variance": 0.7258100509643555, "action_std_mean": 0.32896870374679565, "optimizer_iterations": 4.0, "lr": 9.721472e-05}
{"step": 143360, "wall_time": 1790746345.8902988, "episodes_completed": 6.0, "mean_episode_reward": 4.233971984436114, "std_episode_reward": 7.923570781313559, "min_episode_reward": -9.275872230529785, "max_episode_reward": 11.988275527954102, "mean_episode_length": 84.66666666666667, "success_rate": 0.5, "collision_rate": 0.16666666666666666, "out_of_bounds_rate": 0.0, "timeout_rate": 0.3333333333333333, "policy_loss": 0.00016994355246424675, "value_loss": 1.5055152773857117, "entropy": 0.6140541136264801, "approx_kl": 0.011025195475667715, "clip_fraction": 0.1171875, "grad_norm": 7.638140797615051, "explained_variance": 0.6120359897613525, "action_std_mean": 0.3289564549922943, "optimizer_iterations": 4.0, "lr": 9.717376e-05}
{"step": 145408, "wall_time": 1790746355.633577, "episodes_completed": 5.0, "mean_episode_reward": -0.39390226304531095, "std_episode_reward": 6.245285078858283, "min_episode_reward": -8.66873550415039, "max_episode_reward": 10.285703659057617, "mean_episode_length": 99.8, "success_rate": 0.2, "collision_rate": 0.6, "out_of_bounds_rate": 0.0, "timeout_rate": 0.2, "policy_loss": -0.001884935423731804, "value_loss": 1.904395878314972, "entropy": 0.6139744818210602, "approx_kl": 0.00932247971650213, "clip_fraction": 0.10693359375, "grad_norm": 8.358962416648865, "explained_variance": 0.5370912551879883, "action_std_mean": 0.3289467692375183, "optimizer_iterations": 4.0, "lr": 9.71328e-05}
{"step": 147456, "wall_time": 1790746367.1814651, "episodes_completed": 0.0, "mean_episode_reward": NaN, "std_episode_reward": NaN, "min_episode_reward": NaN, "max_episode_reward": NaN, "mean_episode_length": NaN, "success_rate": NaN, "collision_rate": NaN, "out_of_bounds_rate": NaN, "timeout_rate": NaN, "policy_loss": -0.0008719246834516525, "value_loss": 0.07612278126180172, "entropy": 0.6139123439788818, "approx_kl": 0.011360381031408906, "clip_fraction": 0.1251220703125, "grad_norm": 5.454844653606415, "explained_variance": 0.9618342518806458, "action_std_mean": 0.32893240451812744, "optimizer_iterations": 4.0, "lr": 9.709184e-05}
{"step": 149504, "wall_time": 1790746376.767658, "episodes_completed": 7.0, "mean_episode_reward": 6.693787011717047, "std_episode_reward": 7.9364759187443354, "min_episode_reward": -5.466143608093262, "max_episode_reward": 17.649578094482422, "mean_episode_length": 75.42857142857143, "success_rate": 0.5714285714285714, "collision_rate": 0.14285714285714285, "out_of_bounds_rate": 0.0, "timeout_rate": 0.2857142857142857, "policy_loss": -0.002121433848515153, "value_loss": 1.3299349248409271, "entropy": 0.6137840151786804, "approx_kl": 0.007684280630201101, "clip_fraction": 0.084228515625, "grad_norm": 9.481219291687012, "explained_variance": 0.6522009372711182, "action_std_mean": 0.32889050245285034, "optimizer_iterations": 4.0, "lr": 9.705088e-05}
{"step": 151552, "wall_time": 1790746385.5971103, "episodes_completed": 6.0, "mean_episode_reward": 2.5557823181152344, "std_episode_reward": 9.113244942345235, "min_episode_reward": -8.382880210876465, "max_episode_reward": 13.818353652954102, "mean_episode_length": 131.5, "success_rate": 0.5, "collision_rate": 0.5, "out_of_bounds_rate": 0.0, "timeout_rate": 0.0, "policy_loss": 0.0011111190542578697, "value_loss": 2.602788507938385, "entropy": 0.6134636700153351, "approx_kl": 0.03547468734905124, "clip_fraction": 0.12939453125, "grad_norm": 6.368544518947601, "explained_variance": 0.3264082074165344, "action_std_mean": 0.328824520111084, "optimizer_iterations": 4.0, "lr": 9.700992000000002e-05}
{"step": 153600, "wall_time": 1790746394.7786674, "episodes_completed": 6.0, "mean_episode_reward": 0.4749745558947325, "std_episode_reward": 9.950000267114676, "min_episode_reward": -9.950437545776367, "max_episode_reward": 14.407955169677734, "mean_episode_length": 87.66666666666667, "success_rate": 0.3333333333333333, "collision_rate": 0.5, "out_of_bounds_rate": 0.0, "timeout_rate": 0.16666666666666666, "policy_loss": -0.0028817947022616863, "value_loss": 1.3333008587360382, "entropy": 0.6130594611167908, "approx_kl": 0.013839447521604598, "clip_fraction": 0.164306640625, "grad_norm": 6.60266387462616, "explained_variance": 0.6521320939064026, "action_std_mean": 0.32875847816467285, "optimizer_iterations": 4.0, "lr": 9.696896000000001e-05}
{"step": 155648, "wall_time": 1790746403.7378051, "episodes_completed": 3.0, "mean_episode_reward": 4.798555056254069, "std_episode_reward": 10.568004304413268, "min_episode_reward": -9.982256889343262, "max_episode_reward": 14.104625701904297, "mean_episode_length": 50.0, "success_rate": 0.6666666666666666, "collision_rate": 0.3333333333333333, "out_of_bounds_rate": 0.0, "timeout_rate": 0.0, "policy_loss": 0.0008340403437614441, "value_loss": 0.7232889235019684, "entropy": 0.6126938760280609, "approx_kl": 0.019487714394927025, "clip_fraction": 0.2095947265625, "grad_norm": 5.404475569725037, "explained_variance": 0.6110970973968506, "action_std_mean": 0.32870498299598694, "optimizer_iterations": 4.0, "lr": 9.6928e-05}
{"step": 157696, "wall_time": 1790746412.563092, "episodes_completed": 3.0, "mean_episode_reward": 7.219631597399712, "std_episode_reward": 5.116352237655071, "min_episode_reward": 0.030029550194740295, "max_episode_reward": 11.519987106323242, "mean_episode_length": 150.0, "success_rate": 0.6666666666666666, "collision_rate": 0.0, "out_of_bounds_rate": 0.0, "timeout_rate": 0.3333333333333333, "policy_loss": -0.002387408632785082, "value_loss": 0.677223801612854, "entropy": 0.6123676002025604, "approx_kl": 0.017253830563277006, "clip_fraction": 0.2135009765625, "grad_norm": 4.338181018829346, "explained_variance": 0.6395107507705688, "action_std_mean": 0.328654408454895, "optimizer_iterations": 4.0, "lr": 9.688704000000001e-05}
{"step": 159744, "wall_time": 1790746421.9502866, "episodes_completed": 2.0, "mean_episode_reward": 16.92145824432373, "std_episode_reward": 0.4112367630004883, "min_episode_reward": 16.510221481323242, "max_episode_reward": 17.33269500732422, "mean_episode_length": 173.5, "success_rate": 1.0, "collision_rate": 0.0, "out_of_bounds_rate": 0.0, "timeout_rate": 0.0, "policy_loss": -0.0022258838871493936, "value_loss": 0.47802385687828064, "entropy": 0.6119689643383026, "approx_kl": 0.011133580119349062, "clip_fraction": 0.1396484375, "grad_norm": 3.164397180080414, "explained_variance": 0.7161853313446045, "action_std_mean": 0.32853949069976807, "optimizer_iterations": 4.0, "lr": 9.684608e-05}
{"step": 161792, "wall_time": 1790746430.7987833, "episodes_completed": 8.0, "mean_episode_reward": -1.2169091636314988, "std_episode_reward": 8.442949148622821, "min_episode_reward": -9.989897727966309, "max_episode_reward": 13.588123321533203, "mean_episode_length": 63.5, "success_rate": 0.25, "collision_rate": 0.5, "out_of_bounds_rate": 0.0, "timeout_rate": 0.25, "policy_loss": -0.0012258617207407951, "value_loss": 1.050338864326477, "entropy": 0.6111832559108734, "approx_kl": 0.02869151020422578, "clip_fraction": 0.215087890625, "grad_norm": 7.565363764762878, "explained_variance": 0.7424019575119019, "action_std_mean": 0.3284224271774292, "optimizer_iterations": 4.0, "lr": 9.680512e-05}
{"step": 163840, "wall_time": 1790746440.1242647, "episodes_completed": 6.0, "mean_episode_reward": -3.124044107273221, "std_episode_reward": 7.487386551072093, "min_episode_reward": -9.9525785446167, "max_episode_reward": 10.374739646911621, "mean_episode_length": 99.83333333333333, "success_rate": 0.16666666666666666, "collision_rate": 0.6666666666666666, "out_of_bounds_rate": 0.0, "timeout_rate": 0.16666666666666666, "policy_loss": -0.0029792541172355413, "value_loss": 1.4946306943893433, "entropy": 0.6105694472789764, "approx_kl": 0.01783393369987607, "clip_fraction": 0.1715087890625, "grad_norm": 9.602660179138184, "explained_variance": 0.6907922029495239, "action_std_mean": 0.32834216952323914, "optimizer_iterations": 4.0, "lr": 9.676416000000001e-05}
{"step": 165888, "wall_time": 1790746450.0905278, "episodes_completed": 4.0, "mean_episode_reward": -0.011531053110957146, "std_episode_reward": 10.261179454315082, "min_episode_reward": -10.161559104919434, "max_episode_reward": 16.614547729492188, "mean_episode_length": 131.5, "success_rate": 0.25, "collision_rate": 0.5, "out_of_bounds_rate": 0.0, "timeout_rate": 0.25, "policy_loss": 0.00309482536977157, "value_loss": 0.9656034708023071, "entropy": 0.6101214289665222, "approx_kl": 0.016928734607063234, "clip_fraction": 0.1304931640625, "grad_norm": 8.970778346061707, "explained_variance": 0.7234379053115845, "action_std_mean": 0.3282773494720459, "optimizer_iterations": 4.0, "lr": 9.67232e-05}
{"step": 167936, "wall_time": 1790746459.6047373, "episodes_completed": 2.0, "mean_episode_reward": 0.4150872230529785, "std_episode_reward": 9.622545719146729, "min_episode_reward": -9.20745849609375, "max_episode_reward": 10.037632942199707, "mean_episode_length": 14.5, "success_rate": 0.5, "collision_rate": 0.5, "out_of_bounds_rate": 0.0, "timeout_rate": 0.0, "policy_loss": 0.0024306064005941153, "value_loss": 0.8298859894275665, "entropy": 0.6097846627235413, "approx_kl": 0.009686083882115781, "clip_fraction": 0.07177734375, "grad_norm": 6.1929537653923035, "explained_variance": 0.45519155263900757, "action_std_mean": 0.328241765499115, "optimizer_iterations": 4.0, "lr": 9.668224e-05}
{"step": 169984, "wall_time": 1790746468.9654288, "episodes_completed": 2.0, "mean_episode_reward": 0.15868568420410156, "std_episode_reward": 9.966606140136719, "min_episode_reward": -9.807920455932617, "max_episode_reward": 10.12529182434082, "mean_episode_length": 86.5, "success_rate": 0.5, "collision_rate": 0.5, "out_of_bounds_rate": 0.0, "timeout_rate": 0.0, "policy_loss": -0.0036572441458702087, "value_loss": 0.7341878116130829, "entropy": 0.6095691323280334, "approx_kl": 0.011753244791179895, "clip_fraction": 0.1014404296875, "grad_norm": 4.273163199424744, "explained_variance": 0.47034215927124023, "action_std_mean": 0.3282023072242737, "optimizer_iterations": 4.0, "lr": 9.664128e-05}
{"step": 172032, "wall_time": 1790746478.0476449, "episodes_completed": 3.0, "mean_episode_reward": 2.684063116709391, "std_episode_reward": 11.566479321857022, "min_episode_reward": -10.114181518554688, "max_episode_reward": 17.90525245666504, "mean_episode_length": 186.33333333333334, "success_rate": 0.3333333333333333, "collision_rate": 0.3333333333333333, "out_of_bounds_rate": 0.0, "timeout_rate": 0.3333333333333333, "policy_loss": -0.006720287259668112, "value_loss": 0.6013295352458954, "entropy": 0.6093492805957794, "approx_kl": 0.010258544934913516, "clip_fraction": 0.10009765625, "grad_norm": 4.345410645008087, "explained_variance": 0.7759057879447937, "action_std_mean": 0.32816630601882935, "optimizer_iterations": 4.0, "lr": 9.660032e-05}
{"step": 174080, "wall_time": 1790746486.9082625, "episodes_completed": 2.0, "mean_episode_reward": -5.190943039953709, "std_episode_reward": 5.036919318139553, "min_episode_reward": -10.227862358093262, "max_episode_reward": -0.15402372181415558, "mean_episode_length": 134.5, "success_rate": 0.0, "collision_rate": 0.5, "out_of_bounds_rate": 0.0, "timeout_rate": 0.5, "policy_loss": -0.004459936171770096, "value_loss": 0.5527984648942947, "entropy": 0.6091416478157043, "approx_kl": 0.016284817014820874, "clip_fraction": 0.1466064453125, "grad_norm": 5.288438141345978, "explained_variance": 0.7842811346054077, "action_std_mean": 0.32813870906829834, "optimizer_iterations": 4.0, "lr": 9.655936e-05}
{"step": 176128, "wall_time": 1790746495.7569451, "episodes_completed": 8.0, "mean_episode_reward": -0.435724567854777, "std_episode_reward": 8.916234723207214, "min_episode_reward": -9.61069107055664, "max_episode_reward": 16.742795944213867, "mean_episode_length": 98.125, "success_rate": 0.25, "collision_rate": 0.5, "out_of_bounds_rate": 0.0, "timeout_rate": 0.25, "policy_loss": -0.002142716199159622, "value_loss": 2.995313584804535, "entropy": 0.6090165376663208, "approx_kl": 0.012699311599135399, "clip_fraction": 0.1531982421875, "grad_norm": 9.900482177734375, "explained_variance": 0.48246681690216064, "action_std_mean": 0.3281300961971283, "optimizer_iterations": 4.0, "lr": 9.651840000000001e-05}
{"step": 178176, "wall_time": 1790746504.6570299, "episodes_completed": 1.0, "mean_episode_reward": -9.119253158569336, "std_episode_reward": 0.0, "min_episode_reward": -9.119253158569336, "max_episode_reward": -9.119253158569336, "mean_episode_length": 46.0, "success_rate": 0.0, "collision_rate": 1.0, "out_of_bounds_rate": 0.0, "timeout_rate": 0.0, "policy_loss": -0.0030286703258752823, "value_loss": 0.6620378196239471, "entropy": 0.6089691817760468, "approx_kl": 0.00905983755365014, "clip_fraction": 0.1116943359375, "grad_norm": 6.319040536880493, "explained_variance": 0.794122576713562, "action_std_mean": 0.32811325788497925, "optimizer_iterations": 4.0, "lr": 9.647744000000001e-05}
{"step": 180224, "wall_time": 1790746514.4532561, "episodes_completed": 3.0, "mean_episode_reward": 3.216324759336809, "std_episode_reward": 11.771528798964729, "min_episode_reward": -9.315027236938477, "max_episode_reward": 18.972904205322266, "mean_episode_length": 151.0, "success_rate": 0.3333333333333333, "collision_rate": 0.3333333333333333, "out_of_bounds_rate": 0.0, "timeout_rate": 0.3333333333333333, "policy_loss": -0.002688121981918812, "value_loss": 0.46752576529979706, "entropy": 0.6088795959949493, "approx_kl": 0.009798316983506083, "clip_fraction": 0.127197265625, "grad_norm": 8.604586601257324, "explained_variance": 0.8407549858093262, "action_std_mean": 0.32811158895492554, "optimizer_iterations": 4.0, "lr": 9.643648e-05}
{"step": 182272, "wall_time": 1790746525.153235, "episodes_completed": 0.0, "mean_episode_reward": NaN, "std_episode_reward": NaN, "min_episode_reward": NaN, "max_episode_reward": NaN, "mean_episode_length": NaN, "success_rate": NaN, "collision_rate": NaN, "out_of_bounds_rate": NaN, "timeout_rate": NaN, "policy_loss": 0.00022587738931179047, "value_loss": 0.09109204635024071, "entropy": 0.608877956867218, "approx_kl": 0.015727405436336994, "clip_fraction": 0.1795654296875, "grad_norm": 5.508421897888184, "explained_variance": 0.8483917117118835, "action_std_mean": 0.328108549118042, "optimizer_iterations": 4.0, "lr": 9.639552000000001e-05}
{"step": 184320, "wall_time": 1790746534.0876477, "episodes_completed": 2.0, "mean_episode_reward": -9.914202690124512, "std_episode_reward": 0.0018892288208007812, "min_episode_reward": -9.916091918945312, "max_episode_reward": -9.912313461303711, "mean_episode_length": 28.0, "success_rate": 0.0, "collision_rate": 1.0, "out_of_bounds_rate": 0.0, "timeout_rate": 0.0, "policy_loss": 0.012023362651234493, "value_loss": 0.4105553925037384, "entropy": 0.6088252365589142, "approx_kl": 0.02085990272462368, "clip_fraction": 0.1683349609375, "grad_norm": 8.600119471549988, "explained_variance": 0.7222811579704285, "action_std_mean": 0.3280845880508423, "optimizer_iterations": 4.0, "lr": 9.635456e-05}
{"step": 186368, "wall_time": 1790746544.0343986, "episodes_completed": 3.0, "mean_episode_reward": 7.0425308017681045, "std_episode_reward": 4.984179447139678, "min_episode_reward": -0.0040890369564294815, "max_episode_reward": 10.713924407958984, "mean_episode_length": 29.333333333333332, "success_rate": 0.6666666666666666, "collision_rate": 0.0, "out_of_bounds_rate": 0.0, "timeout_rate": 0.3333333333333333, "policy_loss": -0.0020224666222929955, "value_loss": 0.47093817591667175, "entropy": 0.6086169183254242, "approx_kl": 0.00683927716454491, "clip_fraction": 0.0823974609375, "grad_norm": 4.935033798217773, "explained_variance": 0.6662198305130005, "action_std_mean": 0.32802507281303406, "optimizer_iterations": 4.0, "lr": 9.63136e-05}
{"step": 188416, "wall_time": 1790746553.458302, "episodes_completed": 2.0, "mean_episode_reward": -0.06913617253303528, "std_episode_reward": 0.006603516638278961, "min_episode_reward": -0.07573968917131424, "max_episode_reward": -0.06253265589475632, "mean_episode_length": 60.5, "success_rate": 0.0, "collision_rate": 0.0, "out_of_bounds_rate": 0.0, "timeout_rate": 1.0, "policy_loss": -0.00436342041939497, "value_loss": 0.0935165174305439, "entropy": 0.6082236766815186, "approx_kl": 0.011277955491095781, "clip_fraction": 0.1376953125, "grad_norm": 9.456491351127625, "explained_variance": 0.9518195390701294, "action_std_mean": 0.32796427607536316, "optimizer_iterations": 4.0, "lr": 9.627264e-05}
{"step": 190464, "wall_time": 1790746562.362594, "episodes_completed": 2.0, "mean_episode_reward": 0.0005931146442890167, "std_episode_reward": 0.11906232312321663, "min_episode_reward": -0.11846920847892761, "max_episode_reward": 0.11965543776750565, "mean_episode_length": 122.5, "success_rate": 0.0, "collision_rate": 0.0, "out_of_bounds_rate": 0.0, "timeout_rate": 1.0, "policy_loss": -0.001512158545665443, "value_loss": 0.06227366626262665, "entropy": 0.6079246401786804, "approx_kl": 0.008628777228295803, "clip_fraction": 0.1219482421875, "grad_norm": 5.97264438867569, "explained_variance": 0.9603709578514099, "action_std_mean": 0.32793116569519043, "optimizer_iterations": 4.0, "lr": 9.623168e-05}
{"step": 192512, "wall_time": 1790746571.2303965, "episodes_completed": 3.0, "mean_episode_reward": 5.078112132226427, "std_episode_reward": 7.2344568238053, "min_episode_reward": -0.04660994932055473, "max_episode_reward": 15.309173583984375, "mean_episode_length": 163.66666666666666, "success_rate": 0.3333333333333333, "collision_rate": 0.0, "out_of_bounds_rate": 0.0, "timeout_rate": 0.6666666666666666, "policy_loss": -0.004581668879836798, "value_loss": 0.1746850535273552, "entropy": 0.6077379286289215, "approx_kl": 0.01480863569304347, "clip_fraction": 0.1676025390625, "grad_norm": 4.7763577699661255, "explained_variance": 0.9300154447555542, "action_std_mean": 0.32789430022239685, "optimizer_iterations": 4.0, "lr": 9.619072e-05}
{"step": 194560, "wall_time": 1790746580.007436, "episodes_completed": 2.0, "mean_episode_reward": 0.24332523345947266, "std_episode_reward": 10.56070327758789, "min_episode_reward": -10.317378044128418, "max_episode_reward": 10.804028511047363, "mean_episode_length": 156.5, "success_rate": 0.5, "collision_rate": 0.5, "out_of_bounds_rate": 0.0, "timeout_rate": 0.0, "policy_loss": -0.002471360727213323, "value_loss": 0.7948449105024338, "entropy": 0.6075935661792755, "approx_kl": 0.012947640614584088, "clip_fraction": 0.1458740234375, "grad_norm": 3.536007523536682, "explained_variance": 0.6999499201774597, "action_std_mean": 0.32791274785995483, "optimizer_iterations": 4.0, "lr": 9.614976e-05}
{"step": 196608, "wall_time": 1790746588.8967524, "episodes_completed": 3.0, "mean_episode_reward": -6.285652508338292, "std_episode_reward": 4.441527262291112, "min_episode_reward": -10.090739250183105, "max_episode_reward": -0.05509194731712341, "mean_episode_length": 159.0, "success_rate": 0.0, "collision_rate": 0.6666666666666666, "out_of_bounds_rate": 0.0, "timeout_rate": 0.3333333333333333, "policy_loss": -0.0010679924162104726, "value_loss": 0.8229904323816299, "entropy": 0.607789158821106, "approx_kl": 0.010786251164972782, "clip_fraction": 0.1412353515625, "grad_norm": 10.420425772666931, "explained_variance": 0.6435203552246094, "action_std_mean": 0.32795584201812744, "optimizer_iterations": 4.0, "lr": 9.61088e-05}
{"step": 198656, "wall_time": 1790746597.785414, "episodes_completed": 5.0, "mean_episode_reward": -0.38871465921401976, "std_episode_reward": 8.456320171972655, "min_episode_reward": -9.538403511047363, "max_episode_reward": 15.097883224487305, "mean_episode_length": 106.8, "success_rate": 0.2, "collision_rate": 0.6, "out_of_bounds_rate": 0.0, "timeout_rate": 0.2, "policy_loss": 0.0016592068132013083, "value_loss": 1.8121479749679565, "entropy": 0.6080529689788818, "approx_kl": 0.032720670104026794, "clip_fraction": 0.1822509765625, "grad_norm": 11.072492837905884, "explained_variance": 0.48614877462387085, "action_std_mean": 0.3279930651187897, "optimizer_iterations": 4.0, "lr": 9.606784e-05}
{"step": 200704, "wall_time": 1790746606.6362927, "episodes_completed": 1.0, "mean_episode_reward": 0.12685276567935944, "std_episode_reward": 0.0, "min_episode_reward": 0.12685276567935944, "max_episode_reward": 0.12685276567935944, "mean_episode_length": 83.0, "success_rate": 0.0, "collision_rate": 0.0, "out_of_bounds_rate": 0.0, "timeout_rate": 1.0, "policy_loss": 0.0005312981083989143, "value_loss": 0.09755123592913151, "entropy": 0.6082558929920197, "approx_kl": 0.01861524535343051, "clip_fraction": 0.17919921875, "grad_norm": 5.548134982585907, "explained_variance": 0.9585996866226196, "action_std_mean": 0.32802340388298035, "optimizer_iterations": 4.0, "lr": 9.602688000000001e-05}
{"step": 202752, "wall_time": 1790746615.269296, "episodes_completed": 1.0, "mean_episode_reward": 0.2718120515346527, "std_episode_reward": 0.0, "min_episode_reward": 0.2718120515346527, "max_episode_reward": 0.2718120515346527, "mean_episode_length": 199.0, "success_rate": 0.0, "collision_rate": 0.0, "out_of_bounds_rate": 0.0, "timeout_rate": 1.0, "policy_loss": 0.0017063285340555012, "value_loss": 0.0798099972307682, "entropy": 0.6084247529506683, "approx_kl": 0.01375872129574418, "clip_fraction": 0.1534423828125, "grad_norm": 7.03628396987915, "explained_variance": 0.8899065256118774, "action_std_mean": 0.3280406594276428, "optimizer_iterations": 4.0, "lr": 9.598592000000001e-05}
{"step": 204800, "wall_time": 1790746623.9884, "episodes_completed": 1.0, "mean_episode_reward": 0.21519656479358673, "std_episode_reward": 0.0, "min_episode_reward": 0.21519656479358673, "max_episode_reward": 0.21519656479358673, "mean_episode_length": 159.0, "success_rate": 0.0, "collision_rate": 0.0, "out_of_bounds_rate": 0.0, "timeout_rate": 1.0, "policy_loss": -8.186243940144777e-05, "value_loss": 0.057182369753718376, "entropy": 0.6085146069526672, "approx_kl": 0.020199548453092575, "clip_fraction": 0.213134765625, "grad_norm": 7.418085694313049, "explained_variance": 0.9124078154563904, "action_std_mean": 0.32805335521698, "optimizer_iterations": 4.0, "lr": 9.594496e-05}
{"step": 206848, "wall_time": 1790746632.914731, "episodes_completed": 3.0, "mean_episode_reward": 4.762790437787771, "std_episode_reward": 6.296326637231791, "min_episode_reward": -0.00933922454714775, "max_episode_reward": 13.659283638000488, "mean_episode_length": 119.66666666666667, "success_rate": 0.3333333333333333, "collision_rate": 0.0, "out_of_bounds_rate": 0.0, "timeout_rate": 0.6666666666666666, "policy_loss": -0.0017317458987236023, "value_loss": 0.2290491685271263, "entropy": 0.6085128784179688, "approx_kl": 0.0061803709249943495, "clip_fraction": 0.065185546875, "grad_norm": 5.395134449005127, "explained_variance": 0.9319457411766052, "action_std_mean": 0.3280199468135834, "optimizer_iterations": 4.0, "lr": 9.590400000000001e-05}
{"step": 208896, "wall_time": 1790746641.796171, "episodes_completed": 1.0, "mean_episode_reward": 14.786252975463867, "std_episode_reward": 0.0, "min_episode_reward": 14.786252975463867, "max_episode_reward": 14.786252975463867, "mean_episode_length": 224.0, "success_rate": 1.0, "collision_rate": 0.0, "out_of_bounds_rate": 0.0, "timeout_rate": 0.0, "policy_loss": -0.0005852933973073959, "value_loss": 0.28687629848718643, "entropy": 0.6082839071750641, "approx_kl": 0.005438373453216627, "clip_fraction": 0.0751953125, "grad_norm": 4.367154538631439, "explained_variance": 0.8891594409942627, "action_std_mean": 0.3279944956302643, "optimizer_iterations": 4.0, "lr": 9.586304e-05}
{"step": 210944, "wall_time": 1790746650.6776888, "episodes_completed": 3.0, "mean_episode_reward": -0.8590169645225009, "std_episode_reward": 1.277119012761825, "min_episode_reward": -2.6645965576171875, "max_episode_reward": 0.08199859410524368, "mean_episode_length": 120.66666666666667, "success_rate": 0.0, "collision_rate": 0.3333333333333333, "out_of_bounds_rate": 0.0, "timeout_rate": 0.6666666666666666, "policy_loss": -0.0010998621582984924, "value_loss": 0.3313102349638939, "entropy": 0.6081677973270416, "approx_kl": 0.024421887937933207, "clip_fraction": 0.248046875, "grad_norm": 9.79475462436676, "explained_variance": 0.8860052824020386, "action_std_mean": 0.32798516750335693, "optimizer_iterations": 4.0, "lr": 9.582208e-05}
{"step": 212992, "wall_time": 1790746659.4629428, "episodes_completed": 4.0, "mean_episode_reward": 0.6974557721987367, "std_episode_reward": 8.321573394033926, "min_episode_reward": -5.8557658195495605, "max_episode_reward": 14.506621360778809, "mean_episode_length": 96.5, "success_rate": 0.25, "collision_rate": 0.5, "out_of_bounds_rate": 0.0, "timeout_rate": 0.25, "policy_loss": 0.001147899019997567, "value_loss": 1.4457505643367767, "entropy": 0.6081393361091614, "approx_kl": 0.004429260676261038, "clip_fraction": 0.0283203125, "grad_norm": 13.39419174194336, "explained_variance": 0.5828970670700073, "action_std_mean": 0.32798323035240173, "optimizer_iterations": 4.0, "lr": 9.578112e-05}
{"step": 215040, "wall_time": 1790746668.1166697, "episodes_completed": 4.0, "mean_episode_reward": -0.08083820343017578, "std_episode_reward": 9.790572290078268, "min_episode_reward": -9.898005485534668, "max_episode_reward": 16.218830108642578, "mean_episode_length": 117.25, "success_rate": 0.25, "collision_rate": 0.75, "out_of_bounds_rate": 0.0, "timeout_rate": 0.0, "policy_loss": -0.005675435881130397, "value_loss": 2.1324427723884583, "entropy": 0.608068197965622, "approx_kl": 0.01511626853607595, "clip_fraction": 0.1192626953125, "grad_norm": 7.4723451137542725, "explained_variance": 0.4563217759132385, "action_std_mean": 0.32794857025146484, "optimizer_iterations": 4.0, "lr": 9.574016e-05}
{"step": 217088, "wall_time": 1790746676.8811831, "episodes_completed": 0.0, "mean_episode_reward": NaN, "std_episode_reward": NaN, "min_episode_reward": NaN, "max_episode_reward": NaN, "mean_episode_length": NaN, "success_rate": NaN, "collision_rate": NaN, "out_of_bounds_rate": NaN, "timeout_rate": NaN, "policy_loss": -0.0022082023788243532, "value_loss": 0.023786118254065514, "entropy": 0.6077793836593628, "approx_kl": 0.015142366755753756, "clip_fraction": 0.1883544921875, "grad_norm": 6.270193576812744, "explained_variance": 0.9839077591896057, "action_std_mean": 0.3278868794441223, "optimizer_iterations": 4.0, "lr": 9.56992e-05}
{"step": 219136, "wall_time": 1790746685.519021, "episodes_completed": 4.0, "mean_episode_reward": 0.34608527459204197, "std_episode_reward": 7.7730202039831555, "min_episode_reward": -10.20492172241211, "max_episode_reward": 11.747488975524902, "mean_episode_length": 82.0, "success_rate": 0.25, "collision_rate": 0.25, "out_of_bounds_rate": 0.0, "timeout_rate": 0.5, "policy_loss": 0.0009546205401420593, "value_loss": 0.7194223999977112, "entropy": 0.6074576079845428, "approx_kl": 0.030830911826342344, "clip_fraction": 0.3226318359375, "grad_norm": 6.30167829990387, "explained_variance": 0.6002464294433594, "action_std_mean": 0.32786571979522705, "optimizer_iterations": 4.0, "lr": 9.565824000000001e-05}
{"step": 221184, "wall_time": 1790746694.273832, "episodes_completed": 2.0, "mean_episode_reward": -4.444427033886313, "std_episode_reward": 4.480308989062905, "min_episode_reward": -8.924736022949219, "max_episode_reward": 0.03588195517659187, "mean_episode_length": 144.5, "success_rate": 0.0, "collision_rate": 0.5, "out_of_bounds_rate": 0.0, "timeout_rate": 0.5, "policy_loss": 0.0008028997108340263, "value_loss": 0.274283304810524, "entropy": 0.6074559986591339, "approx_kl": 0.02869999222457409, "clip_fraction": 0.29248046875, "grad_norm": 6.225714683532715, "explained_variance": 0.8169010281562805, "action_std_mean": 0.3278949558734894, "optimizer_iterations": 4.0, "lr": 9.561728000000001e-05}
{"step": 223232, "wall_time": 1790746702.8295538, "episodes_completed": 2.0, "mean_episode_reward": 3.50819730758667, "std_episode_reward": 13.43453073501587, "min_episode_reward": -9.9263334274292, "max_episode_reward": 16.94272804260254, "mean_episode_length": 106.0, "success_rate": 0.5, "collision_rate": 0.5, "out_of_bounds_rate": 0.0, "timeout_rate": 0.0, "policy_loss": -0.0036672987043857574, "value_loss": 0.6522436290979385, "entropy": 0.6076461970806122, "approx_kl": 0.01705823023803532, "clip_fraction": 0.20166015625, "grad_norm": 4.547494888305664, "explained_variance": 0.6173863410949707, "action_std_mean": 0.32791364192962646, "optimizer_iterations": 4.0, "lr": 9.557632e-05}
{"step": 225280, "wall_time": 1790746711.3580024, "episodes_completed": 1.0, "mean_episode_reward": -10.517401695251465, "std_episode_reward": 0.0, "min_episode_reward": -10.517401695251465, "max_episode_reward": -10.517401695251465, "mean_episode_length": 202.0, "success_rate": 0.0, "collision_rate": 1.0, "out_of_bounds_rate": 0.0, "timeout_rate": 0.0, "policy_loss": -0.003369530662894249, "value_loss": 0.38165511935949326, "entropy": 0.6076794862747192, "approx_kl": 0.014966834802180529, "clip_fraction": 0.198974609375, "grad_norm": 5.895946025848389, "explained_variance": 0.674674391746521, "action_std_mean": 0.3279019296169281, "optimizer_iterations": 4.0, "lr": 9.553536000000001e-05}
{"step": 227328, "wall_time": 1790746720.3707137, "episodes_completed": 2.0, "mean_episode_reward": -0.09603320993483067, "std_episode_reward": 0.11493631266057491, "min_episode_reward": -0.21096952259540558, "max_episode_reward": 0.018903102725744247, "mean_episode_length": 106.5, "success_rate": 0.0, "collision_rate": 0.0, "out_of_bounds_rate": 0.0, "timeout_rate": 1.0, "policy_loss": 0.003476106096059084, "value_loss": 0.22361118346452713, "entropy": 0.6076239943504333, "approx_kl": 0.020246640779078007, "clip_fraction": 0.2373046875, "grad_norm": 8.183862805366516, "explained_variance": 0.729289174079895, "action_std_mean": 0.32790786027908325, "optimizer_iterations": 4.0, "lr": 9.54944e-05}
{"step": 229376, "wall_time": 1790746729.2388308, "episodes_completed": 2.0, "mean_episode_reward": 0.03711891174316406, "std_episode_reward": 10.013958930969238, "min_episode_reward": -9.976840019226074, "max_episode_reward": 10.051077842712402, "mean_episode_length": 111.5, "success_rate": 0.5, "collision_rate": 0.5, "out_of_bounds_rate": 0.0, "timeout_rate": 0.0, "policy_loss": -0.002823044778779149, "value_loss": 0.6338229328393936, "entropy": 0.6077665686607361, "approx_kl": 0.005077923298813403, "clip_fraction": 0.0570068359375, "grad_norm": 4.451502084732056, "explained_variance": 0.6700291633605957, "action_std_mean": 0.3279758095741272, "optimizer_iterations": 4.0, "lr": 9.545344e-05}
{"step": 231424, "wall_time": 1790746738.0448606, "episodes_completed": 6.0, "mean_episode_reward": 1.8985694698058069, "std_episode_reward": 9.769685079671094, "min_episode_reward": -9.33716106414795, "max_episode_reward": 16.451719284057617, "mean_episode_length": 73.66666666666667, "success_rate": 0.3333333333333333, "collision_rate": 0.3333333333333333, "out_of_bounds_rate": 0.0, "timeout_rate": 0.3333333333333333, "policy_loss": -0.001754092052578926, "value_loss": 0.7750283926725388, "entropy": 0.6082983314990997, "approx_kl": 0.004533292725682259, "clip_fraction": 0.0390625, "grad_norm": 6.482128381729126, "explained_variance": 0.818945050239563, "action_std_mean": 0.32808059453964233, "optimizer_iterations": 4.0, "lr": 9.541248000000001e-05}
{"step": 233472, "wall_time": 1790746747.008567, "episodes_completed": 3.0, "mean_episode_reward": 2.941499466697375, "std_episode_reward": 10.992687377278601, "min_episode_reward": -8.903451919555664, "max_episode_reward": 17.583585739135742, "mean_episode_length": 125.0, "success_rate": 0.3333333333333333, "collision_rate": 0.3333333333333333, "out_of_bounds_rate": 0.0, "timeout_rate": 0.3333333333333333, "policy_loss": 0.000749821774661541, "value_loss": 0.6682742536067963, "entropy": 0.6088977158069611, "approx_kl": 0.009681393159553409, "clip_fraction": 0.0909423828125, "grad_norm": 7.065098404884338, "explained_variance": 0.7289717197418213, "action_std_mean": 0.3281514346599579, "optimizer_iterations": 4.0, "lr": 9.537152e-05}
{"step": 235520, "wall_time": 1790746755.6037164, "episodes_completed": 2.0, "mean_episode_reward": -4.390422582626343, "std_episode_reward": 4.313555955886841, "min_episode_reward": -8.703978538513184, "max_episode_reward": -0.07686662673950195, "mean_episode_length": 97.0, "success_rate": 0.0, "collision_rate": 0.5, "out_of_bounds_rate": 0.0, "timeout_rate": 0.5, "policy_loss": -0.0036658227909356356, "value_loss": 0.4100917875766754, "entropy": 0.609255850315094, "approx_kl": 0.006815063883550465, "clip_fraction": 0.051025390625, "grad_norm": 5.964051306247711, "explained_variance": 0.8320846557617188, "action_std_mean": 0.32819634675979614, "optimizer_iterations": 4.0, "lr": 9.533056e-05}
{"step": 237568, "wall_time": 1790746764.214843, "episodes_completed": 2.0, "mean_episode_reward": 6.496445923112333, "std_episode_reward": 6.4921977231279016, "min_episode_reward": 0.004248199984431267, "max_episode_reward": 12.988643646240234, "mean_episode_length": 130.5, "success_rate": 0.5, "collision_rate": 0.0, "out_of_bounds_rate": 0.0, "timeout_rate": 0.5, "policy_loss": -0.0031401189044117928, "value_loss": 0.23486898466944695, "entropy": 0.609441727399826, "approx_kl": 0.007936963578686118, "clip_fraction": 0.09423828125, "grad_norm": 4.393765330314636, "explained_variance": 0.8691539168357849, "action_std_mean": 0.32819050550460815, "optimizer_iterations": 4.0, "lr": 9.52896e-05}
{"step": 239616, "wall_time": 1790746772.844055, "episodes_completed": 4.0, "mean_episode_reward": 2.83086078800261, "std_episode_reward": 8.59603920120873, "min_episode_reward": -9.958047866821289, "max_episode_reward": 11.247549057006836, "mean_episode_length": 23.25, "success_rate": 0.5, "collision_rate": 0.25, "out_of_bounds_rate": 0.0, "timeout_rate": 0.25, "policy_loss": 0.0016986139817163348, "value_loss": 0.8423059582710266, "entropy": 0.609309583902359, "approx_kl": 0.021128583699464798, "clip_fraction": 0.24267578125, "grad_norm": 8.788106799125671, "explained_variance": 0.6895872354507446, "action_std_mean": 0.3281547427177429, "optimizer_iterations": 4.0, "lr": 9.524864e-05}
{"step": 241664, "wall_time": 1790746781.4595702, "episodes_completed": 2.0, "mean_episode_reward": 9.904726728796959, "std_episode_reward": 9.641358628869057, "min_episode_reward": 0.2633680999279022, "max_episode_reward": 19.546085357666016, "mean_episode_length": 187.0, "success_rate": 0.5, "collision_rate": 0.0, "out_of_bounds_rate": 0.0, "timeout_rate": 0.5, "policy_loss": 0.002945655956864357, "value_loss": 0.29156844317913055, "entropy": 0.609112411737442, "approx_kl": 0.020841510500758886, "clip_fraction": 0.1507568359375, "grad_norm": 4.2147175669670105, "explained_variance": 0.8326420783996582, "action_std_mean": 0.328125536441803, "optimizer_iterations": 4.0, "lr": 9.520768e-05}
{"step": 243712, "wall_time": 1790746789.981061, "episodes_completed": 4.0, "mean_episode_reward": -2.166702711954713, "std_episode_reward": 8.782249259534229, "min_episode_reward": -9.965088844299316, "max_episode_reward": 11.34469223022461, "mean_episode_length": 62.75, "success_rate": 0.25, "collision_rate": 0.5, "out_of_bounds_rate": 0.0, "timeout_rate": 0.25, "policy_loss": -0.005365624092519283, "value_loss": 0.46670402586460114, "entropy": 0.6089915037155151, "approx_kl": 0.009933377848938107, "clip_fraction": 0.0977783203125, "grad_norm": 3.4060935378074646, "explained_variance": 0.8385207653045654, "action_std_mean": 0.328128457069397, "optimizer_iterations": 4.0, "lr": 9.516672000000001e-05}
{"step": 245760, "wall_time": 1790746798.7878542, "episodes_completed": 4.0, "mean_episode_reward": -0.9852929078042507, "std_episode_reward": 9.9687614413084, "min_episode_reward": -9.727157592773438, "max_episode_reward": 14.94508171081543, "mean_episode_length": 35.5, "success_rate": 0.25, "collision_rate": 0.5, "out_of_bounds_rate": 0.0, "timeout_rate": 0.25, "policy_loss": -0.004673146642744541, "value_loss": 0.7416790872812271, "entropy": 0.6090222895145416, "approx_kl": 0.024867752566933632, "clip_fraction": 0.2047119140625, "grad_norm": 5.362060308456421, "explained_variance": 0.8119120001792908, "action_std_mean": 0.3281201124191284, "optimizer_iterations": 4.0, "lr": 9.512576000000001e-05}
{"step": 247808, "wall_time": 1790746808.5425394, "episodes_completed": 3.0, "mean_episode_reward": -6.658056082824866, "std_episode_reward": 4.780810336779417, "min_episode_reward": -10.038690567016602, "max_episode_reward": 0.1030307337641716, "mean_episode_length": 80.66666666666667, "success_rate": 0.0, "collision_rate": 0.6666666666666666, "out_of_bounds_rate": 0.0, "timeout_rate": 0.3333333333333333, "policy_loss": -0.0018828748725354671, "value_loss": 0.4940210208296776, "entropy": 0.6089611351490021, "approx_kl": 0.022857033647596836, "clip_fraction": 0.147216796875, "grad_norm": 5.807384729385376, "explained_variance": 0.8206571340560913, "action_std_mean": 0.3281158208847046, "optimizer_iterations": 4.0, "lr": 9.50848e-05}
{"step": 249856, "wall_time": 1790746817.8377645, "episodes_completed": 7.0, "mean_episode_reward": 2.491578080824443, "std_episode_reward": 9.035327072749599, "min_episode_reward": -10.051298141479492, "max_episode_reward": 12.837048530578613, "mean_episode_length": 88.71428571428571, "success_rate": 0.42857142857142855, "collision_rate": 0.2857142857142857, "out_of_bounds_rate": 0.0, "timeout_rate": 0.2857142857142857, "policy_loss": -0.002236083848401904, "value_loss": 1.7739008665084839, "entropy": 0.6089831292629242, "approx_kl": 0.009936877992004156, "clip_fraction": 0.0946044921875, "grad_norm": 5.078240633010864, "explained_variance": 0.6197482943534851, "action_std_mean": 0.32813024520874023, "optimizer_iterations": 4.0, "lr": 9.504384000000001e-05}
{"step": 251904, "wall_time": 1790746826.7900975, "episodes_completed": 4.0, "mean_episode_reward": 9.886201858520508, "std_episode_reward": 12.125808720718581, "min_episode_reward": -9.82672119140625, "max_episode_reward": 22.010936737060547, "mean_episode_length": 159.0, "success_rate": 0.75, "collision_rate": 0.25, "out_of_bounds_rate": 0.0, "timeout_rate": 0.0, "policy_loss": -0.002009753487072885, "value_loss": 1.4281970262527466, "entropy": 0.6090925633907318, "approx_kl": 0.01053111650981009, "clip_fraction": 0.105224609375, "grad_norm": 5.177114486694336, "explained_variance": 0.6683270335197449, "action_std_mean": 0.32814425230026245, "optimizer_iterations": 4.0, "lr": 9.500288e-05}
{"step": 253952, "wall_time": 1790746835.4753227, "episodes_completed": 2.0, "mean_episode_reward": -5.9540910720825195, "std_episode_reward": 3.9980297088623047, "min_episode_reward": -9.952120780944824, "max_episode_reward": -1.9560613632202148, "mean_episode_length": 110.5, "success_rate": 0.0, "collision_rate": 1.0, "out_of_bounds_rate": 0.0, "timeout_rate": 0.0, "policy_loss": -0.0033526201732456684, "value_loss": 0.46081534028053284, "entropy": 0.6091724038124084, "approx_kl": 0.010161076439544559, "clip_fraction": 0.1187744140625, "grad_norm": 5.256375670433044, "explained_variance": 0.9131682515144348, "action_std_mean": 0.32815980911254883, "optimizer_iterations": 4.0, "lr": 9.496192e-05}
{"step": 256000, "wall_time": 1790746844.4260015, "episodes_completed": 4.0, "mean_episode_reward": 0.683667816221714, "std_episode_reward": 9.323262449188535, "min_episode_reward": -6.713774681091309, "max_episode_reward": 16.2277774810791, "mean_episode_length": 152.25, "success_rate": 0.25, "collision_rate": 0.5, "out_of_bounds_rate": 0.0, "timeout_rate": 0.25, "policy_loss": -0.0007202029228210449, "value_loss": 1.1635422110557556, "entropy": 0.6092770993709564, "approx_kl": 0.004186385194770992, "clip_fraction": 0.044189453125, "grad_norm": 11.112674474716187, "explained_variance": 0.6855798959732056, "action_std_mean": 0.3281792998313904, "optimizer_iterations": 4.0, "lr": 9.492096e-05}
{"step": 258048, "wall_time": 1790746853.16818, "episodes_completed": 2.0, "mean_episode_reward": -4.3596024345606565, "std_episode_reward": 4.384490506723523, "min_episode_reward": -8.74409294128418, "max_episode_reward": 0.024888072162866592, "mean_episode_length": 102.0, "success_rate": 0.0, "collision_rate": 0.5, "out_of_bounds_rate": 0.0, "timeout_rate": 0.5, "policy_loss": -0.004829167854040861, "value_loss": 0.5908782631158829, "entropy": 0.6094270050525665, "approx_kl": 0.010183778358623385, "clip_fraction": 0.099609375, "grad_norm": 4.704863429069519, "explained_variance": 0.7770883440971375, "action_std_mean": 0.32820993661880493, "optimizer_iterations": 4.0, "lr": 9.488e-05}
{"step": 260096, "wall_time": 1790746862.7397432, "episodes_completed": 0.0, "mean_episode_reward": NaN, "std_episode_reward": NaN, "min_episode_reward": NaN, "max_episode_reward": NaN, "mean_episode_length": NaN, "success_rate": NaN, "collision_rate": NaN, "out_of_bounds_rate": NaN, "timeout_rate": NaN, "policy_loss": -0.008720018900930882, "value_loss": 0.03455050103366375, "entropy": 0.6096444129943848, "approx_kl": 0.009913319488987327, "clip_fraction": 0.12548828125, "grad_norm": 3.3013663291931152, "explained_variance": 0.969923734664917, "action_std_mean": 0.328257292509079, "optimizer_iterations": 4.0, "lr": 9.483904000000001e-05}
{"step": 262144, "wall_time": 1790746871.5676908, "episodes_completed": 3.0, "mean_episode_reward": 3.401361659169197, "std_episode_reward": 4.9424088134777335, "min_episode_reward": -0.10325999557971954, "max_episode_reward": 10.390974044799805, "mean_episode_length": 24.0, "success_rate": 0.3333333333333333, "collision_rate": 0.0, "out_of_bounds_rate": 0.0, "timeout_rate": 0.6666666666666666, "policy_loss": 0.005968873389065266, "value_loss": 0.5352345556020737, "entropy": 0.6099532842636108, "approx_kl": 0.07380388304591179, "clip_fraction": 0.1483154296875, "grad_norm": 6.2219191789627075, "explained_variance": 0.8856065273284912, "action_std_mean": 0.32830947637557983, "optimizer_iterations": 4.0, "lr": 9.479808e-05}
{"step": 264192, "wall_time": 1790746880.5254023, "episodes_completed": 2.0, "mean_episode_reward": -1.0933191068470478, "std_episode_reward": 1.0735452882945538, "min_episode_reward": -2.1668643951416016, "max_episode_reward": -0.01977381855249405, "mean_episode_length": 114.5, "success_rate": 0.0, "collision_rate": 0.5, "out_of_bounds_rate": 0.0, "timeout_rate": 0.5, "policy_loss": 0.0006815632805228233, "value_loss": 0.8459445387125015, "entropy": 0.610260546207428, "approx_kl": 0.01680829585529864, "clip_fraction": 0.13232421875, "grad_norm": 4.019724547863007, "explained_variance": 0.6860936880111694, "action_std_mean": 0.32835447788238525, "optimizer_iterations": 4.0, "lr": 9.475712000000001e-05}
{"step": 266240, "wall_time": 1790746889.4999425, "episodes_completed": 1.0, "mean_episode_reward": 15.199193954467773, "std_episode_reward": 0.0, "min_episode_reward": 15.199193954467773, "max_episode_reward": 15.199193954467773, "mean_episode_length": 137.0, "success_rate": 1.0, "collision_rate": 0.0, "out_of_bounds_rate": 0.0, "timeout_rate": 0.0, "policy_loss": 0.00170239619910717, "value_loss": 0.3029821142554283, "entropy": 0.6105107665061951, "approx_kl": 0.012532202992588282, "clip_fraction": 0.12841796875, "grad_norm": 4.543336749076843, "explained_variance": 0.7696579694747925, "action_std_mean": 0.32838404178619385, "optimizer_iterations": 4.0, "lr": 9.471616e-05}
{"step": 268288, "wall_time": 1790746898.5814588, "episodes_completed": 4.0, "mean_episode_reward": -0.615042757242918, "std_episode_reward": 6.838424615419983, "min_episode_reward": -7.939396381378174, "max_episode_reward": 10.199990272521973, "mean_episode_length": 82.5, "success_rate": 0.25, "collision_rate": 0.5, "out_of_bounds_rate": 0.0, "timeout_rate": 0.25, "policy_loss": -0.0044560302048921585, "value_loss": 1.0441874861717224, "entropy": 0.6106530129909515, "approx_kl": 0.016356412786990404, "clip_fraction": 0.1934814453125, "grad_norm": 9.844202280044556, "explained_variance": 0.7382274866104126, "action_std_mean": 0.32840660214424133, "optimizer_iterations": 4.0, "lr": 9.467520000000001e-05}
{"step": 270336, "wall_time": 1790746907.2320955, "episodes_completed": 3.0, "mean_episode_reward": 3.474390889207522, "std_episode_reward": 4.981791734086714, "min_episode_reward": -0.05513051152229309, "max_episode_reward": 10.51970386505127, "mean_episode_length": 90.0, "success_rate": 0.3333333333333333, "collision_rate": 0.0, "out_of_bounds_rate": 0.0, "timeout_rate": 0.6666666666666666, "policy_loss": 0.0035999754909425974, "value_loss": 0.4539444223046303, "entropy": 0.6108206510543823, "approx_kl": 0.0221868553198874, "clip_fraction": 0.209228515625, "grad_norm": 5.3622119426727295, "explained_variance": 0.8996706604957581, "action_std_mean": 0.3284375071525574, "optimizer_iterations": 4.0, "lr": 9.463424e-05}
{"step": 272384, "wall_time": 1790746916.11491, "episodes_completed": 1.0, "mean_episode_reward": -0.010515053756535053, "std_episode_reward": 0.0, "min_episode_reward": -0.010515053756535053, "max_episode_reward": -0.010515053756535053, "mean_episode_length": 231.0, "success_rate": 0.0, "collision_rate": 0.0, "out_of_bounds_rate": 0.0, "timeout_rate": 1.0, "policy_loss": 0.00031736772507429123, "value_loss": 0.11670536547899246, "entropy": 0.6109654605388641, "approx_kl": 0.030074456706643105, "clip_fraction": 0.1236572265625, "grad_norm": 7.460296273231506, "explained_variance": 0.9494996666908264, "action_std_mean": 0.3284514546394348, "optimizer_iterations": 4.0, "lr": 9.459328e-05}
{"step": 274432, "wall_time": 1790746925.0265467, "episodes_completed": 3.0, "mean_episode_reward": 0.39453993178904057, "std_episode_reward": 8.00743444642657, "min_episode_reward": -9.206082344055176, "max_episode_reward": 10.395769119262695, "mean_episode_length": 49.333333333333336, "success_rate": 0.3333333333333333, "collision_rate": 0.3333333333333333, "out_of_bounds_rate": 0.0, "timeout_rate": 0.3333333333333333, "policy_loss": -0.0015298023354262114, "value_loss": 1.074133723974228, "entropy": 0.6110341250896454, "approx_kl": 0.01062356447800994, "clip_fraction": 0.1199951171875, "grad_norm": 6.068474650382996, "explained_variance": 0.2514396905899048, "action_std_mean": 0.3284582495689392, "optimizer_iterations": 4.0, "lr": 9.455232000000001e-05}
{"step": 276480, "wall_time": 1790746934.002023, "episodes_completed": 4.0, "mean_episode_reward": 2.9626301545649767, "std_episode_reward": 7.920798851626929, "min_episode_reward": -8.725433349609375, "max_episode_reward": 10.424574851989746, "mean_episode_length": 65.75, "success_rate": 0.5, "collision_rate": 0.25, "out_of_bounds_rate": 0.0, "timeout_rate": 0.25, "policy_loss": -0.0012136688455939293, "value_loss": 1.189748078584671, "entropy": 0.6110489368438721, "approx_kl": 0.003284838778199628, "clip_fraction": 0.0306396484375, "grad_norm": 7.51268857717514, "explained_variance": 0.5365622639656067, "action_std_mean": 0.3284505307674408, "optimizer_iterations": 4.0, "lr": 9.451136e-05}
{"step": 278528, "wall_time": 1790746942.7636304, "episodes_completed": 1.0, "mean_episode_reward": -9.877842903137207, "std_episode_reward": 0.0, "min_episode_reward": -9.877842903137207, "max_episode_reward": -9.877842903137207, "mean_episode_length": 231.0, "success_rate": 0.0, "collision_rate": 1.0, "out_of_bounds_rate": 0.0, "timeout_rate": 0.0, "policy_loss": -0.005717306397855282, "value_loss": 0.3867587223649025, "entropy": 0.6109144687652588, "approx_kl": 0.014653879217803478, "clip_fraction": 0.1873779296875, "grad_norm": 4.5456050634384155, "explained_variance": 0.5683526992797852, "action_std_mean": 0.3284131586551666, "optimizer_iterations": 4.0, "lr": 9.447040000000001e-05}
{"step": 280576, "wall_time": 1790746951.499358, "episodes_completed": 2.0, "mean_episode_reward": 2.4706034660339355, "std_episode_reward": 10.12682294845581, "min_episode_reward": -7.656219482421875, "max_episode_reward": 12.597426414489746, "mean_episode_length": 104.5, "success_rate": 0.5, "collision_rate": 0.5, "out_of_bounds_rate": 0.0, "timeout_rate": 0.0, "policy_loss": -0.00391906825825572, "value_loss": 0.6541080623865128, "entropy": 0.6106396615505219, "approx_kl": 0.007959146052598953, "clip_fraction": 0.087158203125, "grad_norm": 5.00702291727066, "explained_variance": 0.5803207755088806, "action_std_mean": 0.3283385634422302, "optimizer_iterations": 4.0, "lr": 9.442944e-05}
{"step": 282624, "wall_time": 1790746960.3165824, "episodes_completed": 2.0, "mean_episode_reward": -4.590334717184305, "std_episode_reward": 4.517664130777121, "min_episode_reward": -9.107998847961426, "max_episode_reward": -0.0726705864071846, "mean_episode_length": 22.5, "success_rate": 0.0, "collision_rate": 0.5, "out_of_bounds_rate": 0.0, "timeout_rate": 0.5, "policy_loss": -0.005659761838614941, "value_loss": 0.2879594936966896, "entropy": 0.6101745069026947, "approx_kl": 0.010302485199645162, "clip_fraction": 0.1307373046875, "grad_norm": 3.6585628986358643, "explained_variance": 0.7370070815086365, "action_std_mean": 0.3282831311225891, "optimizer_iterations": 4.0, "lr": 9.438848e-05}
{"step": 284672, "wall_time": 1790746968.93505, "episodes_completed": 3.0, "mean_episode_reward": -5.988632994393508, "std_episode_reward": 4.333045581949699, "min_episode_reward": -9.782222747802734, "max_episode_reward": 0.07582712918519974, "mean_episode_length": 92.33333333333333, "success_rate": 0.0, "collision_rate": 0.6666666666666666, "out_of_bounds_rate": 0.0, "timeout_rate": 0.3333333333333333, "policy_loss": -0.00756588950753212, "value_loss": 0.8592298030853271, "entropy": 0.609914094209671, "approx_kl": 0.010369590250775218, "clip_fraction": 0.1180419921875, "grad_norm": 4.620480418205261, "explained_variance": 0.23315131664276123, "action_std_mean": 0.32825416326522827, "optimizer_iterations": 4.0, "lr": 9.434752e-05}
{"step": 286720, "wall_time": 1790746977.5816693, "episodes_completed": 5.0, "mean_episode_reward": 3.657041836157441, "std_episode_reward": 6.5012567800745, "min_episode_reward": -4.431707382202148, "max_episode_reward": 12.28864574432373, "mean_episode_length": 117.6, "success_rate": 0.4, "collision_rate": 0.2, "out_of_bounds_rate": 0.0, "timeout_rate": 0.4, "policy_loss": 0.0006911546806804836, "value_loss": 0.8556894510984421, "entropy": 0.6097621321678162, "approx_kl": 0.011263217311352491, "clip_fraction": 0.1441650390625, "grad_norm": 8.21347200870514, "explained_variance": 0.7945261001586914, "action_std_mean": 0.3282321095466614, "optimizer_iterations": 4.0, "lr": 9.430656e-05}
{"step": 288768, "wall_time": 1790746986.4400585, "episodes_completed": 2.0, "mean_episode_reward": -0.04743422940373421, "std_episode_reward": 0.031225543469190598, "min_episode_reward": -0.0786597728729248, "max_episode_reward": -0.01620868593454361, "mean_episode_length": 91.0, "success_rate": 0.0, "collision_rate": 0.0, "out_of_bounds_rate": 0.0, "timeout_rate": 1.0, "policy_loss": -0.002595212310552597, "value_loss": 0.13242362812161446, "entropy": 0.6096572577953339, "approx_kl": 0.018028040882200003, "clip_fraction": 0.1751708984375, "grad_norm": 5.352016806602478, "explained_variance": 0.9385688304901123, "action_std_mean": 0.3282318115234375, "optimizer_iterations": 4.0, "lr": 9.426560000000001e-05}
{"step": 290816, "wall_time": 1790746995.3098052, "episodes_completed": 2.0, "mean_episode_reward": 11.815048694610596, "std_episode_reward": 0.5353751182556152, "min_episode_reward": 11.27967357635498, "max_episode_reward": 12.350423812866211, "mean_episode_length": 58.0, "success_rate": 1.0, "collision_rate": 0.0, "out_of_bounds_rate": 0.0, "timeout_rate": 0.0, "policy_loss": -0.0036632055416703224, "value_loss": 0.5608219057321548, "entropy": 0.6096548438072205, "approx_kl": 0.00669978279620409, "clip_fraction": 0.0650634765625, "grad_norm": 3.822294235229492, "explained_variance": 0.7429198026657104, "action_std_mean": 0.3282095789909363, "optimizer_iterations": 4.0, "lr": 9.422464e-05}
{"step": 292864, "wall_time": 1790747003.9787388, "episodes_completed": 1.0, "mean_episode_reward": 0.047244176268577576, "std_episode_reward": 0.0, "min_episode_reward": 0.047244176268577576, "max_episode_reward": 0.047244176268577576, "mean_episode_length": 173.0, "success_rate": 0.0, "collision_rate": 0.0, "out_of_bounds_rate": 0.0, "timeout_rate": 1.0, "policy_loss": 0.0041516851633787155, "value_loss": 0.02799384854733944, "entropy": 0.6094560921192169, "approx_kl": 0.017691017128527164, "clip_fraction": 0.2108154296875, "grad_norm": 8.146687626838684, "explained_variance": 0.9467990398406982, "action_std_mean": 0.3281809389591217, "optimizer_iterations": 4.0, "lr": 9.418368000000001e-05}
{"step": 294912, "wall_time": 1790747012.9540753, "episodes_completed": 3.0, "mean_episode_reward": -4.604840875913699, "std_episode_reward": 4.133117095661042, "min_episode_reward": -10.03869915008545, "max_episode_reward": -0.022737864404916763, "mean_episode_length": 119.0, "success_rate": 0.0, "collision_rate": 0.6666666666666666, "out_of_bounds_rate": 0.0, "timeout_rate": 0.3333333333333333, "policy_loss": 0.0007528811693191528, "value_loss": 0.5782618224620819, "entropy": 0.6093197762966156, "approx_kl": 0.023317850194871426, "clip_fraction": 0.1644287109375, "grad_norm": 6.642157554626465, "explained_variance": 0.7323439121246338, "action_std_mean": 0.32816946506500244, "optimizer_iterations": 4.0, "lr": 9.414272e-05}
{"step": 296960, "wall_time": 1790747021.5773246, "episodes_completed": 2.0, "mean_episode_reward": 5.441935062408447, "std_episode_reward": 10.464505672454834, "min_episode_reward": -5.022570610046387, "max_episode_reward": 15.906440734863281, "mean_episode_length": 177.5, "success_rate": 0.5, "collision_rate": 0.5, "out_of_bounds_rate": 0.0, "timeout_rate": 0.0, "policy_loss": -0.0035287693608552217, "value_loss": 0.7249191403388977, "entropy": 0.6093046963214874, "approx_kl": 0.012105528730899096, "clip_fraction": 0.1170654296875, "grad_norm": 3.457340180873871, "explained_variance": 0.6822525858879089, "action_std_mean": 0.3281824588775635, "optimizer_iterations": 4.0, "lr": 9.410176000000001e-05}
{"step": 299008, "wall_time": 1790747029.1644735, "episodes_completed": 3.0, "mean_episode_reward": -6.727136295288801, "std_episode_reward": 4.7875019420994525, "min_episode_reward": -10.124757766723633, "max_episode_reward": 0.04339885339140892, "mean_episode_length": 53.333333333333336, "success_rate": 0.0, "collision_rate": 0.6666666666666666, "out_of_bounds_rate": 0.0, "timeout_rate": 0.3333333333333333, "policy_loss": -0.0021397052332758904, "value_loss": 0.8199511766433716, "entropy": 0.6094254553318024, "approx_kl": 0.01695159776136279, "clip_fraction": 0.1776123046875, "grad_norm": 8.928376078605652, "explained_variance": 0.7301939725875854, "action_std_mean": 0.3282114863395691, "optimizer_iterations": 4.0, "lr": 9.40608e-05}
{"step": 301056, "wall_time": 1790747037.3745327, "episodes_completed": 1.0, "mean_episode_reward": -0.13005641102790833, "std_episode_reward": 0.0, "min_episode_reward": -0.13005641102790833, "max_episode_reward": -0.13005641102790833, "mean_episode_length": 57.0, "success_rate": 0.0, "collision_rate": 0.0, "out_of_bounds_rate": 0.0, "timeout_rate": 1.0, "policy_loss": 0.004135482478886843, "value_loss": 0.06455381959676743, "entropy": 0.6095882654190063, "approx_kl": 0.01392130320891738, "clip_fraction": 0.158447265625, "grad_norm": 8.050761938095093, "explained_variance": 0.969514787197113, "action_std_mean": 0.3282257914543152, "optimizer_iterations": 4.0, "lr": 9.401984e-05}
{"step": 303104, "wall_time": 1790747044.856589, "episodes_completed": 5.0, "mean_episode_reward": -3.3876854076981546, "std_episode_reward": 8.05826440225828, "min_episode_reward": -9.968208312988281, "max_episode_reward": 10.98680591583252, "mean_episode_length": 99.0, "success_rate": 0.2, "collision_rate": 0.6, "out_of_bounds_rate": 0.0, "timeout_rate": 0.2, "policy_loss": -0.001549644861370325, "value_loss": 1.0189575105905533, "entropy": 0.6096815764904022, "approx_kl": 0.00985134078655392, "clip_fraction": 0.063720703125, "grad_norm": 5.233169674873352, "explained_variance": 0.6571353673934937, "action_std_mean": 0.32825136184692383, "optimizer_iterations": 4.0, "lr": 9.397888000000001e-05}
{"step": 305152, "wall_time": 1790747052.2888353, "episodes_completed": 2.0, "mean_episode_reward": -4.342611037194729, "std_episode_reward": 4.204191483557224, "min_episode_reward": -8.546802520751953, "max_episode_reward": -0.13841955363750458, "mean_episode_length": 90.5, "success_rate": 0.0, "collision_rate": 0.5, "out_of_bounds_rate": 0.0, "timeout_rate": 0.5, "policy_loss": -0.0018343385308980942, "value_loss": 0.5197465121746063, "entropy": 0.6099039614200592, "approx_kl": 0.016363816801458597, "clip_fraction": 0.0621337890625, "grad_norm": 3.36202073097229, "explained_variance": 0.45869898796081543, "action_std_mean": 0.32831573486328125, "optimizer_iterations": 4.0, "lr": 9.393792e-05}
{"step": 307200, "wall_time": 1790747060.6118715, "episodes_completed": 2.0, "mean_episode_reward": -8.81028699874878, "std_episode_reward": 1.3296465873718262, "min_episode_reward": -10.139933586120605, "max_episode_reward": -7.480640411376953, "mean_episode_length": 203.5, "success_rate": 0.0, "collision_rate": 1.0, "out_of_bounds_rate": 0.0, "timeout_rate": 0.0, "policy_loss": 0.006426194682717323, "value_loss": 0.5874323099851608, "entropy": 0.610363632440567, "approx_kl": 0.012189377332106233, "clip_fraction": 0.1109619140625, "grad_norm": 9.82318639755249, "explained_variance": 0.7354974746704102, "action_std_mean": 0.32839149236679077, "optimizer_iterations": 4.0, "lr": 9.389696e-05}
{"step": 309248, "wall_time": 1790747069.3043528, "episodes_completed": 4.0, "mean_episode_reward": -4.12003914359957, "std_episode_reward": 4.164502224610268, "min_episode_reward": -9.014216423034668, "max_episode_reward": 0.07222503423690796, "mean_episode_length": 113.25, "success_rate": 0.0, "collision_rate": 0.5, "out_of_bounds_rate": 0.0, "timeout_rate": 0.5, "policy_loss": -0.005675395950675011, "value_loss": 0.7465561330318451, "entropy": 0.610790491104126, "approx_kl": 0.008726363652385771, "clip_fraction": 0.0897216796875, "grad_norm": 6.742717027664185, "explained_variance": 0.79141765832901, "action_std_mean": 0.3284582495689392, "optimizer_iterations": 4.0, "lr": 9.3856e-05}
{"step": 311296, "wall_time": 1790747077.7844245, "episodes_completed": 4.0, "mean_episode_reward": 3.192628435790539, "std_episode_reward": 8.05341284496018, "min_episode_reward": -8.431093215942383, "max_episode_reward": 10.939874649047852, "mean_episode_length": 40.75, "success_rate": 0.5, "collision_rate": 0.25, "out_of_bounds_rate": 0.0, "timeout_rate": 0.25, "policy_loss": -0.002051205839961767, "value_loss": 0.9051931351423264, "entropy": 0.6111482977867126, "approx_kl": 0.008056557271629572, "clip_fraction": 0.0888671875, "grad_norm": 5.6636340618133545, "explained_variance": 0.7831118702888489, "action_std_mean": 0.32849031686782837, "optimizer_iterations": 4.0, "lr": 9.381504000000001e-05}
{"step": 313344, "wall_time": 1790747085.474473, "episodes_completed": 2.0, "mean_episode_reward": 0.32837724685668945, "std_episode_reward": 10.464680194854736, "min_episode_reward": -10.136302947998047, "max_episode_reward": 10.793057441711426, "mean_episode_length": 77.0, "success_rate": 0.5, "collision_rate": 0.5, "out_of_bounds_rate": 0.0, "timeout_rate": 0.0, "policy_loss": -0.0038831178098917007, "value_loss": 0.8229367285966873, "entropy": 0.6112435758113861, "approx_kl": 0.014862489653751254, "clip_fraction": 0.107421875, "grad_norm": 5.502172470092773, "explained_variance": 0.7694842219352722, "action_std_mean": 0.3284895122051239, "optimizer_iterations": 4.0, "lr": 9.377408e-05}
{"step": 315392, "wall_time": 1790747094.3237805, "episodes_completed": 3.0, "mean_episode_reward": -1.201563301185767, "std_episode_reward": 1.7520433100043278, "min_episode_reward": -3.6749725341796875, "max_episode_reward": 0.1622975766658783, "mean_episode_length": 136.0, "success_rate": 0.0, "collision_rate": 0.3333333333333333, "out_of_bounds_rate": 0.0, "timeout_rate": 0.6666666666666666, "policy_loss": -0.0018830904737114906, "value_loss": 0.6670421808958054, "entropy": 0.6112757325172424, "approx_kl": 0.0055384867591783404, "clip_fraction": 0.0740966796875, "grad_norm": 4.203169465065002, "explained_variance": 0.7437855005264282, "action_std_mean": 0.3285138010978699, "optimizer_iterations": 4.0, "lr": 9.373312000000001e-05}
{"step": 317440, "wall_time": 1790747102.8249063, "episodes_completed": 3.0, "mean_episode_reward": 7.29718017578125, "std_episode_reward": 13.110477392524823, "min_episode_reward": -9.952611923217773, "max_episode_reward": 21.80938720703125, "mean_episode_length": 93.0, "success_rate": 0.6666666666666666, "collision_rate": 0.3333333333333333, "out_of_bounds_rate": 0.0, "timeout_rate": 0.0, "policy_loss": -0.0030003273859620094, "value_loss": 0.6936684548854828, "entropy": 0.6114932596683502, "approx_kl": 0.010960937826894224, "clip_fraction": 0.12548828125, "grad_norm": 5.615424633026123, "explained_variance": 0.7839550375938416, "action_std_mean": 0.3285566568374634, "optimizer_iterations": 4.0, "lr": 9.369216000000001e-05}
{"step": 319488, "wall_time": 1790747110.4382083, "episodes_completed": 2.0, "mean_episode_reward": 3.529407024383545, "std_episode_reward": 13.533436298370361, "min_episode_reward": -10.004029273986816, "max_episode_reward": 17.062843322753906, "mean_episode_length": 114.0, "success_rate": 0.5, "collision_rate": 0.5, "out_of_bounds_rate": 0.0, "timeout_rate": 0.0, "policy_loss": 0.0051812659949064255, "value_loss": 0.3757977858185768, "entropy": 0.6117315292358398, "approx_kl": 0.05735194589942694, "clip_fraction": 0.118896484375, "grad_norm": 5.432921051979065, "explained_variance": 0.8402495384216309, "action_std_mean": 0.32858383655548096, "optimizer_iterations": 4.0, "lr": 9.36512e-05}
{"step": 321536, "wall_time": 1790747118.2685204, "episodes_completed": 4.0, "mean_episode_reward": -4.8308469243347645, "std_episode_reward": 4.913826224706732, "min_episode_reward": -10.310359954833984, "max_episode_reward": 0.10646755993366241, "mean_episode_length": 130.0, "success_rate": 0.0, "collision_rate": 0.5, "out_of_bounds_rate": 0.0, "timeout_rate": 0.5, "policy_loss": 0.015195203828625381, "value_loss": 0.8770534545183182, "entropy": 0.6118623614311218, "approx_kl": 0.033648280426859856, "clip_fraction": 0.25341796875, "grad_norm": 20.63131546974182, "explained_variance": 0.7458407878875732, "action_std_mean": 0.3285951614379883, "optimizer_iterations": 4.0, "lr": 9.361024000000001e-05}
{"step": 323584, "wall_time": 1790747126.8181374, "episodes_completed": 2.0, "mean_episode_reward": 4.900512218475342, "std_episode_reward": 5.34191370010376, "min_episode_reward": -0.44140148162841797, "max_episode_reward": 10.242425918579102, "mean_episode_length": 100.0, "success_rate": 0.5, "collision_rate": 0.0, "out_of_bounds_rate": 0.0, "timeout_rate": 0.5, "policy_loss": 0.005191170028410852, "value_loss": 0.46476034820079803, "entropy": 0.6119063198566437, "approx_kl": 0.02575455792248249, "clip_fraction": 0.23388671875, "grad_norm": 7.6338951587677, "explained_variance": 0.8453589081764221, "action_std_mean": 0.32859349250793457, "optimizer_iterations": 4.0, "lr": 9.356928e-05}
{"step": 325632, "wall_time": 1790747134.257123, "episodes_completed": 1.0, "mean_episode_reward": -9.76518726348877, "std_episode_reward": 0.0, "min_episode_reward": -9.76518726348877, "max_episode_reward": -9.76518726348877, "mean_episode_length": 5.0, "success_rate": 0.0, "collision_rate": 1.0, "out_of_bounds_rate": 0.0, "timeout_rate": 0.0, "policy_loss": -0.001154717756435275, "value_loss": 0.09825307130813599, "entropy": 0.6118961274623871, "approx_kl": 0.010520290350541472, "clip_fraction": 0.1256103515625, "grad_norm": 7.065782725811005, "explained_variance": 0.9388142824172974, "action_std_mean": 0.328592449426651, "optimizer_iterations": 4.0, "lr": 9.352832e-05}
{"step": 327680, "wall_time": 1790747143.0521295, "episodes_completed": 3.0, "mean_episode_reward": -2.4917509288837514, "std_episode_reward": 3.5527056645857664, "min_episode_reward": -7.516019821166992, "max_episode_reward": 0.031240878626704216, "mean_episode_length": 107.33333333333333, "success_rate": 0.0, "collision_rate": 0.3333333333333333, "out_of_bounds_rate": 0.0, "timeout_rate": 0.6666666666666666, "policy_loss": 0.0003814653027802706, "value_loss": 0.7121115177869797, "entropy": 0.6118959188461304, "approx_kl": 0.01998880598694086, "clip_fraction": 0.2232666015625, "grad_norm": 5.864753723144531, "explained_variance": 0.4591916799545288, "action_std_mean": 0.3285910487174988, "optimizer_iterations": 4.0, "lr": 9.348736e-05}
{"step": 329728, "wall_time": 1790747151.3280208, "episodes_completed": 2.0, "mean_episode_reward": 8.206632539629936, "std_episode_reward": 7.924482420086861, "min_episode_reward": 0.28215011954307556, "max_episode_reward": 16.131114959716797, "mean_episode_length": 179.5, "success_rate": 0.5, "collision_rate": 0.0, "out_of_bounds_rate": 0.0, "timeout_rate": 0.5, "policy_loss": 0.006482004188001156, "value_loss": 0.3698272034525871, "entropy": 0.6119232177734375, "approx_kl": 0.06944985873997211, "clip_fraction": 0.089111328125, "grad_norm": 5.7391581535339355, "explained_variance": 0.7365494966506958, "action_std_mean": 0.32861170172691345, "optimizer_iterations": 4.0, "lr": 9.34464e-05}
{"step": 331776, "wall_time": 1790747159.3906078, "episodes_completed": 0.0, "mean_episode_reward": NaN, "std_episode_reward": NaN, "min_episode_reward": NaN, "max_episode_reward": NaN, "mean_episode_length": NaN, "success_rate": NaN, "collision_rate": NaN, "out_of_bounds_rate": NaN, "timeout_rate": NaN, "policy_loss": -0.0028503802604973316, "value_loss": 0.04058632254600525, "entropy": 0.6120767295360565, "approx_kl": 0.011402850970625877, "clip_fraction": 0.130126953125, "grad_norm": 4.487914562225342, "explained_variance": 0.9698376059532166, "action_std_mean": 0.3286363482475281, "optimizer_iterations": 4.0, "lr": 9.340544e-05}
{"step": 333824, "wall_time": 1790747167.502912, "episodes_completed": 4.0, "mean_episode_reward": 0.18553600157611072, "std_episode_reward": 0.2689301710942928, "min_episode_reward": -0.011350554414093494, "max_episode_reward": 0.6480908393859863, "mean_episode_length": 157.5, "success_rate": 0.0, "collision_rate": 0.0, "out_of_bounds_rate": 0.0, "timeout_rate": 1.0, "policy_loss": -0.00406023976393044, "value_loss": 0.11492044106125832, "entropy": 0.6121724247932434, "approx_kl": 0.014780496247112751, "clip_fraction": 0.10595703125, "grad_norm": 5.574569761753082, "explained_variance": 0.8991217613220215, "action_std_mean": 0.3286336064338684, "optimizer_iterations": 4.0, "lr": 9.336448e-05}
{"step": 335872, "wall_time": 1790747175.512264, "episodes_completed": 2.0, "mean_episode_reward": 7.320013517513871, "std_episode_reward": 7.373254304751754, "min_episode_reward": -0.053240787237882614, "max_episode_reward": 14.693267822265625, "mean_episode_length": 182.0, "success_rate": 0.5, "collision_rate": 0.0, "out_of_bounds_rate": 0.0, "timeout_rate": 0.5, "policy_loss": -0.0006579793989658356, "value_loss": 0.4039095789194107, "entropy": 0.612167477607727, "approx_kl": 0.018493771320208907, "clip_fraction": 0.17138671875, "grad_norm": 4.485349893569946, "explained_variance": 0.8388985395431519, "action_std_mean": 0.32864534854888916, "optimizer_iterations": 4.0, "lr": 9.332352000000001e-05}
{"step": 337920, "wall_time": 1790747183.4987268, "episodes_completed": 5.0, "mean_episode_reward": 2.2926003456115724, "std_episode_reward": 8.797416957153539, "min_episode_reward": -5.595420837402344, "max_episode_reward": 15.450433731079102, "mean_episode_length": 122.2, "success_rate": 0.4, "collision_rate": 0.6, "out_of_bounds_rate": 0.0, "timeout_rate": 0.0, "policy_loss": -0.0023994389921426773, "value_loss": 1.5375274419784546, "entropy": 0.6122751832008362, "approx_kl": 0.01916693290695548, "clip_fraction": 0.1993408203125, "grad_norm": 10.883554220199585, "explained_variance": 0.6668199300765991, "action_std_mean": 0.328668475151062, "optimizer_iterations": 4.0, "lr": 9.328256e-05}
{"step": 339968, "wall_time": 1790747191.5413756, "episodes_completed": 3.0, "mean_episode_reward": 0.8310413410266241, "std_episode_reward": 8.621083713556256, "min_episode_reward": -9.266924858093262, "max_episode_reward": 11.796774864196777, "mean_episode_length": 35.0, "success_rate": 0.3333333333333333, "collision_rate": 0.3333333333333333, "out_of_bounds_rate": 0.0, "timeout_rate": 0.3333333333333333, "policy_loss": 0.0006300946697592735, "value_loss": 0.7524651437997818, "entropy": 0.6124203503131866, "approx_kl": 0.01249494287185371, "clip_fraction": 0.1585693359375, "grad_norm": 6.033667206764221, "explained_variance": 0.7553716897964478, "action_std_mean": 0.32869622111320496, "optimizer_iterations": 4.0, "lr": 9.324160000000001e-05}
{"step": 342016, "wall_time": 1790747199.7248178, "episodes_completed": 4.0, "mean_episode_reward": -1.5658703548833728, "std_episode_reward": 7.5121815846749325, "min_episode_reward": -8.694380760192871, "max_episode_reward": 10.085442543029785, "mean_episode_length": 46.5, "success_rate": 0.25, "collision_rate": 0.5, "out_of_bounds_rate": 0.0, "timeout_rate": 0.25, "policy_loss": -0.0013455096632242203, "value_loss": 1.1650507748126984, "entropy": 0.6126071810722351, "approx_kl": 0.005989780882373452, "clip_fraction": 0.0687255859375, "grad_norm": 6.507833302021027, "explained_variance": 0.6731703281402588, "action_std_mean": 0.3287300169467926, "optimizer_iterations": 4.0, "lr": 9.320064e-05}
{"step": 344064, "wall_time": 1790747209.98935, "episodes_completed": 3.0, "mean_episode_reward": -6.435463701685269, "std_episode_reward": 4.494696083666213, "min_episode_reward": -9.996909141540527, "max_episode_reward": -0.09507881104946136, "mean_episode_length": 82.0, "success_rate": 0.0, "collision_rate": 0.6666666666666666, "out_of_bounds_rate": 0.0, "timeout_rate": 0.3333333333333333, "policy_loss": -0.002025296213105321, "value_loss": 0.677428349852562, "entropy": 0.6127980053424835, "approx_kl": 0.017754328902810812, "clip_fraction": 0.0523681640625, "grad_norm": 4.6958224177360535, "explained_variance": 0.592330276966095, "action_std_mean": 0.3287446200847626, "optimizer_iterations": 4.0, "lr": 9.315968e-05}
{"step": 346112, "wall_time": 1790747218.7738762, "episodes_completed": 2.0, "mean_episode_reward": -3.1884684339165688, "std_episode_reward": 3.2778945192694664, "min_episode_reward": -6.466362953186035, "max_episode_reward": 0.08942608535289764, "mean_episode_length": 108.5, "success_rate": 0.0, "collision_rate": 0.5, "out_of_bounds_rate": 0.0, "timeout_rate": 0.5, "policy_loss": -0.00459950789809227, "value_loss": 0.06720553990453482, "entropy": 0.6128136813640594, "approx_kl": 0.004433046793565154, "clip_fraction": 0.0487060546875, "grad_norm": 3.8324095606803894, "explained_variance": 0.9696018695831299, "action_std_mean": 0.32872846722602844, "optimizer_iterations": 4.0, "lr": 9.311872000000001e-05}
{"step": 348160, "wall_time": 1790747226.1849098, "episodes_completed": 3.0, "mean_episode_reward": 4.9193776448567705, "std_episode_reward": 10.662025550550288, "min_episode_reward": -9.957401275634766, "max_episode_reward": 14.48597526550293, "mean_episode_length": 88.33333333333333, "success_rate": 0.6666666666666666, "collision_rate": 0.3333333333333333, "out_of_bounds_rate": 0.0, "timeout_rate": 0.0, "policy_loss": 0.001115056045819074, "value_loss": 0.6907180100679398, "entropy": 0.6126942932605743, "approx_kl": 0.013229527976363897, "clip_fraction": 0.1573486328125, "grad_norm": 5.3191028237342834, "explained_variance": 0.6897275447845459, "action_std_mean": 0.3287164568901062, "optimizer_iterations": 4.0, "lr": 9.307776e-05}
{"step": 350208, "wall_time": 1790747236.2857769, "episodes_completed": 4.0, "mean_episode_reward": 4.349286587443203, "std_episode_reward": 7.448951081750776, "min_episode_reward": -0.011308830231428146, "max_episode_reward": 17.250770568847656, "mean_episode_length": 196.25, "success_rate": 0.25, "collision_rate": 0.0, "out_of_bounds_rate": 0.0, "timeout_rate": 0.75, "policy_loss": -0.006238432601094246, "value_loss": 0.26732758432626724, "entropy": 0.6126572489738464, "approx_kl": 0.010491979541257024, "clip_fraction": 0.1256103515625, "grad_norm": 3.1508469581604004, "explained_variance": 0.8845099210739136, "action_std_mean": 0.32871389389038086, "optimizer_iterations": 4.0, "lr": 9.30368e-05}
{"step": 352256, "wall_time": 1790747243.9925654, "episodes_completed": 1.0, "mean_episode_reward": 11.141877174377441, "std_episode_reward": 0.0, "min_episode_reward": 11.141877174377441, "max_episode_reward": 11.141877174377441, "mean_episode_length": 29.0, "success_rate": 1.0, "collision_rate": 0.0, "out_of_bounds_rate": 0.0, "timeout_rate": 0.0, "policy_loss": 0.0010124221444129944, "value_loss": 0.43716391921043396, "entropy": 0.6126611828804016, "approx_kl": 0.012739201541990042, "clip_fraction": 0.114990234375, "grad_norm": 8.777636647224426, "explained_variance": 0.8421503305435181, "action_std_mean": 0.32872653007507324, "optimizer_iterations": 4.0, "lr": 9.299584e-05}
{"step": 354304, "wall_time": 1790747252.2452538, "episodes_completed": 3.0, "mean_episode_reward": -2.2410642759253583, "std_episode_reward": 3.169464702535179, "min_episode_reward": -6.7232770919799805, "max_episode_reward": 0.024248631671071053, "mean_episode_length": 125.33333333333333, "success_rate": 0.0, "collision_rate": 0.3333333333333333, "out_of_bounds_rate": 0.0, "timeout_rate": 0.6666666666666666, "policy_loss": 0.00392393977381289, "value_loss": 0.6221264898777008, "entropy": 0.6127396523952484, "approx_kl": 0.016948455711826682, "clip_fraction": 0.144287109375, "grad_norm": 7.3753379583358765, "explained_variance": 0.8447064757347107, "action_std_mean": 0.32872700691223145, "optimizer_iterations": 4.0, "lr": 9.295488e-05}
{"step": 356352, "wall_time": 1790747261.2087724, "episodes_completed": 5.0, "mean_episode_reward": 6.852480792999268, "std_episode_reward": 11.929978631677653, "min_episode_reward": -9.207291603088379, "max_episode_reward": 18.19816780090332, "mean_episode_length": 141.2, "success_rate": 0.6, "collision_rate": 0.4, "out_of_bounds_rate": 0.0, "timeout_rate": 0.0, "policy_loss": -0.004085006192326546, "value_loss": 1.5448522865772247, "entropy": 0.6127170622348785, "approx_kl": 0.01436786213889718, "clip_fraction": 0.1043701171875, "grad_norm": 9.678704261779785, "explained_variance": 0.6456764936447144, "action_std_mean": 0.32872581481933594, "optimizer_iterations": 4.0, "lr": 9.291392e-05}
{"step": 358400, "wall_time": 1790747270.666863, "episodes_completed": 4.0, "mean_episode_reward": -5.271899817511439, "std_episode_reward": 3.5280779303869134, "min_episode_reward": -9.9938325881958, "max_episode_reward": -0.09383582323789597, "mean_episode_length": 89.0, "success_rate": 0.0, "collision_rate": 0.75, "out_of_bounds_rate": 0.0, "timeout_rate": 0.25, "policy_loss": -0.003549344837665558, "value_loss": 1.2023023664951324, "entropy": 0.6127166748046875, "approx_kl": 0.014900112990289927, "clip_fraction": 0.093505859375, "grad_norm": 5.512304067611694, "explained_variance": 0.7100942134857178, "action_std_mean": 0.32872265577316284, "optimizer_iterations": 4.0, "lr": 9.287296000000001e-05}
{"step": 360448, "wall_time": 1790747278.0361931, "episodes_completed": 0.0, "mean_episode_reward": NaN, "std_episode_reward": NaN, "min_episode_reward": NaN, "max_episode_reward": NaN, "mean_episode_length": NaN, "success_rate": NaN, "collision_rate": NaN, "out_of_bounds_rate": NaN, "timeout_rate": NaN, "policy_loss": -0.003346451325342059, "value_loss": 0.061740593053400517, "entropy": 0.6126962602138519, "approx_kl": 0.013914378825575113, "clip_fraction": 0.1417236328125, "grad_norm": 4.1320366859436035, "explained_variance": 0.9763990640640259, "action_std_mean": 0.3287190794944763, "optimizer_iterations": 4.0, "lr": 9.283200000000001e-05}
{"step": 362496, "wall_time": 1790747285.1734946, "episodes_completed": 2.0, "mean_episode_reward": -0.03817104734480381, "std_episode_reward": 0.07561293058097363, "min_episode_reward": -0.11378397792577744, "max_episode_reward": 0.037441883236169815, "mean_episode_length": 137.5, "success_rate": 0.0, "collision_rate": 0.0, "out_of_bounds_rate": 0.0, "timeout_rate": 1.0, "policy_loss": 8.541159331798553e-05, "value_loss": 0.04930341150611639, "entropy": 0.6126251220703125, "approx_kl": 0.014330905163660645, "clip_fraction": 0.1534423828125, "grad_norm": 5.148760557174683, "explained_variance": 0.9546645879745483, "action_std_mean": 0.32869046926498413, "optimizer_iterations": 4.0, "lr": 9.279104e-05}
{"step": 364544, "wall_time": 1790747292.3191674, "episodes_completed": 0.0, "mean_episode_reward": NaN, "std_episode_reward": NaN, "min_episode_reward": NaN, "max_episode_reward": NaN, "mean_episode_length": NaN, "success_rate": NaN, "collision_rate": NaN, "out_of_bounds_rate": NaN, "timeout_rate": NaN, "policy_loss": -0.002509935060516, "value_loss": 0.0425389064475894, "entropy": 0.6124381422996521, "approx_kl": 0.027172939386218786, "clip_fraction": 0.212158203125, "grad_norm": 5.441697180271149, "explained_variance": 0.975922703742981, "action_std_mean": 0.328662633895874, "optimizer_iterations": 4.0, "lr": 9.275008000000001e-05}
{"step": 366592, "wall_time": 1790747299.519142, "episodes_completed": 4.0, "mean_episode_reward": 2.61057285964489, "std_episode_reward": 8.37564651613463, "min_episode_reward": -9.950179100036621, "max_episode_reward": 10.284073829650879, "mean_episode_length": 131.0, "success_rate": 0.5, "collision_rate": 0.25, "out_of_bounds_rate": 0.0, "timeout_rate": 0.25, "policy_loss": -0.0034918676828965545, "value_loss": 0.8951035737991333, "entropy": 0.6123092174530029, "approx_kl": 0.010446024825796485, "clip_fraction": 0.108642578125, "grad_norm": 4.514053463935852, "explained_variance": 0.6822025775909424, "action_std_mean": 0.32864803075790405, "optimizer_iterations": 4.0, "lr": 9.270912e-05}
{"step": 368640, "wall_time": 1790747306.7446127, "episodes_completed": 2.0, "mean_episode_reward": -0.2818090692162514, "std_episode_reward": 0.24364479631185532, "min_episode_reward": -0.5254538655281067, "max_episode_reward": -0.03816427290439606, "mean_episode_length": 216.5, "success_rate": 0.0, "collision_rate": 0.0, "out_of_bounds_rate": 0.0, "timeout_rate": 1.0, "policy_loss": -0.005035053938627243, "value_loss": 0.06290670670568943, "entropy": 0.6121967732906342, "approx_kl": 0.009492696030065417, "clip_fraction": 0.129150390625, "grad_norm": 5.2563111782073975, "explained_variance": 0.9794760942459106, "action_std_mean": 0.3286261260509491, "optimizer_iterations": 4.0, "lr": 9.266816e-05}
{"step": 370688, "wall_time": 1790749297.625431, "episodes_completed": 5.0, "mean_episode_reward": -7.761455726623535, "std_episode_reward": 1.802300568294928, "min_episode_reward": -9.681825637817383, "max_episode_reward": -4.699359893798828, "mean_episode_length": 66.0, "success_rate": 0.0, "collision_rate": 1.0, "out_of_bounds_rate": 0.0, "timeout_rate": 0.0, "policy_loss": 0.0030683819204568863, "value_loss": 1.6839815080165863, "entropy": 0.6120689511299133, "approx_kl": 0.009604268008843064, "clip_fraction": 0.1082763671875, "grad_norm": 13.286549806594849, "explained_variance": 0.7950229644775391, "action_std_mean": 0.32861050963401794, "optimizer_iterations": 4.0, "lr": 9.26272e-05}
{"step": 372736, "wall_time": 1790749309.643921, "episodes_completed": 2.0, "mean_episode_reward": -2.130870819091797, "std_episode_reward": 1.29583740234375, "min_episode_reward": -3.426708221435547, "max_episode_reward": -0.8350334167480469, "mean_episode_length": 214.0, "success_rate": 0.0, "collision_rate": 1.0, "out_of_bounds_rate": 0.0, "timeout_rate": 0.0, "policy_loss": -0.0028759995475411415, "value_loss": 0.8471802473068237, "entropy": 0.612029492855072, "approx_kl": 0.020734914112836123, "clip_fraction": 0.0826416015625, "grad_norm": 7.258923590183258, "explained_variance": 0.7760220170021057, "action_std_mean": 0.3286299705505371, "optimizer_iterations": 4.0, "lr": 9.258624e-05}
{"step": 374784, "wall_time": 1790749322.7549632, "episodes_completed": 2.0, "mean_episode_reward": 10.09953260421753, "std_episode_reward": 0.0454411506652832, "min_episode_reward": 10.054091453552246, "max_episode_reward": 10.144973754882812, "mean_episode_length": 94.0, "success_rate": 1.0, "collision_rate": 0.0, "out_of_bounds_rate": 0.0, "timeout_rate": 0.0, "policy_loss": -0.0028351042419672012, "value_loss": 0.4869561865925789, "entropy": 0.612212598323822, "approx_kl": 0.012856672517955303, "clip_fraction": 0.1158447265625, "grad_norm": 3.3623399138450623, "explained_variance": 0.7753149271011353, "action_std_mean": 0.328658789396286, "optimizer_iterations": 4.0, "lr": 9.254528e-05}
{"step": 376832, "wall_time": 1790749335.5213056, "episodes_completed": 1.0, "mean_episode_reward": 10.233431816101074, "std_episode_reward": 0.0, "min_episode_reward": 10.233431816101074, "max_episode_reward": 10.233431816101074, "mean_episode_length": 70.0, "success_rate": 1.0, "collision_rate": 0.0, "out_of_bounds_rate": 0.0, "timeout_rate": 0.0, "policy_loss": 0.010304869618266821, "value_loss": 0.5172483325004578, "entropy": 0.612348347902298, "approx_kl": 0.01735407905653119, "clip_fraction": 0.1630859375, "grad_norm": 4.935017943382263, "explained_variance": 0.7361326217651367, "action_std_mean": 0.32867562770843506, "optimizer_iterations": 4.0, "lr": 9.250432e-05}
{"step": 378880, "wall_time": 1790749347.0917294, "episodes_completed": 3.0, "mean_episode_reward": 6.539623896280925, "std_episode_reward": 7.983439315534596, "min_episode_reward": -4.543720245361328, "max_episode_reward": 13.944778442382812, "mean_episode_length": 120.0, "success_rate": 0.6666666666666666, "collision_rate": 0.3333333333333333, "out_of_bounds_rate": 0.0, "timeout_rate": 0.0, "policy_loss": -0.0028952022548764944, "value_loss": 1.3298777043819427, "entropy": 0.6124561727046967, "approx_kl": 0.026973688509315252, "clip_fraction": 0.146484375, "grad_norm": 5.078526496887207, "explained_variance": 0.4388068914413452, "action_std_mean": 0.32870733737945557, "optimizer_iterations": 4.0, "lr": 9.246336e-05}
{"step": 380928, "wall_time": 1790749359.539644, "episodes_completed": 2.0, "mean_episode_reward": -0.04394824802875519, "std_episode_reward": 0.10333661735057831, "min_episode_reward": -0.1472848653793335, "max_episode_reward": 0.05938836932182312, "mean_episode_length": 220.0, "success_rate": 0.0, "collision_rate": 0.0, "out_of_bounds_rate": 0.0, "timeout_rate": 1.0, "policy_loss": -0.004480654373764992, "value_loss": 0.036140854470431805, "entropy": 0.6127220690250397, "approx_kl": 0.05093113798648119, "clip_fraction": 0.0943603515625, "grad_norm": 4.180746495723724, "explained_variance": 0.9658021330833435, "action_std_mean": 0.3287495970726013, "optimizer_iterations": 4.0, "lr": 9.24224e-05}
{"step": 382976, "wall_time": 1790749372.1781406, "episodes_completed": 1.0, "mean_episode_reward": -0.0041867587715387344, "std_episode_reward": 0.0, "min_episode_reward": -0.0041867587715387344, "max_episode_reward": -0.0041867587715387344, "mean_episode_length": 165.0, "success_rate": 0.0, "collision_rate": 0.0, "out_of_bounds_rate": 0.0, "timeout_rate": 1.0, "policy_loss": 0.0020402297377586365, "value_loss": 0.05207542981952429, "entropy": 0.6128731071949005, "approx_kl": 0.0378103656694293, "clip_fraction": 0.11474609375, "grad_norm": 4.057126998901367, "explained_variance": 0.9214637279510498, "action_std_mean": 0.3287471532821655, "optimizer_iterations": 4.0, "lr": 9.238144000000001e-05}
{"step": 385024, "wall_time": 1790749384.5523295, "episodes_completed": 2.0, "mean_episode_reward": -0.02614026889204979, "std_episode_reward": 0.10727811232209206, "min_episode_reward": -0.13341838121414185, "max_episode_reward": 0.08113784343004227, "mean_episode_length": 202.5, "success_rate": 0.0, "collision_rate": 0.0, "out_of_bounds_rate": 0.0, "timeout_rate": 1.0, "policy_loss": -0.0024398043751716614, "value_loss": 0.050065409392118454, "entropy": 0.6128374636173248, "approx_kl": 0.015869612339884043, "clip_fraction": 0.1826171875, "grad_norm": 4.037201404571533, "explained_variance": 0.9094388484954834, "action_std_mean": 0.3287447988986969, "optimizer_iterations": 4.0, "lr": 9.234048e-05}
{"step": 387072, "wall_time": 1790749396.5387528, "episodes_completed": 4.0, "mean_episode_reward": 4.100025424733758, "std_episode_reward": 9.70231747203747, "min_episode_reward": -9.557326316833496, "max_episode_reward": 15.652885437011719, "mean_episode_length": 82.75, "success_rate": 0.5, "collision_rate": 0.25, "out_of_bounds_rate": 0.0, "timeout_rate": 0.25, "policy_loss": -0.00036401301622390747, "value_loss": 1.017195612192154, "entropy": 0.6128818988800049, "approx_kl": 0.013691000640392303, "clip_fraction": 0.123291015625, "grad_norm": 4.310912609100342, "explained_variance": 0.6317235231399536, "action_std_mean": 0.3287765681743622, "optimizer_iterations": 4.0, "lr": 9.229952e-05}
{"step": 389120, "wall_time": 1790749407.8284268, "episodes_completed": 3.0, "mean_episode_reward": 6.227730592091878, "std_episode_reward": 7.33816307714462, "min_episode_reward": -4.061123371124268, "max_episode_reward": 12.545856475830078, "mean_episode_length": 153.0, "success_rate": 0.6666666666666666, "collision_rate": 0.3333333333333333, "out_of_bounds_rate": 0.0, "timeout_rate": 0.0, "policy_loss": -0.0025694789364933968, "value_loss": 1.3439984619617462, "entropy": 0.6131243109703064, "approx_kl": 0.01778674963861704, "clip_fraction": 0.1878662109375, "grad_norm": 5.650822401046753, "explained_variance": 0.2644619345664978, "action_std_mean": 0.328815221786499, "optimizer_iterations": 4.0, "lr": 9.225856000000001e-05}
{"step": 391168, "wall_time": 1790749419.0215235, "episodes_completed": 6.0, "mean_episode_reward": 0.0992704691986243, "std_episode_reward": 10.628005916482191, "min_episode_reward": -10.045297622680664, "max_episode_reward": 16.699565887451172, "mean_episode_length": 120.33333333333333, "success_rate": 0.3333333333333333, "collision_rate": 0.5, "out_of_bounds_rate": 0.0, "timeout_rate": 0.16666666666666666, "policy_loss": 0.002264981623739004, "value_loss": 1.9451050460338593, "entropy": 0.6133440434932709, "approx_kl": 0.01534472219645977, "clip_fraction": 0.1700439453125, "grad_norm": 5.988476872444153, "explained_variance": 0.4337359666824341, "action_std_mean": 0.3288499712944031, "optimizer_iterations": 4.0, "lr": 9.22176e-05}
{"step": 393216, "wall_time": 1790749430.0514498, "episodes_completed": 4.0, "mean_episode_reward": -4.461167617700994, "std_episode_reward": 4.495591155884693, "min_episode_reward": -9.044248580932617, "max_episode_reward": 0.0715738981962204, "mean_episode_length": 103.5, "success_rate": 0.0, "collision_rate": 0.5, "out_of_bounds_rate": 0.0, "timeout_rate": 0.5, "policy_loss": -0.005074420943856239, "value_loss": 1.0616747736930847, "entropy": 0.6135658323764801, "approx_kl": 0.010631878394633532, "clip_fraction": 0.12451171875, "grad_norm": 8.977319240570068, "explained_variance": 0.5472131967544556, "action_std_mean": 0.3289009928703308, "optimizer_iterations": 4.0, "lr": 9.217664e-05}
{"step": 395264, "wall_time": 1790749440.9472978, "episodes_completed": 2.0, "mean_episode_reward": 10.876858234405518, "std_episode_reward": 0.5988364219665527, "min_episode_reward": 10.278021812438965, "max_episode_reward": 11.47569465637207, "mean_episode_length": 130.5, "success_rate": 1.0, "collision_rate": 0.0, "out_of_bounds_rate": 0.0, "timeout_rate": 0.0, "policy_loss": -0.0004951530136168003, "value_loss": 0.6764905005693436, "entropy": 0.6139296591281891, "approx_kl": 0.022822715807706118, "clip_fraction": 0.279541015625, "grad_norm": 5.331129670143127, "explained_variance": 0.5741078853607178, "action_std_mean": 0.32896357774734497, "optimizer_iterations": 4.0, "lr": 9.213568e-05}
{"step": 397312, "wall_time": 1790749451.927872, "episodes_completed": 3.0, "mean_episode_reward": -1.9750858942667644, "std_episode_reward": 10.139498017002964, "min_episode_reward": -10.0439453125, "max_episode_reward": 12.325027465820312, "mean_episode_length": 53.0, "success_rate": 0.3333333333333333, "collision_rate": 0.6666666666666666, "out_of_bounds_rate": 0.0, "timeout_rate": 0.0, "policy_loss": -0.00048211164539679885, "value_loss": 0.9431455135345459, "entropy": 0.6142651438713074, "approx_kl": 0.057711077854037285, "clip_fraction": 0.3636474609375, "grad_norm": 6.132467865943909, "explained_variance": 0.6679211854934692, "action_std_mean": 0.32900190353393555, "optimizer_iterations": 4.0, "lr": 9.209472e-05}
{"step": 399360, "wall_time": 1790749462.8885531, "episodes_completed": 2.0, "mean_episode_reward": 4.1881103515625, "std_episode_reward": 13.985042572021484, "min_episode_reward": -9.796932220458984, "max_episode_reward": 18.173152923583984, "mean_episode_length": 203.5, "success_rate": 0.5, "collision_rate": 0.5, "out_of_bounds_rate": 0.0, "timeout_rate": 0.0, "policy_loss": 0.002401413396000862, "value_loss": 0.7579992860555649, "entropy": 0.6144719421863556, "approx_kl": 0.03756115585565567, "clip_fraction": 0.31494140625, "grad_norm": 4.517524302005768, "explained_variance": 0.7370356321334839, "action_std_mean": 0.32903650403022766, "optimizer_iterations": 4.0, "lr": 9.205376e-05}
{"step": 401408, "wall_time": 1790749473.934158, "episodes_completed": 2.0, "mean_episode_reward": -2.452203221619129, "std_episode_reward": 2.344552092254162, "min_episode_reward": -4.796755313873291, "max_episode_reward": -0.10765112936496735, "mean_episode_length": 190.0, "success_rate": 0.0, "collision_rate": 0.5, "out_of_bounds_rate": 0.0, "timeout_rate": 0.5, "policy_loss": 0.0022206399589776993, "value_loss": 0.5677567422389984, "entropy": 0.6147194504737854, "approx_kl": 0.019258884247392416, "clip_fraction": 0.2152099609375, "grad_norm": 12.825869679450989, "explained_variance": 0.667113184928894, "action_std_mean": 0.3290824294090271, "optimizer_iterations": 4.0, "lr": 9.201280000000001e-05}
{"step": 403456, "wall_time": 1790749484.9140618, "episodes_completed": 5.0, "mean_episode_reward": -3.505448417365551, "std_episode_reward": 4.627004208415825, "min_episode_reward": -9.654623985290527, "max_episode_reward": 0.7255496978759766, "mean_episode_length": 140.6, "success_rate": 0.0, "collision_rate": 0.6, "out_of_bounds_rate": 0.0, "timeout_rate": 0.4, "policy_loss": 0.0022679046960547566, "value_loss": 1.1431220173835754, "entropy": 0.6149441003799438, "approx_kl": 0.008895075879991055, "clip_fraction": 0.091552734375, "grad_norm": 8.151172637939453, "explained_variance": 0.6037737131118774, "action_std_mean": 0.32910025119781494, "optimizer_iterations": 4.0, "lr": 9.197184000000001e-05}
{"step": 405504, "wall_time": 1790749495.6612186, "episodes_completed": 2.0, "mean_episode_reward": -3.116862867027521, "std_episode_reward": 3.0899285338819027, "min_episode_reward": -6.206791400909424, "max_episode_reward": -0.02693433314561844, "mean_episode_length": 114.5, "success_rate": 0.0, "collision_rate": 0.5, "out_of_bounds_rate": 0.0, "timeout_rate": 0.5, "policy_loss": -0.0007524476386606693, "value_loss": 0.8050931543111801, "entropy": 0.6149997413158417, "approx_kl": 0.010475816437974572, "clip_fraction": 0.077392578125, "grad_norm": 6.43984055519104, "explained_variance": 0.7486623525619507, "action_std_mean": 0.329099178314209, "optimizer_iterations": 4.0, "lr": 9.193088e-05}
{"step": 407552, "wall_time": 1790749506.800037, "episodes_completed": 3.0, "mean_episode_reward": 4.187007586161296, "std_episode_reward": 9.214030496152223, "min_episode_reward": -8.823987007141113, "max_episode_reward": 11.311416625976562, "mean_episode_length": 71.33333333333333, "success_rate": 0.6666666666666666, "collision_rate": 0.3333333333333333, "out_of_bounds_rate": 0.0, "timeout_rate": 0.0, "policy_loss": 0.0029766547959297895, "value_loss": 1.5315538942813873, "entropy": 0.6149829626083374, "approx_kl": 0.01109318621456623, "clip_fraction": 0.0853271484375, "grad_norm": 10.729967832565308, "explained_variance": 0.3130961060523987, "action_std_mean": 0.3290874660015106, "optimizer_iterations": 4.0, "lr": 9.188992000000001e-05}
{"step": 409600, "wall_time": 1790749517.9727454, "episodes_completed": 4.0, "mean_episode_reward": 4.873513626866043, "std_episode_reward": 10.242369959052214, "min_episode_reward": -9.475963592529297, "max_episode_reward": 16.2354736328125, "mean_episode_length": 81.25, "success_rate": 0.5, "collision_rate": 0.25, "out_of_bounds_rate": 0.0, "timeout_rate": 0.25, "policy_loss": 0.004433287773281336, "value_loss": 1.0029831528663635, "entropy": 0.614893913269043, "approx_kl": 0.016739708837121725, "clip_fraction": 0.146728515625, "grad_norm": 7.40910279750824, "explained_variance": 0.6668586730957031, "action_std_mean": 0.3290773034095764, "optimizer_iterations": 4.0, "lr": 9.184896e-05}
{"step": 411648, "wall_time": 1790749529.2217047, "episodes_completed": 5.0, "mean_episode_reward": -1.9696703374385833, "std_episode_reward": 7.436460267865281, "min_episode_reward": -9.966036796569824, "max_episode_reward": 10.635497093200684, "mean_episode_length": 75.6, "success_rate": 0.2, "collision_rate": 0.4, "out_of_bounds_rate": 0.0, "timeout_rate": 0.4, "policy_loss": 0.0002041412517428398, "value_loss": 0.5669603049755096, "entropy": 0.614861249923706, "approx_kl": 0.008801532676443458, "clip_fraction": 0.0966796875, "grad_norm": 6.328364670276642, "explained_variance": 0.7757370471954346, "action_std_mean": 0.32907599210739136, "optimizer_iterations": 4.0, "lr": 9.1808e-05}
{"step": 413696, "wall_time": 1790749540.10642, "episodes_completed": 3.0, "mean_episode_reward": 5.397783279418945, "std_episode_reward": 7.0878630074450175, "min_episode_reward": -4.621270179748535, "max_episode_reward": 10.673070907592773, "mean_episode_length": 58.333333333333336, "success_rate": 0.6666666666666666, "collision_rate": 0.3333333333333333, "out_of_bounds_rate": 0.0, "timeout_rate": 0.0, "policy_loss": -0.0013493094593286514, "value_loss": 0.9404592365026474, "entropy": 0.6148470342159271, "approx_kl": 0.006212659296579659, "clip_fraction": 0.0775146484375, "grad_norm": 7.914248466491699, "explained_variance": 0.6850086450576782, "action_std_mean": 0.3290711045265198, "optimizer_iterations": 4.0, "lr": 9.176704000000001e-05}
{"step": 415744, "wall_time": 1790749550.9977233, "episodes_completed": 2.0, "mean_episode_reward": -4.964648753404617, "std_episode_reward": 5.042702168226242, "min_episode_reward": -10.00735092163086, "max_episode_reward": 0.07805341482162476, "mean_episode_length": 74.0, "success_rate": 0.0, "collision_rate": 0.5, "out_of_bounds_rate": 0.0, "timeout_rate": 0.5, "policy_loss": -0.0017770882695913315, "value_loss": 0.1184745691716671, "entropy": 0.6147454380989075, "approx_kl": 0.012002249713987112, "clip_fraction": 0.1053466796875, "grad_norm": 4.543973684310913, "explained_variance": 0.7133768200874329, "action_std_mean": 0.32903698086738586, "optimizer_iterations": 4.0, "lr": 9.172608e-05}
{"step": 417792, "wall_time": 1790749561.905045, "episodes_completed": 4.0, "mean_episode_reward": -2.4760851096361876, "std_episode_reward": 8.382082700752227, "min_episode_reward": -10.158892631530762, "max_episode_reward": 10.14480209350586, "mean_episode_length": 110.25, "success_rate": 0.25, "collision_rate": 0.5, "out_of_bounds_rate": 0.0, "timeout_rate": 0.25, "policy_loss": -0.004864950431510806, "value_loss": 0.9139802008867264, "entropy": 0.6146101355552673, "approx_kl": 0.015357260592281818, "clip_fraction": 0.1689453125, "grad_norm": 4.672500252723694, "explained_variance": 0.5824604034423828, "action_std_mean": 0.32903730869293213, "optimizer_iterations": 4.0, "lr": 9.168512e-05}
{"step": 419840, "wall_time": 1790749572.7144828, "episodes_completed": 4.0, "mean_episode_reward": 7.132501594722271, "std_episode_reward": 11.956293472700679, "min_episode_reward": -8.663572311401367, "max_episode_reward": 20.39609146118164, "mean_episode_length": 179.0, "success_rate": 0.5, "collision_rate": 0.25, "out_of_bounds_rate": 0.0, "timeout_rate": 0.25, "policy_loss": -0.0042803119868040085, "value_loss": 0.9980812966823578, "entropy": 0.6146355867385864, "approx_kl": 0.011441137176007032, "clip_fraction": 0.1451416015625, "grad_norm": 6.312320113182068, "explained_variance": 0.6743727326393127, "action_std_mean": 0.3290349245071411, "optimizer_iterations": 4.0, "lr": 9.164416e-05}
{"step": 421888, "wall_time": 1790749583.6320555, "episodes_completed": 3.0, "mean_episode_reward": 6.398564764608939, "std_episode_reward": 8.865068878101523, "min_episode_reward": 0.02151026949286461, "max_episode_reward": 18.935035705566406, "mean_episode_length": 207.66666666666666, "success_rate": 0.3333333333333333, "collision_rate": 0.0, "out_of_bounds_rate": 0.0, "timeout_rate": 0.6666666666666666, "policy_loss": 0.0001591341570019722, "value_loss": 0.39537401497364044, "entropy": 0.6145484745502472, "approx_kl": 0.015877788770012558, "clip_fraction": 0.181396484375, "grad_norm": 4.576119065284729, "explained_variance": 0.8446168899536133, "action_std_mean": 0.32900840044021606, "optimizer_iterations": 4.0, "lr": 9.16032e-05}
{"step": 423936, "wall_time": 1790749594.6923714, "episodes_completed": 1.0, "mean_episode_reward": -0.2315671741962433, "std_episode_reward": 0.0, "min_episode_reward": -0.2315671741962433, "max_episode_reward": -0.2315671741962433, "mean_episode_length": 239.0, "success_rate": 0.0, "collision_rate": 0.0, "out_of_bounds_rate": 0.0, "timeout_rate": 1.0, "policy_loss": 0.0004390925168991089, "value_loss": 0.282563254237175, "entropy": 0.6144148409366608, "approx_kl": 0.016983449459075928, "clip_fraction": 0.1629638671875, "grad_norm": 4.458964169025421, "explained_variance": 0.8199163675308228, "action_std_mean": 0.328998863697052, "optimizer_iterations": 4.0, "lr": 9.156224e-05}
{"step": 425984, "wall_time": 1790749605.9522839, "episodes_completed": 6.0, "mean_episode_reward": -2.837501366933187, "std_episode_reward": 9.829620742629428, "min_episode_reward": -10.102652549743652, "max_episode_reward": 11.982769012451172, "mean_episode_length": 87.5, "success_rate": 0.3333333333333333, "collision_rate": 0.6666666666666666, "out_of_bounds_rate": 0.0, "timeout_rate": 0.0, "policy_loss": -0.000983438454568386, "value_loss": 1.4208696484565735, "entropy": 0.6144118905067444, "approx_kl": 0.010756559669971466, "clip_fraction": 0.10693359375, "grad_norm": 6.307599425315857, "explained_variance": 0.5826329588890076, "action_std_mean": 0.3290020823478699, "optimizer_iterations": 4.0, "lr": 9.152128000000001e-05}
{"step": 428032, "wall_time": 1790749617.4108927, "episodes_completed": 4.0, "mean_episode_reward": -0.9040572382509708, "std_episode_reward": 9.397529904237489, "min_episode_reward": -9.977070808410645, "max_episode_reward": 14.03382682800293, "mean_episode_length": 62.0, "success_rate": 0.25, "collision_rate": 0.5, "out_of_bounds_rate": 0.0, "timeout_rate": 0.25, "policy_loss": -0.0026421970687806606, "value_loss": 1.102374255657196, "entropy": 0.6144578754901886, "approx_kl": 0.00765035132644698, "clip_fraction": 0.076416015625, "grad_norm": 3.817665606737137, "explained_variance": 0.37353700399398804, "action_std_mean": 0.3290333151817322, "optimizer_iterations": 4.0, "lr": 9.148032000000001e-05}
{"step": 430080, "wall_time": 1790749628.7680738, "episodes_completed": 2.0, "mean_episode_reward": 5.0766174253076315, "std_episode_reward": 5.099289709702134, "min_episode_reward": -0.02267228439450264, "max_episode_reward": 10.175907135009766, "mean_episode_length": 174.0, "success_rate": 0.5, "collision_rate": 0.0, "out_of_bounds_rate": 0.0, "timeout_rate": 0.5, "policy_loss": 0.0009855309035629034, "value_loss": 0.49713124334812164, "entropy": 0.6147564947605133, "approx_kl": 0.009950769133865833, "clip_fraction": 0.132568359375, "grad_norm": 5.528003215789795, "explained_variance": 0.6619896292686462, "action_std_mean": 0.3290894031524658, "optimizer_iterations": 4.0, "lr": 9.143936e-05}
{"step": 432128, "wall_time": 1790749640.048111, "episodes_completed": 1.0, "mean_episode_reward": 0.1058354601264, "std_episode_reward": 0.0, "min_episode_reward": 0.1058354601264, "max_episode_reward": 0.1058354601264, "mean_episode_length": 204.0, "success_rate": 0.0, "collision_rate": 0.0, "out_of_bounds_rate": 0.0, "timeout_rate": 1.0, "policy_loss": -0.0005266154184937477, "value_loss": 0.05599990673363209, "entropy": 0.6150144636631012, "approx_kl": 0.010775691596791148, "clip_fraction": 0.1328125, "grad_norm": 3.80671489238739, "explained_variance": 0.96810382604599, "action_std_mean": 0.32911545038223267, "optimizer_iterations": 4.0, "lr": 9.139840000000001e-05}
{"step": 434176, "wall_time": 1790749651.3521206, "episodes_completed": 3.0, "mean_episode_reward": -5.075817182660103, "std_episode_reward": 3.991005735258049, "min_episode_reward": -9.540471076965332, "max_episode_reward": 0.14688421785831451, "mean_episode_length": 68.33333333333333, "success_rate": 0.0, "collision_rate": 0.6666666666666666, "out_of_bounds_rate": 0.0, "timeout_rate": 0.3333333333333333, "policy_loss": -0.0005298380274325609, "value_loss": 0.4145205169916153, "entropy": 0.6151617169380188, "approx_kl": 0.01986190862953663, "clip_fraction": 0.1046142578125, "grad_norm": 7.386068940162659, "explained_variance": 0.863551139831543, "action_std_mean": 0.32914209365844727, "optimizer_iterations": 4.0, "lr": 9.135744e-05}
{"step": 436224, "wall_time": 1790749662.4910588, "episodes_completed": 2.0, "mean_episode_reward": 0.2522311210632324, "std_episode_reward": 10.065884113311768, "min_episode_reward": -9.813652992248535, "max_episode_reward": 10.318115234375, "mean_episode_length": 84.5, "success_rate": 0.5, "collision_rate": 0.5, "out_of_bounds_rate": 0.0, "timeout_rate": 0.0, "policy_loss": -0.0043739802204072475, "value_loss": 0.64186130464077, "entropy": 0.6153274476528168, "approx_kl": 0.026870716828852892, "clip_fraction": 0.0950927734375, "grad_norm": 3.3899505734443665, "explained_variance": 0.7854982018470764, "action_std_mean": 0.32916027307510376, "optimizer_iterations": 4.0, "lr": 9.131648e-05}
{"step": 438272, "wall_time": 1790749673.770646, "episodes_completed": 3.0, "mean_episode_reward": 1.180493287742138, "std_episode_reward": 7.088942923236835, "min_episode_reward": -6.841317176818848, "max_episode_reward": 10.398853302001953, "mean_episode_length": 69.0, "success_rate": 0.3333333333333333, "collision_rate": 0.3333333333333333, "out_of_bounds_rate": 0.0, "timeout_rate": 0.3333333333333333, "policy_loss": -0.0019738422706723213, "value_loss": 0.45036987215280533, "entropy": 0.6153748631477356, "approx_kl": 0.010548245860263705, "clip_fraction": 0.123046875, "grad_norm": 7.613456130027771, "explained_variance": 0.8636221289634705, "action_std_mean": 0.3291550874710083, "optimizer_iterations": 4.0, "lr": 9.127552e-05}
{"step": 440320, "wall_time": 1790749685.080106, "episodes_completed": 5.0, "mean_episode_reward": 2.9167171351611616, "std_episode_reward": 8.42184531238051, "min_episode_reward": -9.973841667175293, "max_episode_reward": 12.318500518798828, "mean_episode_length": 109.6, "success_rate": 0.4, "collision_rate": 0.2, "out_of_bounds_rate": 0.0, "timeout_rate": 0.4, "policy_loss": -0.0038295318954624236, "value_loss": 0.8504119515419006, "entropy": 0.6153216063976288, "approx_kl": 0.013410883489996195, "clip_fraction": 0.1317138671875, "grad_norm": 4.4773810505867, "explained_variance": 0.7949715852737427, "action_std_mean": 0.32914891839027405, "optimizer_iterations": 4.0, "lr": 9.123456e-05}
{"step": 442368, "wall_time": 1790749696.2984347, "episodes_completed": 1.0, "mean_episode_reward": 0.1011473536491394, "std_episode_reward": 0.0, "min_episode_reward": 0.1011473536491394, "max_episode_reward": 0.1011473536491394, "mean_episode_length": 76.0, "success_rate": 0.0, "collision_rate": 0.0, "out_of_bounds_rate": 0.0, "timeout_rate": 1.0, "policy_loss": -0.0002771196886897087, "value_loss": 0.035844024270772934, "entropy": 0.6153358221054077, "approx_kl": 0.016879795119166374, "clip_fraction": 0.1573486328125, "grad_norm": 8.971356987953186, "explained_variance": 0.9912594556808472, "action_std_mean": 0.32916176319122314, "optimizer_iterations": 4.0, "lr": 9.119360000000001e-05}
{"step": 444416, "wall_time": 1790749707.4377377, "episodes_completed": 5.0, "mean_episode_reward": -0.8315752029418946, "std_episode_reward": 10.243031221051515, "min_episode_reward": -10.423697471618652, "max_episode_reward": 13.038290023803711, "mean_episode_length": 78.0, "success_rate": 0.4, "collision_rate": 0.6, "out_of_bounds_rate": 0.0, "timeout_rate": 0.0, "policy_loss": 5.86044043302536e-05, "value_loss": 1.7614052593708038, "entropy": 0.6154226362705231, "approx_kl": 0.02335404115729034, "clip_fraction": 0.12451171875, "grad_norm": 5.881584882736206, "explained_variance": 0.5593173503875732, "action_std_mean": 0.3291717767715454, "optimizer_iterations": 4.0, "lr": 9.115264e-05}
{"step": 446464, "wall_time": 1790749718.487296, "episodes_completed": 4.0, "mean_episode_reward": 0.0351153826341033, "std_episode_reward": 7.358735427005298, "min_episode_reward": -10.346686363220215, "max_episode_reward": 10.466718673706055, "mean_episode_length": 133.5, "success_rate": 0.25, "collision_rate": 0.25, "out_of_bounds_rate": 0.0, "timeout_rate": 0.5, "policy_loss": -0.00017203681636601686, "value_loss": 0.7418250739574432, "entropy": 0.6154700219631195, "approx_kl": 0.027984508778899908, "clip_fraction": 0.122314453125, "grad_norm": 5.802594900131226, "explained_variance": 0.795691967010498, "action_std_mean": 0.3291817903518677, "optimizer_iterations": 4.0, "lr": 9.111168000000001e-05}
{"step": 448512, "wall_time": 1790749729.5658312, "episodes_completed": 0.0, "mean_episode_reward": NaN, "std_episode_reward": NaN, "min_episode_reward": NaN, "max_episode_reward": NaN, "mean_episode_length": NaN, "success_rate": NaN, "collision_rate": NaN, "out_of_bounds_rate": NaN, "timeout_rate": NaN, "policy_loss": 0.007243982516229153, "value_loss": 0.12095391564071178, "entropy": 0.615519106388092, "approx_kl": 0.1345894429832697, "clip_fraction": 0.1346435546875, "grad_norm": 7.223016142845154, "explained_variance": 0.9261273741722107, "action_std_mean": 0.3291824460029602, "optimizer_iterations": 4.0, "lr": 9.107072e-05}
{"step": 450560, "wall_time": 1790749740.675864, "episodes_completed": 0.0, "mean_episode_reward": NaN, "std_episode_reward": NaN, "min_episode_reward": NaN, "max_episode_reward": NaN, "mean_episode_length": NaN, "success_rate": NaN, "collision_rate": NaN, "out_of_bounds_rate": NaN, "timeout_rate": NaN, "policy_loss": 0.005488816648721695, "value_loss": 0.01848626579158008, "entropy": 0.6155543923377991, "approx_kl": 0.10650045610964298, "clip_fraction": 0.0753173828125, "grad_norm": 6.733509182929993, "explained_variance": 0.9223958849906921, "action_std_mean": 0.32920756936073303, "optimizer_iterations": 4.0, "lr": 9.102976000000001e-05}
{"step": 452608, "wall_time": 1790749751.8597322, "episodes_completed": 4.0, "mean_episode_reward": -2.3903727754950523, "std_episode_reward": 8.42819377767433, "min_episode_reward": -9.953695297241211, "max_episode_reward": 10.451732635498047, "mean_episode_length": 114.25, "success_rate": 0.25, "collision_rate": 0.5, "out_of_bounds_rate": 0.0, "timeout_rate": 0.25, "policy_loss": -0.006039811298251152, "value_loss": 0.8504753410816193, "entropy": 0.6157417297363281, "approx_kl": 0.1697516329586506, "clip_fraction": 0.143798828125, "grad_norm": 5.275786280632019, "explained_variance": 0.6114180088043213, "action_std_mean": 0.3292449116706848, "optimizer_iterations": 4.0, "lr": 9.09888e-05}
{"step": 454656, "wall_time": 1790749763.2352538, "episodes_completed": 3.0, "mean_episode_reward": -3.3122593561808267, "std_episode_reward": 9.470413368558614, "min_episode_reward": -10.022560119628906, "max_episode_reward": 10.080918312072754, "mean_episode_length": 113.0, "success_rate": 0.3333333333333333, "collision_rate": 0.6666666666666666, "out_of_bounds_rate": 0.0, "timeout_rate": 0.0, "policy_loss": -0.005943089723587036, "value_loss": 0.8924659937620163, "entropy": 0.6159569025039673, "approx_kl": 0.025308333337306976, "clip_fraction": 0.1917724609375, "grad_norm": 4.068399608135223, "explained_variance": 0.5973882675170898, "action_std_mean": 0.32926976680755615, "optimizer_iterations": 4.0, "lr": 9.094784e-05}
{"step": 456704, "wall_time": 1790749774.2496743, "episodes_completed": 4.0, "mean_episode_reward": 0.3106647189706564, "std_episode_reward": 10.389285057615258, "min_episode_reward": -9.808772087097168, "max_episode_reward": 17.215984344482422, "mean_episode_length": 78.25, "success_rate": 0.25, "collision_rate": 0.5, "out_of_bounds_rate": 0.0, "timeout_rate": 0.25, "policy_loss": -0.0006959745660424232, "value_loss": 0.747581273317337, "entropy": 0.616050124168396, "approx_kl": 0.01574715133756399, "clip_fraction": 0.171142578125, "grad_norm": 9.397740125656128, "explained_variance": 0.8284927606582642, "action_std_mean": 0.32927820086479187, "optimizer_iterations": 4.0, "lr": 9.090688000000001e-05}
{"step": 458752, "wall_time": 1790749785.3178816, "episodes_completed": 2.0, "mean_episode_reward": -0.0893094651401043, "std_episode_reward": 0.025016259402036667, "min_episode_reward": -0.11432572454214096, "max_episode_reward": -0.06429320573806763, "mean_episode_length": 131.5, "success_rate": 0.0, "collision_rate": 0.0, "out_of_bounds_rate": 0.0, "timeout_rate": 1.0, "policy_loss": 0.0019813692197203636, "value_loss": 0.08254612423479557, "entropy": 0.6160953044891357, "approx_kl": 0.018375301267951727, "clip_fraction": 0.1727294921875, "grad_norm": 6.1930535435676575, "explained_variance": 0.9714307188987732, "action_std_mean": 0.3292843699455261, "optimizer_iterations": 4.0, "lr": 9.086592e-05}
{"step": 460800, "wall_time": 1790749796.5369136, "episodes_completed": 0.0, "mean_episode_reward": NaN, "std_episode_reward": NaN, "min_episode_reward": NaN, "max_episode_reward": NaN, "mean_episode_length": NaN, "success_rate": NaN, "collision_rate": NaN, "out_of_bounds_rate": NaN, "timeout_rate": NaN, "policy_loss": -0.0027012131176888943, "value_loss": 0.05806271452456713, "entropy": 0.6160815060138702, "approx_kl": 0.00993668066803366, "clip_fraction": 0.1177978515625, "grad_norm": 4.552736580371857, "explained_variance": 0.9707584381103516, "action_std_mean": 0.3292611837387085, "optimizer_iterations": 4.0, "lr": 9.082496000000001e-05}
{"step": 462848, "wall_time": 1790749807.7547092, "episodes_completed": 0.0, "mean_episode_reward": NaN, "std_episode_reward": NaN, "min_episode_reward": NaN, "max_episode_reward": NaN, "mean_episode_length": NaN, "success_rate": NaN, "collision_rate": NaN, "out_of_bounds_rate": NaN, "timeout_rate": NaN, "policy_loss": -0.004488227190449834, "value_loss": 0.014873235020786524, "entropy": 0.6159164607524872, "approx_kl": 0.018317326437681913, "clip_fraction": 0.12646484375, "grad_norm": 4.759228348731995, "explained_variance": 0.9768670797348022, "action_std_mean": 0.32924532890319824, "optimizer_iterations": 4.0, "lr": 9.0784e-05}
{"step": 464896, "wall_time": 1790749818.8843539, "episodes_completed": 2.0, "mean_episode_reward": 0.02227412536740303, "std_episode_reward": 0.06093348190188408, "min_episode_reward": -0.03865935653448105, "max_episode_reward": 0.08320760726928711, "mean_episode_length": 118.0, "success_rate": 0.0, "collision_rate": 0.0, "out_of_bounds_rate": 0.0, "timeout_rate": 1.0, "policy_loss": 0.0019084919476881623, "value_loss": 0.025285085197538137, "entropy": 0.6158656775951385, "approx_kl": 0.03076942265033722, "clip_fraction": 0.254638671875, "grad_norm": 8.414060950279236, "explained_variance": 0.886049211025238, "action_std_mean": 0.32924437522888184, "optimizer_iterations": 4.0, "lr": 9.074304e-05}
{"step": 466944, "wall_time": 1790749830.0247006, "episodes_completed": 5.0, "mean_episode_reward": 6.440255033969879, "std_episode_reward": 5.132703008717857, "min_episode_reward": 0.02527761459350586, "max_episode_reward": 11.003119468688965, "mean_episode_length": 137.8, "success_rate": 0.6, "collision_rate": 0.0, "out_of_bounds_rate": 0.0, "timeout_rate": 0.4, "policy_loss": -0.0005335267633199692, "value_loss": 1.2528838813304901, "entropy": 0.6158498227596283, "approx_kl": 0.016333545790985227, "clip_fraction": 0.08203125, "grad_norm": 7.221672296524048, "explained_variance": 0.633821964263916, "action_std_mean": 0.3292384147644043, "optimizer_iterations": 4.0, "lr": 9.070208e-05}
{"step": 468992, "wall_time": 1790749841.1875896, "episodes_completed": 4.0, "mean_episode_reward": -0.8239551465958357, "std_episode_reward": 7.088322793477118, "min_episode_reward": -7.333707332611084, "max_episode_reward": 10.391199111938477, "mean_episode_length": 95.5, "success_rate": 0.25, "collision_rate": 0.5, "out_of_bounds_rate": 0.0, "timeout_rate": 0.25, "policy_loss": -0.002751590684056282, "value_loss": 1.553953766822815, "entropy": 0.6157837510108948, "approx_kl": 0.012028036639094353, "clip_fraction": 0.07763671875, "grad_norm": 14.280900001525879, "explained_variance": 0.6623849868774414, "action_std_mean": 0.3292234241962433, "optimizer_iterations": 4.0, "lr": 9.066112e-05}
{"step": 471040, "wall_time": 1790749852.19394, "episodes_completed": 2.0, "mean_episode_reward": 8.859358849003911, "std_episode_reward": 8.805657325312495, "min_episode_reward": 0.05370152369141579, "max_episode_reward": 17.665016174316406, "mean_episode_length": 120.5, "success_rate": 0.5, "collision_rate": 0.0, "out_of_bounds_rate": 0.0, "timeout_rate": 0.5, "policy_loss": -0.004110420122742653, "value_loss": 0.4446408599615097, "entropy": 0.6157715916633606, "approx_kl": 0.010611626436002553, "clip_fraction": 0.078369140625, "grad_norm": 4.910744667053223, "explained_variance": 0.8634117841720581, "action_std_mean": 0.32925140857696533, "optimizer_iterations": 4.0, "lr": 9.062016e-05}
{"step": 473088, "wall_time": 1790749863.1904345, "episodes_completed": 3.0, "mean_episode_reward": -0.4682524998982747, "std_episode_reward": 11.748146912685, "min_episode_reward": -9.254066467285156, "max_episode_reward": 16.136760711669922, "mean_episode_length": 62.666666666666664, "success_rate": 0.3333333333333333, "collision_rate": 0.6666666666666666, "out_of_bounds_rate": 0.0, "timeout_rate": 0.0, "policy_loss": -0.002972932532429695, "value_loss": 1.241156905889511, "entropy": 0.6159436106681824, "approx_kl": 0.007799831451848149, "clip_fraction": 0.064697265625, "grad_norm": 6.095480859279633, "explained_variance": 0.6462686657905579, "action_std_mean": 0.329257607460022, "optimizer_iterations": 4.0, "lr": 9.05792e-05}
{"step": 475136, "wall_time": 1790749874.1487448, "episodes_completed": 1.0, "mean_episode_reward": 11.727676391601562, "std_episode_reward": 0.0, "min_episode_reward": 11.727676391601562, "max_episode_reward": 11.727676391601562, "mean_episode_length": 63.0, "success_rate": 1.0, "collision_rate": 0.0, "out_of_bounds_rate": 0.0, "timeout_rate": 0.0, "policy_loss": -0.001474965363740921, "value_loss": 0.35351181775331497, "entropy": 0.6159582436084747, "approx_kl": 0.03749748505651951, "clip_fraction": 0.0902099609375, "grad_norm": 2.9943138360977173, "explained_variance": 0.5470544695854187, "action_std_mean": 0.3292785584926605, "optimizer_iterations": 4.0, "lr": 9.053824000000001e-05}
{"step": 477184, "wall_time": 1790749885.1911423, "episodes_completed": 0.0, "mean_episode_reward": NaN, "std_episode_reward": NaN, "min_episode_reward": NaN, "max_episode_reward": NaN, "mean_episode_length": NaN, "success_rate": NaN, "collision_rate": NaN, "out_of_bounds_rate": NaN, "timeout_rate": NaN, "policy_loss": -0.00820716843008995, "value_loss": 0.036006441339850426, "entropy": 0.6160669922828674, "approx_kl": 0.009528248920105398, "clip_fraction": 0.1165771484375, "grad_norm": 2.9953337907791138, "explained_variance": 0.8015623092651367, "action_std_mean": 0.3292738199234009, "optimizer_iterations": 4.0, "lr": 9.049728e-05}
{"step": 479232, "wall_time": 1790749896.2306635, "episodes_completed": 7.0, "mean_episode_reward": -4.027157589527113, "std_episode_reward": 4.765296632539481, "min_episode_reward": -10.049664497375488, "max_episode_reward": 0.234694704413414, "mean_episode_length": 49.857142857142854, "success_rate": 0.0, "collision_rate": 0.42857142857142855, "out_of_bounds_rate": 0.0, "timeout_rate": 0.5714285714285714, "policy_loss": -0.005674145650118589, "value_loss": 0.6926263272762299, "entropy": 0.6159822642803192, "approx_kl": 0.04805654659867287, "clip_fraction": 0.0972900390625, "grad_norm": 15.729343175888062, "explained_variance": 0.66534423828125, "action_std_mean": 0.3292536735534668, "optimizer_iterations": 4.0, "lr": 9.045632000000001e-05}
{"step": 481280, "wall_time": 1790749907.491258, "episodes_completed": 6.0, "mean_episode_reward": 2.981674918284019, "std_episode_reward": 5.381648975019463, "min_episode_reward": -2.9441304206848145, "max_episode_reward": 10.855341911315918, "mean_episode_length": 72.66666666666667, "success_rate": 0.3333333333333333, "collision_rate": 0.16666666666666666, "out_of_bounds_rate": 0.0, "timeout_rate": 0.5, "policy_loss": -0.0024073001695796847, "value_loss": 0.43042831122875214, "entropy": 0.6159098148345947, "approx_kl": 0.005527291010366753, "clip_fraction": 0.0626220703125, "grad_norm": 7.346751153469086, "explained_variance": 0.8097343444824219, "action_std_mean": 0.3292693495750427, "optimizer_iterations": 4.0, "lr": 9.041536e-05}
{"step": 483328, "wall_time": 1790749918.787995, "episodes_completed": 0.0, "mean_episode_reward": NaN, "std_episode_reward": NaN, "min_episode_reward": NaN, "max_episode_reward": NaN, "mean_episode_length": NaN, "success_rate": NaN, "collision_rate": NaN, "out_of_bounds_rate": NaN, "timeout_rate": NaN, "policy_loss": -0.001903831958770752, "value_loss": 0.04553790483623743, "entropy": 0.6160572171211243, "approx_kl": 0.006178293813718483, "clip_fraction": 0.08349609375, "grad_norm": 7.271028697490692, "explained_variance": 0.9335682392120361, "action_std_mean": 0.32929110527038574, "optimizer_iterations": 4.0, "lr": 9.03744e-05}
{"step": 485376, "wall_time": 1790749930.1185076, "episodes_completed": 0.0, "mean_episode_reward": NaN, "std_episode_reward": NaN, "min_episode_reward": NaN, "max_episode_reward": NaN, "mean_episode_length": NaN, "success_rate": NaN, "collision_rate": NaN, "out_of_bounds_rate": NaN, "timeout_rate": NaN, "policy_loss": -0.006895561935380101, "value_loss": 0.016287717036902905, "entropy": 0.6161424517631531, "approx_kl": 0.022756685502827168, "clip_fraction": 0.162841796875, "grad_norm": 4.875913500785828, "explained_variance": 0.9846599102020264, "action_std_mean": 0.3292940855026245, "optimizer_iterations": 4.0, "lr": 9.033344000000001e-05}
{"step": 487424, "wall_time": 1790749941.3662431, "episodes_completed": 1.0, "mean_episode_reward": 0.08563705533742905, "std_episode_reward": 0.0, "min_episode_reward": 0.08563705533742905, "max_episode_reward": 0.08563705533742905, "mean_episode_length": 27.0, "success_rate": 0.0, "collision_rate": 0.0, "out_of_bounds_rate": 0.0, "timeout_rate": 1.0, "policy_loss": 0.002985774539411068, "value_loss": 0.018455424811691046, "entropy": 0.6161356866359711, "approx_kl": 0.0109675417188555, "clip_fraction": 0.103515625, "grad_norm": 6.451533496379852, "explained_variance": 0.9402503371238708, "action_std_mean": 0.32929396629333496, "optimizer_iterations": 4.0, "lr": 9.029248e-05}
{"step": 489472, "wall_time": 1790749952.6140323, "episodes_completed": 2.0, "mean_episode_reward": 0.0903884507715702, "std_episode_reward": 0.047025661915540695, "min_episode_reward": 0.04336278885602951, "max_episode_reward": 0.1374141126871109, "mean_episode_length": 241.5, "success_rate": 0.0, "collision_rate": 0.0, "out_of_bounds_rate": 0.0, "timeout_rate": 1.0, "policy_loss": 0.000619049184024334, "value_loss": 0.008987706154584885, "entropy": 0.6161103844642639, "approx_kl": 0.012952791526913643, "clip_fraction": 0.174560546875, "grad_norm": 7.584188401699066, "explained_variance": 0.9362083077430725, "action_std_mean": 0.3292776346206665, "optimizer_iterations": 4.0, "lr": 9.025152e-05}
{"step": 491520, "wall_time": 1790749963.87581, "episodes_completed": 1.0, "mean_episode_reward": 0.011038300581276417, "std_episode_reward": 0.0, "min_episode_reward": 0.011038300581276417, "max_episode_reward": 0.011038300581276417, "mean_episode_length": 56.0, "success_rate": 0.0, "collision_rate": 0.0, "out_of_bounds_rate": 0.0, "timeout_rate": 1.0, "policy_loss": -0.0016180737875401974, "value_loss": 0.037775845266878605, "entropy": 0.6159639954566956, "approx_kl": 0.009583536419086158, "clip_fraction": 0.0946044921875, "grad_norm": 3.4139676690101624, "explained_variance": 0.977558434009552, "action_std_mean": 0.32924884557724, "optimizer_iterations": 4.0, "lr": 9.021056e-05}
{"step": 493568, "wall_time": 1790749975.1555514, "episodes_completed": 9.0, "mean_episode_reward": 2.2207025351623693, "std_episode_reward": 8.516887064698343, "min_episode_reward": -9.69648265838623, "max_episode_reward": 16.178695678710938, "mean_episode_length": 89.22222222222223, "success_rate": 0.3333333333333333, "collision_rate": 0.2222222222222222, "out_of_bounds_rate": 0.0, "timeout_rate": 0.4444444444444444, "policy_loss": -0.0014641256420873106, "value_loss": 2.207452893257141, "entropy": 0.6158390641212463, "approx_kl": 0.011643229518085718, "clip_fraction": 0.08544921875, "grad_norm": 6.021225452423096, "explained_variance": 0.4165651202201843, "action_std_mean": 0.329237699508667, "optimizer_iterations": 4.0, "lr": 9.016960000000001e-05}
{"step": 495616, "wall_time": 1790749986.3685825, "episodes_completed": 3.0, "mean_episode_reward": 11.130432764689127, "std_episode_reward": 0.2902847118984624, "min_episode_reward": 10.726123809814453, "max_episode_reward": 11.394219398498535, "mean_episode_length": 36.333333333333336, "success_rate": 1.0, "collision_rate": 0.0, "out_of_bounds_rate": 0.0, "timeout_rate": 0.0, "policy_loss": 0.0036532345693558455, "value_loss": 1.0741834938526154, "entropy": 0.6157538294792175, "approx_kl": 0.021701081190258265, "clip_fraction": 0.1868896484375, "grad_norm": 5.903719425201416, "explained_variance": 0.5821061730384827, "action_std_mean": 0.3292103707790375, "optimizer_iterations": 4.0, "lr": 9.012864e-05}
{"step": 497664, "wall_time": 1790749997.6703086, "episodes_completed": 1.0, "mean_episode_reward": 0.06873985379934311, "std_episode_reward": 0.0, "min_episode_reward": 0.06873985379934311, "max_episode_reward": 0.06873985379934311, "mean_episode_length": 247.0, "success_rate": 0.0, "collision_rate": 0.0, "out_of_bounds_rate": 0.0, "timeout_rate": 1.0, "policy_loss": -0.002766585908830166, "value_loss": 0.048512921668589115, "entropy": 0.6155509650707245, "approx_kl": 0.051001654006540775, "clip_fraction": 0.1251220703125, "grad_norm": 5.411911964416504, "explained_variance": 0.7397483587265015, "action_std_mean": 0.3291720151901245, "optimizer_iterations": 4.0, "lr": 9.008768000000001e-05}
{"step": 499712, "wall_time": 1790750008.9929278, "episodes_completed": 3.0, "mean_episode_reward": 6.066268603006999, "std_episode_reward": 10.677570050453726, "min_episode_reward": -8.5484619140625, "max_episode_reward": 16.66346549987793, "mean_episode_length": 68.33333333333333, "success_rate": 0.6666666666666666, "collision_rate": 0.3333333333333333, "out_of_bounds_rate": 0.0, "timeout_rate": 0.0, "policy_loss": -0.0045229047536849976, "value_loss": 0.8568880259990692, "entropy": 0.6153480708599091, "approx_kl": 0.02800136513542384, "clip_fraction": 0.1749267578125, "grad_norm": 5.825167894363403, "explained_variance": 0.6753183603286743, "action_std_mean": 0.3291483521461487, "optimizer_iterations": 4.0, "lr": 9.004672000000001e-05}
{"step": 501760, "wall_time": 1790750020.2711163, "episodes_completed": 3.0, "mean_episode_reward": -0.910063107808431, "std_episode_reward": 12.933541423031103, "min_episode_reward": -10.059906959533691, "max_episode_reward": 17.380725860595703, "mean_episode_length": 101.0, "success_rate": 0.3333333333333333, "collision_rate": 0.6666666666666666, "out_of_bounds_rate": 0.0, "timeout_rate": 0.0, "policy_loss": -0.004397946875542402, "value_loss": 1.3771410286426544, "entropy": 0.6151838302612305, "approx_kl": 0.013763757073320448, "clip_fraction": 0.1575927734375, "grad_norm": 4.817819833755493, "explained_variance": 0.4869200587272644, "action_std_mean": 0.3291094899177551, "optimizer_iterations": 4.0, "lr": 9.000576e-05}
{"step": 503808, "wall_time": 1790750031.3419116, "episodes_completed": 3.0, "mean_episode_reward": -6.737907079358895, "std_episode_reward": 4.822564579379457, "min_episode_reward": -10.337273597717285, "max_episode_reward": 0.07865909487009048, "mean_episode_length": 29.666666666666668, "success_rate": 0.0, "collision_rate": 0.6666666666666666, "out_of_bounds_rate": 0.0, "timeout_rate": 0.3333333333333333, "policy_loss": -0.002580939559265971, "value_loss": 0.4060741513967514, "entropy": 0.6149174869060516, "approx_kl": 0.018004527781158686, "clip_fraction": 0.1851806640625, "grad_norm": 4.594606041908264, "explained_variance": 0.8512943983078003, "action_std_mean": 0.3290666937828064, "optimizer_iterations": 4.0, "lr": 8.996480000000001e-05}
{"step": 505856, "wall_time": 1790750042.5336297, "episodes_completed": 4.0, "mean_episode_reward": 5.245217764750123, "std_episode_reward": 11.036242046560368, "min_episode_reward": -10.000874519348145, "max_episode_reward": 18.367773056030273, "mean_episode_length": 150.75, "success_rate": 0.5, "collision_rate": 0.25, "out_of_bounds_rate": 0.0, "timeout_rate": 0.25, "policy_loss": -0.0009475240367464721, "value_loss": 0.8849760144948959, "entropy": 0.6146752834320068, "approx_kl": 0.017892776522785425, "clip_fraction": 0.18115234375, "grad_norm": 4.9996514320373535, "explained_variance": 0.6838490962982178, "action_std_mean": 0.32902055978775024, "optimizer_iterations": 4.0, "lr": 8.992384e-05}
{"step": 507904, "wall_time": 1790750053.647073, "episodes_completed": 3.0, "mean_episode_reward": 0.9114818572998047, "std_episode_reward": 7.121122172347666, "min_episode_reward": -7.354706764221191, "max_episode_reward": 10.026359558105469, "mean_episode_length": 23.0, "success_rate": 0.3333333333333333, "collision_rate": 0.3333333333333333, "out_of_bounds_rate": 0.0, "timeout_rate": 0.3333333333333333, "policy_loss": 0.0001877772156149149, "value_loss": 1.1148767471313477, "entropy": 0.6143676936626434, "approx_kl": 0.01774818543344736, "clip_fraction": 0.164794921875, "grad_norm": 15.2322359085083, "explained_variance": 0.7359619140625, "action_std_mean": 0.32896775007247925, "optimizer_iterations": 4.0, "lr": 8.988288e-05}
{"step": 509952, "wall_time": 1790750064.70686, "episodes_completed": 1.0, "mean_episode_reward": 11.312267303466797, "std_episode_reward": 0.0, "min_episode_reward": 11.312267303466797, "max_episode_reward": 11.312267303466797, "mean_episode_length": 38.0, "success_rate": 1.0, "collision_rate": 0.0, "out_of_bounds_rate": 0.0, "timeout_rate": 0.0, "policy_loss": -0.0028566205874085426, "value_loss": 0.3155510500073433, "entropy": 0.6140081286430359, "approx_kl": 0.005482018925249577, "clip_fraction": 0.044677734375, "grad_norm": 3.204300284385681, "explained_variance": 0.8904350399971008, "action_std_mean": 0.3288896679878235, "optimizer_iterations": 4.0, "lr": 8.984192e-05}
{"step": 512000, "wall_time": 1790750075.7368224, "episodes_completed": 0.0, "mean_episode_reward": NaN, "std_episode_reward": NaN, "min_episode_reward": NaN, "max_episode_reward": NaN, "mean_episode_length": NaN, "success_rate": NaN, "collision_rate": NaN, "out_of_bounds_rate": NaN, "timeout_rate": NaN, "policy_loss": 0.0025591598823666573, "value_loss": 0.04775429144501686, "entropy": 0.6135213673114777, "approx_kl": 0.016944886650890112, "clip_fraction": 0.2166748046875, "grad_norm": 8.682405829429626, "explained_variance": 0.9582793116569519, "action_std_mean": 0.3288220465183258, "optimizer_iterations": 4.0, "lr": 8.980096e-05}
{"step": 514048, "wall_time": 1790750086.953393, "episodes_completed": 5.0, "mean_episode_reward": -0.007430991157889366, "std_episode_reward": 6.45509223236348, "min_episode_reward": -10.27251148223877, "max_episode_reward": 10.138449668884277, "mean_episode_length": 108.0, "success_rate": 0.2, "collision_rate": 0.2, "out_of_bounds_rate": 0.0, "timeout_rate": 0.6, "policy_loss": -0.005405929870903492, "value_loss": 0.7697628438472748, "entropy": 0.6131716966629028, "approx_kl": 0.008264667121693492, "clip_fraction": 0.0968017578125, "grad_norm": 3.293032228946686, "explained_variance": 0.7088649272918701, "action_std_mean": 0.3287707567214966, "optimizer_iterations": 4.0, "lr": 8.976e-05}
{"step": 516096, "wall_time": 1790750097.9797595, "episodes_completed": 4.0, "mean_episode_reward": -7.668934345245361, "std_episode_reward": 3.93333816824901, "min_episode_reward": -10.049957275390625, "max_episode_reward": -0.8577594757080078, "mean_episode_length": 54.5, "success_rate": 0.0, "collision_rate": 1.0, "out_of_bounds_rate": 0.0, "timeout_rate": 0.0, "policy_loss": 0.0024852724745869637, "value_loss": 1.088903695344925, "entropy": 0.6128963530063629, "approx_kl": 0.016120306681841612, "clip_fraction": 0.187255859375, "grad_norm": 5.591976523399353, "explained_variance": 0.6884227395057678, "action_std_mean": 0.3287511467933655, "optimizer_iterations": 4.0, "lr": 8.971904e-05}
{"step": 518144, "wall_time": 1790750109.0296717, "episodes_completed": 5.0, "mean_episode_reward": 1.5314980171620847, "std_episode_reward": 9.1414245734732, "min_episode_reward": -10.011253356933594, "max_episode_reward": 18.143428802490234, "mean_episode_length": 173.0, "success_rate": 0.2, "collision_rate": 0.2, "out_of_bounds_rate": 0.0, "timeout_rate": 0.6, "policy_loss": -0.0004368685185909271, "value_loss": 0.3203013092279434, "entropy": 0.6129359304904938, "approx_kl": 0.01488736248575151, "clip_fraction": 0.1422119140625, "grad_norm": 3.2878047823905945, "explained_variance": 0.8862557411193848, "action_std_mean": 0.32880255579948425, "optimizer_iterations": 4.0, "lr": 8.967808000000001e-05}
{"step": 520192, "wall_time": 1790750119.894579, "episodes_completed": 4.0, "mean_episode_reward": 3.4409706592559814, "std_episode_reward": 10.939916802351, "min_episode_reward": -9.950332641601562, "max_episode_reward": 16.448013305664062, "mean_episode_length": 71.0, "success_rate": 0.5, "collision_rate": 0.5, "out_of_bounds_rate": 0.0, "timeout_rate": 0.0, "policy_loss": -0.0024661491625010967, "value_loss": 0.4711231291294098, "entropy": 0.6133006811141968, "approx_kl": 0.010770879918709397, "clip_fraction": 0.1282958984375, "grad_norm": 7.9916770458221436, "explained_variance": 0.9008913636207581, "action_std_mean": 0.32886266708374023, "optimizer_iterations": 4.0, "lr": 8.963712e-05}
{"step": 522240, "wall_time": 1790750130.855154, "episodes_completed": 4.0, "mean_episode_reward": 6.717092752456665, "std_episode_reward": 9.229417148600348, "min_episode_reward": -9.265629768371582, "max_episode_reward": 12.339790344238281, "mean_episode_length": 87.0, "success_rate": 0.75, "collision_rate": 0.25, "out_of_bounds_rate": 0.0, "timeout_rate": 0.0, "policy_loss": -0.006002028007060289, "value_loss": 1.348891407251358, "entropy": 0.6136231124401093, "approx_kl": 0.011260333471000195, "clip_fraction": 0.1009521484375, "grad_norm": 5.900552034378052, "explained_variance": 0.5462726354598999, "action_std_mean": 0.32890403270721436, "optimizer_iterations": 4.0, "lr": 8.959616000000001e-05}
{"step": 524288, "wall_time": 1790750141.8581946, "episodes_completed": 5.0, "mean_episode_reward": 1.663677951693535, "std_episode_reward": 7.986142464825739, "min_episode_reward": -10.352861404418945, "max_episode_reward": 10.649274826049805, "mean_episode_length": 123.2, "success_rate": 0.4, "collision_rate": 0.4, "out_of_bounds_rate": 0.0, "timeout_rate": 0.2, "policy_loss": -0.01198186818510294, "value_loss": 1.522343635559082, "entropy": 0.6138402819633484, "approx_kl": 0.020071017555892467, "clip_fraction": 0.14794921875, "grad_norm": 4.53817880153656, "explained_variance": 0.6797103881835938, "action_std_mean": 0.32892704010009766, "optimizer_iterations": 4.0, "lr": 8.95552e-05}
{"step": 526336, "wall_time": 1790750152.9551008, "episodes_completed": 9.0, "mean_episode_reward": -0.5993618434295058, "std_episode_reward": 7.090137322119421, "min_episode_reward": -7.819161891937256, "max_episode_reward": 12.287596702575684, "mean_episode_length": 94.11111111111111, "success_rate": 0.2222222222222222, "collision_rate": 0.5555555555555556, "out_of_bounds_rate": 0.0, "timeout_rate": 0.2222222222222222, "policy_loss": -0.0007150359451770782, "value_loss": 3.620187759399414, "entropy": 0.6139035522937775, "approx_kl": 0.023775462061166763, "clip_fraction": 0.140869140625, "grad_norm": 9.473236918449402, "explained_variance": 0.3880574107170105, "action_std_mean": 0.32892167568206787, "optimizer_iterations": 4.0, "lr": 8.951424e-05}
{"step": 528384, "wall_time": 1790750164.049536, "episodes_completed": 2.0, "mean_episode_reward": -4.635964870452881, "std_episode_reward": 3.3448519706726074, "min_episode_reward": -7.980816841125488, "max_episode_reward": -1.2911128997802734, "mean_episode_length": 160.0, "success_rate": 0.0, "collision_rate": 1.0, "out_of_bounds_rate": 0.0, "timeout_rate": 0.0, "policy_loss": -0.00028623035177588463, "value_loss": 1.4147772789001465, "entropy": 0.6138447225093842, "approx_kl": 0.01619737921282649, "clip_fraction": 0.0738525390625, "grad_norm": 20.499767065048218, "explained_variance": 0.6441230773925781, "action_std_mean": 0.32890960574150085, "optimizer_iterations": 4.0, "lr": 8.947328000000001e-05}
{"step": 530432, "wall_time": 1790750175.039239, "episodes_completed": 6.0, "mean_episode_reward": 0.18804161995649338, "std_episode_reward": 10.722913000177375, "min_episode_reward": -10.039936065673828, "max_episode_reward": 14.668779373168945, "mean_episode_length": 86.66666666666667, "success_rate": 0.3333333333333333, "collision_rate": 0.5, "out_of_bounds_rate": 0.0, "timeout_rate": 0.16666666666666666, "policy_loss": -0.003032019129022956, "value_loss": 1.2602922916412354, "entropy": 0.6138497292995453, "approx_kl": 0.012435897020623088, "clip_fraction": 0.13232421875, "grad_norm": 3.865433156490326, "explained_variance": 0.6115313172340393, "action_std_mean": 0.3289475440979004, "optimizer_iterations": 4.0, "lr": 8.943232e-05}
{"step": 532480, "wall_time": 1790750186.2094646, "episodes_completed": 3.0, "mean_episode_reward": 7.228522685666879, "std_episode_reward": 5.116240723135518, "min_episode_reward": 0.04441472142934799, "max_episode_reward": 11.565776824951172, "mean_episode_length": 127.33333333333333, "success_rate": 0.6666666666666666, "collision_rate": 0.0, "out_of_bounds_rate": 0.0, "timeout_rate": 0.3333333333333333, "policy_loss": -0.0008309402037411928, "value_loss": 0.723628431558609, "entropy": 0.6141503155231476, "approx_kl": 0.005929111037403345, "clip_fraction": 0.0567626953125, "grad_norm": 10.191097617149353, "explained_variance": 0.7774049639701843, "action_std_mean": 0.32899197936058044, "optimizer_iterations": 4.0, "lr": 8.939136e-05}
{"step": 534528, "wall_time": 1790750197.4383998, "episodes_completed": 5.0, "mean_episode_reward": 6.688924026489258, "std_episode_reward": 9.290432329693761, "min_episode_reward": -7.870070457458496, "max_episode_reward": 17.012523651123047, "mean_episode_length": 112.8, "success_rate": 0.6, "collision_rate": 0.4, "out_of_bounds_rate": 0.0, "timeout_rate": 0.0, "policy_loss": -0.0021200126502662897, "value_loss": 2.0084305703639984, "entropy": 0.6143581867218018, "approx_kl": 0.021624853368848562, "clip_fraction": 0.08349609375, "grad_norm": 13.107504844665527, "explained_variance": 0.587208092212677, "action_std_mean": 0.3290146291255951, "optimizer_iterations": 4.0, "lr": 8.93504e-05}
{"step": 536576, "wall_time": 1790750208.305221, "episodes_completed": 5.0, "mean_episode_reward": 3.3990056991577147, "std_episode_reward": 8.537562343539387, "min_episode_reward": -7.265082359313965, "max_episode_reward": 10.708725929260254, "mean_episode_length": 73.8, "success_rate": 0.6, "collision_rate": 0.4, "out_of_bounds_rate": 0.0, "timeout_rate": 0.0, "policy_loss": -0.0023799885530024767, "value_loss": 1.45527982711792, "entropy": 0.6144742071628571, "approx_kl": 0.021582106361165643, "clip_fraction": 0.156005859375, "grad_norm": 12.830857038497925, "explained_variance": 0.7381092309951782, "action_std_mean": 0.329029381275177, "optimizer_iterations": 4.0, "lr": 8.930944e-05}
{"step": 538624, "wall_time": 1790750219.3091397, "episodes_completed": 6.0, "mean_episode_reward": -4.857772866884868, "std_episode_reward": 4.578511644371398, "min_episode_reward": -10.075262069702148, "max_episode_reward": 0.01061445102095604, "mean_episode_length": 92.16666666666667, "success_rate": 0.0, "collision_rate": 0.6666666666666666, "out_of_bounds_rate": 0.0, "timeout_rate": 0.3333333333333333, "policy_loss": -0.0024778905790299177, "value_loss": 1.5886113047599792, "entropy": 0.6145473718643188, "approx_kl": 0.015556387836113572, "clip_fraction": 0.1094970703125, "grad_norm": 8.098690867424011, "explained_variance": 0.696725606918335, "action_std_mean": 0.3290383517742157, "optimizer_iterations": 4.0, "lr": 8.926848e-05}
{"step": 540672, "wall_time": 1790750230.422865, "episodes_completed": 2.0, "mean_episode_reward": 13.330172061920166, "std_episode_reward": 3.139991283416748, "min_episode_reward": 10.190180778503418, "max_episode_reward": 16.470163345336914, "mean_episode_length": 163.5, "success_rate": 1.0, "collision_rate": 0.0, "out_of_bounds_rate": 0.0, "timeout_rate": 0.0, "policy_loss": 0.0014782361686229706, "value_loss": 0.5274827629327774, "entropy": 0.614595353603363, "approx_kl": 0.012759901350364089, "clip_fraction": 0.123779296875, "grad_norm": 9.493553161621094, "explained_variance": 0.839737057685852, "action_std_mean": 0.32904407382011414, "optimizer_iterations": 4.0, "lr": 8.922752000000001e-05}
{"step": 542720, "wall_time": 1790750241.5642128, "episodes_completed": 4.0, "mean_episode_reward": -9.735312938690186, "std_episode_reward": 0.2671100934633591, "min_episode_reward": -9.953827857971191, "max_episode_reward": -9.284241676330566, "mean_episode_length": 33.5, "success_rate": 0.0, "collision_rate": 1.0, "out_of_bounds_rate": 0.0, "timeout_rate": 0.0, "policy_loss": -0.004011647775769234, "value_loss": 0.5425140112638474, "entropy": 0.6146468818187714, "approx_kl": 0.011504819616675377, "clip_fraction": 0.1177978515625, "grad_norm": 5.031385660171509, "explained_variance": 0.801965594291687, "action_std_mean": 0.32906025648117065, "optimizer_iterations": 4.0, "lr": 8.918656000000001e-05}
{"step": 544768, "wall_time": 1790750252.75412, "episodes_completed": 3.0, "mean_episode_reward": 11.549493153889975, "std_episode_reward": 0.9655328987625401, "min_episode_reward": 10.693092346191406, "max_episode_reward": 12.898733139038086, "mean_episode_length": 56.0, "success_rate": 1.0, "collision_rate": 0.0, "out_of_bounds_rate": 0.0, "timeout_rate": 0.0, "policy_loss": -0.0004685046151280403, "value_loss": 0.6266257613897324, "entropy": 0.6147637665271759, "approx_kl": 0.015965987695381045, "clip_fraction": 0.1832275390625, "grad_norm": 5.409583210945129, "explained_variance": 0.802219569683075, "action_std_mean": 0.32908400893211365, "optimizer_iterations": 4.0, "lr": 8.91456e-05}
{"step": 546816, "wall_time": 1790750263.95649, "episodes_completed": 3.0, "mean_episode_reward": 5.2668538975218935, "std_episode_reward": 7.296577947918852, "min_episode_reward": -0.020757142454385757, "max_episode_reward": 15.58470344543457, "mean_episode_length": 189.66666666666666, "success_rate": 0.3333333333333333, "collision_rate": 0.0, "out_of_bounds_rate": 0.0, "timeout_rate": 0.6666666666666666, "policy_loss": 0.004836891777813435, "value_loss": 0.2783931642770767, "entropy": 0.6148822009563446, "approx_kl": 0.01935035828500986, "clip_fraction": 0.1995849609375, "grad_norm": 6.606194019317627, "explained_variance": 0.8920722007751465, "action_std_mean": 0.3290918469429016, "optimizer_iterations": 4.0, "lr": 8.910464000000001e-05}
{"step": 548864, "wall_time": 1790750275.223486, "episodes_completed": 3.0, "mean_episode_reward": 1.9082751298944156, "std_episode_reward": 10.678987735645814, "min_episode_reward": -10.151937484741211, "max_episode_reward": 15.81077766418457, "mean_episode_length": 115.66666666666667, "success_rate": 0.3333333333333333, "collision_rate": 0.3333333333333333, "out_of_bounds_rate": 0.0, "timeout_rate": 0.3333333333333333, "policy_loss": -0.009216970764100552, "value_loss": 0.3390921577811241, "entropy": 0.6149023473262787, "approx_kl": 0.030464847339317203, "clip_fraction": 0.0972900390625, "grad_norm": 3.988228917121887, "explained_variance": 0.9075779914855957, "action_std_mean": 0.3290981650352478, "optimizer_iterations": 4.0, "lr": 8.906368e-05}
{"step": 550912, "wall_time": 1790750286.3954363, "episodes_completed": 7.0, "mean_episode_reward": 2.7991641314833293, "std_episode_reward": 9.45996723589361, "min_episode_reward": -9.950443267822266, "max_episode_reward": 14.628747940063477, "mean_episode_length": 81.0, "success_rate": 0.42857142857142855, "collision_rate": 0.2857142857142857, "out_of_bounds_rate": 0.0, "timeout_rate": 0.2857142857142857, "policy_loss": 0.000774085521697998, "value_loss": 1.4316214621067047, "entropy": 0.6149965226650238, "approx_kl": 0.028148220386356115, "clip_fraction": 0.12744140625, "grad_norm": 6.069479823112488, "explained_variance": 0.629712700843811, "action_std_mean": 0.3291230797767639, "optimizer_iterations": 4.0, "lr": 8.902272e-05}
{"step": 552960, "wall_time": 1790750297.7214208, "episodes_completed": 3.0, "mean_episode_reward": 2.831519439816475, "std_episode_reward": 10.985351936382651, "min_episode_reward": -8.90770149230957, "max_episode_reward": 17.51361846923828, "mean_episode_length": 137.66666666666666, "success_rate": 0.3333333333333333, "collision_rate": 0.3333333333333333, "out_of_bounds_rate": 0.0, "timeout_rate": 0.3333333333333333, "policy_loss": -0.0009502051398158073, "value_loss": 0.5241875201463699, "entropy": 0.61514812707901, "approx_kl": 0.009999416128266603, "clip_fraction": 0.13525390625, "grad_norm": 7.6599202156066895, "explained_variance": 0.8350242972373962, "action_std_mean": 0.3291502296924591, "optimizer_iterations": 4.0, "lr": 8.898176e-05}
{"step": 555008, "wall_time": 1790750309.078422, "episodes_completed": 0.0, "mean_episode_reward": NaN, "std_episode_reward": NaN, "min_episode_reward": NaN, "max_episode_reward": NaN, "mean_episode_length": NaN, "success_rate": NaN, "collision_rate": NaN, "out_of_bounds_rate": NaN, "timeout_rate": NaN, "policy_loss": -0.004024834372103214, "value_loss": 0.15364604070782661, "entropy": 0.615323007106781, "approx_kl": 0.016145835164934397, "clip_fraction": 0.1173095703125, "grad_norm": 5.591920614242554, "explained_variance": 0.9211614727973938, "action_std_mean": 0.32917797565460205, "optimizer_iterations": 4.0, "lr": 8.89408e-05}
{"step": 557056, "wall_time": 1790750320.453769, "episodes_completed": 4.0, "mean_episode_reward": 3.2395780086517334, "std_episode_reward": 12.54514393288676, "min_episode_reward": -9.928065299987793, "max_episode_reward": 15.975776672363281, "mean_episode_length": 151.5, "success_rate": 0.5, "collision_rate": 0.5, "out_of_bounds_rate": 0.0, "timeout_rate": 0.0, "policy_loss": -0.00020494498312473297, "value_loss": 1.0981324315071106, "entropy": 0.6154378652572632, "approx_kl": 0.0185815985314548, "clip_fraction": 0.2066650390625, "grad_norm": 6.320565819740295, "explained_variance": 0.7602728605270386, "action_std_mean": 0.32916903495788574, "optimizer_iterations": 4.0, "lr": 8.889984e-05}
{"step": 559104, "wall_time": 1790750331.6790617, "episodes_completed": 1.0, "mean_episode_reward": -0.018510140478610992, "std_episode_reward": 0.0, "min_episode_reward": -0.018510140478610992, "max_episode_reward": -0.018510140478610992, "mean_episode_length": 208.0, "success_rate": 0.0, "collision_rate": 0.0, "out_of_bounds_rate": 0.0, "timeout_rate": 1.0, "policy_loss": 0.011495858430862427, "value_loss": 0.06414445862174034, "entropy": 0.6152844130992889, "approx_kl": 0.06410338170826435, "clip_fraction": 0.175537109375, "grad_norm": 7.5717021226882935, "explained_variance": 0.9753808379173279, "action_std_mean": 0.3291299343109131, "optimizer_iterations": 4.0, "lr": 8.885888e-05}
{"step": 561152, "wall_time": 1790750342.9902205, "episodes_completed": 3.0, "mean_episode_reward": 7.378262802648048, "std_episode_reward": 5.219128783683974, "min_episode_reward": 0.00649727787822485, "max_episode_reward": 11.383148193359375, "mean_episode_length": 111.66666666666667, "success_rate": 0.6666666666666666, "collision_rate": 0.0, "out_of_bounds_rate": 0.0, "timeout_rate": 0.3333333333333333, "policy_loss": -0.0021395739167928696, "value_loss": 0.33565105497837067, "entropy": 0.6150452792644501, "approx_kl": 0.02869670931249857, "clip_fraction": 0.06298828125, "grad_norm": 4.1095985770225525, "explained_variance": 0.8948491215705872, "action_std_mean": 0.3290904760360718, "optimizer_iterations": 4.0, "lr": 8.881792e-05}
{"step": 563200, "wall_time": 1790750354.397631, "episodes_completed": 3.0, "mean_episode_reward": 0.012927160675947865, "std_episode_reward": 0.015170395899336685, "min_episode_reward": 0.001592002110555768, "max_episode_reward": 0.03436962515115738, "mean_episode_length": 150.66666666666666, "success_rate": 0.0, "collision_rate": 0.0, "out_of_bounds_rate": 0.0, "timeout_rate": 1.0, "policy_loss": -0.0024912419030442834, "value_loss": 0.0773773267865181, "entropy": 0.6147923171520233, "approx_kl": 0.049167824909090996, "clip_fraction": 0.14990234375, "grad_norm": 4.266479790210724, "explained_variance": 0.9543170928955078, "action_std_mean": 0.32904714345932007, "optimizer_iterations": 4.0, "lr": 8.877696e-05}
{"step": 565248, "wall_time": 1790750365.7201505, "episodes_completed": 1.0, "mean_episode_reward": 15.04323673248291, "std_episode_reward": 0.0, "min_episode_reward": 15.04323673248291, "max_episode_reward": 15.04323673248291, "mean_episode_length": 209.0, "success_rate": 1.0, "collision_rate": 0.0, "out_of_bounds_rate": 0.0, "timeout_rate": 0.0, "policy_loss": -0.0023408089764416218, "value_loss": 0.4964817687869072, "entropy": 0.6145518124103546, "approx_kl": 0.02696564281359315, "clip_fraction": 0.2655029296875, "grad_norm": 5.833697021007538, "explained_variance": 0.783791184425354, "action_std_mean": 0.32901862263679504, "optimizer_iterations": 4.0, "lr": 8.873600000000001e-05}
{"step": 567296, "wall_time": 1790750377.0668962, "episodes_completed": 3.0, "mean_episode_reward": -2.7470289866129556, "std_episode_reward": 9.578930214857186, "min_episode_reward": -10.070201873779297, "max_episode_reward": 10.784319877624512, "mean_episode_length": 86.66666666666667, "success_rate": 0.3333333333333333, "collision_rate": 0.6666666666666666, "out_of_bounds_rate": 0.0, "timeout_rate": 0.0, "policy_loss": 0.005090615246444941, "value_loss": 1.0039903670549393, "entropy": 0.614404946565628, "approx_kl": 0.057650729082524776, "clip_fraction": 0.2725830078125, "grad_norm": 8.09232473373413, "explained_variance": 0.7606281042098999, "action_std_mean": 0.3290035128593445, "optimizer_iterations": 4.0, "lr": 8.869504e-05}
{"step": 569344, "wall_time": 1790750388.4016628, "episodes_completed": 3.0, "mean_episode_reward": -2.8268691239257655, "std_episode_reward": 4.04891955117729, "min_episode_reward": -8.552011489868164, "max_episode_reward": 0.12335458397865295, "mean_episode_length": 113.0, "success_rate": 0.0, "collision_rate": 0.3333333333333333, "out_of_bounds_rate": 0.0, "timeout_rate": 0.6666666666666666, "policy_loss": 0.003714287653565407, "value_loss": 0.18172301724553108, "entropy": 0.6143413484096527, "approx_kl": 0.052839599549770355, "clip_fraction": 0.1405029296875, "grad_norm": 8.524123430252075, "explained_variance": 0.9328785538673401, "action_std_mean": 0.32899904251098633, "optimizer_iterations": 4.0, "lr": 8.865408e-05}
{"step": 571392, "wall_time": 1790750399.7974374, "episodes_completed": 3.0, "mean_episode_reward": 2.418995407720407, "std_episode_reward": 11.366322048713027, "min_episode_reward": -10.15664005279541, "max_episode_reward": 17.377450942993164, "mean_episode_length": 133.0, "success_rate": 0.3333333333333333, "collision_rate": 0.3333333333333333, "out_of_bounds_rate": 0.0, "timeout_rate": 0.3333333333333333, "policy_loss": -0.00621548667550087, "value_loss": 0.8396297246217728, "entropy": 0.6143289804458618, "approx_kl": 0.009704048745334148, "clip_fraction": 0.079833984375, "grad_norm": 6.9978660345077515, "explained_variance": 0.751142680644989, "action_std_mean": 0.3290066719055176, "optimizer_iterations": 4.0, "lr": 8.861312000000001e-05}
{"step": 573440, "wall_time": 1790750411.0391095, "episodes_completed": 3.0, "mean_episode_reward": 1.3208816647529602, "std_episode_reward": 6.7028948941951905, "min_episode_reward": -6.226085662841797, "max_episode_reward": 10.0618257522583, "mean_episode_length": 102.33333333333333, "success_rate": 0.3333333333333333, "collision_rate": 0.3333333333333333, "out_of_bounds_rate": 0.0, "timeout_rate": 0.3333333333333333, "policy_loss": -0.00486017158254981, "value_loss": 0.49055299162864685, "entropy": 0.6144211888313293, "approx_kl": 0.008392060466576368, "clip_fraction": 0.0850830078125, "grad_norm": 6.791849911212921, "explained_variance": 0.7819448709487915, "action_std_mean": 0.329028457403183, "optimizer_iterations": 4.0, "lr": 8.857216e-05}
{"step": 575488, "wall_time": 1790750422.3536236, "episodes_completed": 3.0, "mean_episode_reward": -6.583488630751769, "std_episode_reward": 4.7192803976915405, "min_episode_reward": -9.975241661071777, "max_episode_reward": 0.09028098732233047, "mean_episode_length": 54.0, "success_rate": 0.0, "collision_rate": 0.6666666666666666, "out_of_bounds_rate": 0.0, "timeout_rate": 0.3333333333333333, "policy_loss": -0.0014535626396536827, "value_loss": 0.4223824441432953, "entropy": 0.6145616471767426, "approx_kl": 0.026692152488976717, "clip_fraction": 0.174072265625, "grad_norm": 5.426121950149536, "explained_variance": 0.8058403730392456, "action_std_mean": 0.3290508985519409, "optimizer_iterations": 4.0, "lr": 8.85312e-05}
{"step": 577536, "wall_time": 1790750433.7480783, "episodes_completed": 3.0, "mean_episode_reward": -6.6592788106451435, "std_episode_reward": 4.706200655073963, "min_episode_reward": -10.003018379211426, "max_episode_reward": -0.0037315506488084793, "mean_episode_length": 84.0, "success_rate": 0.0, "collision_rate": 0.6666666666666666, "out_of_bounds_rate": 0.0, "timeout_rate": 0.3333333333333333, "policy_loss": -0.005810547852888703, "value_loss": 0.21645943447947502, "entropy": 0.6146736145019531, "approx_kl": 0.00843272393103689, "clip_fraction": 0.066162109375, "grad_norm": 2.748935878276825, "explained_variance": 0.7529058456420898, "action_std_mean": 0.3290676474571228, "optimizer_iterations": 4.0, "lr": 8.849024e-05}
{"step": 579584, "wall_time": 1790750445.0463674, "episodes_completed": 4.0, "mean_episode_reward": -3.7623901311308146, "std_episode_reward": 4.193288521730777, "min_episode_reward": -9.988296508789062, "max_episode_reward": 0.20657604932785034, "mean_episode_length": 158.75, "success_rate": 0.0, "collision_rate": 0.5, "out_of_bounds_rate": 0.0, "timeout_rate": 0.5, "policy_loss": 0.01748559344559908, "value_loss": 0.6066823601722717, "entropy": 0.6147338151931763, "approx_kl": 0.018799474462866783, "clip_fraction": 0.1688232421875, "grad_norm": 15.51224398612976, "explained_variance": 0.7350407838821411, "action_std_mean": 0.3290657699108124, "optimizer_iterations": 4.0, "lr": 8.844928e-05}
{"step": 581632, "wall_time": 1790750456.1754708, "episodes_completed": 8.0, "mean_episode_reward": 2.700158953666687, "std_episode_reward": 10.651822169688108, "min_episode_reward": -10.046783447265625, "max_episode_reward": 14.860109329223633, "mean_episode_length": 78.875, "success_rate": 0.5, "collision_rate": 0.5, "out_of_bounds_rate": 0.0, "timeout_rate": 0.0, "policy_loss": -0.00580142717808485, "value_loss": 1.3140675723552704, "entropy": 0.6147452890872955, "approx_kl": 0.012853104155510664, "clip_fraction": 0.1024169921875, "grad_norm": 6.322069883346558, "explained_variance": 0.7918102741241455, "action_std_mean": 0.3290862441062927, "optimizer_iterations": 4.0, "lr": 8.840832e-05}
{"step": 583680, "wall_time": 1790750467.5460393, "episodes_completed": 3.0, "mean_episode_reward": 2.071223979194959, "std_episode_reward": 9.054842195561813, "min_episode_reward": -7.752867698669434, "max_episode_reward": 14.096684455871582, "mean_episode_length": 121.66666666666667, "success_rate": 0.3333333333333333, "collision_rate": 0.3333333333333333, "out_of_bounds_rate": 0.0, "timeout_rate": 0.3333333333333333, "policy_loss": -0.0012611988931894302, "value_loss": 0.7288508713245392, "entropy": 0.6149111092090607, "approx_kl": 0.03331143595278263, "clip_fraction": 0.11865234375, "grad_norm": 5.885457634925842, "explained_variance": 0.8166019916534424, "action_std_mean": 0.3291141986846924, "optimizer_iterations": 4.0, "lr": 8.836736000000001e-05}
{"step": 585728, "wall_time": 1790750478.8865576, "episodes_completed": 2.0, "mean_episode_reward": -3.215464683249593, "std_episode_reward": 3.186427501961589, "min_episode_reward": -6.401892185211182, "max_episode_reward": -0.02903718128800392, "mean_episode_length": 123.0, "success_rate": 0.0, "collision_rate": 0.5, "out_of_bounds_rate": 0.0, "timeout_rate": 0.5, "policy_loss": -0.001521202502772212, "value_loss": 0.1748753860592842, "entropy": 0.6151103675365448, "approx_kl": 0.008594355429522693, "clip_fraction": 0.089111328125, "grad_norm": 5.1050649881362915, "explained_variance": 0.9473493099212646, "action_std_mean": 0.32916557788848877, "optimizer_iterations": 4.0, "lr": 8.832640000000001e-05}
{"step": 587776, "wall_time": 1790750490.0827136, "episodes_completed": 5.0, "mean_episode_reward": 3.406524528563023, "std_episode_reward": 8.458334426011431, "min_episode_reward": -8.72990894317627, "max_episode_reward": 15.44024658203125, "mean_episode_length": 62.4, "success_rate": 0.4, "collision_rate": 0.2, "out_of_bounds_rate": 0.0, "timeout_rate": 0.4, "policy_loss": -0.0022873140405863523, "value_loss": 0.5985744595527649, "entropy": 0.6154610812664032, "approx_kl": 0.007007487758528441, "clip_fraction": 0.07763671875, "grad_norm": 7.541680097579956, "explained_variance": 0.8198911547660828, "action_std_mean": 0.3292232155799866, "optimizer_iterations": 4.0, "lr": 8.828544e-05}
{"step": 589824, "wall_time": 1790750501.0552125, "episodes_completed": 3.0, "mean_episode_reward": 8.35563596089681, "std_episode_reward": 6.545063059470072, "min_episode_reward": -0.38057422637939453, "max_episode_reward": 15.372467041015625, "mean_episode_length": 131.66666666666666, "success_rate": 0.6666666666666666, "collision_rate": 0.3333333333333333, "out_of_bounds_rate": 0.0, "timeout_rate": 0.0, "policy_loss": -0.0003852567169815302, "value_loss": 0.8877564072608948, "entropy": 0.6157831847667694, "approx_kl": 0.006628284580074251, "clip_fraction": 0.060546875, "grad_norm": 6.57358193397522, "explained_variance": 0.7280623912811279, "action_std_mean": 0.32926705479621887, "optimizer_iterations": 4.0, "lr": 8.824448000000001e-05}
{"step": 591872, "wall_time": 1790750512.196609, "episodes_completed": 2.0, "mean_episode_reward": -5.202622592449188, "std_episode_reward": 5.13699609041214, "min_episode_reward": -10.339618682861328, "max_episode_reward": -0.06562650203704834, "mean_episode_length": 187.5, "success_rate": 0.0, "collision_rate": 0.5, "out_of_bounds_rate": 0.0, "timeout_rate": 0.5, "policy_loss": -0.005499612540006638, "value_loss": 0.47453882545232773, "entropy": 0.6160296499729156, "approx_kl": 0.011164962081238627, "clip_fraction": 0.1165771484375, "grad_norm": 6.158389449119568, "explained_variance": 0.5489629507064819, "action_std_mean": 0.32930290699005127, "optimizer_iterations": 4.0, "lr": 8.820352e-05}
{"step": 593920, "wall_time": 1790750523.2665713, "episodes_completed": 2.0, "mean_episode_reward": 10.838038921356201, "std_episode_reward": 0.6673064231872559, "min_episode_reward": 10.170732498168945, "max_episode_reward": 11.505345344543457, "mean_episode_length": 128.5, "success_rate": 1.0, "collision_rate": 0.0, "out_of_bounds_rate": 0.0, "timeout_rate": 0.0, "policy_loss": 0.00034504872746765614, "value_loss": 0.7033903151750565, "entropy": 0.6162310540676117, "approx_kl": 0.009373018285259604, "clip_fraction": 0.08642578125, "grad_norm": 4.834001183509827, "explained_variance": 0.6521521210670471, "action_std_mean": 0.3293270468711853, "optimizer_iterations": 4.0, "lr": 8.816256e-05}
{"step": 595968, "wall_time": 1790750534.2690353, "episodes_completed": 4.0, "mean_episode_reward": 3.6052188717294484, "std_episode_reward": 8.401083343650711, "min_episode_reward": -3.5664567947387695, "max_episode_reward": 17.932621002197266, "mean_episode_length": 109.0, "success_rate": 0.25, "collision_rate": 0.25, "out_of_bounds_rate": 0.0, "timeout_rate": 0.5, "policy_loss": -0.0026291176909580827, "value_loss": 1.0421863794326782, "entropy": 0.6163478493690491, "approx_kl": 0.017364169470965862, "clip_fraction": 0.175537109375, "grad_norm": 5.198437213897705, "explained_variance": 0.6953698396682739, "action_std_mean": 0.32934385538101196, "optimizer_iterations": 4.0, "lr": 8.812160000000001e-05}
{"step": 598016, "wall_time": 1790750545.3120768, "episodes_completed": 5.0, "mean_episode_reward": -1.8511356830596923, "std_episode_reward": 7.437620420922347, "min_episode_reward": -10.204318046569824, "max_episode_reward": 10.38465690612793, "mean_episode_length": 142.4, "success_rate": 0.2, "collision_rate": 0.6, "out_of_bounds_rate": 0.0, "timeout_rate": 0.2, "policy_loss": 0.0024691791040822864, "value_loss": 1.7655378878116608, "entropy": 0.6164584159851074, "approx_kl": 0.018476282712072134, "clip_fraction": 0.1177978515625, "grad_norm": 8.163273930549622, "explained_variance": 0.6124935150146484, "action_std_mean": 0.3293663561344147, "optimizer_iterations": 4.0, "lr": 8.808064e-05}
{"step": 600064, "wall_time": 1790750556.32052, "episodes_completed": 3.0, "mean_episode_reward": 2.498082877447208, "std_episode_reward": 6.121847371124236, "min_episode_reward": -3.4154839515686035, "max_episode_reward": 10.93097972869873, "mean_episode_length": 157.33333333333334, "success_rate": 0.3333333333333333, "collision_rate": 0.3333333333333333, "out_of_bounds_rate": 0.0, "timeout_rate": 0.3333333333333333, "policy_loss": -0.0010025644733104855, "value_loss": 0.47736789286136627, "entropy": 0.6165770292282104, "approx_kl": 0.007515248260460794, "clip_fraction": 0.06494140625, "grad_norm": 5.773666143417358, "explained_variance": 0.8846482038497925, "action_std_mean": 0.32936927676200867, "optimizer_iterations": 4.0, "lr": 8.803968000000001e-05}
{"step": 602112, "wall_time": 1790750567.5893035, "episodes_completed": 2.0, "mean_episode_reward": 2.1205787658691406, "std_episode_reward": 10.758576393127441, "min_episode_reward": -8.6379976272583, "max_episode_reward": 12.879155158996582, "mean_episode_length": 52.0, "success_rate": 0.5, "collision_rate": 0.5, "out_of_bounds_rate": 0.0, "timeout_rate": 0.0, "policy_loss": -0.005135761108249426, "value_loss": 0.6328609436750412, "entropy": 0.6165692508220673, "approx_kl": 0.009218216291628778, "clip_fraction": 0.1124267578125, "grad_norm": 3.9493846893310547, "explained_variance": 0.7413984537124634, "action_std_mean": 0.3293796181678772, "optimizer_iterations": 4.0, "lr": 8.799872e-05}
{"step": 604160, "wall_time": 1790750578.9464653, "episodes_completed": 2.0, "mean_episode_reward": 0.013736248016357422, "std_episode_reward": 10.021660327911377, "min_episode_reward": -10.00792407989502, "max_episode_reward": 10.035396575927734, "mean_episode_length": 109.0, "success_rate": 0.5, "collision_rate": 0.5, "out_of_bounds_rate": 0.0, "timeout_rate": 0.0, "policy_loss": -0.003005729988217354, "value_loss": 0.8916406631469727, "entropy": 0.6166569292545319, "approx_kl": 0.013141458155587316, "clip_fraction": 0.1026611328125, "grad_norm": 4.1622782945632935, "explained_variance": 0.5725162029266357, "action_std_mean": 0.3293808102607727, "optimizer_iterations": 4.0, "lr": 8.795776e-05}
{"step": 606208, "wall_time": 1790750590.3627112, "episodes_completed": 0.0, "mean_episode_reward": NaN, "std_episode_reward": NaN, "min_episode_reward": NaN, "max_episode_reward": NaN, "mean_episode_length": NaN, "success_rate": NaN, "collision_rate": NaN, "out_of_bounds_rate": NaN, "timeout_rate": NaN, "policy_loss": -0.000982392579317093, "value_loss": 0.060385155491530895, "entropy": 0.6165637373924255, "approx_kl": 0.013190882746130228, "clip_fraction": 0.173828125, "grad_norm": 4.9936065673828125, "explained_variance": 0.9204163551330566, "action_std_mean": 0.32934433221817017, "optimizer_iterations": 4.0, "lr": 8.79168e-05}
{"step": 608256, "wall_time": 1790750601.6549902, "episodes_completed": 3.0, "mean_episode_reward": 4.2626345952351885, "std_episode_reward": 10.211862120114407, "min_episode_reward": -10.090195655822754, "max_episode_reward": 12.824831008911133, "mean_episode_length": 143.0, "success_rate": 0.6666666666666666, "collision_rate": 0.3333333333333333, "out_of_bounds_rate": 0.0, "timeout_rate": 0.0, "policy_loss": 0.010208988096565008, "value_loss": 0.7673303633928299, "entropy": 0.6163287460803986, "approx_kl": 0.06413745786994696, "clip_fraction": 0.3538818359375, "grad_norm": 6.557108521461487, "explained_variance": 0.668164849281311, "action_std_mean": 0.3293089270591736, "optimizer_iterations": 4.0, "lr": 8.787584e-05}
{"step": 610304, "wall_time": 1790750612.88949, "episodes_completed": 3.0, "mean_episode_reward": 5.622614062080781, "std_episode_reward": 7.949176966517006, "min_episode_reward": -0.040945567190647125, "max_episode_reward": 16.86433982849121, "mean_episode_length": 126.0, "success_rate": 0.3333333333333333, "collision_rate": 0.0, "out_of_bounds_rate": 0.0, "timeout_rate": 0.6666666666666666, "policy_loss": 0.000620352802798152, "value_loss": 0.3479950278997421, "entropy": 0.6161129772663116, "approx_kl": 0.04770376440137625, "clip_fraction": 0.1290283203125, "grad_norm": 4.048816204071045, "explained_variance": 0.8273499011993408, "action_std_mean": 0.3292674124240875, "optimizer_iterations": 4.0, "lr": 8.783488000000001e-05}
{"step": 612352, "wall_time": 1790750624.110706, "episodes_completed": 5.0, "mean_episode_reward": 3.6548685245215893, "std_episode_reward": 8.183578089272444, "min_episode_reward": -7.718996524810791, "max_episode_reward": 14.6441650390625, "mean_episode_length": 133.4, "success_rate": 0.4, "collision_rate": 0.2, "out_of_bounds_rate": 0.0, "timeout_rate": 0.4, "policy_loss": 0.00030255806632339954, "value_loss": 1.035366341471672, "entropy": 0.6158145368099213, "approx_kl": 0.0183656953740865, "clip_fraction": 0.1263427734375, "grad_norm": 4.39946186542511, "explained_variance": 0.7231736183166504, "action_std_mean": 0.3291957378387451, "optimizer_iterations": 4.0, "lr": 8.779392e-05}
{"step": 614400, "wall_time": 1790750635.265054, "episodes_completed": 1.0, "mean_episode_reward": 0.012771036475896835, "std_episode_reward": 0.0, "min_episode_reward": 0.012771036475896835, "max_episode_reward": 0.012771036475896835, "mean_episode_length": 68.0, "success_rate": 0.0, "collision_rate": 0.0, "out_of_bounds_rate": 0.0, "timeout_rate": 1.0, "policy_loss": 9.864848107099533e-05, "value_loss": 0.1451454721391201, "entropy": 0.6153530776500702, "approx_kl": 0.0415614964440465, "clip_fraction": 0.0750732421875, "grad_norm": 6.301708996295929, "explained_variance": 0.9176540374755859, "action_std_mean": 0.3291262984275818, "optimizer_iterations": 4.0, "lr": 8.775296000000001e-05}
{"step": 616448, "wall_time": 1790750646.525508, "episodes_completed": 2.0, "mean_episode_reward": 8.46420307457447, "std_episode_reward": 8.339965626597404, "min_episode_reward": 0.12423744797706604, "max_episode_reward": 16.804168701171875, "mean_episode_length": 111.5, "success_rate": 0.5, "collision_rate": 0.0, "out_of_bounds_rate": 0.0, "timeout_rate": 0.5, "policy_loss": -0.001153572928160429, "value_loss": 0.2894749939441681, "entropy": 0.6149415671825409, "approx_kl": 0.005740544758737087, "clip_fraction": 0.0399169921875, "grad_norm": 3.3848074674606323, "explained_variance": 0.8853647112846375, "action_std_mean": 0.32904213666915894, "optimizer_iterations": 4.0, "lr": 8.7712e-05}
{"step": 618496, "wall_time": 1790750657.8295646, "episodes_completed": 2.0, "mean_episode_reward": -8.160008907318115, "std_episode_reward": 0.10602712631225586, "min_episode_reward": -8.266036033630371, "max_episode_reward": -8.05398178100586, "mean_episode_length": 38.5, "success_rate": 0.0, "collision_rate": 1.0, "out_of_bounds_rate": 0.0, "timeout_rate": 0.0, "policy_loss": -0.0026728222146630287, "value_loss": 0.7901699542999268, "entropy": 0.6143786013126373, "approx_kl": 0.005982109869364649, "clip_fraction": 0.0433349609375, "grad_norm": 5.311680793762207, "explained_variance": 0.6602646112442017, "action_std_mean": 0.3289579153060913, "optimizer_iterations": 4.0, "lr": 8.767104000000001e-05}
{"step": 620544, "wall_time": 1790750668.9655883, "episodes_completed": 1.0, "mean_episode_reward": -0.15015524625778198, "std_episode_reward": 0.0, "min_episode_reward": -0.15015524625778198, "max_episode_reward": -0.15015524625778198, "mean_episode_length": 224.0, "success_rate": 0.0, "collision_rate": 0.0, "out_of_bounds_rate": 0.0, "timeout_rate": 1.0, "policy_loss": -0.0003694789484143257, "value_loss": 0.027957627549767494, "entropy": 0.6139769554138184, "approx_kl": 0.013667766470462084, "clip_fraction": 0.1591796875, "grad_norm": 6.707223534584045, "explained_variance": 0.9403225779533386, "action_std_mean": 0.328917533159256, "optimizer_iterations": 4.0, "lr": 8.763008e-05}
{"step": 622592, "wall_time": 1790750680.0689397, "episodes_completed": 2.0, "mean_episode_reward": 5.131232965737581, "std_episode_reward": 5.096052419394255, "min_episode_reward": 0.03518054634332657, "max_episode_reward": 10.227285385131836, "mean_episode_length": 153.0, "success_rate": 0.5, "collision_rate": 0.0, "out_of_bounds_rate": 0.0, "timeout_rate": 0.5, "policy_loss": -0.0011098673567175865, "value_loss": 0.5049798041582108, "entropy": 0.6137746870517731, "approx_kl": 0.020147200673818588, "clip_fraction": 0.0523681640625, "grad_norm": 3.5716859102249146, "explained_variance": 0.6681355237960815, "action_std_mean": 0.3288843035697937, "optimizer_iterations": 4.0, "lr": 8.758912e-05}
{"step": 624640, "wall_time": 1790750691.181359, "episodes_completed": 3.0, "mean_episode_reward": 0.01789897121489048, "std_episode_reward": 0.03327182623532392, "min_episode_reward": -0.013300446793437004, "max_episode_reward": 0.06400226801633835, "mean_episode_length": 121.66666666666667, "success_rate": 0.0, "collision_rate": 0.0, "out_of_bounds_rate": 0.0, "timeout_rate": 1.0, "policy_loss": -0.0033460999839007854, "value_loss": 0.03567335428670049, "entropy": 0.6134902238845825, "approx_kl": 0.010627294657751918, "clip_fraction": 0.106201171875, "grad_norm": 4.538733780384064, "explained_variance": 0.9727212190628052, "action_std_mean": 0.3288189172744751, "optimizer_iterations": 4.0, "lr": 8.754816000000001e-05}
{"step": 626688, "wall_time": 1790750702.363868, "episodes_completed": 1.0, "mean_episode_reward": 17.715892791748047, "std_episode_reward": 0.0, "min_episode_reward": 17.715892791748047, "max_episode_reward": 17.715892791748047, "mean_episode_length": 248.0, "success_rate": 1.0, "collision_rate": 0.0, "out_of_bounds_rate": 0.0, "timeout_rate": 0.0, "policy_loss": -0.0010985331609845161, "value_loss": 0.16882631182670593, "entropy": 0.6129975020885468, "approx_kl": 0.016197678167372942, "clip_fraction": 0.171875, "grad_norm": 4.152703642845154, "explained_variance": 0.9249180555343628, "action_std_mean": 0.32871127128601074, "optimizer_iterations": 4.0, "lr": 8.75072e-05}
{"step": 628736, "wall_time": 1790750713.380621, "episodes_completed": 3.0, "mean_episode_reward": 1.1010790709406137, "std_episode_reward": 9.827541570978571, "min_episode_reward": -10.338371276855469, "max_episode_reward": 13.656379699707031, "mean_episode_length": 83.0, "success_rate": 0.3333333333333333, "collision_rate": 0.3333333333333333, "out_of_bounds_rate": 0.0, "timeout_rate": 0.3333333333333333, "policy_loss": 0.0005611908854916692, "value_loss": 0.5612186342477798, "entropy": 0.6123417913913727, "approx_kl": 0.07857875525951385, "clip_fraction": 0.2265625, "grad_norm": 4.1631439328193665, "explained_variance": 0.8175034523010254, "action_std_mean": 0.32860875129699707, "optimizer_iterations": 4.0, "lr": 8.746624000000001e-05}
{"step": 630784, "wall_time": 1790750724.3422499, "episodes_completed": 3.0, "mean_episode_reward": -3.151289775967598, "std_episode_reward": 4.838532252186769, "min_episode_reward": -9.990927696228027, "max_episode_reward": 0.44631099700927734, "mean_episode_length": 93.33333333333333, "success_rate": 0.0, "collision_rate": 0.6666666666666666, "out_of_bounds_rate": 0.0, "timeout_rate": 0.3333333333333333, "policy_loss": 0.005264634266495705, "value_loss": 0.7921015471220016, "entropy": 0.6117613613605499, "approx_kl": 0.04988012928515673, "clip_fraction": 0.1041259765625, "grad_norm": 8.216187715530396, "explained_variance": 0.697695255279541, "action_std_mean": 0.32853615283966064, "optimizer_iterations": 4.0, "lr": 8.742528e-05}
{"step": 632832, "wall_time": 1790750735.2933083, "episodes_completed": 2.0, "mean_episode_reward": -4.924893364310265, "std_episode_reward": 5.162984862923622, "min_episode_reward": -10.087878227233887, "max_episode_reward": 0.23809149861335754, "mean_episode_length": 216.5, "success_rate": 0.0, "collision_rate": 0.5, "out_of_bounds_rate": 0.0, "timeout_rate": 0.5, "policy_loss": -0.0052641029469668865, "value_loss": 0.44029706716537476, "entropy": 0.6114451885223389, "approx_kl": 0.009448767523281276, "clip_fraction": 0.092041015625, "grad_norm": 4.565529227256775, "explained_variance": 0.7899036407470703, "action_std_mean": 0.3285175561904907, "optimizer_iterations": 4.0, "lr": 8.738432000000001e-05}
{"step": 634880, "wall_time": 1790750746.2804077, "episodes_completed": 1.0, "mean_episode_reward": -0.09338022023439407, "std_episode_reward": 0.0, "min_episode_reward": -0.09338022023439407, "max_episode_reward": -0.09338022023439407, "mean_episode_length": 139.0, "success_rate": 0.0, "collision_rate": 0.0, "out_of_bounds_rate": 0.0, "timeout_rate": 1.0, "policy_loss": -0.0008376552723348141, "value_loss": 0.022290473338216543, "entropy": 0.6113165616989136, "approx_kl": 0.01280828914605081, "clip_fraction": 0.114013671875, "grad_norm": 3.4919920563697815, "explained_variance": 0.968653678894043, "action_std_mean": 0.32846546173095703, "optimizer_iterations": 4.0, "lr": 8.734336e-05}
{"step": 636928, "wall_time": 1790750757.1156838, "episodes_completed": 0.0, "mean_episode_reward": NaN, "std_episode_reward": NaN, "min_episode_reward": NaN, "max_episode_reward": NaN, "mean_episode_length": NaN, "success_rate": NaN, "collision_rate": NaN, "out_of_bounds_rate": NaN, "timeout_rate": NaN, "policy_loss": 0.005651071667671204, "value_loss": 0.007636832422576845, "entropy": 0.6109461188316345, "approx_kl": 0.015226377407088876, "clip_fraction": 0.1728515625, "grad_norm": 8.325577676296234, "explained_variance": 0.9298880100250244, "action_std_mean": 0.3284175992012024, "optimizer_iterations": 4.0, "lr": 8.730240000000001e-05}
{"step": 638976, "wall_time": 1790750767.9384348, "episodes_completed": 3.0, "mean_episode_reward": -6.164189796894789, "std_episode_reward": 4.363299818755423, "min_episode_reward": -9.77780532836914, "max_episode_reward": -0.025648538023233414, "mean_episode_length": 139.0, "success_rate": 0.0, "collision_rate": 0.6666666666666666, "out_of_bounds_rate": 0.0, "timeout_rate": 0.3333333333333333, "policy_loss": -0.005866010906174779, "value_loss": 0.5590645670890808, "entropy": 0.6107261478900909, "approx_kl": 0.009000279009342194, "clip_fraction": 0.0609130859375, "grad_norm": 6.7701109647750854, "explained_variance": 0.5853250026702881, "action_std_mean": 0.3283984065055847, "optimizer_iterations": 4.0, "lr": 8.726144000000001e-05}
{"step": 641024, "wall_time": 1790750778.6607642, "episodes_completed": 2.0, "mean_episode_reward": 0.05252702906727791, "std_episode_reward": 0.04144810512661934, "min_episode_reward": 0.01107892394065857, "max_episode_reward": 0.09397513419389725, "mean_episode_length": 65.5, "success_rate": 0.0, "collision_rate": 0.0, "out_of_bounds_rate": 0.0, "timeout_rate": 1.0, "policy_loss": -0.0003781728446483612, "value_loss": 0.1426721289753914, "entropy": 0.6106732189655304, "approx_kl": 0.007068780483677983, "clip_fraction": 0.076171875, "grad_norm": 4.939687013626099, "explained_variance": 0.9591569304466248, "action_std_mean": 0.3284040689468384, "optimizer_iterations": 4.0, "lr": 8.722048e-05}
{"step": 643072, "wall_time": 1790750789.3194563, "episodes_completed": 7.0, "mean_episode_reward": 4.846717386639544, "std_episode_reward": 8.876077482090484, "min_episode_reward": -9.955352783203125, "max_episode_reward": 14.50296401977539, "mean_episode_length": 91.71428571428571, "success_rate": 0.5714285714285714, "collision_rate": 0.2857142857142857, "out_of_bounds_rate": 0.0, "timeout_rate": 0.14285714285714285, "policy_loss": -0.003244839608669281, "value_loss": 1.8558809757232666, "entropy": 0.6107230186462402, "approx_kl": 0.012951720389537513, "clip_fraction": 0.0543212890625, "grad_norm": 8.256693363189697, "explained_variance": 0.6212438344955444, "action_std_mean": 0.32841724157333374, "optimizer_iterations": 4.0, "lr": 8.717952000000001e-05}
{"step": 645120, "wall_time": 1790750800.0505574, "episodes_completed": 7.0, "mean_episode_reward": 4.8013762182423045, "std_episode_reward": 8.937077223573542, "min_episode_reward": -8.76430892944336, "max_episode_reward": 14.539468765258789, "mean_episode_length": 104.14285714285714, "success_rate": 0.5714285714285714, "collision_rate": 0.2857142857142857, "out_of_bounds_rate": 0.0, "timeout_rate": 0.14285714285714285, "policy_loss": -7.064058445394039e-05, "value_loss": 2.3574323058128357, "entropy": 0.6108189225196838, "approx_kl": 0.048362429020926356, "clip_fraction": 0.1275634765625, "grad_norm": 8.729985356330872, "explained_variance": 0.47227972745895386, "action_std_mean": 0.32842957973480225, "optimizer_iterations": 4.0, "lr": 8.713856e-05}
{"step": 647168, "wall_time": 1790750810.9730592, "episodes_completed": 7.0, "mean_episode_reward": -2.4285595757620677, "std_episode_reward": 9.253773243506657, "min_episode_reward": -8.864785194396973, "max_episode_reward": 14.022354125976562, "mean_episode_length": 87.57142857142857, "success_rate": 0.2857142857142857, "collision_rate": 0.7142857142857143, "out_of_bounds_rate": 0.0, "timeout_rate": 0.0, "policy_loss": 0.0003754307981580496, "value_loss": 3.648886978626251, "entropy": 0.6108454763889313, "approx_kl": 0.018736916128546, "clip_fraction": 0.09619140625, "grad_norm": 9.658615112304688, "explained_variance": 0.4123561978340149, "action_std_mean": 0.32842299342155457, "optimizer_iterations": 4.0, "lr": 8.70976e-05}
{"step": 649216, "wall_time": 1790750821.995361, "episodes_completed": 3.0, "mean_episode_reward": 9.012341499328613, "std_episode_reward": 10.798935399506801, "min_episode_reward": -6.259636878967285, "max_episode_reward": 16.671045303344727, "mean_episode_length": 132.33333333333334, "success_rate": 0.6666666666666666, "collision_rate": 0.3333333333333333, "out_of_bounds_rate": 0.0, "timeout_rate": 0.0, "policy_loss": 0.00047959480434656143, "value_loss": 1.0634192824363708, "entropy": 0.6107750535011292, "approx_kl": 0.011110606836155057, "clip_fraction": 0.066650390625, "grad_norm": 9.17462694644928, "explained_variance": 0.7200522422790527, "action_std_mean": 0.32839900255203247, "optimizer_iterations": 4.0, "lr": 8.705664e-05}
{"step": 651264, "wall_time": 1790750832.8780644, "episodes_completed": 4.0, "mean_episode_reward": 7.956449031829834, "std_episode_reward": 9.398126556648661, "min_episode_reward": -8.17780590057373, "max_episode_reward": 15.283363342285156, "mean_episode_length": 100.75, "success_rate": 0.75, "collision_rate": 0.25, "out_of_bounds_rate": 0.0, "timeout_rate": 0.0, "policy_loss": -0.005185823421925306, "value_loss": 1.1167296171188354, "entropy": 0.610614538192749, "approx_kl": 0.02423952240496874, "clip_fraction": 0.20703125, "grad_norm": 4.578529238700867, "explained_variance": 0.7236698865890503, "action_std_mean": 0.32838302850723267, "optimizer_iterations": 4.0, "lr": 8.701568e-05}
{"step": 653312, "wall_time": 1790750843.8805115, "episodes_completed": 3.0, "mean_episode_reward": 8.005549069494009, "std_episode_reward": 5.829401059910809, "min_episode_reward": 0.05325113609433174, "max_episode_reward": 13.864141464233398, "mean_episode_length": 39.333333333333336, "success_rate": 0.6666666666666666, "collision_rate": 0.0, "out_of_bounds_rate": 0.0, "timeout_rate": 0.3333333333333333, "policy_loss": -0.00012308175791986287, "value_loss": 0.5939413905143738, "entropy": 0.6105943620204926, "approx_kl": 0.008330317912623286, "clip_fraction": 0.0650634765625, "grad_norm": 7.296185076236725, "explained_variance": 0.8492640256881714, "action_std_mean": 0.32839059829711914, "optimizer_iterations": 4.0, "lr": 8.697472e-05}
{"step": 655360, "wall_time": 1790750854.9425027, "episodes_completed": 4.0, "mean_episode_reward": 5.369077950716019, "std_episode_reward": 8.412272948999178, "min_episode_reward": -5.595602989196777, "max_episode_reward": 13.85004711151123, "mean_episode_length": 128.5, "success_rate": 0.5, "collision_rate": 0.25, "out_of_bounds_rate": 0.0, "timeout_rate": 0.25, "policy_loss": 0.0011672754772007465, "value_loss": 0.9671903699636459, "entropy": 0.6106022000312805, "approx_kl": 0.020743840374052525, "clip_fraction": 0.20703125, "grad_norm": 4.461812913417816, "explained_variance": 0.8044010996818542, "action_std_mean": 0.32837510108947754, "optimizer_iterations": 4.0, "lr": 8.693376e-05}
{"step": 657408, "wall_time": 1790750865.9860744, "episodes_completed": 4.0, "mean_episode_reward": -1.058935109525919, "std_episode_reward": 7.844389169646633, "min_episode_reward": -9.202960014343262, "max_episode_reward": 11.2704439163208, "mean_episode_length": 84.25, "success_rate": 0.25, "collision_rate": 0.5, "out_of_bounds_rate": 0.0, "timeout_rate": 0.25, "policy_loss": -0.00029041338711977005, "value_loss": 1.1623429656028748, "entropy": 0.6105077266693115, "approx_kl": 0.01478466996923089, "clip_fraction": 0.1312255859375, "grad_norm": 5.151997923851013, "explained_variance": 0.7195829153060913, "action_std_mean": 0.32836830615997314, "optimizer_iterations": 4.0, "lr": 8.689280000000001e-05}
{"step": 659456, "wall_time": 1790750876.9163525, "episodes_completed": 2.0, "mean_episode_reward": 7.518394254148006, "std_episode_reward": 7.4478389993309975, "min_episode_reward": 0.07055525481700897, "max_episode_reward": 14.966233253479004, "mean_episode_length": 102.5, "success_rate": 0.5, "collision_rate": 0.0, "out_of_bounds_rate": 0.0, "timeout_rate": 0.5, "policy_loss": -0.0044640954583883286, "value_loss": 0.22951597720384598, "entropy": 0.6104760766029358, "approx_kl": 0.01564305671490729, "clip_fraction": 0.151611328125, "grad_norm": 4.07851505279541, "explained_variance": 0.9322195649147034, "action_std_mean": 0.3283516764640808, "optimizer_iterations": 4.0, "lr": 8.685184e-05}
{"step": 661504, "wall_time": 1790750887.9240913, "episodes_completed": 5.0, "mean_episode_reward": 9.373764248937368, "std_episode_reward": 4.881828108605898, "min_episode_reward": 0.04015360400080681, "max_episode_reward": 14.277671813964844, "mean_episode_length": 54.8, "success_rate": 0.8, "collision_rate": 0.0, "out_of_bounds_rate": 0.0, "timeout_rate": 0.2, "policy_loss": -0.0008804462850093842, "value_loss": 0.5786603093147278, "entropy": 0.6103036999702454, "approx_kl": 0.006820591283030808, "clip_fraction": 0.0880126953125, "grad_norm": 4.959773123264313, "explained_variance": 0.8595555424690247, "action_std_mean": 0.3283005356788635, "optimizer_iterations": 4.0, "lr": 8.681088000000001e-05}
{"step": 663552, "wall_time": 1790750899.2796133, "episodes_completed": 4.0, "mean_episode_reward": -4.089844029396772, "std_episode_reward": 3.248422853947291, "min_episode_reward": -8.513354301452637, "max_episode_reward": -0.06029526889324188, "mean_episode_length": 147.0, "success_rate": 0.0, "collision_rate": 0.75, "out_of_bounds_rate": 0.0, "timeout_rate": 0.25, "policy_loss": -0.006690907292068005, "value_loss": 1.794411450624466, "entropy": 0.6099753081798553, "approx_kl": 0.02253967267461121, "clip_fraction": 0.16064453125, "grad_norm": 8.07350492477417, "explained_variance": 0.3600555658340454, "action_std_mean": 0.32826411724090576, "optimizer_iterations": 4.0, "lr": 8.676992e-05}
{"step": 665600, "wall_time": 1790750910.3392766, "episodes_completed": 6.0, "mean_episode_reward": 5.0717519124348955, "std_episode_reward": 10.628188595005854, "min_episode_reward": -9.959193229675293, "max_episode_reward": 16.612632751464844, "mean_episode_length": 66.5, "success_rate": 0.6666666666666666, "collision_rate": 0.3333333333333333, "out_of_bounds_rate": 0.0, "timeout_rate": 0.0, "policy_loss": -0.0033385255374014378, "value_loss": 0.736087754368782, "entropy": 0.6098629534244537, "approx_kl": 0.010369764058850706, "clip_fraction": 0.0723876953125, "grad_norm": 5.376173615455627, "explained_variance": 0.8615617752075195, "action_std_mean": 0.328266441822052, "optimizer_iterations": 4.0, "lr": 8.672896e-05}
{"step": 667648, "wall_time": 1790750921.1968203, "episodes_completed": 3.0, "mean_episode_reward": -1.636826204136014, "std_episode_reward": 2.3414667442332906, "min_episode_reward": -4.948145389556885, "max_episode_reward": 0.02741888351738453, "mean_episode_length": 85.0, "success_rate": 0.0, "collision_rate": 0.3333333333333333, "out_of_bounds_rate": 0.0, "timeout_rate": 0.6666666666666666, "policy_loss": 0.00279255211353302, "value_loss": 0.758115291595459, "entropy": 0.6098605394363403, "approx_kl": 0.005662835552357137, "clip_fraction": 0.0697021484375, "grad_norm": 7.798485040664673, "explained_variance": 0.7740491628646851, "action_std_mean": 0.3282538950443268, "optimizer_iterations": 4.0, "lr": 8.668800000000001e-05}
{"step": 669696, "wall_time": 1790750932.2127476, "episodes_completed": 1.0, "mean_episode_reward": 13.292150497436523, "std_episode_reward": 0.0, "min_episode_reward": 13.292150497436523, "max_episode_reward": 13.292150497436523, "mean_episode_length": 101.0, "success_rate": 1.0, "collision_rate": 0.0, "out_of_bounds_rate": 0.0, "timeout_rate": 0.0, "policy_loss": -0.0030143409967422485, "value_loss": 0.29997575283050537, "entropy": 0.6097831130027771, "approx_kl": 0.008570464327931404, "clip_fraction": 0.1070556640625, "grad_norm": 3.8404515385627747, "explained_variance": 0.8852324485778809, "action_std_mean": 0.3282396197319031, "optimizer_iterations": 4.0, "lr": 8.664704e-05}
{"step": 671744, "wall_time": 1790750943.1977377, "episodes_completed": 2.0, "mean_episode_reward": 7.724754326045513, "std_episode_reward": 7.805931098759174, "min_episode_reward": -0.0811767727136612, "max_episode_reward": 15.530685424804688, "mean_episode_length": 214.0, "success_rate": 0.5, "collision_rate": 0.0, "out_of_bounds_rate": 0.0, "timeout_rate": 0.5, "policy_loss": -0.0052123506320640445, "value_loss": 0.22447141259908676, "entropy": 0.6096478998661041, "approx_kl": 0.00725153018720448, "clip_fraction": 0.0721435546875, "grad_norm": 2.4161337018013, "explained_variance": 0.9137129187583923, "action_std_mean": 0.32819029688835144, "optimizer_iterations": 4.0, "lr": 8.660608e-05}
{"step": 673792, "wall_time": 1790750954.1158383, "episodes_completed": 3.0, "mean_episode_reward": 5.575525004106264, "std_episode_reward": 9.406260388050075, "min_episode_reward": -2.0870280265808105, "max_episode_reward": 18.823837280273438, "mean_episode_length": 145.66666666666666, "success_rate": 0.3333333333333333, "collision_rate": 0.3333333333333333, "out_of_bounds_rate": 0.0, "timeout_rate": 0.3333333333333333, "policy_loss": -0.0037878232542425394, "value_loss": 0.9560305178165436, "entropy": 0.6092860698699951, "approx_kl": 0.015333496499806643, "clip_fraction": 0.1787109375, "grad_norm": 4.506052732467651, "explained_variance": 0.6489208936691284, "action_std_mean": 0.3281398117542267, "optimizer_iterations": 4.0, "lr": 8.656512000000002e-05}
{"step": 675840, "wall_time": 1790750965.2848399, "episodes_completed": 2.0, "mean_episode_reward": 5.140986263751984, "std_episode_reward": 5.079475581645966, "min_episode_reward": 0.061510682106018066, "max_episode_reward": 10.22046184539795, "mean_episode_length": 186.5, "success_rate": 0.5, "collision_rate": 0.0, "out_of_bounds_rate": 0.0, "timeout_rate": 0.5, "policy_loss": -0.0036301827058196068, "value_loss": 0.45612428337335587, "entropy": 0.6090039014816284, "approx_kl": 0.010081232991069555, "clip_fraction": 0.09423828125, "grad_norm": 3.9301010966300964, "explained_variance": 0.8224417567253113, "action_std_mean": 0.3280905485153198, "optimizer_iterations": 4.0, "lr": 8.652416000000001e-05}
{"step": 677888, "wall_time": 1790750976.3120432, "episodes_completed": 6.0, "mean_episode_reward": 0.8471704497933388, "std_episode_reward": 9.175049645578811, "min_episode_reward": -9.970751762390137, "max_episode_reward": 12.635558128356934, "mean_episode_length": 92.66666666666667, "success_rate": 0.3333333333333333, "collision_rate": 0.3333333333333333, "out_of_bounds_rate": 0.0, "timeout_rate": 0.3333333333333333, "policy_loss": -0.0020986320450901985, "value_loss": 0.8788026571273804, "entropy": 0.6087026298046112, "approx_kl": 0.008708555542398244, "clip_fraction": 0.0623779296875, "grad_norm": 4.781532645225525, "explained_variance": 0.8038686513900757, "action_std_mean": 0.3280535936355591, "optimizer_iterations": 4.0, "lr": 8.64832e-05}
{"step": 679936, "wall_time": 1790750987.26455, "episodes_completed": 4.0, "mean_episode_reward": 2.0951071977615356, "std_episode_reward": 9.090484069706745, "min_episode_reward": -8.403653144836426, "max_episode_reward": 11.370105743408203, "mean_episode_length": 44.75, "success_rate": 0.5, "collision_rate": 0.5, "out_of_bounds_rate": 0.0, "timeout_rate": 0.0, "policy_loss": 0.0022410753881558776, "value_loss": 1.3755000829696655, "entropy": 0.6085233688354492, "approx_kl": 0.03834711899980903, "clip_fraction": 0.1943359375, "grad_norm": 6.07686173915863, "explained_variance": 0.6644675731658936, "action_std_mean": 0.3280348777770996, "optimizer_iterations": 4.0, "lr": 8.644224000000001e-05}
{"step": 681984, "wall_time": 1790750998.1251874, "episodes_completed": 1.0, "mean_episode_reward": 18.247058868408203, "std_episode_reward": 0.0, "min_episode_reward": 18.247058868408203, "max_episode_reward": 18.247058868408203, "mean_episode_length": 199.0, "success_rate": 1.0, "collision_rate": 0.0, "out_of_bounds_rate": 0.0, "timeout_rate": 0.0, "policy_loss": 0.0020194007083773613, "value_loss": 0.21967951953411102, "entropy": 0.6084423065185547, "approx_kl": 0.032466460950672626, "clip_fraction": 0.103271484375, "grad_norm": 5.8232715129852295, "explained_variance": 0.9496591687202454, "action_std_mean": 0.32803022861480713, "optimizer_iterations": 4.0, "lr": 8.640128000000001e-05}
{"step": 684032, "wall_time": 1790751008.9619336, "episodes_completed": 4.0, "mean_episode_reward": 3.476541467010975, "std_episode_reward": 8.467052056963054, "min_episode_reward": -8.755135536193848, "max_episode_reward": 12.531312942504883, "mean_episode_length": 132.25, "success_rate": 0.5, "collision_rate": 0.25, "out_of_bounds_rate": 0.0, "timeout_rate": 0.25, "policy_loss": -0.0016791122034192085, "value_loss": 1.0503009557724, "entropy": 0.6084217429161072, "approx_kl": 0.008511392632499337, "clip_fraction": 0.091064453125, "grad_norm": 9.330318570137024, "explained_variance": 0.6655160188674927, "action_std_mean": 0.3280295431613922, "optimizer_iterations": 4.0, "lr": 8.636032e-05}
{"step": 686080, "wall_time": 1790751019.7911053, "episodes_completed": 6.0, "mean_episode_reward": -2.3649586948255696, "std_episode_reward": 8.238755360690053, "min_episode_reward": -9.94662857055664, "max_episode_reward": 14.11712646484375, "mean_episode_length": 112.66666666666667, "success_rate": 0.16666666666666666, "collision_rate": 0.6666666666666666, "out_of_bounds_rate": 0.0, "timeout_rate": 0.16666666666666666, "policy_loss": 0.00045760604552924633, "value_loss": 1.9538678526878357, "entropy": 0.6084270179271698, "approx_kl": 0.04525901284068823, "clip_fraction": 0.21044921875, "grad_norm": 12.305106401443481, "explained_variance": 0.6097674369812012, "action_std_mean": 0.3280376195907593, "optimizer_iterations": 4.0, "lr": 8.631936000000001e-05}
{"step": 688128, "wall_time": 1790751030.4419394, "episodes_completed": 2.0, "mean_episode_reward": -2.421785943210125, "std_episode_reward": 2.351886160671711, "min_episode_reward": -4.773672103881836, "max_episode_reward": -0.069899782538414, "mean_episode_length": 97.5, "success_rate": 0.0, "collision_rate": 0.5, "out_of_bounds_rate": 0.0, "timeout_rate": 0.5, "policy_loss": -0.0005730316042900085, "value_loss": 0.5173196718096733, "entropy": 0.6085047721862793, "approx_kl": 0.008529477869160473, "clip_fraction": 0.08984375, "grad_norm": 7.208774030208588, "explained_variance": 0.7773399353027344, "action_std_mean": 0.32805928587913513, "optimizer_iterations": 4.0, "lr": 8.62784e-05}
{"step": 690176, "wall_time": 1790751041.0933177, "episodes_completed": 3.0, "mean_episode_reward": 2.7350224554538727, "std_episode_reward": 11.705600039462393, "min_episode_reward": -9.953643798828125, "max_episode_reward": 18.286956787109375, "mean_episode_length": 150.33333333333334, "success_rate": 0.3333333333333333, "collision_rate": 0.3333333333333333, "out_of_bounds_rate": 0.0, "timeout_rate": 0.3333333333333333, "policy_loss": 0.013077064417302608, "value_loss": 0.3729322776198387, "entropy": 0.6086361110210419, "approx_kl": 0.038101907819509506, "clip_fraction": 0.1453857421875, "grad_norm": 5.611076295375824, "explained_variance": 0.7832965850830078, "action_std_mean": 0.32807308435440063, "optimizer_iterations": 4.0, "lr": 8.623744e-05}
{"step": 692224, "wall_time": 1790751051.793509, "episodes_completed": 3.0, "mean_episode_reward": -8.437772115071615, "std_episode_reward": 2.1850455939723425, "min_episode_reward": -10.031318664550781, "max_episode_reward": -5.348163604736328, "mean_episode_length": 161.66666666666666, "success_rate": 0.0, "collision_rate": 1.0, "out_of_bounds_rate": 0.0, "timeout_rate": 0.0, "policy_loss": 0.003377126529812813, "value_loss": 1.0356336832046509, "entropy": 0.608694463968277, "approx_kl": 0.026715640909969807, "clip_fraction": 0.2657470703125, "grad_norm": 9.844581246376038, "explained_variance": 0.7107337713241577, "action_std_mean": 0.3280889391899109, "optimizer_iterations": 4.0, "lr": 8.619648e-05}
{"step": 694272, "wall_time": 1790751062.6757925, "episodes_completed": 0.0, "mean_episode_reward": NaN, "std_episode_reward": NaN, "min_episode_reward": NaN, "max_episode_reward": NaN, "mean_episode_length": NaN, "success_rate": NaN, "collision_rate": NaN, "out_of_bounds_rate": NaN, "timeout_rate": NaN, "policy_loss": 0.004309466108679771, "value_loss": 0.06285311933606863, "entropy": 0.608820229768753, "approx_kl": 0.016899731941521168, "clip_fraction": 0.1678466796875, "grad_norm": 7.835771203041077, "explained_variance": 0.9528160095214844, "action_std_mean": 0.3281095325946808, "optimizer_iterations": 4.0, "lr": 8.615552e-05}
{"step": 696320, "wall_time": 1790751073.663257, "episodes_completed": 3.0, "mean_episode_reward": 8.049306776064137, "std_episode_reward": 5.87405453585945, "min_episode_reward": 0.008573251776397228, "max_episode_reward": 13.877082824707031, "mean_episode_length": 133.66666666666666, "success_rate": 0.6666666666666666, "collision_rate": 0.0, "out_of_bounds_rate": 0.0, "timeout_rate": 0.3333333333333333, "policy_loss": 0.00022291915956884623, "value_loss": 0.6937379986047745, "entropy": 0.6088904142379761, "approx_kl": 0.01133301667869091, "clip_fraction": 0.1051025390625, "grad_norm": 4.271209716796875, "explained_variance": 0.7541660070419312, "action_std_mean": 0.32810038328170776, "optimizer_iterations": 4.0, "lr": 8.611456e-05}
{"step": 698368, "wall_time": 1790751084.591719, "episodes_completed": 2.0, "mean_episode_reward": -0.025361763313412666, "std_episode_reward": 0.048652661964297295, "min_episode_reward": -0.07401442527770996, "max_episode_reward": 0.02329089865088463, "mean_episode_length": 87.5, "success_rate": 0.0, "collision_rate": 0.0, "out_of_bounds_rate": 0.0, "timeout_rate": 1.0, "policy_loss": 0.004386320244520903, "value_loss": 0.1483020856976509, "entropy": 0.6087924838066101, "approx_kl": 0.017608899623155594, "clip_fraction": 0.1251220703125, "grad_norm": 8.073503255844116, "explained_variance": 0.928557813167572, "action_std_mean": 0.32808512449264526, "optimizer_iterations": 4.0, "lr": 8.60736e-05}
{"step": 700416, "wall_time": 1790751095.8170407, "episodes_completed": 1.0, "mean_episode_reward": -6.398995399475098, "std_episode_reward": 0.0, "min_episode_reward": -6.398995399475098, "max_episode_reward": -6.398995399475098, "mean_episode_length": 162.0, "success_rate": 0.0, "collision_rate": 1.0, "out_of_bounds_rate": 0.0, "timeout_rate": 0.0, "policy_loss": 0.0024044327437877655, "value_loss": 0.45583774894475937, "entropy": 0.608708381652832, "approx_kl": 0.011947206920012832, "clip_fraction": 0.1085205078125, "grad_norm": 5.917203009128571, "explained_variance": 0.6655968427658081, "action_std_mean": 0.3280720114707947, "optimizer_iterations": 4.0, "lr": 8.603264e-05}
{"step": 702464, "wall_time": 1790751106.87245, "episodes_completed": 3.0, "mean_episode_reward": 2.5756778766711554, "std_episode_reward": 11.364542297234983, "min_episode_reward": -9.994763374328613, "max_episode_reward": 17.5336856842041, "mean_episode_length": 198.66666666666666, "success_rate": 0.3333333333333333, "collision_rate": 0.3333333333333333, "out_of_bounds_rate": 0.0, "timeout_rate": 0.3333333333333333, "policy_loss": -0.004332514945417643, "value_loss": 0.45626699179410934, "entropy": 0.6086022853851318, "approx_kl": 0.017982152989134192, "clip_fraction": 0.0765380859375, "grad_norm": 3.5366182923316956, "explained_variance": 0.837343156337738, "action_std_mean": 0.3280490040779114, "optimizer_iterations": 4.0, "lr": 8.599168e-05}
{"step": 704512, "wall_time": 1790751117.9062715, "episodes_completed": 4.0, "mean_episode_reward": 1.2819633483886719, "std_episode_reward": 5.5234521052618115, "min_episode_reward": -4.897582530975342, "max_episode_reward": 10.217138290405273, "mean_episode_length": 108.25, "success_rate": 0.25, "collision_rate": 0.25, "out_of_bounds_rate": 0.0, "timeout_rate": 0.5, "policy_loss": -0.0008751712739467621, "value_loss": 1.0944877862930298, "entropy": 0.6084268987178802, "approx_kl": 0.016972666839137673, "clip_fraction": 0.1590576171875, "grad_norm": 4.466519057750702, "explained_variance": 0.7350776195526123, "action_std_mean": 0.32801204919815063, "optimizer_iterations": 4.0, "lr": 8.595072000000001e-05}
{"step": 706560, "wall_time": 1790751129.1140814, "episodes_completed": 2.0, "mean_episode_reward": 3.128938674926758, "std_episode_reward": 7.785240173339844, "min_episode_reward": -4.656301498413086, "max_episode_reward": 10.914178848266602, "mean_episode_length": 92.5, "success_rate": 0.5, "collision_rate": 0.5, "out_of_bounds_rate": 0.0, "timeout_rate": 0.0, "policy_loss": -0.0048084864392876625, "value_loss": 0.7756026387214661, "entropy": 0.6082352995872498, "approx_kl": 0.016591378953307867, "clip_fraction": 0.1595458984375, "grad_norm": 4.458598732948303, "explained_variance": 0.5798453092575073, "action_std_mean": 0.32799845933914185, "optimizer_iterations": 4.0, "lr": 8.590976e-05}
{"step": 708608, "wall_time": 1790751140.226893, "episodes_completed": 4.0, "mean_episode_reward": 3.4406458740122616, "std_episode_reward": 9.250767822739817, "min_episode_reward": -10.158895492553711, "max_episode_reward": 12.51608657836914, "mean_episode_length": 113.75, "success_rate": 0.5, "collision_rate": 0.25, "out_of_bounds_rate": 0.0, "timeout_rate": 0.25, "policy_loss": -0.0014608401106670499, "value_loss": 0.7909509539604187, "entropy": 0.6081838011741638, "approx_kl": 0.02116353716701269, "clip_fraction": 0.1641845703125, "grad_norm": 4.3010154366493225, "explained_variance": 0.7938946485519409, "action_std_mean": 0.32798904180526733, "optimizer_iterations": 4.0, "lr": 8.58688e-05}
{"step": 710656, "wall_time": 1790751151.1978328, "episodes_completed": 4.0, "mean_episode_reward": 4.580896170809865, "std_episode_reward": 10.0855394126963, "min_episode_reward": -9.453124046325684, "max_episode_reward": 16.555051803588867, "mean_episode_length": 61.75, "success_rate": 0.5, "collision_rate": 0.25, "out_of_bounds_rate": 0.0, "timeout_rate": 0.25, "policy_loss": -0.004142958205193281, "value_loss": 0.7588929980993271, "entropy": 0.6081580519676208, "approx_kl": 0.010014710016548634, "clip_fraction": 0.1075439453125, "grad_norm": 3.3653668761253357, "explained_variance": 0.8272555470466614, "action_std_mean": 0.3279973268508911, "optimizer_iterations": 4.0, "lr": 8.582784000000001e-05}
{"step": 712704, "wall_time": 1790751162.0271473, "episodes_completed": 3.0, "mean_episode_reward": 7.696743329366048, "std_episode_reward": 12.772398081915908, "min_episode_reward": -9.90842342376709, "max_episode_reward": 19.998584747314453, "mean_episode_length": 137.33333333333334, "success_rate": 0.6666666666666666, "collision_rate": 0.3333333333333333, "out_of_bounds_rate": 0.0, "timeout_rate": 0.0, "policy_loss": -0.0039751227013766766, "value_loss": 0.6978383213281631, "entropy": 0.6082522869110107, "approx_kl": 0.012749560875818133, "clip_fraction": 0.095458984375, "grad_norm": 3.8942883610725403, "explained_variance": 0.8740353584289551, "action_std_mean": 0.3280279040336609, "optimizer_iterations": 4.0, "lr": 8.578688e-05}
{"step": 714752, "wall_time": 1790751173.0169513, "episodes_completed": 2.0, "mean_episode_reward": -4.437922954559326, "std_episode_reward": 5.550299167633057, "min_episode_reward": -9.988222122192383, "max_episode_reward": 1.1123762130737305, "mean_episode_length": 119.0, "success_rate": 0.0, "collision_rate": 1.0, "out_of_bounds_rate": 0.0, "timeout_rate": 0.0, "policy_loss": -0.0027210935950279236, "value_loss": 0.755263552069664, "entropy": 0.6085007190704346, "approx_kl": 0.03019866021350026, "clip_fraction": 0.1751708984375, "grad_norm": 4.667560279369354, "explained_variance": 0.7398456335067749, "action_std_mean": 0.32808661460876465, "optimizer_iterations": 4.0, "lr": 8.574592e-05}
{"step": 716800, "wall_time": 1790751184.0722537, "episodes_completed": 3.0, "mean_episode_reward": -0.4771953821182251, "std_episode_reward": 0.6643205320371112, "min_episode_reward": -1.4145164489746094, "max_episode_reward": 0.04673328995704651, "mean_episode_length": 122.66666666666667, "success_rate": 0.0, "collision_rate": 0.3333333333333333, "out_of_bounds_rate": 0.0, "timeout_rate": 0.6666666666666666, "policy_loss": -0.0054904320277273655, "value_loss": 0.44252560287714005, "entropy": 0.6088906824588776, "approx_kl": 0.012744124280288815, "clip_fraction": 0.1220703125, "grad_norm": 4.1047475934028625, "explained_variance": 0.8902150988578796, "action_std_mean": 0.32815074920654297, "optimizer_iterations": 4.0, "lr": 8.570496e-05}
{"step": 718848, "wall_time": 1790751195.1185133, "episodes_completed": 1.0, "mean_episode_reward": 0.028560027480125427, "std_episode_reward": 0.0, "min_episode_reward": 0.028560027480125427, "max_episode_reward": 0.028560027480125427, "mean_episode_length": 122.0, "success_rate": 0.0, "collision_rate": 0.0, "out_of_bounds_rate": 0.0, "timeout_rate": 1.0, "policy_loss": -0.001715529477223754, "value_loss": 0.027320104651153088, "entropy": 0.6091814041137695, "approx_kl": 0.009045305661857128, "clip_fraction": 0.102783203125, "grad_norm": 4.069015324115753, "explained_variance": 0.9901484251022339, "action_std_mean": 0.328157901763916, "optimizer_iterations": 4.0, "lr": 8.566400000000001e-05}
{"step": 720896, "wall_time": 1790751206.1217928, "episodes_completed": 3.0, "mean_episode_reward": 1.5785981590549152, "std_episode_reward": 10.263321665640598, "min_episode_reward": -10.194389343261719, "max_episode_reward": 14.817046165466309, "mean_episode_length": 83.33333333333333, "success_rate": 0.3333333333333333, "collision_rate": 0.3333333333333333, "out_of_bounds_rate": 0.0, "timeout_rate": 0.3333333333333333, "policy_loss": -0.003683455754071474, "value_loss": 0.5946897566318512, "entropy": 0.6091106534004211, "approx_kl": 0.003967317257774994, "clip_fraction": 0.0450439453125, "grad_norm": 3.3464348912239075, "explained_variance": 0.8299197554588318, "action_std_mean": 0.3281206488609314, "optimizer_iterations": 4.0, "lr": 8.562304e-05}
{"step": 722944, "wall_time": 1790751217.1697674, "episodes_completed": 6.0, "mean_episode_reward": 0.5309184016659856, "std_episode_reward": 8.831725411604994, "min_episode_reward": -10.013444900512695, "max_episode_reward": 12.884162902832031, "mean_episode_length": 131.66666666666666, "success_rate": 0.3333333333333333, "collision_rate": 0.3333333333333333, "out_of_bounds_rate": 0.0, "timeout_rate": 0.3333333333333333, "policy_loss": -0.0038037379272282124, "value_loss": 1.4031563103199005, "entropy": 0.6088227033615112, "approx_kl": 0.015937739866785705, "clip_fraction": 0.130615234375, "grad_norm": 5.256679534912109, "explained_variance": 0.5744194984436035, "action_std_mean": 0.32807475328445435, "optimizer_iterations": 4.0, "lr": 8.558208000000001e-05}
{"step": 724992, "wall_time": 1790751227.870675, "episodes_completed": 4.0, "mean_episode_reward": 7.820483922958374, "std_episode_reward": 5.489458966328123, "min_episode_reward": -1.6747856140136719, "max_episode_reward": 11.449687957763672, "mean_episode_length": 130.5, "success_rate": 0.75, "collision_rate": 0.25, "out_of_bounds_rate": 0.0, "timeout_rate": 0.0, "policy_loss": -0.0006607244722545147, "value_loss": 0.8209004253149033, "entropy": 0.6085996627807617, "approx_kl": 0.010256614885292947, "clip_fraction": 0.07958984375, "grad_norm": 7.44976270198822, "explained_variance": 0.8367994427680969, "action_std_mean": 0.328058660030365, "optimizer_iterations": 4.0, "lr": 8.554112000000001e-05}
{"step": 727040, "wall_time": 1790751238.7596438, "episodes_completed": 4.0, "mean_episode_reward": 3.910813570022583, "std_episode_reward": 9.783615232096874, "min_episode_reward": -8.147223472595215, "max_episode_reward": 16.429393768310547, "mean_episode_length": 147.0, "success_rate": 0.5, "collision_rate": 0.5, "out_of_bounds_rate": 0.0, "timeout_rate": 0.0, "policy_loss": -0.001704862341284752, "value_loss": 1.2131990492343903, "entropy": 0.6085543036460876, "approx_kl": 0.008130637812428176, "clip_fraction": 0.0963134765625, "grad_norm": 9.546935081481934, "explained_variance": 0.6778531074523926, "action_std_mean": 0.3280525207519531, "optimizer_iterations": 4.0, "lr": 8.550016e-05}
{"step": 729088, "wall_time": 1790751249.7973194, "episodes_completed": 4.0, "mean_episode_reward": 5.128531549591571, "std_episode_reward": 11.109615334152464, "min_episode_reward": -9.955357551574707, "max_episode_reward": 19.45684814453125, "mean_episode_length": 123.25, "success_rate": 0.5, "collision_rate": 0.25, "out_of_bounds_rate": 0.0, "timeout_rate": 0.25, "policy_loss": -0.0014919955283403397, "value_loss": 0.4840782433748245, "entropy": 0.6084884405136108, "approx_kl": 0.011262618820182979, "clip_fraction": 0.08984375, "grad_norm": 4.771838188171387, "explained_variance": 0.8595300316810608, "action_std_mean": 0.3280383050441742, "optimizer_iterations": 4.0, "lr": 8.545920000000001e-05}
{"step": 731136, "wall_time": 1790751260.81024, "episodes_completed": 2.0, "mean_episode_reward": -0.6359792109578848, "std_episode_reward": 0.5954823140054941, "min_episode_reward": -1.231461524963379, "max_episode_reward": -0.04049689695239067, "mean_episode_length": 148.0, "success_rate": 0.0, "collision_rate": 0.5, "out_of_bounds_rate": 0.0, "timeout_rate": 0.5, "policy_loss": 0.001262422651052475, "value_loss": 0.5571126341819763, "entropy": 0.6084245145320892, "approx_kl": 0.010439613368362188, "clip_fraction": 0.1102294921875, "grad_norm": 5.567343473434448, "explained_variance": 0.822757363319397, "action_std_mean": 0.32803308963775635, "optimizer_iterations": 4.0, "lr": 8.541824e-05}
{"step": 733184, "wall_time": 1790751271.8407633, "episodes_completed": 2.0, "mean_episode_reward": 3.1326284408569336, "std_episode_reward": 11.530678749084473, "min_episode_reward": -8.398050308227539, "max_episode_reward": 14.663307189941406, "mean_episode_length": 115.5, "success_rate": 0.5, "collision_rate": 0.5, "out_of_bounds_rate": 0.0, "timeout_rate": 0.0, "policy_loss": -0.003766573267057538, "value_loss": 0.9548085033893585, "entropy": 0.6083981394767761, "approx_kl": 0.007145214709453285, "clip_fraction": 0.0804443359375, "grad_norm": 8.084627509117126, "explained_variance": 0.7378156781196594, "action_std_mean": 0.32802650332450867, "optimizer_iterations": 4.0, "lr": 8.537728e-05}
{"step": 735232, "wall_time": 1790751282.9258378, "episodes_completed": 5.0, "mean_episode_reward": -2.8325163427740336, "std_episode_reward": 3.5730647500896873, "min_episode_reward": -8.762892723083496, "max_episode_reward": 0.19618740677833557, "mean_episode_length": 134.2, "success_rate": 0.0, "collision_rate": 0.6, "out_of_bounds_rate": 0.0, "timeout_rate": 0.4, "policy_loss": -0.00044668279588222504, "value_loss": 1.9253716468811035, "entropy": 0.6083391308784485, "approx_kl": 0.006631509750150144, "clip_fraction": 0.0487060546875, "grad_norm": 7.3905109167099, "explained_variance": 0.48569488525390625, "action_std_mean": 0.3280157148838043, "optimizer_iterations": 4.0, "lr": 8.533632e-05}
{"step": 737280, "wall_time": 1790751294.3094838, "episodes_completed": 2.0, "mean_episode_reward": 5.606919443234801, "std_episode_reward": 5.56431564129889, "min_episode_reward": 0.04260380193591118, "max_episode_reward": 11.171235084533691, "mean_episode_length": 125.5, "success_rate": 0.5, "collision_rate": 0.0, "out_of_bounds_rate": 0.0, "timeout_rate": 0.5, "policy_loss": -0.0025473247515037656, "value_loss": 0.4743812829256058, "entropy": 0.6082814633846283, "approx_kl": 0.02005634387023747, "clip_fraction": 0.065185546875, "grad_norm": 3.490893244743347, "explained_variance": 0.7086281776428223, "action_std_mean": 0.328002393245697, "optimizer_iterations": 4.0, "lr": 8.529536e-05}
{"step": 739328, "wall_time": 1790751305.6631787, "episodes_completed": 4.0, "mean_episode_reward": 3.835450977087021, "std_episode_reward": 9.519155407957488, "min_episode_reward": -9.967669486999512, "max_episode_reward": 14.381771087646484, "mean_episode_length": 121.5, "success_rate": 0.5, "collision_rate": 0.25, "out_of_bounds_rate": 0.0, "timeout_rate": 0.25, "policy_loss": 0.004216548055410385, "value_loss": 0.6242215037345886, "entropy": 0.6082028746604919, "approx_kl": 0.034006805159151554, "clip_fraction": 0.1075439453125, "grad_norm": 5.718446910381317, "explained_variance": 0.7872320413589478, "action_std_mean": 0.32800620794296265, "optimizer_iterations": 4.0, "lr": 8.52544e-05}
{"step": 741376, "wall_time": 1790751316.942427, "episodes_completed": 4.0, "mean_episode_reward": 3.5214504078030586, "std_episode_reward": 8.357628222752284, "min_episode_reward": -8.273585319519043, "max_episode_reward": 12.576371192932129, "mean_episode_length": 93.25, "success_rate": 0.5, "collision_rate": 0.25, "out_of_bounds_rate": 0.0, "timeout_rate": 0.25, "policy_loss": -0.0010583787225186825, "value_loss": 1.2483981847763062, "entropy": 0.6082824170589447, "approx_kl": 0.01518848817795515, "clip_fraction": 0.1051025390625, "grad_norm": 5.3347538113594055, "explained_variance": 0.5324574112892151, "action_std_mean": 0.32803016901016235, "optimizer_iterations": 4.0, "lr": 8.521344e-05}
{"step": 743424, "wall_time": 1790751328.2215524, "episodes_completed": 0.0, "mean_episode_reward": NaN, "std_episode_reward": NaN, "min_episode_reward": NaN, "max_episode_reward": NaN, "mean_episode_length": NaN, "success_rate": NaN, "collision_rate": NaN, "out_of_bounds_rate": NaN, "timeout_rate": NaN, "policy_loss": -7.863622158765793e-05, "value_loss": 0.07106836698949337, "entropy": 0.6084023714065552, "approx_kl": 0.009902878198772669, "clip_fraction": 0.1241455078125, "grad_norm": 5.5824326276779175, "explained_variance": 0.9142290353775024, "action_std_mean": 0.3280397653579712, "optimizer_iterations": 4.0, "lr": 8.517248e-05}
{"step": 745472, "wall_time": 1790751339.6711361, "episodes_completed": 1.0, "mean_episode_reward": 16.02532196044922, "std_episode_reward": 0.0, "min_episode_reward": 16.02532196044922, "max_episode_reward": 16.02532196044922, "mean_episode_length": 188.0, "success_rate": 1.0, "collision_rate": 0.0, "out_of_bounds_rate": 0.0, "timeout_rate": 0.0, "policy_loss": -0.0017767306417226791, "value_loss": 0.16037649661302567, "entropy": 0.6084090173244476, "approx_kl": 0.004675732518080622, "clip_fraction": 0.0521240234375, "grad_norm": 2.347570449113846, "explained_variance": 0.881100058555603, "action_std_mean": 0.3280245065689087, "optimizer_iterations": 4.0, "lr": 8.513152e-05}
{"step": 747520, "wall_time": 1790751350.939222, "episodes_completed": 4.0, "mean_episode_reward": 0.02915642037987709, "std_episode_reward": 7.07397771983846, "min_episode_reward": -9.950004577636719, "max_episode_reward": 10.058091163635254, "mean_episode_length": 103.75, "success_rate": 0.25, "collision_rate": 0.25, "out_of_bounds_rate": 0.0, "timeout_rate": 0.5, "policy_loss": -0.00363895483314991, "value_loss": 0.49171391874551773, "entropy": 0.6082621514797211, "approx_kl": 0.01009759888984263, "clip_fraction": 0.1060791015625, "grad_norm": 4.018781840801239, "explained_variance": 0.8232740163803101, "action_std_mean": 0.32799583673477173, "optimizer_iterations": 4.0, "lr": 8.509056000000001e-05}
{"step": 749568, "wall_time": 1790751362.1201017, "episodes_completed": 0.0, "mean_episode_reward": NaN, "std_episode_reward": NaN, "min_episode_reward": NaN, "max_episode_reward": NaN, "mean_episode_length": NaN, "success_rate": NaN, "collision_rate": NaN, "out_of_bounds_rate": NaN, "timeout_rate": NaN, "policy_loss": -0.005151260877028108, "value_loss": 0.11556340008974075, "entropy": 0.6081337928771973, "approx_kl": 0.0074453470297157764, "clip_fraction": 0.0965576171875, "grad_norm": 4.876919507980347, "explained_variance": 0.9368952512741089, "action_std_mean": 0.327997624874115, "optimizer_iterations": 4.0, "lr": 8.50496e-05}
{"step": 751616, "wall_time": 1790751373.5049074, "episodes_completed": 5.0, "mean_episode_reward": -4.015151669830084, "std_episode_reward": 4.819839298051369, "min_episode_reward": -9.950100898742676, "max_episode_reward": 0.0415043942630291, "mean_episode_length": 106.6, "success_rate": 0.0, "collision_rate": 0.4, "out_of_bounds_rate": 0.0, "timeout_rate": 0.6, "policy_loss": -0.006821934832260013, "value_loss": 0.5740998685359955, "entropy": 0.6082112491130829, "approx_kl": 0.005196295969653875, "clip_fraction": 0.0467529296875, "grad_norm": 4.295366883277893, "explained_variance": 0.6819244623184204, "action_std_mean": 0.3280191421508789, "optimizer_iterations": 4.0, "lr": 8.500864e-05}
{"step": 753664, "wall_time": 1790751384.7866254, "episodes_completed": 1.0, "mean_episode_reward": -0.06845416128635406, "std_episode_reward": 0.0, "min_episode_reward": -0.06845416128635406, "max_episode_reward": -0.06845416128635406, "mean_episode_length": 68.0, "success_rate": 0.0, "collision_rate": 0.0, "out_of_bounds_rate": 0.0, "timeout_rate": 1.0, "policy_loss": -0.0021594571880996227, "value_loss": 0.0398878064006567, "entropy": 0.6083962619304657, "approx_kl": 0.005128285847604275, "clip_fraction": 0.0521240234375, "grad_norm": 3.768791675567627, "explained_variance": 0.9806414246559143, "action_std_mean": 0.3280673325061798, "optimizer_iterations": 4.0, "lr": 8.496768000000001e-05}
{"step": 755712, "wall_time": 1790751396.0842948, "episodes_completed": 3.0, "mean_episode_reward": 7.73876428604126, "std_episode_reward": 8.513539458645221, "min_episode_reward": -3.6676735877990723, "max_episode_reward": 16.779708862304688, "mean_episode_length": 139.33333333333334, "success_rate": 0.6666666666666666, "collision_rate": 0.3333333333333333, "out_of_bounds_rate": 0.0, "timeout_rate": 0.0, "policy_loss": -0.003376407315954566, "value_loss": 0.8136440068483353, "entropy": 0.6086827516555786, "approx_kl": 0.004557221080176532, "clip_fraction": 0.0335693359375, "grad_norm": 5.436733603477478, "explained_variance": 0.7039462327957153, "action_std_mean": 0.3281022608280182, "optimizer_iterations": 4.0, "lr": 8.492672e-05}
{"step": 757760, "wall_time": 1790751407.4857314, "episodes_completed": 3.0, "mean_episode_reward": -5.865712876121203, "std_episode_reward": 4.303310240781251, "min_episode_reward": -9.961926460266113, "max_episode_reward": 0.080277219414711, "mean_episode_length": 67.0, "success_rate": 0.0, "collision_rate": 0.6666666666666666, "out_of_bounds_rate": 0.0, "timeout_rate": 0.3333333333333333, "policy_loss": -0.0037937788292765617, "value_loss": 0.7867646664381027, "entropy": 0.6088797152042389, "approx_kl": 0.00663889228599146, "clip_fraction": 0.0767822265625, "grad_norm": 3.4504969716072083, "explained_variance": 0.5841277837753296, "action_std_mean": 0.3281407654285431, "optimizer_iterations": 4.0, "lr": 8.488576e-05}
{"step": 759808, "wall_time": 1790751418.6993685, "episodes_completed": 7.0, "mean_episode_reward": -0.601250904479197, "std_episode_reward": 9.009092715472335, "min_episode_reward": -10.049758911132812, "max_episode_reward": 12.502824783325195, "mean_episode_length": 67.28571428571429, "success_rate": 0.2857142857142857, "collision_rate": 0.42857142857142855, "out_of_bounds_rate": 0.0, "timeout_rate": 0.2857142857142857, "policy_loss": -0.001346176490187645, "value_loss": 1.3668609857559204, "entropy": 0.609121561050415, "approx_kl": 0.01807441661367193, "clip_fraction": 0.08642578125, "grad_norm": 5.877600312232971, "explained_variance": 0.6427569389343262, "action_std_mean": 0.32817381620407104, "optimizer_iterations": 4.0, "lr": 8.48448e-05}
{"step": 761856, "wall_time": 1790751429.9075882, "episodes_completed": 2.0, "mean_episode_reward": 6.280077878385782, "std_episode_reward": 6.239510592073202, "min_episode_reward": 0.04056728631258011, "max_episode_reward": 12.519588470458984, "mean_episode_length": 158.5, "success_rate": 0.5, "collision_rate": 0.0, "out_of_bounds_rate": 0.0, "timeout_rate": 0.5, "policy_loss": -0.003702459274791181, "value_loss": 0.11686374060809612, "entropy": 0.6092970669269562, "approx_kl": 0.012172749498859048, "clip_fraction": 0.08544921875, "grad_norm": 3.0567766427993774, "explained_variance": 0.9663115739822388, "action_std_mean": 0.32820045948028564, "optimizer_iterations": 4.0, "lr": 8.480384e-05}
{"step": 763904, "wall_time": 1790751441.0671318, "episodes_completed": 3.0, "mean_episode_reward": 1.956956108411153, "std_episode_reward": 9.218180143728986, "min_episode_reward": -8.315821647644043, "max_episode_reward": 14.044229507446289, "mean_episode_length": 107.66666666666667, "success_rate": 0.3333333333333333, "collision_rate": 0.3333333333333333, "out_of_bounds_rate": 0.0, "timeout_rate": 0.3333333333333333, "policy_loss": -0.0011811091098934412, "value_loss": 1.1216541528701782, "entropy": 0.6094409227371216, "approx_kl": 0.019316396210342646, "clip_fraction": 0.06884765625, "grad_norm": 6.215425372123718, "explained_variance": 0.672218918800354, "action_std_mean": 0.3282037377357483, "optimizer_iterations": 4.0, "lr": 8.476288e-05}
{"step": 765952, "wall_time": 1790751452.3356519, "episodes_completed": 4.0, "mean_episode_reward": 4.608252089470625, "std_episode_reward": 8.077915930756223, "min_episode_reward": -6.122530460357666, "max_episode_reward": 14.049226760864258, "mean_episode_length": 54.75, "success_rate": 0.5, "collision_rate": 0.25, "out_of_bounds_rate": 0.0, "timeout_rate": 0.25, "policy_loss": -0.001536891795694828, "value_loss": 0.9255126118659973, "entropy": 0.6093654632568359, "approx_kl": 0.023645632900297642, "clip_fraction": 0.0665283203125, "grad_norm": 6.005771279335022, "explained_variance": 0.7340703010559082, "action_std_mean": 0.32818281650543213, "optimizer_iterations": 4.0, "lr": 8.472192000000001e-05}
{"step": 768000, "wall_time": 1790751463.510075, "episodes_completed": 1.0, "mean_episode_reward": -0.09389796853065491, "std_episode_reward": 0.0, "min_episode_reward": -0.09389796853065491, "max_episode_reward": -0.09389796853065491, "mean_episode_length": 150.0, "success_rate": 0.0, "collision_rate": 0.0, "out_of_bounds_rate": 0.0, "timeout_rate": 1.0, "policy_loss": -0.001992935431189835, "value_loss": 0.03298877691850066, "entropy": 0.6092703640460968, "approx_kl": 0.008791583823040128, "clip_fraction": 0.1087646484375, "grad_norm": 5.064802467823029, "explained_variance": 0.9868939518928528, "action_std_mean": 0.32817691564559937, "optimizer_iterations": 4.0, "lr": 8.468096000000001e-05}
{"step": 770048, "wall_time": 1790751474.7032855, "episodes_completed": 4.0, "mean_episode_reward": 6.1284708976745605, "std_episode_reward": 9.456601920797041, "min_episode_reward": -10.01460075378418, "max_episode_reward": 14.122800827026367, "mean_episode_length": 127.0, "success_rate": 0.75, "collision_rate": 0.25, "out_of_bounds_rate": 0.0, "timeout_rate": 0.0, "policy_loss": -0.002962085884064436, "value_loss": 1.6108962893486023, "entropy": 0.6092406809329987, "approx_kl": 0.0200000936165452, "clip_fraction": 0.150634765625, "grad_norm": 5.868396997451782, "explained_variance": 0.6086114645004272, "action_std_mean": 0.3281714618206024, "optimizer_iterations": 4.0, "lr": 8.464e-05}
{"step": 772096, "wall_time": 1790751485.8354783, "episodes_completed": 1.0, "mean_episode_reward": 16.008272171020508, "std_episode_reward": 0.0, "min_episode_reward": 16.008272171020508, "max_episode_reward": 16.008272171020508, "mean_episode_length": 181.0, "success_rate": 1.0, "collision_rate": 0.0, "out_of_bounds_rate": 0.0, "timeout_rate": 0.0, "policy_loss": -0.003718614694662392, "value_loss": 0.34313417226076126, "entropy": 0.6091722249984741, "approx_kl": 0.010022468632087111, "clip_fraction": 0.1112060546875, "grad_norm": 3.6509395837783813, "explained_variance": 0.8819321393966675, "action_std_mean": 0.32814449071884155, "optimizer_iterations": 4.0, "lr": 8.459904000000001e-05}
{"step": 774144, "wall_time": 1790751496.7604258, "episodes_completed": 4.0, "mean_episode_reward": 10.211275672540069, "std_episode_reward": 6.101467525225766, "min_episode_reward": 0.03598823398351669, "max_episode_reward": 16.289955139160156, "mean_episode_length": 98.25, "success_rate": 0.75, "collision_rate": 0.0, "out_of_bounds_rate": 0.0, "timeout_rate": 0.25, "policy_loss": -0.0024806512519717216, "value_loss": 0.6023160964250565, "entropy": 0.6090683937072754, "approx_kl": 0.0063388997805304825, "clip_fraction": 0.0694580078125, "grad_norm": 4.972301185131073, "explained_variance": 0.8079251050949097, "action_std_mean": 0.32816773653030396, "optimizer_iterations": 4.0, "lr": 8.455808e-05}
{"step": 776192, "wall_time": 1790751507.6778367, "episodes_completed": 7.0, "mean_episode_reward": -1.2827141545712948, "std_episode_reward": 8.516305571252925, "min_episode_reward": -10.04438591003418, "max_episode_reward": 12.058685302734375, "mean_episode_length": 84.28571428571429, "success_rate": 0.2857142857142857, "collision_rate": 0.5714285714285714, "out_of_bounds_rate": 0.0, "timeout_rate": 0.14285714285714285, "policy_loss": -0.0012326606374699622, "value_loss": 2.1902092695236206, "entropy": 0.6093113422393799, "approx_kl": 0.012950774980708957, "clip_fraction": 0.1329345703125, "grad_norm": 9.1045982837677, "explained_variance": 0.5060322284698486, "action_std_mean": 0.32821381092071533, "optimizer_iterations": 4.0, "lr": 8.451712e-05}
{"step": 778240, "wall_time": 1790751518.5568953, "episodes_completed": 6.0, "mean_episode_reward": -1.5063600540161133, "std_episode_reward": 10.50295094496248, "min_episode_reward": -9.958473205566406, "max_episode_reward": 13.694388389587402, "mean_episode_length": 75.5, "success_rate": 0.3333333333333333, "collision_rate": 0.6666666666666666, "out_of_bounds_rate": 0.0, "timeout_rate": 0.0, "policy_loss": 0.00015073083341121674, "value_loss": 2.2149572372436523, "entropy": 0.6095673739910126, "approx_kl": 0.015883781597949564, "clip_fraction": 0.1070556640625, "grad_norm": 7.245029926300049, "explained_variance": 0.5593360662460327, "action_std_mean": 0.32825109362602234, "optimizer_iterations": 4.0, "lr": 8.447616e-05}
{"step": 780288, "wall_time": 1790751529.677093, "episodes_completed": 4.0, "mean_episode_reward": -2.369970694417134, "std_episode_reward": 4.388284009995034, "min_episode_reward": -9.958539962768555, "max_episode_reward": 0.5602312088012695, "mean_episode_length": 142.0, "success_rate": 0.0, "collision_rate": 0.5, "out_of_bounds_rate": 0.0, "timeout_rate": 0.5, "policy_loss": 0.0011626488994807005, "value_loss": 0.8237298429012299, "entropy": 0.6097896099090576, "approx_kl": 0.03002277878113091, "clip_fraction": 0.1824951171875, "grad_norm": 4.699962139129639, "explained_variance": 0.6446042060852051, "action_std_mean": 0.3282833695411682, "optimizer_iterations": 4.0, "lr": 8.44352e-05}
{"step": 782336, "wall_time": 1790751540.7187784, "episodes_completed": 4.0, "mean_episode_reward": 6.971724908798933, "std_episode_reward": 7.358344193564729, "min_episode_reward": 0.038579605519771576, "max_episode_reward": 17.50442123413086, "mean_episode_length": 107.75, "success_rate": 0.5, "collision_rate": 0.0, "out_of_bounds_rate": 0.0, "timeout_rate": 0.5, "policy_loss": -0.0001535452902317047, "value_loss": 0.4358261674642563, "entropy": 0.6099694967269897, "approx_kl": 0.04020219296216965, "clip_fraction": 0.12451171875, "grad_norm": 5.235808968544006, "explained_variance": 0.8568745255470276, "action_std_mean": 0.3283056616783142, "optimizer_iterations": 4.0, "lr": 8.439424000000001e-05}
{"step": 784384, "wall_time": 1790751551.8547313, "episodes_completed": 3.0, "mean_episode_reward": -3.1174888610839844, "std_episode_reward": 9.315876452877946, "min_episode_reward": -9.95013427734375, "max_episode_reward": 10.054065704345703, "mean_episode_length": 68.33333333333333, "success_rate": 0.3333333333333333, "collision_rate": 0.6666666666666666, "out_of_bounds_rate": 0.0, "timeout_rate": 0.0, "policy_loss": -0.0019707505125552416, "value_loss": 0.8490514308214188, "entropy": 0.6100896000862122, "approx_kl": 0.02125920122489333, "clip_fraction": 0.1409912109375, "grad_norm": 5.806213855743408, "explained_variance": 0.8148705363273621, "action_std_mean": 0.32832497358322144, "optimizer_iterations": 4.0, "lr": 8.435328e-05}
{"step": 786432, "wall_time": 1790751563.1466508, "episodes_completed": 4.0, "mean_episode_reward": 4.4060673479689285, "std_episode_reward": 9.974865477169574, "min_episode_reward": -9.795948028564453, "max_episode_reward": 15.06505012512207, "mean_episode_length": 105.0, "success_rate": 0.5, "collision_rate": 0.25, "out_of_bounds_rate": 0.0, "timeout_rate": 0.25, "policy_loss": -0.002645505592226982, "value_loss": 0.7445587664842606, "entropy": 0.6102789044380188, "approx_kl": 0.01055719400756061, "clip_fraction": 0.0621337890625, "grad_norm": 3.1626299619674683, "explained_variance": 0.7891314029693604, "action_std_mean": 0.32838499546051025, "optimizer_iterations": 4.0, "lr": 8.431232e-05}
{"step": 788480, "wall_time": 1790751574.2244265, "episodes_completed": 8.0, "mean_episode_reward": 2.199233651161194, "std_episode_reward": 8.991796081173979, "min_episode_reward": -10.224302291870117, "max_episode_reward": 11.974116325378418, "mean_episode_length": 99.125, "success_rate": 0.5, "collision_rate": 0.5, "out_of_bounds_rate": 0.0, "timeout_rate": 0.0, "policy_loss": 0.0006606881506741047, "value_loss": 2.849685788154602, "entropy": 0.6107228100299835, "approx_kl": 0.009657927555963397, "clip_fraction": 0.0654296875, "grad_norm": 6.119389176368713, "explained_variance": 0.509776771068573, "action_std_mean": 0.32847264409065247, "optimizer_iterations": 4.0, "lr": 8.427136e-05}
{"step": 790528, "wall_time": 1790751585.3847117, "episodes_completed": 3.0, "mean_episode_reward": -2.984842300415039, "std_episode_reward": 9.886462880217069, "min_episode_reward": -9.981332778930664, "max_episode_reward": 10.996726036071777, "mean_episode_length": 72.0, "success_rate": 0.3333333333333333, "collision_rate": 0.6666666666666666, "out_of_bounds_rate": 0.0, "timeout_rate": 0.0, "policy_loss": -0.0003031585365533829, "value_loss": 0.5230987519025803, "entropy": 0.6112648248672485, "approx_kl": 0.012890634592622519, "clip_fraction": 0.148681640625, "grad_norm": 4.01759147644043, "explained_variance": 0.7529908418655396, "action_std_mean": 0.3285556733608246, "optimizer_iterations": 4.0, "lr": 8.42304e-05}
{"step": 792576, "wall_time": 1790751596.7067392, "episodes_completed": 2.0, "mean_episode_reward": 5.052630789577961, "std_episode_reward": 5.048239342868328, "min_episode_reward": 0.0043914467096328735, "max_episode_reward": 10.100870132446289, "mean_episode_length": 126.0, "success_rate": 0.5, "collision_rate": 0.0, "out_of_bounds_rate": 0.0, "timeout_rate": 0.5, "policy_loss": -0.00293880607932806, "value_loss": 0.11315284855663776, "entropy": 0.6117137372493744, "approx_kl": 0.008754839422181249, "clip_fraction": 0.1051025390625, "grad_norm": 3.59872704744339, "explained_variance": 0.9656224846839905, "action_std_mean": 0.3286004066467285, "optimizer_iterations": 4.0, "lr": 8.418944e-05}
{"step": 794624, "wall_time": 1790751607.93024, "episodes_completed": 5.0, "mean_episode_reward": 5.080071189068258, "std_episode_reward": 8.940966941232356, "min_episode_reward": -10.101012229919434, "max_episode_reward": 13.578438758850098, "mean_episode_length": 82.8, "success_rate": 0.6, "collision_rate": 0.2, "out_of_bounds_rate": 0.0, "timeout_rate": 0.2, "policy_loss": -0.0011241687461733818, "value_loss": 1.1064032912254333, "entropy": 0.6119004189968109, "approx_kl": 0.018573703709989786, "clip_fraction": 0.1558837890625, "grad_norm": 4.794293642044067, "explained_variance": 0.7476823329925537, "action_std_mean": 0.3286236524581909, "optimizer_iterations": 4.0, "lr": 8.414848e-05}
{"step": 796672, "wall_time": 1790751619.071236, "episodes_completed": 3.0, "mean_episode_reward": 12.682555516560873, "std_episode_reward": 1.6637237779768024, "min_episode_reward": 10.37160873413086, "max_episode_reward": 14.220924377441406, "mean_episode_length": 104.66666666666667, "success_rate": 1.0, "collision_rate": 0.0, "out_of_bounds_rate": 0.0, "timeout_rate": 0.0, "policy_loss": 0.00174038321711123, "value_loss": 0.568455383181572, "entropy": 0.6120521426200867, "approx_kl": 0.007963122567161918, "clip_fraction": 0.095703125, "grad_norm": 6.071682453155518, "explained_variance": 0.8710831999778748, "action_std_mean": 0.32864242792129517, "optimizer_iterations": 4.0, "lr": 8.410752000000001e-05}
{"step": 798720, "wall_time": 1790751630.1610773, "episodes_completed": 4.0, "mean_episode_reward": 5.085639249533415, "std_episode_reward": 7.510903127290274, "min_episode_reward": -4.305702209472656, "max_episode_reward": 14.237281799316406, "mean_episode_length": 122.75, "success_rate": 0.5, "collision_rate": 0.25, "out_of_bounds_rate": 0.0, "timeout_rate": 0.25, "policy_loss": 0.0007022107020020485, "value_loss": 0.9215612411499023, "entropy": 0.6121410131454468, "approx_kl": 0.020228207111358643, "clip_fraction": 0.12158203125, "grad_norm": 9.27219694852829, "explained_variance": 0.7570850849151611, "action_std_mean": 0.3286501169204712, "optimizer_iterations": 4.0, "lr": 8.406656e-05}
{"step": 800768, "wall_time": 1790751641.1795146, "episodes_completed": 2.0, "mean_episode_reward": 6.047633096575737, "std_episode_reward": 6.088378980755806, "min_episode_reward": -0.04074588418006897, "max_episode_reward": 12.136012077331543, "mean_episode_length": 132.5, "success_rate": 0.5, "collision_rate": 0.0, "out_of_bounds_rate": 0.0, "timeout_rate": 0.5, "policy_loss": -0.0020988062024116516, "value_loss": 0.1745845414698124, "entropy": 0.6121900975704193, "approx_kl": 0.008548180339857936, "clip_fraction": 0.11083984375, "grad_norm": 4.339325785636902, "explained_variance": 0.9369425773620605, "action_std_mean": 0.3286590576171875, "optimizer_iterations": 4.0, "lr": 8.402560000000001e-05}
{"step": 802816, "wall_time": 1790751652.1012833, "episodes_completed": 2.0, "mean_episode_reward": 5.525502681732178, "std_episode_reward": 4.563582897186279, "min_episode_reward": 0.9619197845458984, "max_episode_reward": 10.089085578918457, "mean_episode_length": 153.0, "success_rate": 0.5, "collision_rate": 0.5, "out_of_bounds_rate": 0.0, "timeout_rate": 0.0, "policy_loss": -0.00045147351920604706, "value_loss": 0.9419925510883331, "entropy": 0.6122509837150574, "approx_kl": 0.015944567508995533, "clip_fraction": 0.196044921875, "grad_norm": 7.400355398654938, "explained_variance": 0.6048438549041748, "action_std_mean": 0.328671395778656, "optimizer_iterations": 4.0, "lr": 8.398464e-05}
{"step": 804864, "wall_time": 1790751663.2353475, "episodes_completed": 3.0, "mean_episode_reward": 3.3931357537706694, "std_episode_reward": 4.885157697396685, "min_episode_reward": -0.06549401581287384, "max_episode_reward": 10.301790237426758, "mean_episode_length": 159.33333333333334, "success_rate": 0.3333333333333333, "collision_rate": 0.0, "out_of_bounds_rate": 0.0, "timeout_rate": 0.6666666666666666, "policy_loss": 0.004777552559971809, "value_loss": 0.4335985407233238, "entropy": 0.6123440563678741, "approx_kl": 0.018395955907180905, "clip_fraction": 0.1990966796875, "grad_norm": 9.839219808578491, "explained_variance": 0.7838367223739624, "action_std_mean": 0.3286875784397125, "optimizer_iterations": 4.0, "lr": 8.394368e-05}
{"step": 806912, "wall_time": 1790751674.4655492, "episodes_completed": 4.0, "mean_episode_reward": 6.271829605102539, "std_episode_reward": 14.434707606877694, "min_episode_reward": -8.938596725463867, "max_episode_reward": 21.078594207763672, "mean_episode_length": 139.75, "success_rate": 0.5, "collision_rate": 0.5, "out_of_bounds_rate": 0.0, "timeout_rate": 0.0, "policy_loss": -0.001737251877784729, "value_loss": 1.3198694288730621, "entropy": 0.6124521791934967, "approx_kl": 0.00513547461014241, "clip_fraction": 0.040771484375, "grad_norm": 6.36172217130661, "explained_variance": 0.7141230702400208, "action_std_mean": 0.32871511578559875, "optimizer_iterations": 4.0, "lr": 8.390272000000001e-05}
{"step": 808960, "wall_time": 1790751685.5592182, "episodes_completed": 5.0, "mean_episode_reward": 7.172406105697155, "std_episode_reward": 6.060684368538269, "min_episode_reward": -0.3158053159713745, "max_episode_reward": 13.369185447692871, "mean_episode_length": 170.0, "success_rate": 0.6, "collision_rate": 0.0, "out_of_bounds_rate": 0.0, "timeout_rate": 0.4, "policy_loss": -0.0005437787622213364, "value_loss": 0.7236887812614441, "entropy": 0.6126595437526703, "approx_kl": 0.014945355127565563, "clip_fraction": 0.1661376953125, "grad_norm": 5.999505460262299, "explained_variance": 0.8422160148620605, "action_std_mean": 0.32875189185142517, "optimizer_iterations": 4.0, "lr": 8.386176e-05}
{"step": 811008, "wall_time": 1790751696.7577877, "episodes_completed": 3.0, "mean_episode_reward": 2.0315888909002147, "std_episode_reward": 8.366409002185513, "min_episode_reward": -7.006426811218262, "max_episode_reward": 13.163531303405762, "mean_episode_length": 108.33333333333333, "success_rate": 0.3333333333333333, "collision_rate": 0.3333333333333333, "out_of_bounds_rate": 0.0, "timeout_rate": 0.3333333333333333, "policy_loss": -0.0008346592512680218, "value_loss": 0.9915400892496109, "entropy": 0.6128811538219452, "approx_kl": 0.011945886944886297, "clip_fraction": 0.0802001953125, "grad_norm": 6.535952925682068, "explained_variance": 0.7298082709312439, "action_std_mean": 0.3287886381149292, "optimizer_iterations": 4.0, "lr": 8.382080000000001e-05}
{"step": 813056, "wall_time": 1790751707.9344962, "episodes_completed": 3.0, "mean_episode_reward": 5.181711832682292, "std_episode_reward": 10.761780101550881, "min_episode_reward": -9.750535011291504, "max_episode_reward": 15.196338653564453, "mean_episode_length": 83.66666666666667, "success_rate": 0.6666666666666666, "collision_rate": 0.3333333333333333, "out_of_bounds_rate": 0.0, "timeout_rate": 0.0, "policy_loss": -0.0009268159046769142, "value_loss": 0.7800523936748505, "entropy": 0.6130894720554352, "approx_kl": 0.018244138918817043, "clip_fraction": 0.074462890625, "grad_norm": 6.020107686519623, "explained_variance": 0.7823057174682617, "action_std_mean": 0.32881247997283936, "optimizer_iterations": 4.0, "lr": 8.377984e-05}
{"step": 815104, "wall_time": 1790751719.1684935, "episodes_completed": 4.0, "mean_episode_reward": 3.9580647870898247, "std_episode_reward": 9.71664703445072, "min_episode_reward": -9.953044891357422, "max_episode_reward": 15.301712036132812, "mean_episode_length": 96.25, "success_rate": 0.5, "collision_rate": 0.25, "out_of_bounds_rate": 0.0, "timeout_rate": 0.25, "policy_loss": -0.0009477748535573483, "value_loss": 0.3792986497282982, "entropy": 0.6131860315799713, "approx_kl": 0.014861900825053453, "clip_fraction": 0.1416015625, "grad_norm": 4.835915386676788, "explained_variance": 0.8921475410461426, "action_std_mean": 0.3288154602050781, "optimizer_iterations": 4.0, "lr": 8.373888000000001e-05}
{"step": 817152, "wall_time": 1790751730.3952184, "episodes_completed": 5.0, "mean_episode_reward": 1.6797691345214845, "std_episode_reward": 10.921634926551599, "min_episode_reward": -9.983365058898926, "max_episode_reward": 17.697324752807617, "mean_episode_length": 123.4, "success_rate": 0.4, "collision_rate": 0.6, "out_of_bounds_rate": 0.0, "timeout_rate": 0.0, "policy_loss": -0.0006128735840320587, "value_loss": 1.4005481600761414, "entropy": 0.6132118701934814, "approx_kl": 0.012045399053022265, "clip_fraction": 0.1246337890625, "grad_norm": 5.020968735218048, "explained_variance": 0.6858736872673035, "action_std_mean": 0.3288317322731018, "optimizer_iterations": 4.0, "lr": 8.369792e-05}
{"step": 819200, "wall_time": 1790751741.7847517, "episodes_completed": 3.0, "mean_episode_reward": 2.874580390751362, "std_episode_reward": 11.730659387043032, "min_episode_reward": -9.79020881652832, "max_episode_reward": 18.486785888671875, "mean_episode_length": 168.33333333333334, "success_rate": 0.3333333333333333, "collision_rate": 0.3333333333333333, "out_of_bounds_rate": 0.0, "timeout_rate": 0.3333333333333333, "policy_loss": -0.0043275849893689156, "value_loss": 0.5634839981794357, "entropy": 0.6134005188941956, "approx_kl": 0.024791843257844448, "clip_fraction": 0.1666259765625, "grad_norm": 4.182296335697174, "explained_variance": 0.7938730716705322, "action_std_mean": 0.32888609170913696, "optimizer_iterations": 4.0, "lr": 8.365696000000001e-05}
{"step": 821248, "wall_time": 1790751753.2403138, "episodes_completed": 3.0, "mean_episode_reward": 4.728040612923603, "std_episode_reward": 6.654453584903093, "min_episode_reward": 0.012037022970616817, "max_episode_reward": 14.138851165771484, "mean_episode_length": 130.0, "success_rate": 0.3333333333333333, "collision_rate": 0.0, "out_of_bounds_rate": 0.0, "timeout_rate": 0.6666666666666666, "policy_loss": 0.0010958341881632805, "value_loss": 0.23959801718592644, "entropy": 0.6137416064739227, "approx_kl": 0.017966268584132195, "clip_fraction": 0.0811767578125, "grad_norm": 6.1808189153671265, "explained_variance": 0.92112797498703, "action_std_mean": 0.32893106341362, "optimizer_iterations": 4.0, "lr": 8.361600000000001e-05}
{"step": 823296, "wall_time": 1790751764.372868, "episodes_completed": 6.0, "mean_episode_reward": 6.524975697199504, "std_episode_reward": 7.9004201067010955, "min_episode_reward": -5.300909519195557, "max_episode_reward": 14.599994659423828, "mean_episode_length": 73.5, "success_rate": 0.6666666666666666, "collision_rate": 0.3333333333333333, "out_of_bounds_rate": 0.0, "timeout_rate": 0.0, "policy_loss": -0.0007915208116173744, "value_loss": 1.5581657588481903, "entropy": 0.6139849424362183, "approx_kl": 0.006555906671565026, "clip_fraction": 0.054443359375, "grad_norm": 8.476934313774109, "explained_variance": 0.723724365234375, "action_std_mean": 0.32897448539733887, "optimizer_iterations": 4.0, "lr": 8.357504e-05}
{"step": 825344, "wall_time": 1790751775.616005, "episodes_completed": 5.0, "mean_episode_reward": 0.45105724334716796, "std_episode_reward": 11.56207826655141, "min_episode_reward": -10.311888694763184, "max_episode_reward": 18.093978881835938, "mean_episode_length": 104.4, "success_rate": 0.4, "collision_rate": 0.6, "out_of_bounds_rate": 0.0, "timeout_rate": 0.0, "policy_loss": 0.0015473254024982452, "value_loss": 1.4223831593990326, "entropy": 0.6142654418945312, "approx_kl": 0.022076417226344347, "clip_fraction": 0.0902099609375, "grad_norm": 8.168559610843658, "explained_variance": 0.7050001621246338, "action_std_mean": 0.32901597023010254, "optimizer_iterations": 4.0, "lr": 8.353408000000001e-05}
{"step": 827392, "wall_time": 1790751786.8903704, "episodes_completed": 5.0, "mean_episode_reward": 3.288566713035107, "std_episode_reward": 7.358835693417169, "min_episode_reward": -4.860873222351074, "max_episode_reward": 13.835329055786133, "mean_episode_length": 146.2, "success_rate": 0.4, "collision_rate": 0.4, "out_of_bounds_rate": 0.0, "timeout_rate": 0.2, "policy_loss": -0.0028253933414816856, "value_loss": 1.6493496298789978, "entropy": 0.6144779026508331, "approx_kl": 0.02647034404799342, "clip_fraction": 0.107177734375, "grad_norm": 8.380819439888, "explained_variance": 0.656235933303833, "action_std_mean": 0.3290369510650635, "optimizer_iterations": 4.0, "lr": 8.349312e-05}
{"step": 829440, "wall_time": 1790751797.957094, "episodes_completed": 3.0, "mean_episode_reward": 11.577297811706861, "std_episode_reward": 8.191562093450317, "min_episode_reward": 0.028476610779762268, "max_episode_reward": 18.139795303344727, "mean_episode_length": 183.33333333333334, "success_rate": 0.6666666666666666, "collision_rate": 0.0, "out_of_bounds_rate": 0.0, "timeout_rate": 0.3333333333333333, "policy_loss": -0.004233420826494694, "value_loss": 0.38412660360336304, "entropy": 0.6145370602607727, "approx_kl": 0.016349010867998004, "clip_fraction": 0.1083984375, "grad_norm": 5.077833890914917, "explained_variance": 0.893608570098877, "action_std_mean": 0.3290169835090637, "optimizer_iterations": 4.0, "lr": 8.345216e-05}
{"step": 831488, "wall_time": 1790751809.2062204, "episodes_completed": 6.0, "mean_episode_reward": 6.466509501139323, "std_episode_reward": 9.233004356023946, "min_episode_reward": -7.433880805969238, "max_episode_reward": 14.944887161254883, "mean_episode_length": 89.0, "success_rate": 0.6666666666666666, "collision_rate": 0.3333333333333333, "out_of_bounds_rate": 0.0, "timeout_rate": 0.0, "policy_loss": -0.002393608447164297, "value_loss": 1.60012686252594, "entropy": 0.6143476366996765, "approx_kl": 0.011947993421927094, "clip_fraction": 0.08984375, "grad_norm": 7.865191102027893, "explained_variance": 0.6126534342765808, "action_std_mean": 0.32898756861686707, "optimizer_iterations": 4.0, "lr": 8.34112e-05}
{"step": 833536, "wall_time": 1790751820.3674767, "episodes_completed": 3.0, "mean_episode_reward": 11.02271301485598, "std_episode_reward": 8.284676870051873, "min_episode_reward": 0.019123999401926994, "max_episode_reward": 20.009414672851562, "mean_episode_length": 140.33333333333334, "success_rate": 0.6666666666666666, "collision_rate": 0.0, "out_of_bounds_rate": 0.0, "timeout_rate": 0.3333333333333333, "policy_loss": -0.0052530402317643166, "value_loss": 0.34390217810869217, "entropy": 0.6142173409461975, "approx_kl": 0.019739157054573298, "clip_fraction": 0.0848388671875, "grad_norm": 6.622450113296509, "explained_variance": 0.8918548226356506, "action_std_mean": 0.3289780616760254, "optimizer_iterations": 4.0, "lr": 8.337024e-05}
{"step": 835584, "wall_time": 1790751831.544779, "episodes_completed": 7.0, "mean_episode_reward": -0.6480586771587176, "std_episode_reward": 10.261300981890589, "min_episode_reward": -9.95195198059082, "max_episode_reward": 18.664894104003906, "mean_episode_length": 91.28571428571429, "success_rate": 0.2857142857142857, "collision_rate": 0.5714285714285714, "out_of_bounds_rate": 0.0, "timeout_rate": 0.14285714285714285, "policy_loss": -0.00345204200129956, "value_loss": 1.8463843762874603, "entropy": 0.614196389913559, "approx_kl": 0.010522461030632257, "clip_fraction": 0.0780029296875, "grad_norm": 7.111133813858032, "explained_variance": 0.5849435329437256, "action_std_mean": 0.3289812505245209, "optimizer_iterations": 4.0, "lr": 8.332928e-05}
{"step": 837632, "wall_time": 1790751842.63166, "episodes_completed": 7.0, "mean_episode_reward": -0.4096434456961496, "std_episode_reward": 7.796296206080511, "min_episode_reward": -9.310593605041504, "max_episode_reward": 11.026043891906738, "mean_episode_length": 79.71428571428571, "success_rate": 0.2857142857142857, "collision_rate": 0.7142857142857143, "out_of_bounds_rate": 0.0, "timeout_rate": 0.0, "policy_loss": -0.0010941813234239817, "value_loss": 2.4845086336135864, "entropy": 0.6142251789569855, "approx_kl": 0.006398760451702401, "clip_fraction": 0.044189453125, "grad_norm": 29.358884572982788, "explained_variance": 0.6386384963989258, "action_std_mean": 0.3289908468723297, "optimizer_iterations": 4.0, "lr": 8.328832e-05}
{"step": 839680, "wall_time": 1790751853.6773303, "episodes_completed": 6.0, "mean_episode_reward": 0.4193656009932359, "std_episode_reward": 8.66641083021555, "min_episode_reward": -8.564495086669922, "max_episode_reward": 18.24932098388672, "mean_episode_length": 110.33333333333333, "success_rate": 0.16666666666666666, "collision_rate": 0.5, "out_of_bounds_rate": 0.0, "timeout_rate": 0.3333333333333333, "policy_loss": 0.0011621383600868285, "value_loss": 1.024480476975441, "entropy": 0.6143026947975159, "approx_kl": 0.0067509267828427255, "clip_fraction": 0.058837890625, "grad_norm": 17.014962434768677, "explained_variance": 0.8708237409591675, "action_std_mean": 0.329005628824234, "optimizer_iterations": 4.0, "lr": 8.324736000000001e-05}
{"step": 841728, "wall_time": 1790751864.7348464, "episodes_completed": 4.0, "mean_episode_reward": 4.714849513024092, "std_episode_reward": 10.633825435618526, "min_episode_reward": -9.975292205810547, "max_episode_reward": 18.006227493286133, "mean_episode_length": 100.75, "success_rate": 0.5, "collision_rate": 0.25, "out_of_bounds_rate": 0.0, "timeout_rate": 0.25, "policy_loss": 0.0017753979191184044, "value_loss": 0.43552640825510025, "entropy": 0.6144358813762665, "approx_kl": 0.009528269758448005, "clip_fraction": 0.10498046875, "grad_norm": 6.564472913742065, "explained_variance": 0.8680419921875, "action_std_mean": 0.3290484845638275, "optimizer_iterations": 4.0, "lr": 8.32064e-05}
{"step": 843776, "wall_time": 1790751875.7620723, "episodes_completed": 4.0, "mean_episode_reward": 7.744022727012634, "std_episode_reward": 7.805476640172466, "min_episode_reward": -5.1840434074401855, "max_episode_reward": 15.78177261352539, "mean_episode_length": 115.0, "success_rate": 0.75, "collision_rate": 0.25, "out_of_bounds_rate": 0.0, "timeout_rate": 0.0, "policy_loss": 0.0005930619081482291, "value_loss": 1.1376968324184418, "entropy": 0.614721268415451, "approx_kl": 0.009651597996708006, "clip_fraction": 0.098388671875, "grad_norm": 10.019891142845154, "explained_variance": 0.6882611513137817, "action_std_mean": 0.3290821313858032, "optimizer_iterations": 4.0, "lr": 8.316544000000001e-05}
{"step": 845824, "wall_time": 1790751886.8057766, "episodes_completed": 6.0, "mean_episode_reward": 7.666752524673939, "std_episode_reward": 8.21593860368125, "min_episode_reward": -6.5822529792785645, "max_episode_reward": 16.59208106994629, "mean_episode_length": 140.33333333333334, "success_rate": 0.6666666666666666, "collision_rate": 0.16666666666666666, "out_of_bounds_rate": 0.0, "timeout_rate": 0.16666666666666666, "policy_loss": -0.004609844938386232, "value_loss": 1.5525129437446594, "entropy": 0.614857405424118, "approx_kl": 0.03380221268162131, "clip_fraction": 0.12451171875, "grad_norm": 8.663125157356262, "explained_variance": 0.6257166862487793, "action_std_mean": 0.3290971517562866, "optimizer_iterations": 4.0, "lr": 8.312448e-05}
{"step": 847872, "wall_time": 1790751897.9702408, "episodes_completed": 7.0, "mean_episode_reward": 3.1788948635969843, "std_episode_reward": 10.40679459745385, "min_episode_reward": -7.796714782714844, "max_episode_reward": 19.547840118408203, "mean_episode_length": 90.0, "success_rate": 0.42857142857142855, "collision_rate": 0.42857142857142855, "out_of_bounds_rate": 0.0, "timeout_rate": 0.14285714285714285, "policy_loss": 0.002346629509702325, "value_loss": 1.6631391048431396, "entropy": 0.6149528622627258, "approx_kl": 0.025867102667689323, "clip_fraction": 0.0977783203125, "grad_norm": 12.75014340877533, "explained_variance": 0.7222088575363159, "action_std_mean": 0.32911473512649536, "optimizer_iterations": 4.0, "lr": 8.308352e-05}
{"step": 849920, "wall_time": 1790751909.1719723, "episodes_completed": 4.0, "mean_episode_reward": 3.9857780933380127, "std_episode_reward": 11.86722846040722, "min_episode_reward": -7.9029541015625, "max_episode_reward": 18.090158462524414, "mean_episode_length": 113.5, "success_rate": 0.5, "collision_rate": 0.5, "out_of_bounds_rate": 0.0, "timeout_rate": 0.0, "policy_loss": 6.393808871507645e-05, "value_loss": 1.0365170538425446, "entropy": 0.6150755882263184, "approx_kl": 0.009929114719852805, "clip_fraction": 0.0855712890625, "grad_norm": 12.82534909248352, "explained_variance": 0.8317391872406006, "action_std_mean": 0.3291419446468353, "optimizer_iterations": 4.0, "lr": 8.304256000000001e-05}
{"step": 851968, "wall_time": 1790751920.1290066, "episodes_completed": 8.0, "mean_episode_reward": 10.617963166441768, "std_episode_reward": 4.262690412526377, "min_episode_reward": -0.00023959949612617493, "max_episode_reward": 14.804147720336914, "mean_episode_length": 89.625, "success_rate": 0.875, "collision_rate": 0.0, "out_of_bounds_rate": 0.0, "timeout_rate": 0.125, "policy_loss": -0.00021552632097154856, "value_loss": 0.6682944148778915, "entropy": 0.6152291595935822, "approx_kl": 0.021263916045427322, "clip_fraction": 0.144287109375, "grad_norm": 4.903924643993378, "explained_variance": 0.8621248006820679, "action_std_mean": 0.32915449142456055, "optimizer_iterations": 4.0, "lr": 8.30016e-05}
{"step": 854016, "wall_time": 1790751931.306077, "episodes_completed": 2.0, "mean_episode_reward": 15.799713134765625, "std_episode_reward": 0.36319732666015625, "min_episode_reward": 15.436515808105469, "max_episode_reward": 16.16291046142578, "mean_episode_length": 167.5, "success_rate": 1.0, "collision_rate": 0.0, "out_of_bounds_rate": 0.0, "timeout_rate": 0.0, "policy_loss": 0.002396756550297141, "value_loss": 0.3165866807103157, "entropy": 0.6152477860450745, "approx_kl": 0.02475667465478182, "clip_fraction": 0.05712890625, "grad_norm": 5.114407539367676, "explained_variance": 0.9028341174125671, "action_std_mean": 0.32914555072784424, "optimizer_iterations": 4.0, "lr": 8.296064e-05}
{"step": 856064, "wall_time": 1790751942.4765396, "episodes_completed": 4.0, "mean_episode_reward": 8.9154531955719, "std_episode_reward": 11.414035637079897, "min_episode_reward": -9.946462631225586, "max_episode_reward": 20.158573150634766, "mean_episode_length": 126.25, "success_rate": 0.75, "collision_rate": 0.25, "out_of_bounds_rate": 0.0, "timeout_rate": 0.0, "policy_loss": 0.004391174763441086, "value_loss": 0.8001863062381744, "entropy": 0.6151596903800964, "approx_kl": 0.16044887527823448, "clip_fraction": 0.1800537109375, "grad_norm": 5.610432386398315, "explained_variance": 0.8412328958511353, "action_std_mean": 0.32912927865982056, "optimizer_iterations": 4.0, "lr": 8.291968000000002e-05}
{"step": 858112, "wall_time": 1790751953.5323327, "episodes_completed": 5.0, "mean_episode_reward": -1.8788293898105621, "std_episode_reward": 7.9291576288402466, "min_episode_reward": -10.461565017700195, "max_episode_reward": 11.113852500915527, "mean_episode_length": 86.0, "success_rate": 0.2, "collision_rate": 0.4, "out_of_bounds_rate": 0.0, "timeout_rate": 0.4, "policy_loss": 0.00010651722550392151, "value_loss": 0.9158626794815063, "entropy": 0.6150880455970764, "approx_kl": 0.008054868201725185, "clip_fraction": 0.0792236328125, "grad_norm": 7.221530556678772, "explained_variance": 0.7481014728546143, "action_std_mean": 0.3291284441947937, "optimizer_iterations": 4.0, "lr": 8.287872000000001e-05}
{"step": 860160, "wall_time": 1790751964.6088464, "episodes_completed": 5.0, "mean_episode_reward": 7.140226876735687, "std_episode_reward": 8.877206052204615, "min_episode_reward": -6.783265113830566, "max_episode_reward": 15.39617919921875, "mean_episode_length": 87.6, "success_rate": 0.6, "collision_rate": 0.2, "out_of_bounds_rate": 0.0, "timeout_rate": 0.2, "policy_loss": 0.004081548540852964, "value_loss": 0.8027267456054688, "entropy": 0.6151095032691956, "approx_kl": 0.047406693920493126, "clip_fraction": 0.1595458984375, "grad_norm": 11.043720483779907, "explained_variance": 0.8382725715637207, "action_std_mean": 0.32913738489151, "optimizer_iterations": 4.0, "lr": 8.283776e-05}
{"step": 862208, "wall_time": 1790751975.8276756, "episodes_completed": 4.0, "mean_episode_reward": 2.1670385599136353, "std_episode_reward": 9.946151898958131, "min_episode_reward": -9.000014305114746, "max_episode_reward": 13.46092414855957, "mean_episode_length": 68.75, "success_rate": 0.5, "collision_rate": 0.5, "out_of_bounds_rate": 0.0, "timeout_rate": 0.0, "policy_loss": -0.0019479580223560333, "value_loss": 1.2675067484378815, "entropy": 0.6151720583438873, "approx_kl": 0.017690474167466164, "clip_fraction": 0.1226806640625, "grad_norm": 8.544264197349548, "explained_variance": 0.7670208215713501, "action_std_mean": 0.3291526436805725, "optimizer_iterations": 4.0, "lr": 8.279680000000001e-05}
{"step": 864256, "wall_time": 1790751986.813117, "episodes_completed": 2.0, "mean_episode_reward": 12.45566701889038, "std_episode_reward": 1.4090666770935059, "min_episode_reward": 11.046600341796875, "max_episode_reward": 13.864733695983887, "mean_episode_length": 65.0, "success_rate": 1.0, "collision_rate": 0.0, "out_of_bounds_rate": 0.0, "timeout_rate": 0.0, "policy_loss": -0.0031879255548119545, "value_loss": 0.1451241485774517, "entropy": 0.6152671277523041, "approx_kl": 0.008979726815596223, "clip_fraction": 0.0828857421875, "grad_norm": 3.3117993474006653, "explained_variance": 0.9651927947998047, "action_std_mean": 0.3291679620742798, "optimizer_iterations": 4.0, "lr": 8.275584000000001e-05}
{"step": 866304, "wall_time": 1790751997.848113, "episodes_completed": 2.0, "mean_episode_reward": 5.0869786608964205, "std_episode_reward": 5.042886031791568, "min_episode_reward": 0.044092629104852676, "max_episode_reward": 10.129864692687988, "mean_episode_length": 190.0, "success_rate": 0.5, "collision_rate": 0.0, "out_of_bounds_rate": 0.0, "timeout_rate": 0.5, "policy_loss": -0.002631174400448799, "value_loss": 0.42251236736774445, "entropy": 0.6153457760810852, "approx_kl": 0.01160783157683909, "clip_fraction": 0.115478515625, "grad_norm": 4.290363311767578, "explained_variance": 0.881103515625, "action_std_mean": 0.3291725516319275, "optimizer_iterations": 4.0, "lr": 8.271488e-05}
{"step": 868352, "wall_time": 1790752008.8959818, "episodes_completed": 5.0, "mean_episode_reward": 7.119272085279226, "std_episode_reward": 8.016845711068711, "min_episode_reward": -3.861579418182373, "max_episode_reward": 18.329940795898438, "mean_episode_length": 113.8, "success_rate": 0.6, "collision_rate": 0.2, "out_of_bounds_rate": 0.0, "timeout_rate": 0.2, "policy_loss": -0.000714219524525106, "value_loss": 0.9645300507545471, "entropy": 0.6153761446475983, "approx_kl": 0.015713071799837053, "clip_fraction": 0.10791015625, "grad_norm": 7.618208050727844, "explained_variance": 0.8199053406715393, "action_std_mean": 0.329192191362381, "optimizer_iterations": 4.0, "lr": 8.267392000000001e-05}
{"step": 870400, "wall_time": 1790752020.0597043, "episodes_completed": 10.0, "mean_episode_reward": 8.11383150331676, "std_episode_reward": 7.681279068922133, "min_episode_reward": -8.534196853637695, "max_episode_reward": 16.67072868347168, "mean_episode_length": 78.1, "success_rate": 0.7, "collision_rate": 0.1, "out_of_bounds_rate": 0.0, "timeout_rate": 0.2, "policy_loss": -0.002710128203034401, "value_loss": 2.035055935382843, "entropy": 0.615545392036438, "approx_kl": 0.01667644828557968, "clip_fraction": 0.10107421875, "grad_norm": 8.395568251609802, "explained_variance": 0.6803313493728638, "action_std_mean": 0.329227089881897, "optimizer_iterations": 4.0, "lr": 8.263296e-05}
{"step": 872448, "wall_time": 1790752031.2761421, "episodes_completed": 6.0, "mean_episode_reward": 5.7725114822387695, "std_episode_reward": 11.637320675992767, "min_episode_reward": -9.950034141540527, "max_episode_reward": 20.46262550354004, "mean_episode_length": 55.333333333333336, "success_rate": 0.6666666666666666, "collision_rate": 0.3333333333333333, "out_of_bounds_rate": 0.0, "timeout_rate": 0.0, "policy_loss": -0.0050787662621587515, "value_loss": 0.6825990676879883, "entropy": 0.6157194077968597, "approx_kl": 0.009987481636926532, "clip_fraction": 0.098388671875, "grad_norm": 5.369187235832214, "explained_variance": 0.8108606934547424, "action_std_mean": 0.3292296528816223, "optimizer_iterations": 4.0, "lr": 8.2592e-05}
{"step": 874496, "wall_time": 1790752042.403263, "episodes_completed": 8.0, "mean_episode_reward": 5.329490292817354, "std_episode_reward": 9.71994906617933, "min_episode_reward": -9.95604133605957, "max_episode_reward": 14.368881225585938, "mean_episode_length": 56.125, "success_rate": 0.625, "collision_rate": 0.25, "out_of_bounds_rate": 0.0, "timeout_rate": 0.125, "policy_loss": -0.0033983855973929167, "value_loss": 0.5764976441860199, "entropy": 0.6156347095966339, "approx_kl": 0.012323591625317931, "clip_fraction": 0.0980224609375, "grad_norm": 4.800964951515198, "explained_variance": 0.907004714012146, "action_std_mean": 0.3292011320590973, "optimizer_iterations": 4.0, "lr": 8.255104e-05}
{"step": 876544, "wall_time": 1790752053.7545066, "episodes_completed": 4.0, "mean_episode_reward": 3.4682388305664062, "std_episode_reward": 12.596254560954769, "min_episode_reward": -9.284517288208008, "max_episode_reward": 18.85418701171875, "mean_episode_length": 95.5, "success_rate": 0.5, "collision_rate": 0.5, "out_of_bounds_rate": 0.0, "timeout_rate": 0.0, "policy_loss": -0.002138859359547496, "value_loss": 0.7374133169651031, "entropy": 0.615456610918045, "approx_kl": 0.009314944152720273, "clip_fraction": 0.0966796875, "grad_norm": 6.871044993400574, "explained_variance": 0.8855490684509277, "action_std_mean": 0.32917922735214233, "optimizer_iterations": 4.0, "lr": 8.251008e-05}
{"step": 878592, "wall_time": 1790752064.9209597, "episodes_completed": 7.0, "mean_episode_reward": 6.679998534066336, "std_episode_reward": 10.767048154430942, "min_episode_reward": -10.045150756835938, "max_episode_reward": 17.744693756103516, "mean_episode_length": 71.42857142857143, "success_rate": 0.7142857142857143, "collision_rate": 0.2857142857142857, "out_of_bounds_rate": 0.0, "timeout_rate": 0.0, "policy_loss": -0.0017442337120883167, "value_loss": 0.6539255976676941, "entropy": 0.61540487408638, "approx_kl": 0.007390168029814959, "clip_fraction": 0.0706787109375, "grad_norm": 5.213442802429199, "explained_variance": 0.9060293436050415, "action_std_mean": 0.32919296622276306, "optimizer_iterations": 4.0, "lr": 8.246912e-05}
{"step": 880640, "wall_time": 1790752075.997689, "episodes_completed": 6.0, "mean_episode_reward": 4.448597736967106, "std_episode_reward": 11.372613532083404, "min_episode_reward": -9.981386184692383, "max_episode_reward": 15.727182388305664, "mean_episode_length": 107.83333333333333, "success_rate": 0.5, "collision_rate": 0.3333333333333333, "out_of_bounds_rate": 0.0, "timeout_rate": 0.16666666666666666, "policy_loss": 0.004544875584542751, "value_loss": 0.9999110698699951, "entropy": 0.6155103743076324, "approx_kl": 0.018244558246806264, "clip_fraction": 0.120849609375, "grad_norm": 8.232471108436584, "explained_variance": 0.8655490875244141, "action_std_mean": 0.32920730113983154, "optimizer_iterations": 4.0, "lr": 8.242816e-05}
{"step": 882688, "wall_time": 1790752087.2702203, "episodes_completed": 12.0, "mean_episode_reward": 3.8665309955055513, "std_episode_reward": 11.35891277686558, "min_episode_reward": -9.950399398803711, "max_episode_reward": 18.818004608154297, "mean_episode_length": 90.58333333333333, "success_rate": 0.5, "collision_rate": 0.4166666666666667, "out_of_bounds_rate": 0.0, "timeout_rate": 0.08333333333333333, "policy_loss": -9.29064117372036e-05, "value_loss": 1.8638536930084229, "entropy": 0.6155765652656555, "approx_kl": 0.007101462222635746, "clip_fraction": 0.0789794921875, "grad_norm": 16.24986171722412, "explained_variance": 0.8310216069221497, "action_std_mean": 0.32921820878982544, "optimizer_iterations": 4.0, "lr": 8.23872e-05}
{"step": 884736, "wall_time": 1790752098.254966, "episodes_completed": 3.0, "mean_episode_reward": 18.11721706390381, "std_episode_reward": 2.7226246860691443, "min_episode_reward": 15.456574440002441, "max_episode_reward": 21.85788345336914, "mean_episode_length": 182.66666666666666, "success_rate": 1.0, "collision_rate": 0.0, "out_of_bounds_rate": 0.0, "timeout_rate": 0.0, "policy_loss": -0.001100282184779644, "value_loss": 0.49684596061706543, "entropy": 0.6156546473503113, "approx_kl": 0.009753756108693779, "clip_fraction": 0.111328125, "grad_norm": 8.639272093772888, "explained_variance": 0.8686099648475647, "action_std_mean": 0.32923322916030884, "optimizer_iterations": 4.0, "lr": 8.234624e-05}
{"step": 886784, "wall_time": 1790752109.2524078, "episodes_completed": 10.0, "mean_episode_reward": 5.916489280946553, "std_episode_reward": 8.837350356210056, "min_episode_reward": -9.31075668334961, "max_episode_reward": 15.161005020141602, "mean_episode_length": 87.8, "success_rate": 0.6, "collision_rate": 0.3, "out_of_bounds_rate": 0.0, "timeout_rate": 0.1, "policy_loss": -0.0021997038275003433, "value_loss": 2.706341505050659, "entropy": 0.6157459318637848, "approx_kl": 0.02778143435716629, "clip_fraction": 0.11376953125, "grad_norm": 12.146323919296265, "explained_variance": 0.5024170875549316, "action_std_mean": 0.3292499780654907, "optimizer_iterations": 4.0, "lr": 8.230528000000001e-05}
{"step": 888832, "wall_time": 1790752120.1962194, "episodes_completed": 10.0, "mean_episode_reward": 5.773672819137573, "std_episode_reward": 10.908001386150422, "min_episode_reward": -9.424371719360352, "max_episode_reward": 17.048280715942383, "mean_episode_length": 109.5, "success_rate": 0.6, "collision_rate": 0.4, "out_of_bounds_rate": 0.0, "timeout_rate": 0.0, "policy_loss": 0.002231885679066181, "value_loss": 2.0831786394119263, "entropy": 0.615852952003479, "approx_kl": 0.015042677521705627, "clip_fraction": 0.0787353515625, "grad_norm": 18.332250475883484, "explained_variance": 0.7766308784484863, "action_std_mean": 0.3292699158191681, "optimizer_iterations": 4.0, "lr": 8.226432e-05}
{"step": 890880, "wall_time": 1790752131.1848009, "episodes_completed": 6.0, "mean_episode_reward": 7.987369934717814, "std_episode_reward": 10.302533415442351, "min_episode_reward": -6.743721008300781, "max_episode_reward": 20.126758575439453, "mean_episode_length": 101.33333333333333, "success_rate": 0.6666666666666666, "collision_rate": 0.3333333333333333, "out_of_bounds_rate": 0.0, "timeout_rate": 0.0, "policy_loss": -0.004463121062144637, "value_loss": 1.2795619666576385, "entropy": 0.6159860491752625, "approx_kl": 0.043402692303061485, "clip_fraction": 0.0953369140625, "grad_norm": 8.564107179641724, "explained_variance": 0.8267000913619995, "action_std_mean": 0.32929348945617676, "optimizer_iterations": 4.0, "lr": 8.222336e-05}
{"step": 892928, "wall_time": 1790752142.329299, "episodes_completed": 2.0, "mean_episode_reward": 14.780074119567871, "std_episode_reward": 3.03347110748291, "min_episode_reward": 11.746603012084961, "max_episode_reward": 17.81354522705078, "mean_episode_length": 108.5, "success_rate": 1.0, "collision_rate": 0.0, "out_of_bounds_rate": 0.0, "timeout_rate": 0.0, "policy_loss": 0.005928937578573823, "value_loss": 0.32496483623981476, "entropy": 0.6161336600780487, "approx_kl": 0.030871898867189884, "clip_fraction": 0.152099609375, "grad_norm": 8.152427673339844, "explained_variance": 0.9134196639060974, "action_std_mean": 0.32931840419769287, "optimizer_iterations": 4.0, "lr": 8.218240000000001e-05}
{"step": 894976, "wall_time": 1790752153.5045838, "episodes_completed": 4.0, "mean_episode_reward": 13.60562014579773, "std_episode_reward": 1.967475778536375, "min_episode_reward": 10.77607250213623, "max_episode_reward": 16.284332275390625, "mean_episode_length": 95.25, "success_rate": 1.0, "collision_rate": 0.0, "out_of_bounds_rate": 0.0, "timeout_rate": 0.0, "policy_loss": -0.0032173385843634605, "value_loss": 0.22522995620965958, "entropy": 0.6162548363208771, "approx_kl": 0.010045010363683105, "clip_fraction": 0.1104736328125, "grad_norm": 4.967790305614471, "explained_variance": 0.9562009572982788, "action_std_mean": 0.3293212652206421, "optimizer_iterations": 4.0, "lr": 8.214144e-05}
{"step": 897024, "wall_time": 1790752164.9588118, "episodes_completed": 2.0, "mean_episode_reward": 7.5543951988220215, "std_episode_reward": 12.061436176300049, "min_episode_reward": -4.507040977478027, "max_episode_reward": 19.61583137512207, "mean_episode_length": 162.5, "success_rate": 0.5, "collision_rate": 0.5, "out_of_bounds_rate": 0.0, "timeout_rate": 0.0, "policy_loss": -0.002861240936908871, "value_loss": 0.9925226420164108, "entropy": 0.6161929368972778, "approx_kl": 0.024173347745090723, "clip_fraction": 0.120849609375, "grad_norm": 4.122767865657806, "explained_variance": 0.7650197744369507, "action_std_mean": 0.3292977213859558, "optimizer_iterations": 4.0, "lr": 8.210048e-05}
{"step": 899072, "wall_time": 1790752176.1983008, "episodes_completed": 1.0, "mean_episode_reward": 0.0027601132169365883, "std_episode_reward": 0.0, "min_episode_reward": 0.0027601132169365883, "max_episode_reward": 0.0027601132169365883, "mean_episode_length": 105.0, "success_rate": 0.0, "collision_rate": 0.0, "out_of_bounds_rate": 0.0, "timeout_rate": 1.0, "policy_loss": 0.00022285804152488708, "value_loss": 0.09433023631572723, "entropy": 0.6160122156143188, "approx_kl": 0.024181445129215717, "clip_fraction": 0.1209716796875, "grad_norm": 6.239481568336487, "explained_variance": 0.9614685773849487, "action_std_mean": 0.3292538821697235, "optimizer_iterations": 4.0, "lr": 8.205952e-05}
{"step": 901120, "wall_time": 1790752187.4764547, "episodes_completed": 5.0, "mean_episode_reward": 0.686945018172264, "std_episode_reward": 9.716934217173874, "min_episode_reward": -9.950089454650879, "max_episode_reward": 17.401119232177734, "mean_episode_length": 90.8, "success_rate": 0.2, "collision_rate": 0.4, "out_of_bounds_rate": 0.0, "timeout_rate": 0.4, "policy_loss": 0.00015429011546075344, "value_loss": 0.9554051756858826, "entropy": 0.6157406568527222, "approx_kl": 0.01565281394869089, "clip_fraction": 0.1363525390625, "grad_norm": 7.0539222955703735, "explained_variance": 0.8435992002487183, "action_std_mean": 0.32922035455703735, "optimizer_iterations": 4.0, "lr": 8.201856e-05}
{"step": 903168, "wall_time": 1790752198.5824616, "episodes_completed": 10.0, "mean_episode_reward": 6.500357446447015, "std_episode_reward": 8.830419035556263, "min_episode_reward": -9.509004592895508, "max_episode_reward": 16.204708099365234, "mean_episode_length": 76.5, "success_rate": 0.6, "collision_rate": 0.2, "out_of_bounds_rate": 0.0, "timeout_rate": 0.2, "policy_loss": -0.004699913086369634, "value_loss": 1.5901790857315063, "entropy": 0.6155626177787781, "approx_kl": 0.008442555787041783, "clip_fraction": 0.067626953125, "grad_norm": 6.287728846073151, "explained_variance": 0.7697736024856567, "action_std_mean": 0.3291861414909363, "optimizer_iterations": 4.0, "lr": 8.19776e-05}
{"step": 905216, "wall_time": 1790752209.8606405, "episodes_completed": 7.0, "mean_episode_reward": 12.70035879952567, "std_episode_reward": 9.610430212429796, "min_episode_reward": -9.987689971923828, "max_episode_reward": 21.533832550048828, "mean_episode_length": 147.28571428571428, "success_rate": 0.8571428571428571, "collision_rate": 0.14285714285714285, "out_of_bounds_rate": 0.0, "timeout_rate": 0.0, "policy_loss": 0.002668570727109909, "value_loss": 0.6465710550546646, "entropy": 0.6153576374053955, "approx_kl": 0.03695576824247837, "clip_fraction": 0.107666015625, "grad_norm": 6.133562445640564, "explained_variance": 0.8536666631698608, "action_std_mean": 0.32915809750556946, "optimizer_iterations": 4.0, "lr": 8.193664000000001e-05}
{"step": 907264, "wall_time": 1790752220.723588, "episodes_completed": 6.0, "mean_episode_reward": 3.7225005626678467, "std_episode_reward": 10.707417154609258, "min_episode_reward": -10.015752792358398, "max_episode_reward": 18.870378494262695, "mean_episode_length": 101.33333333333333, "success_rate": 0.5, "collision_rate": 0.5, "out_of_bounds_rate": 0.0, "timeout_rate": 0.0, "policy_loss": -0.0020500400569289923, "value_loss": 1.4450467824935913, "entropy": 0.6151966452598572, "approx_kl": 0.041499143466353416, "clip_fraction": 0.150390625, "grad_norm": 10.076581239700317, "explained_variance": 0.7535697221755981, "action_std_mean": 0.3291323781013489, "optimizer_iterations": 4.0, "lr": 8.189568000000001e-05}
{"step": 909312, "wall_time": 1790752231.8484101, "episodes_completed": 12.0, "mean_episode_reward": 7.436130335088819, "std_episode_reward": 8.393065495557254, "min_episode_reward": -9.952531814575195, "max_episode_reward": 15.639620780944824, "mean_episode_length": 56.833333333333336, "success_rate": 0.75, "collision_rate": 0.16666666666666666, "out_of_bounds_rate": 0.0, "timeout_rate": 0.08333333333333333, "policy_loss": 0.008938309270888567, "value_loss": 0.8959479928016663, "entropy": 0.6150420308113098, "approx_kl": 0.061514515429735184, "clip_fraction": 0.1317138671875, "grad_norm": 8.917332172393799, "explained_variance": 0.8301704525947571, "action_std_mean": 0.3291066288948059, "optimizer_iterations": 4.0, "lr": 8.185472e-05}
{"step": 911360, "wall_time": 1790752242.6112716, "episodes_completed": 10.0, "mean_episode_reward": 10.14673047065735, "std_episode_reward": 9.388318770305544, "min_episode_reward": -9.311362266540527, "max_episode_reward": 19.276565551757812, "mean_episode_length": 114.8, "success_rate": 0.8, "collision_rate": 0.2, "out_of_bounds_rate": 0.0, "timeout_rate": 0.0, "policy_loss": -0.0025181081146001816, "value_loss": 1.578568309545517, "entropy": 0.6148633360862732, "approx_kl": 0.014531216584146023, "clip_fraction": 0.093017578125, "grad_norm": 7.841249227523804, "explained_variance": 0.7809000015258789, "action_std_mean": 0.329066663980484, "optimizer_iterations": 4.0, "lr": 8.181376000000001e-05}
{"step": 913408, "wall_time": 1790752253.6099055, "episodes_completed": 4.0, "mean_episode_reward": 15.555810451507568, "std_episode_reward": 3.929233554626147, "min_episode_reward": 10.127669334411621, "max_episode_reward": 19.951332092285156, "mean_episode_length": 127.75, "success_rate": 1.0, "collision_rate": 0.0, "out_of_bounds_rate": 0.0, "timeout_rate": 0.0, "policy_loss": -0.0024389466270804405, "value_loss": 0.2725101374089718, "entropy": 0.6146169900894165, "approx_kl": 0.00834392081014812, "clip_fraction": 0.0999755859375, "grad_norm": 4.448288559913635, "explained_variance": 0.9533339738845825, "action_std_mean": 0.3290315866470337, "optimizer_iterations": 4.0, "lr": 8.17728e-05}
{"step": 915456, "wall_time": 1790752264.5621388, "episodes_completed": 4.0, "mean_episode_reward": 8.600571632385254, "std_episode_reward": 9.975679746837297, "min_episode_reward": -7.806765556335449, "max_episode_reward": 18.854145050048828, "mean_episode_length": 109.75, "success_rate": 0.75, "collision_rate": 0.25, "out_of_bounds_rate": 0.0, "timeout_rate": 0.0, "policy_loss": -0.0036856853403151035, "value_loss": 0.5885786414146423, "entropy": 0.6144053637981415, "approx_kl": 0.00883986719418317, "clip_fraction": 0.0789794921875, "grad_norm": 3.7255704402923584, "explained_variance": 0.9164432287216187, "action_std_mean": 0.3289934992790222, "optimizer_iterations": 4.0, "lr": 8.173184e-05}
{"step": 917504, "wall_time": 1790752275.7215488, "episodes_completed": 1.0, "mean_episode_reward": -3.681756019592285, "std_episode_reward": 0.0, "min_episode_reward": -3.681756019592285, "max_episode_reward": -3.681756019592285, "mean_episode_length": 163.0, "success_rate": 0.0, "collision_rate": 1.0, "out_of_bounds_rate": 0.0, "timeout_rate": 0.0, "policy_loss": -0.002982933074235916, "value_loss": 1.2977013885974884, "entropy": 0.6141786873340607, "approx_kl": 0.045026658568531275, "clip_fraction": 0.1199951171875, "grad_norm": 7.227539837360382, "explained_variance": 0.8222942352294922, "action_std_mean": 0.32896724343299866, "optimizer_iterations": 4.0, "lr": 8.169088e-05}
{"step": 919552, "wall_time": 1790752286.7904396, "episodes_completed": 3.0, "mean_episode_reward": 6.074513753255208, "std_episode_reward": 8.121454276849125, "min_episode_reward": -5.2474212646484375, "max_episode_reward": 13.408015251159668, "mean_episode_length": 68.0, "success_rate": 0.6666666666666666, "collision_rate": 0.3333333333333333, "out_of_bounds_rate": 0.0, "timeout_rate": 0.0, "policy_loss": 0.002922551706433296, "value_loss": 0.6249433606863022, "entropy": 0.6140923202037811, "approx_kl": 0.017972149420529604, "clip_fraction": 0.104736328125, "grad_norm": 8.762064933776855, "explained_variance": 0.9318443536758423, "action_std_mean": 0.3289714455604553, "optimizer_iterations": 4.0, "lr": 8.164992e-05}
{"step": 921600, "wall_time": 1790752297.8774524, "episodes_completed": 11.0, "mean_episode_reward": 0.5976422269913283, "std_episode_reward": 9.935450467779974, "min_episode_reward": -10.310916900634766, "max_episode_reward": 16.504438400268555, "mean_episode_length": 95.9090909090909, "success_rate": 0.36363636363636365, "collision_rate": 0.45454545454545453, "out_of_bounds_rate": 0.0, "timeout_rate": 0.18181818181818182, "policy_loss": -0.0030890789348632097, "value_loss": 3.5525498390197754, "entropy": 0.6141316890716553, "approx_kl": 0.014861943665891886, "clip_fraction": 0.1162109375, "grad_norm": 12.218717217445374, "explained_variance": 0.6694916486740112, "action_std_mean": 0.3289757966995239, "optimizer_iterations": 4.0, "lr": 8.160896e-05}
{"step": 923648, "wall_time": 1790752308.7785838, "episodes_completed": 6.0, "mean_episode_reward": 5.801596989234288, "std_episode_reward": 9.59972351475711, "min_episode_reward": -7.766735076904297, "max_episode_reward": 15.787578582763672, "mean_episode_length": 101.33333333333333, "success_rate": 0.5, "collision_rate": 0.3333333333333333, "out_of_bounds_rate": 0.0, "timeout_rate": 0.16666666666666666, "policy_loss": -0.002577773295342922, "value_loss": 1.615174114704132, "entropy": 0.6141321063041687, "approx_kl": 0.013229935197159648, "clip_fraction": 0.084228515625, "grad_norm": 8.864953637123108, "explained_variance": 0.6974387168884277, "action_std_mean": 0.32896873354911804, "optimizer_iterations": 4.0, "lr": 8.1568e-05}
{"step": 925696, "wall_time": 1790752319.8504136, "episodes_completed": 3.0, "mean_episode_reward": 7.600476900736491, "std_episode_reward": 11.470850310194265, "min_episode_reward": -8.210103988647461, "max_episode_reward": 18.65056610107422, "mean_episode_length": 89.0, "success_rate": 0.6666666666666666, "collision_rate": 0.3333333333333333, "out_of_bounds_rate": 0.0, "timeout_rate": 0.0, "policy_loss": 0.00205779611133039, "value_loss": 0.7949479669332504, "entropy": 0.6140821576118469, "approx_kl": 0.03435120452195406, "clip_fraction": 0.0880126953125, "grad_norm": 8.737069487571716, "explained_variance": 0.8302050828933716, "action_std_mean": 0.32896536588668823, "optimizer_iterations": 4.0, "lr": 8.152704e-05}
{"step": 927744, "wall_time": 1790752330.8537767, "episodes_completed": 1.0, "mean_episode_reward": 11.593478202819824, "std_episode_reward": 0.0, "min_episode_reward": 11.593478202819824, "max_episode_reward": 11.593478202819824, "mean_episode_length": 34.0, "success_rate": 1.0, "collision_rate": 0.0, "out_of_bounds_rate": 0.0, "timeout_rate": 0.0, "policy_loss": 0.00013403315097093582, "value_loss": 0.37737611681222916, "entropy": 0.6140598356723785, "approx_kl": 0.015498223365284503, "clip_fraction": 0.0953369140625, "grad_norm": 10.008343815803528, "explained_variance": 0.9128376245498657, "action_std_mean": 0.3289538025856018, "optimizer_iterations": 4.0, "lr": 8.148608e-05}
{"step": 929792, "wall_time": 1790752341.9677992, "episodes_completed": 5.0, "mean_episode_reward": 4.200767517089844, "std_episode_reward": 10.333939819386085, "min_episode_reward": -10.284164428710938, "max_episode_reward": 14.402876853942871, "mean_episode_length": 93.4, "success_rate": 0.6, "collision_rate": 0.4, "out_of_bounds_rate": 0.0, "timeout_rate": 0.0, "policy_loss": -0.00293931202031672, "value_loss": 1.1288751065731049, "entropy": 0.6139906048774719, "approx_kl": 0.013030277332291007, "clip_fraction": 0.0806884765625, "grad_norm": 7.783532619476318, "explained_variance": 0.7985519170761108, "action_std_mean": 0.3289529085159302, "optimizer_iterations": 4.0, "lr": 8.144512e-05}
{"step": 931840, "wall_time": 1790752353.1218169, "episodes_completed": 4.0, "mean_episode_reward": 10.350436210632324, "std_episode_reward": 11.50778363319765, "min_episode_reward": -9.406919479370117, "max_episode_reward": 18.794254302978516, "mean_episode_length": 144.5, "success_rate": 0.75, "collision_rate": 0.25, "out_of_bounds_rate": 0.0, "timeout_rate": 0.0, "policy_loss": -0.005329325096681714, "value_loss": 0.8681569844484329, "entropy": 0.6139971017837524, "approx_kl": 0.005983988812658936, "clip_fraction": 0.05810546875, "grad_norm": 4.545245289802551, "explained_variance": 0.8513596057891846, "action_std_mean": 0.32894033193588257, "optimizer_iterations": 4.0, "lr": 8.140416e-05}
{"step": 933888, "wall_time": 1790752364.2481353, "episodes_completed": 4.0, "mean_episode_reward": -1.4234149983967654, "std_episode_reward": 2.4698606640074643, "min_episode_reward": -5.7013092041015625, "max_episode_reward": 0.016084883362054825, "mean_episode_length": 130.0, "success_rate": 0.0, "collision_rate": 0.25, "out_of_bounds_rate": 0.0, "timeout_rate": 0.75, "policy_loss": -0.0010392989497631788, "value_loss": 0.9704572856426239, "entropy": 0.6138391196727753, "approx_kl": 0.006844761490356177, "clip_fraction": 0.0870361328125, "grad_norm": 7.279906511306763, "explained_variance": 0.7136036157608032, "action_std_mean": 0.3289037346839905, "optimizer_iterations": 4.0, "lr": 8.13632e-05}
{"step": 935936, "wall_time": 1790752375.3634486, "episodes_completed": 6.0, "mean_episode_reward": 4.721081949770451, "std_episode_reward": 9.785977201627327, "min_episode_reward": -9.97008991241455, "max_episode_reward": 15.38681411743164, "mean_episode_length": 95.33333333333333, "success_rate": 0.5, "collision_rate": 0.3333333333333333, "out_of_bounds_rate": 0.0, "timeout_rate": 0.16666666666666666, "policy_loss": -0.00235087051987648, "value_loss": 1.1112875938415527, "entropy": 0.613621860742569, "approx_kl": 0.009677412337623537, "clip_fraction": 0.077880859375, "grad_norm": 5.285408854484558, "explained_variance": 0.8183401226997375, "action_std_mean": 0.32887113094329834, "optimizer_iterations": 4.0, "lr": 8.132224000000001e-05}
{"step": 937984, "wall_time": 1790752386.5790281, "episodes_completed": 5.0, "mean_episode_reward": 6.271643260866403, "std_episode_reward": 9.062487442006102, "min_episode_reward": -8.553775787353516, "max_episode_reward": 14.179231643676758, "mean_episode_length": 80.0, "success_rate": 0.6, "collision_rate": 0.2, "out_of_bounds_rate": 0.0, "timeout_rate": 0.2, "policy_loss": -0.008157265838235617, "value_loss": 1.0018015652894974, "entropy": 0.6134086847305298, "approx_kl": 0.010744742001406848, "clip_fraction": 0.10009765625, "grad_norm": 6.496213793754578, "explained_variance": 0.8262493014335632, "action_std_mean": 0.32882988452911377, "optimizer_iterations": 4.0, "lr": 8.128128e-05}
{"step": 940032, "wall_time": 1790752397.8246531, "episodes_completed": 4.0, "mean_episode_reward": 14.936941146850586, "std_episode_reward": 3.1224299480148843, "min_episode_reward": 10.724477767944336, "max_episode_reward": 18.548931121826172, "mean_episode_length": 123.0, "success_rate": 1.0, "collision_rate": 0.0, "out_of_bounds_rate": 0.0, "timeout_rate": 0.0, "policy_loss": -0.0009567644447088242, "value_loss": 0.2320731282234192, "entropy": 0.6131461560726166, "approx_kl": 0.014871845836751163, "clip_fraction": 0.1708984375, "grad_norm": 5.998552680015564, "explained_variance": 0.9683650135993958, "action_std_mean": 0.3287928104400635, "optimizer_iterations": 4.0, "lr": 8.124032e-05}
{"step": 942080, "wall_time": 1790752408.8030372, "episodes_completed": 8.0, "mean_episode_reward": 3.2272852659225464, "std_episode_reward": 9.649205230122481, "min_episode_reward": -9.963088989257812, "max_episode_reward": 13.86025619506836, "mean_episode_length": 66.625, "success_rate": 0.5, "collision_rate": 0.5, "out_of_bounds_rate": 0.0, "timeout_rate": 0.0, "policy_loss": 0.0004225540906190872, "value_loss": 1.234462320804596, "entropy": 0.612956166267395, "approx_kl": 0.00917053921148181, "clip_fraction": 0.1165771484375, "grad_norm": 19.34258198738098, "explained_variance": 0.8626649379730225, "action_std_mean": 0.3287685811519623, "optimizer_iterations": 4.0, "lr": 8.119936e-05}
{"step": 944128, "wall_time": 1790752419.8965476, "episodes_completed": 10.0, "mean_episode_reward": 7.236033871397376, "std_episode_reward": 10.304614096104862, "min_episode_reward": -9.971903800964355, "max_episode_reward": 19.114521026611328, "mean_episode_length": 102.3, "success_rate": 0.6, "collision_rate": 0.2, "out_of_bounds_rate": 0.0, "timeout_rate": 0.2, "policy_loss": -0.0014182410668581724, "value_loss": 1.1855857372283936, "entropy": 0.6128087043762207, "approx_kl": 0.011204468202777207, "clip_fraction": 0.07861328125, "grad_norm": 3.9843127727508545, "explained_variance": 0.8702593445777893, "action_std_mean": 0.328741192817688, "optimizer_iterations": 4.0, "lr": 8.11584e-05}
{"step": 946176, "wall_time": 1790752431.2722723, "episodes_completed": 8.0, "mean_episode_reward": 10.831841821811395, "std_episode_reward": 4.171601199372377, "min_episode_reward": 0.002780877286568284, "max_episode_reward": 14.122690200805664, "mean_episode_length": 102.0, "success_rate": 0.875, "collision_rate": 0.0, "out_of_bounds_rate": 0.0, "timeout_rate": 0.125, "policy_loss": 0.00017401017248630524, "value_loss": 0.6568571329116821, "entropy": 0.6126348376274109, "approx_kl": 0.01609060843475163, "clip_fraction": 0.062744140625, "grad_norm": 6.665651202201843, "explained_variance": 0.9025685787200928, "action_std_mean": 0.32871508598327637, "optimizer_iterations": 4.0, "lr": 8.111744e-05}
{"step": 948224, "wall_time": 1790752442.4944398, "episodes_completed": 5.0, "mean_episode_reward": 9.003171573206782, "std_episode_reward": 9.652831131028362, "min_episode_reward": -3.8245010375976562, "max_episode_reward": 20.919147491455078, "mean_episode_length": 121.6, "success_rate": 0.6, "collision_rate": 0.2, "out_of_bounds_rate": 0.0, "timeout_rate": 0.2, "policy_loss": -0.0016917597968131304, "value_loss": 1.0064299702644348, "entropy": 0.6124792993068695, "approx_kl": 0.00891829188913107, "clip_fraction": 0.0867919921875, "grad_norm": 7.102889657020569, "explained_variance": 0.8265637159347534, "action_std_mean": 0.3286895453929901, "optimizer_iterations": 4.0, "lr": 8.107648000000001e-05}
{"step": 950272, "wall_time": 1790752453.5981405, "episodes_completed": 7.0, "mean_episode_reward": 10.059791564941406, "std_episode_reward": 8.417727512824033, "min_episode_reward": -9.593024253845215, "max_episode_reward": 18.53533935546875, "mean_episode_length": 82.0, "success_rate": 0.8571428571428571, "collision_rate": 0.14285714285714285, "out_of_bounds_rate": 0.0, "timeout_rate": 0.0, "policy_loss": -0.004535800777375698, "value_loss": 0.9590054750442505, "entropy": 0.6123526990413666, "approx_kl": 0.038539033848792315, "clip_fraction": 0.0931396484375, "grad_norm": 8.420294642448425, "explained_variance": 0.8278943300247192, "action_std_mean": 0.32868123054504395, "optimizer_iterations": 4.0, "lr": 8.103552000000001e-05}
{"step": 952320, "wall_time": 1790752464.6281931, "episodes_completed": 8.0, "mean_episode_reward": 3.735709011554718, "std_episode_reward": 11.801547853687959, "min_episode_reward": -9.999736785888672, "max_episode_reward": 20.108047485351562, "mean_episode_length": 84.125, "success_rate": 0.5, "collision_rate": 0.5, "out_of_bounds_rate": 0.0, "timeout_rate": 0.0, "policy_loss": -0.0010423483327031136, "value_loss": 1.2654564082622528, "entropy": 0.6123185455799103, "approx_kl": 0.01554808602668345, "clip_fraction": 0.0230712890625, "grad_norm": 12.42650032043457, "explained_variance": 0.8316793441772461, "action_std_mean": 0.3286695182323456, "optimizer_iterations": 4.0, "lr": 8.099456e-05}
{"step": 954368, "wall_time": 1790752475.628966, "episodes_completed": 4.0, "mean_episode_reward": 8.613251566886902, "std_episode_reward": 9.38576865715306, "min_episode_reward": -7.008444309234619, "max_episode_reward": 17.55036735534668, "mean_episode_length": 76.75, "success_rate": 0.75, "collision_rate": 0.25, "out_of_bounds_rate": 0.0, "timeout_rate": 0.0, "policy_loss": 0.0008975071832537651, "value_loss": 0.1663387529551983, "entropy": 0.6122247576713562, "approx_kl": 0.017339535523205996, "clip_fraction": 0.140869140625, "grad_norm": 8.660130262374878, "explained_variance": 0.9776285886764526, "action_std_mean": 0.32865333557128906, "optimizer_iterations": 4.0, "lr": 8.095360000000001e-05}
{"step": 956416, "wall_time": 1790752486.696751, "episodes_completed": 11.0, "mean_episode_reward": 0.9954883689907464, "std_episode_reward": 10.851119019558423, "min_episode_reward": -9.997273445129395, "max_episode_reward": 20.36853790283203, "mean_episode_length": 111.27272727272727, "success_rate": 0.36363636363636365, "collision_rate": 0.5454545454545454, "out_of_bounds_rate": 0.0, "timeout_rate": 0.09090909090909091, "policy_loss": -0.0026840590871870518, "value_loss": 3.314020276069641, "entropy": 0.6121321618556976, "approx_kl": 0.010770048364065588, "clip_fraction": 0.11669921875, "grad_norm": 15.136516332626343, "explained_variance": 0.7566469311714172, "action_std_mean": 0.3286379277706146, "optimizer_iterations": 4.0, "lr": 8.091264e-05}
{"step": 958464, "wall_time": 1790752497.93082, "episodes_completed": 2.0, "mean_episode_reward": 3.519592761993408, "std_episode_reward": 9.823670864105225, "min_episode_reward": -6.304078102111816, "max_episode_reward": 13.343263626098633, "mean_episode_length": 79.5, "success_rate": 0.5, "collision_rate": 0.5, "out_of_bounds_rate": 0.0, "timeout_rate": 0.0, "policy_loss": -0.0010023190407082438, "value_loss": 0.6252523958683014, "entropy": 0.6120096445083618, "approx_kl": 0.004202195850666612, "clip_fraction": 0.0355224609375, "grad_norm": 7.696890830993652, "explained_variance": 0.8997191786766052, "action_std_mean": 0.3286062479019165, "optimizer_iterations": 4.0, "lr": 8.087168e-05}
{"step": 960512, "wall_time": 1790752509.2771935, "episodes_completed": 2.0, "mean_episode_reward": 14.878632068634033, "std_episode_reward": 2.0394301414489746, "min_episode_reward": 12.839201927185059, "max_episode_reward": 16.918062210083008, "mean_episode_length": 134.5, "success_rate": 1.0, "collision_rate": 0.0, "out_of_bounds_rate": 0.0, "timeout_rate": 0.0, "policy_loss": -0.005525426007807255, "value_loss": 0.4230355992913246, "entropy": 0.6118083000183105, "approx_kl": 0.013835789170116186, "clip_fraction": 0.1392822265625, "grad_norm": 4.400401592254639, "explained_variance": 0.9004205465316772, "action_std_mean": 0.32857438921928406, "optimizer_iterations": 4.0, "lr": 8.083072e-05}
{"step": 962560, "wall_time": 1790752520.4186645, "episodes_completed": 3.0, "mean_episode_reward": 6.1837584177653, "std_episode_reward": 11.546587032470603, "min_episode_reward": -10.140052795410156, "max_episode_reward": 14.713629722595215, "mean_episode_length": 171.66666666666666, "success_rate": 0.6666666666666666, "collision_rate": 0.3333333333333333, "out_of_bounds_rate": 0.0, "timeout_rate": 0.0, "policy_loss": -0.0025049697142094374, "value_loss": 0.8718871772289276, "entropy": 0.6116138398647308, "approx_kl": 0.008361019659787416, "clip_fraction": 0.0634765625, "grad_norm": 9.667938351631165, "explained_variance": 0.8600536584854126, "action_std_mean": 0.3285486102104187, "optimizer_iterations": 4.0, "lr": 8.078976e-05}
{"step": 964608, "wall_time": 1790752531.5171673, "episodes_completed": 1.0, "mean_episode_reward": 11.929839134216309, "std_episode_reward": 0.0, "min_episode_reward": 11.929839134216309, "max_episode_reward": 11.929839134216309, "mean_episode_length": 44.0, "success_rate": 1.0, "collision_rate": 0.0, "out_of_bounds_rate": 0.0, "timeout_rate": 0.0, "policy_loss": 0.005856701638549566, "value_loss": 0.16087283566594124, "entropy": 0.6115076541900635, "approx_kl": 0.1233819518238306, "clip_fraction": 0.078857421875, "grad_norm": 3.8925118446350098, "explained_variance": 0.9712589383125305, "action_std_mean": 0.32854023575782776, "optimizer_iterations": 4.0, "lr": 8.074880000000001e-05}
{"step": 966656, "wall_time": 1790752542.728828, "episodes_completed": 2.0, "mean_episode_reward": -3.3841591216623783, "std_episode_reward": 3.3005709312856197, "min_episode_reward": -6.684730052947998, "max_episode_reward": -0.08358819037675858, "mean_episode_length": 114.0, "success_rate": 0.0, "collision_rate": 0.5, "out_of_bounds_rate": 0.0, "timeout_rate": 0.5, "policy_loss": 0.0337449386715889, "value_loss": 0.5156894326210022, "entropy": 0.6114961504936218, "approx_kl": 0.20025106519460678, "clip_fraction": 0.044189453125, "grad_norm": 6.721067547798157, "explained_variance": 0.7870081067085266, "action_std_mean": 0.3285595178604126, "optimizer_iterations": 4.0, "lr": 8.070784e-05}
{"step": 968704, "wall_time": 1790752553.9035697, "episodes_completed": 9.0, "mean_episode_reward": 8.568755193303028, "std_episode_reward": 6.407318041965368, "min_episode_reward": 0.0038516800850629807, "max_episode_reward": 17.435955047607422, "mean_episode_length": 111.88888888888889, "success_rate": 0.6666666666666666, "collision_rate": 0.0, "out_of_bounds_rate": 0.0, "timeout_rate": 0.3333333333333333, "policy_loss": -0.0016021309420466423, "value_loss": 0.9013785123825073, "entropy": 0.6116901934146881, "approx_kl": 0.01599942147731781, "clip_fraction": 0.15380859375, "grad_norm": 7.534152865409851, "explained_variance": 0.9012594819068909, "action_std_mean": 0.3285985589027405, "optimizer_iterations": 4.0, "lr": 8.066688e-05}
{"step": 970752, "wall_time": 1790752564.9410045, "episodes_completed": 11.0, "mean_episode_reward": -1.7239611744880676, "std_episode_reward": 9.825918983999356, "min_episode_reward": -10.170157432556152, "max_episode_reward": 15.227616310119629, "mean_episode_length": 60.09090909090909, "success_rate": 0.2727272727272727, "collision_rate": 0.6363636363636364, "out_of_bounds_rate": 0.0, "timeout_rate": 0.09090909090909091, "policy_loss": -0.00030669220723211765, "value_loss": 2.873290717601776, "entropy": 0.6118935644626617, "approx_kl": 0.011189778801053762, "clip_fraction": 0.08642578125, "grad_norm": 15.162874937057495, "explained_variance": 0.7587510347366333, "action_std_mean": 0.32862281799316406, "optimizer_iterations": 4.0, "lr": 8.062592e-05}
{"step": 972800, "wall_time": 1790752576.188167, "episodes_completed": 5.0, "mean_episode_reward": -0.5174654006958008, "std_episode_reward": 10.65592223976727, "min_episode_reward": -9.90413761138916, "max_episode_reward": 14.572802543640137, "mean_episode_length": 41.4, "success_rate": 0.4, "collision_rate": 0.6, "out_of_bounds_rate": 0.0, "timeout_rate": 0.0, "policy_loss": 0.00041580357355996966, "value_loss": 0.6472557932138443, "entropy": 0.6120066344738007, "approx_kl": 0.010893850703723729, "clip_fraction": 0.065673828125, "grad_norm": 11.23759150505066, "explained_variance": 0.8824537992477417, "action_std_mean": 0.3286311626434326, "optimizer_iterations": 4.0, "lr": 8.058496e-05}
{"step": 974848, "wall_time": 1790752587.5076807, "episodes_completed": 4.0, "mean_episode_reward": 6.451173305511475, "std_episode_reward": 10.985017222200364, "min_episode_reward": -9.200947761535645, "max_episode_reward": 18.680988311767578, "mean_episode_length": 181.0, "success_rate": 0.5, "collision_rate": 0.5, "out_of_bounds_rate": 0.0, "timeout_rate": 0.0, "policy_loss": -0.0006430675275623798, "value_loss": 1.146412968635559, "entropy": 0.6120268404483795, "approx_kl": 0.004363557702163234, "clip_fraction": 0.0467529296875, "grad_norm": 10.299672603607178, "explained_variance": 0.8270329236984253, "action_std_mean": 0.328626811504364, "optimizer_iterations": 4.0, "lr": 8.054399999999999e-05}
{"step": 976896, "wall_time": 1790752598.712486, "episodes_completed": 4.0, "mean_episode_reward": 7.018679857254028, "std_episode_reward": 13.624267132367647, "min_episode_reward": -9.940971374511719, "max_episode_reward": 21.505657196044922, "mean_episode_length": 180.0, "success_rate": 0.5, "collision_rate": 0.5, "out_of_bounds_rate": 0.0, "timeout_rate": 0.0, "policy_loss": -0.0030441060662269592, "value_loss": 1.5620647072792053, "entropy": 0.6119810938835144, "approx_kl": 0.02475800784304738, "clip_fraction": 0.16796875, "grad_norm": 8.972407341003418, "explained_variance": 0.7495628595352173, "action_std_mean": 0.32861950993537903, "optimizer_iterations": 4.0, "lr": 8.050304e-05}
{"step": 978944, "wall_time": 1790752609.971921, "episodes_completed": 4.0, "mean_episode_reward": 12.07336139678955, "std_episode_reward": 1.6177891741065258, "min_episode_reward": 11.01386547088623, "max_episode_reward": 14.86330795288086, "mean_episode_length": 124.0, "success_rate": 1.0, "collision_rate": 0.0, "out_of_bounds_rate": 0.0, "timeout_rate": 0.0, "policy_loss": -0.004350669682025909, "value_loss": 0.9480878412723541, "entropy": 0.6119633615016937, "approx_kl": 0.01002858963329345, "clip_fraction": 0.129638671875, "grad_norm": 5.508512020111084, "explained_variance": 0.7850168943405151, "action_std_mean": 0.32862550020217896, "optimizer_iterations": 4.0, "lr": 8.046208000000001e-05}
{"step": 980992, "wall_time": 1790752621.0659058, "episodes_completed": 4.0, "mean_episode_reward": 4.36326761264354, "std_episode_reward": 9.965579601937122, "min_episode_reward": -9.445298194885254, "max_episode_reward": 16.83981704711914, "mean_episode_length": 92.5, "success_rate": 0.5, "collision_rate": 0.25, "out_of_bounds_rate": 0.0, "timeout_rate": 0.25, "policy_loss": -0.0014949282631278038, "value_loss": 0.7896464914083481, "entropy": 0.6120109856128693, "approx_kl": 0.006924512446857989, "clip_fraction": 0.052001953125, "grad_norm": 5.159413456916809, "explained_variance": 0.8173107504844666, "action_std_mean": 0.3286314010620117, "optimizer_iterations": 4.0, "lr": 8.042112e-05}
{"step": 983040, "wall_time": 1790752631.9389184, "episodes_completed": 8.0, "mean_episode_reward": 0.2606326050590724, "std_episode_reward": 9.855031752021505, "min_episode_reward": -9.950020790100098, "max_episode_reward": 13.951523780822754, "mean_episode_length": 101.625, "success_rate": 0.375, "collision_rate": 0.5, "out_of_bounds_rate": 0.0, "timeout_rate": 0.125, "policy_loss": 0.014142999425530434, "value_loss": 2.72430557012558, "entropy": 0.6120211482048035, "approx_kl": 0.07670192327350378, "clip_fraction": 0.1231689453125, "grad_norm": 19.182772159576416, "explained_variance": 0.6673696041107178, "action_std_mean": 0.3286331295967102, "optimizer_iterations": 4.0, "lr": 8.038016000000001e-05}
{"step": 985088, "wall_time": 1790752642.8468528, "episodes_completed": 3.0, "mean_episode_reward": 3.8106894493103027, "std_episode_reward": 12.60308249386342, "min_episode_reward": -6.58756160736084, "max_episode_reward": 21.546314239501953, "mean_episode_length": 150.33333333333334, "success_rate": 0.3333333333333333, "collision_rate": 0.6666666666666666, "out_of_bounds_rate": 0.0, "timeout_rate": 0.0, "policy_loss": 0.005518182180821896, "value_loss": 1.8599999248981476, "entropy": 0.612049788236618, "approx_kl": 0.05220948811620474, "clip_fraction": 0.12158203125, "grad_norm": 13.706374883651733, "explained_variance": 0.700222373008728, "action_std_mean": 0.3286387622356415, "optimizer_iterations": 4.0, "lr": 8.03392e-05}
{"step": 987136, "wall_time": 1790752653.656556, "episodes_completed": 8.0, "mean_episode_reward": 10.12570834159851, "std_episode_reward": 7.748678438424438, "min_episode_reward": -8.858231544494629, "max_episode_reward": 20.087703704833984, "mean_episode_length": 74.75, "success_rate": 0.875, "collision_rate": 0.125, "out_of_bounds_rate": 0.0, "timeout_rate": 0.0, "policy_loss": 0.002144005964510143, "value_loss": 1.0335854291915894, "entropy": 0.6120756268501282, "approx_kl": 0.11537952162325382, "clip_fraction": 0.1402587890625, "grad_norm": 7.079739332199097, "explained_variance": 0.8614896535873413, "action_std_mean": 0.32864344120025635, "optimizer_iterations": 4.0, "lr": 8.029824e-05}
{"step": 989184, "wall_time": 1790752664.6145794, "episodes_completed": 4.0, "mean_episode_reward": -6.0758785009384155, "std_episode_reward": 3.996878401213129, "min_episode_reward": -9.952370643615723, "max_episode_reward": 0.08959007263183594, "mean_episode_length": 83.75, "success_rate": 0.0, "collision_rate": 0.75, "out_of_bounds_rate": 0.0, "timeout_rate": 0.25, "policy_loss": 0.0005540810525417328, "value_loss": 1.0301826000213623, "entropy": 0.6121196746826172, "approx_kl": 0.012197743577416986, "clip_fraction": 0.0804443359375, "grad_norm": 11.017219543457031, "explained_variance": 0.7311049699783325, "action_std_mean": 0.32865387201309204, "optimizer_iterations": 4.0, "lr": 8.025728000000001e-05}
{"step": 991232, "wall_time": 1790752675.6052861, "episodes_completed": 7.0, "mean_episode_reward": 1.5504334568977356, "std_episode_reward": 10.388092023430852, "min_episode_reward": -9.985930442810059, "max_episode_reward": 14.302978515625, "mean_episode_length": 55.57142857142857, "success_rate": 0.42857142857142855, "collision_rate": 0.42857142857142855, "out_of_bounds_rate": 0.0, "timeout_rate": 0.14285714285714285, "policy_loss": 0.00023679528385400772, "value_loss": 0.8496716618537903, "entropy": 0.6121693849563599, "approx_kl": 0.007754699094220996, "clip_fraction": 0.0582275390625, "grad_norm": 5.072244942188263, "explained_variance": 0.8295317888259888, "action_std_mean": 0.32865220308303833, "optimizer_iterations": 4.0, "lr": 8.021632e-05}
{"step": 993280, "wall_time": 1790752686.5319152, "episodes_completed": 2.0, "mean_episode_reward": 13.10162878036499, "std_episode_reward": 1.1532063484191895, "min_episode_reward": 11.9484224319458, "max_episode_reward": 14.25483512878418, "mean_episode_length": 170.0, "success_rate": 1.0, "collision_rate": 0.0, "out_of_bounds_rate": 0.0, "timeout_rate": 0.0, "policy_loss": 0.001400215900503099, "value_loss": 0.3647499158978462, "entropy": 0.6122215092182159, "approx_kl": 0.010362436063587666, "clip_fraction": 0.0673828125, "grad_norm": 5.9360737800598145, "explained_variance": 0.9022930264472961, "action_std_mean": 0.32869595289230347, "optimizer_iterations": 4.0, "lr": 8.017536000000001e-05}
{"step": 995328, "wall_time": 1790752697.6724331, "episodes_completed": 8.0, "mean_episode_reward": 3.737356424331665, "std_episode_reward": 11.837435424057132, "min_episode_reward": -9.901989936828613, "max_episode_reward": 19.052696228027344, "mean_episode_length": 82.375, "success_rate": 0.5, "collision_rate": 0.5, "out_of_bounds_rate": 0.0, "timeout_rate": 0.0, "policy_loss": -0.0033495170064270496, "value_loss": 1.4455707371234894, "entropy": 0.6125511527061462, "approx_kl": 0.004454777284990996, "clip_fraction": 0.0457763671875, "grad_norm": 14.108343243598938, "explained_variance": 0.8510547876358032, "action_std_mean": 0.32876116037368774, "optimizer_iterations": 4.0, "lr": 8.01344e-05}
{"step": 997376, "wall_time": 1790752708.7247453, "episodes_completed": 7.0, "mean_episode_reward": 4.263775371547256, "std_episode_reward": 8.918794168073806, "min_episode_reward": -9.953062057495117, "max_episode_reward": 15.977903366088867, "mean_episode_length": 104.85714285714286, "success_rate": 0.42857142857142855, "collision_rate": 0.2857142857142857, "out_of_bounds_rate": 0.0, "timeout_rate": 0.2857142857142857, "policy_loss": 0.0005050720646977425, "value_loss": 0.9224432408809662, "entropy": 0.6129371821880341, "approx_kl": 0.0095069685485214, "clip_fraction": 0.0523681640625, "grad_norm": 7.335592746734619, "explained_variance": 0.8268203139305115, "action_std_mean": 0.32880622148513794, "optimizer_iterations": 4.0, "lr": 8.009344000000001e-05}
{"step": 999424, "wall_time": 1790752719.825781, "episodes_completed": 9.0, "mean_episode_reward": 1.9176697946257062, "std_episode_reward": 8.881314453696149, "min_episode_reward": -9.968361854553223, "max_episode_reward": 13.767441749572754, "mean_episode_length": 65.44444444444444, "success_rate": 0.4444444444444444, "collision_rate": 0.4444444444444444, "out_of_bounds_rate": 0.0, "timeout_rate": 0.1111111111111111, "policy_loss": -0.005131712183356285, "value_loss": 1.6994024217128754, "entropy": 0.6131584942340851, "approx_kl": 0.0071590011939406395, "clip_fraction": 0.0853271484375, "grad_norm": 9.382208108901978, "explained_variance": 0.7619216442108154, "action_std_mean": 0.3288411498069763, "optimizer_iterations": 4.0, "lr": 8.005248e-05}
{"step": 1001472, "wall_time": 1790752731.113439, "episodes_completed": 7.0, "mean_episode_reward": 10.702953611101423, "std_episode_reward": 9.260914956464381, "min_episode_reward": -9.954170227050781, "max_episode_reward": 20.504112243652344, "mean_episode_length": 142.85714285714286, "success_rate": 0.8571428571428571, "collision_rate": 0.14285714285714285, "out_of_bounds_rate": 0.0, "timeout_rate": 0.0, "policy_loss": -0.00118368084076792, "value_loss": 1.803404062986374, "entropy": 0.6133663356304169, "approx_kl": 0.0256084892898798, "clip_fraction": 0.0584716796875, "grad_norm": 7.933197319507599, "explained_variance": 0.661504864692688, "action_std_mean": 0.3288625180721283, "optimizer_iterations": 4.0, "lr": 8.001152000000001e-05}
{"step": 1003520, "wall_time": 1790752742.0247273, "episodes_completed": 2.0, "mean_episode_reward": 5.177162170410156, "std_episode_reward": 9.205093383789062, "min_episode_reward": -4.027931213378906, "max_episode_reward": 14.382255554199219, "mean_episode_length": 112.5, "success_rate": 0.5, "collision_rate": 0.5, "out_of_bounds_rate": 0.0, "timeout_rate": 0.0, "policy_loss": 3.109406679868698e-05, "value_loss": 0.9639374613761902, "entropy": 0.6134540140628815, "approx_kl": 0.010029556578956544, "clip_fraction": 0.101806640625, "grad_norm": 8.110657930374146, "explained_variance": 0.825588047504425, "action_std_mean": 0.32887640595436096, "optimizer_iterations": 4.0, "lr": 7.997056000000001e-05}
{"step": 1005568, "wall_time": 1790752753.2105575, "episodes_completed": 4.0, "mean_episode_reward": 3.0773312924429774, "std_episode_reward": 8.46719369735546, "min_episode_reward": -9.412294387817383, "max_episode_reward": 11.18316650390625, "mean_episode_length": 47.25, "success_rate": 0.5, "collision_rate": 0.25, "out_of_bounds_rate": 0.0, "timeout_rate": 0.25, "policy_loss": -0.003863128717057407, "value_loss": 0.5966053009033203, "entropy": 0.6135560870170593, "approx_kl": 0.008321617962792516, "clip_fraction": 0.1075439453125, "grad_norm": 5.448309659957886, "explained_variance": 0.9003705382347107, "action_std_mean": 0.32889994978904724, "optimizer_iterations": 4.0, "lr": 7.99296e-05}
{"step": 1007616, "wall_time": 1790752764.3451917, "episodes_completed": 4.0, "mean_episode_reward": 6.798089981079102, "std_episode_reward": 9.148206653520123, "min_episode_reward": -8.659224510192871, "max_episode_reward": 15.234798431396484, "mean_episode_length": 97.25, "success_rate": 0.75, "collision_rate": 0.25, "out_of_bounds_rate": 0.0, "timeout_rate": 0.0, "policy_loss": -0.004166491562500596, "value_loss": 0.8029996305704117, "entropy": 0.6137182414531708, "approx_kl": 0.0038665934989694506, "clip_fraction": 0.0401611328125, "grad_norm": 10.759666681289673, "explained_variance": 0.8664249181747437, "action_std_mean": 0.3289336860179901, "optimizer_iterations": 4.0, "lr": 7.988864000000001e-05}
{"step": 1009664, "wall_time": 1790752775.5761213, "episodes_completed": 8.0, "mean_episode_reward": -0.997992992401123, "std_episode_reward": 10.96873356947907, "min_episode_reward": -11.252371788024902, "max_episode_reward": 15.708757400512695, "mean_episode_length": 59.125, "success_rate": 0.375, "collision_rate": 0.625, "out_of_bounds_rate": 0.0, "timeout_rate": 0.0, "policy_loss": 0.00033673329744488, "value_loss": 1.5166784226894379, "entropy": 0.6139340698719025, "approx_kl": 0.005494734039530158, "clip_fraction": 0.0673828125, "grad_norm": 9.927439332008362, "explained_variance": 0.8547742366790771, "action_std_mean": 0.3289656341075897, "optimizer_iterations": 4.0, "lr": 7.984768e-05}
{"step": 1011712, "wall_time": 1790752786.677298, "episodes_completed": 6.0, "mean_episode_reward": -0.8317634264628092, "std_episode_reward": 8.666882669982908, "min_episode_reward": -9.955095291137695, "max_episode_reward": 12.044288635253906, "mean_episode_length": 82.16666666666667, "success_rate": 0.3333333333333333, "collision_rate": 0.6666666666666666, "out_of_bounds_rate": 0.0, "timeout_rate": 0.0, "policy_loss": -0.001337144523859024, "value_loss": 2.571551203727722, "entropy": 0.6141162812709808, "approx_kl": 0.01821991940960288, "clip_fraction": 0.1387939453125, "grad_norm": 8.197009086608887, "explained_variance": 0.5711197853088379, "action_std_mean": 0.32899874448776245, "optimizer_iterations": 4.0, "lr": 7.980672e-05}
{"step": 1013760, "wall_time": 1790752797.923599, "episodes_completed": 7.0, "mean_episode_reward": 5.150375187397003, "std_episode_reward": 10.689520796247754, "min_episode_reward": -10.295769691467285, "max_episode_reward": 16.099109649658203, "mean_episode_length": 114.14285714285714, "success_rate": 0.5714285714285714, "collision_rate": 0.2857142857142857, "out_of_bounds_rate": 0.0, "timeout_rate": 0.14285714285714285, "policy_loss": -0.00821533752605319, "value_loss": 1.0665556490421295, "entropy": 0.6142763793468475, "approx_kl": 0.003063308817218058, "clip_fraction": 0.03125, "grad_norm": 5.079480767250061, "explained_variance": 0.8517573475837708, "action_std_mean": 0.329000860452652, "optimizer_iterations": 4.0, "lr": 7.976576e-05}
{"step": 1015808, "wall_time": 1790752809.19514, "episodes_completed": 7.0, "mean_episode_reward": 1.726262024470738, "std_episode_reward": 12.366319029186554, "min_episode_reward": -9.941174507141113, "max_episode_reward": 18.799850463867188, "mean_episode_length": 92.42857142857143, "success_rate": 0.42857142857142855, "collision_rate": 0.5714285714285714, "out_of_bounds_rate": 0.0, "timeout_rate": 0.0, "policy_loss": -0.0015256272163242102, "value_loss": 1.367406964302063, "entropy": 0.6142260134220123, "approx_kl": 0.0021484478493221104, "clip_fraction": 0.019775390625, "grad_norm": 8.34717059135437, "explained_variance": 0.8413657546043396, "action_std_mean": 0.32898449897766113, "optimizer_iterations": 4.0, "lr": 7.97248e-05}
{"step": 1017856, "wall_time": 1790752820.487237, "episodes_completed": 9.0, "mean_episode_reward": 1.1254632737901475, "std_episode_reward": 8.792534800803658, "min_episode_reward": -8.905038833618164, "max_episode_reward": 11.069308280944824, "mean_episode_length": 64.22222222222223, "success_rate": 0.4444444444444444, "collision_rate": 0.5555555555555556, "out_of_bounds_rate": 0.0, "timeout_rate": 0.0, "policy_loss": -0.0005334918387234211, "value_loss": 2.856161117553711, "entropy": 0.6141285598278046, "approx_kl": 0.005422305373940617, "clip_fraction": 0.04736328125, "grad_norm": 12.396991491317749, "explained_variance": 0.6757137775421143, "action_std_mean": 0.32897353172302246, "optimizer_iterations": 4.0, "lr": 7.968384e-05}
{"step": 1019904, "wall_time": 1790752831.686093, "episodes_completed": 10.0, "mean_episode_reward": 13.220057678222656, "std_episode_reward": 2.860989765278595, "min_episode_reward": 10.117033004760742, "max_episode_reward": 20.164474487304688, "mean_episode_length": 89.6, "success_rate": 1.0, "collision_rate": 0.0, "out_of_bounds_rate": 0.0, "timeout_rate": 0.0, "policy_loss": 0.0003242176026105881, "value_loss": 1.502756029367447, "entropy": 0.6140878796577454, "approx_kl": 0.008990400179754943, "clip_fraction": 0.0677490234375, "grad_norm": 10.46609914302826, "explained_variance": 0.8218647837638855, "action_std_mean": 0.328968346118927, "optimizer_iterations": 4.0, "lr": 7.964288e-05}
{"step": 1021952, "wall_time": 1790752842.8609552, "episodes_completed": 13.0, "mean_episode_reward": 4.679840730359921, "std_episode_reward": 11.018896306428028, "min_episode_reward": -9.952728271484375, "max_episode_reward": 17.74761199951172, "mean_episode_length": 81.46153846153847, "success_rate": 0.5384615384615384, "collision_rate": 0.38461538461538464, "out_of_bounds_rate": 0.0, "timeout_rate": 0.07692307692307693, "policy_loss": 0.0005354774184525013, "value_loss": 1.692835420370102, "entropy": 0.6140200793743134, "approx_kl": 0.012311969418078661, "clip_fraction": 0.0791015625, "grad_norm": 9.499853253364563, "explained_variance": 0.8559678196907043, "action_std_mean": 0.3289429545402527, "optimizer_iterations": 4.0, "lr": 7.960192000000001e-05}
{"step": 1024000, "wall_time": 1790752853.8258436, "episodes_completed": 11.0, "mean_episode_reward": 2.346680513159795, "std_episode_reward": 10.729116269623875, "min_episode_reward": -10.038692474365234, "max_episode_reward": 18.229251861572266, "mean_episode_length": 73.0, "success_rate": 0.45454545454545453, "collision_rate": 0.45454545454545453, "out_of_bounds_rate": 0.0, "timeout_rate": 0.09090909090909091, "policy_loss": -0.0036331566516309977, "value_loss": 0.7950015068054199, "entropy": 0.6138606071472168, "approx_kl": 0.010938252904452384, "clip_fraction": 0.0694580078125, "grad_norm": 5.454296350479126, "explained_variance": 0.9000901579856873, "action_std_mean": 0.32892870903015137, "optimizer_iterations": 4.0, "lr": 7.956096e-05}
{"step": 1026048, "wall_time": 1790752864.742398, "episodes_completed": 11.0, "mean_episode_reward": 2.522986888885498, "std_episode_reward": 12.37701721503238, "min_episode_reward": -9.956664085388184, "max_episode_reward": 18.65924072265625, "mean_episode_length": 80.27272727272727, "success_rate": 0.45454545454545453, "collision_rate": 0.5454545454545454, "out_of_bounds_rate": 0.0, "timeout_rate": 0.0, "policy_loss": 5.5924057960510254e-05, "value_loss": 2.0770605206489563, "entropy": 0.613822728395462, "approx_kl": 0.017234979663044214, "clip_fraction": 0.0557861328125, "grad_norm": 8.152774572372437, "explained_variance": 0.7730803489685059, "action_std_mean": 0.32892680168151855, "optimizer_iterations": 4.0, "lr": 7.952000000000001e-05}
{"step": 1028096, "wall_time": 1790752875.8858845, "episodes_completed": 11.0, "mean_episode_reward": 2.0421860868280586, "std_episode_reward": 11.403631323466815, "min_episode_reward": -9.951456069946289, "max_episode_reward": 17.53676986694336, "mean_episode_length": 76.63636363636364, "success_rate": 0.45454545454545453, "collision_rate": 0.5454545454545454, "out_of_bounds_rate": 0.0, "timeout_rate": 0.0, "policy_loss": 0.0005042750271968544, "value_loss": 1.6960788667201996, "entropy": 0.6137947142124176, "approx_kl": 0.011053584050387144, "clip_fraction": 0.0877685546875, "grad_norm": 13.807505369186401, "explained_variance": 0.8648396134376526, "action_std_mean": 0.32891854643821716, "optimizer_iterations": 4.0, "lr": 7.947904e-05}
{"step": 1030144, "wall_time": 1790752886.9801784, "episodes_completed": 9.0, "mean_episode_reward": 1.3668276998731825, "std_episode_reward": 10.750444866801148, "min_episode_reward": -9.968527793884277, "max_episode_reward": 18.12024688720703, "mean_episode_length": 103.0, "success_rate": 0.3333333333333333, "collision_rate": 0.6666666666666666, "out_of_bounds_rate": 0.0, "timeout_rate": 0.0, "policy_loss": 0.0021182969212532043, "value_loss": 1.6516035497188568, "entropy": 0.6137409806251526, "approx_kl": 0.009948599734343588, "clip_fraction": 0.05517578125, "grad_norm": 22.689361095428467, "explained_variance": 0.8709909915924072, "action_std_mean": 0.32891085743904114, "optimizer_iterations": 4.0, "lr": 7.943808e-05}
{"step": 1032192, "wall_time": 1790752897.907941, "episodes_completed": 7.0, "mean_episode_reward": 7.33067342213222, "std_episode_reward": 10.401201785657545, "min_episode_reward": -9.950996398925781, "max_episode_reward": 17.246444702148438, "mean_episode_length": 84.14285714285714, "success_rate": 0.7142857142857143, "collision_rate": 0.2857142857142857, "out_of_bounds_rate": 0.0, "timeout_rate": 0.0, "policy_loss": -0.00272396020591259, "value_loss": 1.404865801334381, "entropy": 0.6137081980705261, "approx_kl": 0.0394488200545311, "clip_fraction": 0.1080322265625, "grad_norm": 9.626432061195374, "explained_variance": 0.7965712547302246, "action_std_mean": 0.3289138078689575, "optimizer_iterations": 4.0, "lr": 7.939712000000001e-05}
{"step": 1034240, "wall_time": 1790752908.9867194, "episodes_completed": 2.0, "mean_episode_reward": 12.620225429534912, "std_episode_reward": 2.597282886505127, "min_episode_reward": 10.022942543029785, "max_episode_reward": 15.217508316040039, "mean_episode_length": 65.0, "success_rate": 1.0, "collision_rate": 0.0, "out_of_bounds_rate": 0.0, "timeout_rate": 0.0, "policy_loss": -0.0009951014071702957, "value_loss": 0.3865293338894844, "entropy": 0.6137624382972717, "approx_kl": 0.009144827374257147, "clip_fraction": 0.0908203125, "grad_norm": 8.071859776973724, "explained_variance": 0.9041398167610168, "action_std_mean": 0.328927218914032, "optimizer_iterations": 4.0, "lr": 7.935616e-05}
{"step": 1036288, "wall_time": 1790752920.2314227, "episodes_completed": 6.0, "mean_episode_reward": 6.26346654817462, "std_episode_reward": 9.877368284572432, "min_episode_reward": -8.571946144104004, "max_episode_reward": 18.27658462524414, "mean_episode_length": 107.5, "success_rate": 0.5, "collision_rate": 0.16666666666666666, "out_of_bounds_rate": 0.0, "timeout_rate": 0.3333333333333333, "policy_loss": -0.0007510432042181492, "value_loss": 1.03093583881855, "entropy": 0.613811582326889, "approx_kl": 0.007358390837907791, "clip_fraction": 0.070068359375, "grad_norm": 7.6255335211753845, "explained_variance": 0.8259660005569458, "action_std_mean": 0.32891884446144104, "optimizer_iterations": 4.0, "lr": 7.93152e-05}
{"step": 1038336, "wall_time": 1790752931.4049957, "episodes_completed": 6.0, "mean_episode_reward": 3.5507542292277017, "std_episode_reward": 12.338132905708763, "min_episode_reward": -9.950003623962402, "max_episode_reward": 18.253780364990234, "mean_episode_length": 80.0, "success_rate": 0.5, "collision_rate": 0.5, "out_of_bounds_rate": 0.0, "timeout_rate": 0.0, "policy_loss": -0.0005856880452483892, "value_loss": 1.6902877986431122, "entropy": 0.6136770248413086, "approx_kl": 0.0073329409351572394, "clip_fraction": 0.0609130859375, "grad_norm": 7.404480338096619, "explained_variance": 0.7071976661682129, "action_std_mean": 0.3288767337799072, "optimizer_iterations": 4.0, "lr": 7.927424000000002e-05}
{"step": 1040384, "wall_time": 1790752942.3591058, "episodes_completed": 2.0, "mean_episode_reward": 3.5349979400634766, "std_episode_reward": 12.187443733215332, "min_episode_reward": -8.652445793151855, "max_episode_reward": 15.722441673278809, "mean_episode_length": 97.0, "success_rate": 0.5, "collision_rate": 0.5, "out_of_bounds_rate": 0.0, "timeout_rate": 0.0, "policy_loss": 0.0006411056965589523, "value_loss": 0.4145544022321701, "entropy": 0.6133851408958435, "approx_kl": 0.016953239450231194, "clip_fraction": 0.0550537109375, "grad_norm": 6.80644565820694, "explained_variance": 0.9185383915901184, "action_std_mean": 0.3288269639015198, "optimizer_iterations": 4.0, "lr": 7.923328000000001e-05}
{"step": 1042432, "wall_time": 1790752953.5764158, "episodes_completed": 6.0, "mean_episode_reward": 6.330803217055897, "std_episode_reward": 6.76595548154286, "min_episode_reward": 0.009107260033488274, "max_episode_reward": 17.53213882446289, "mean_episode_length": 135.0, "success_rate": 0.5, "collision_rate": 0.0, "out_of_bounds_rate": 0.0, "timeout_rate": 0.5, "policy_loss": -0.0049124754732474685, "value_loss": 0.5687574148178101, "entropy": 0.6130717396736145, "approx_kl": 0.009256383869796991, "clip_fraction": 0.0849609375, "grad_norm": 4.523477137088776, "explained_variance": 0.8777201771736145, "action_std_mean": 0.3287658095359802, "optimizer_iterations": 4.0, "lr": 7.919232e-05}
{"step": 1044480, "wall_time": 1790752964.8016393, "episodes_completed": 8.0, "mean_episode_reward": 7.969489366281778, "std_episode_reward": 7.50755162632387, "min_episode_reward": -8.384140968322754, "max_episode_reward": 14.980506896972656, "mean_episode_length": 99.875, "success_rate": 0.75, "collision_rate": 0.125, "out_of_bounds_rate": 0.0, "timeout_rate": 0.125, "policy_loss": -0.00209756288677454, "value_loss": 0.910090833902359, "entropy": 0.6126916706562042, "approx_kl": 0.004600380343617871, "clip_fraction": 0.0465087890625, "grad_norm": 7.3088513016700745, "explained_variance": 0.8667774200439453, "action_std_mean": 0.32871103286743164, "optimizer_iterations": 4.0, "lr": 7.915136000000001e-05}
{"step": 1046528, "wall_time": 1790752975.661977, "episodes_completed": 11.0, "mean_episode_reward": 4.4822773933410645, "std_episode_reward": 10.306672504072335, "min_episode_reward": -8.11318588256836, "max_episode_reward": 21.330322265625, "mean_episode_length": 83.45454545454545, "success_rate": 0.5454545454545454, "collision_rate": 0.45454545454545453, "out_of_bounds_rate": 0.0, "timeout_rate": 0.0, "policy_loss": 0.001943010836839676, "value_loss": 2.0519989132881165, "entropy": 0.6124090850353241, "approx_kl": 0.00936223624739796, "clip_fraction": 0.094970703125, "grad_norm": 17.602667927742004, "explained_variance": 0.8398914337158203, "action_std_mean": 0.3286799192428589, "optimizer_iterations": 4.0, "lr": 7.911040000000001e-05}
{"step": 1048576, "wall_time": 1790752986.8843508, "episodes_completed": 7.0, "mean_episode_reward": 3.3049677440098355, "std_episode_reward": 9.926384629905778, "min_episode_reward": -9.017801284790039, "max_episode_reward": 14.234251022338867, "mean_episode_length": 61.714285714285715, "success_rate": 0.5714285714285714, "collision_rate": 0.42857142857142855, "out_of_bounds_rate": 0.0, "timeout_rate": 0.0, "policy_loss": 0.002781407907605171, "value_loss": 2.874644637107849, "entropy": 0.612269788980484, "approx_kl": 0.022913120687007904, "clip_fraction": 0.1356201171875, "grad_norm": 10.301779747009277, "explained_variance": 0.6167957782745361, "action_std_mean": 0.328666090965271, "optimizer_iterations": 4.0, "lr": 7.906944e-05}
{"step": 1050624, "wall_time": 1790752998.103455, "episodes_completed": 7.0, "mean_episode_reward": 4.440449305943081, "std_episode_reward": 12.595469765771744, "min_episode_reward": -9.961254119873047, "max_episode_reward": 18.547466278076172, "mean_episode_length": 72.71428571428571, "success_rate": 0.5714285714285714, "collision_rate": 0.42857142857142855, "out_of_bounds_rate": 0.0, "timeout_rate": 0.0, "policy_loss": -0.0014397690538316965, "value_loss": 0.24248460307717323, "entropy": 0.6121885180473328, "approx_kl": 0.006486725062131882, "clip_fraction": 0.0526123046875, "grad_norm": 4.423565924167633, "explained_variance": 0.9668405652046204, "action_std_mean": 0.3286445140838623, "optimizer_iterations": 4.0, "lr": 7.902848000000001e-05}
{"step": 1052672, "wall_time": 1790753009.49902, "episodes_completed": 2.0, "mean_episode_reward": 4.519880533218384, "std_episode_reward": 8.063124418258667, "min_episode_reward": -3.543243885040283, "max_episode_reward": 12.58300495147705, "mean_episode_length": 122.5, "success_rate": 0.5, "collision_rate": 0.5, "out_of_bounds_rate": 0.0, "timeout_rate": 0.0, "policy_loss": -0.0018897410482168198, "value_loss": 0.6558381468057632, "entropy": 0.612049788236618, "approx_kl": 0.011385874124243855, "clip_fraction": 0.1492919921875, "grad_norm": 4.338991641998291, "explained_variance": 0.8232764005661011, "action_std_mean": 0.3286290168762207, "optimizer_iterations": 4.0, "lr": 7.898752e-05}
{"step": 1054720, "wall_time": 1790753020.8139818, "episodes_completed": 1.0, "mean_episode_reward": 18.41045570373535, "std_episode_reward": 0.0, "min_episode_reward": 18.41045570373535, "max_episode_reward": 18.41045570373535, "mean_episode_length": 246.0, "success_rate": 1.0, "collision_rate": 0.0, "out_of_bounds_rate": 0.0, "timeout_rate": 0.0, "policy_loss": -0.00518912635743618, "value_loss": 0.087028244510293, "entropy": 0.6119379699230194, "approx_kl": 0.006795183522626758, "clip_fraction": 0.0692138671875, "grad_norm": 3.018487185239792, "explained_variance": 0.9768089056015015, "action_std_mean": 0.3285787105560303, "optimizer_iterations": 4.0, "lr": 7.894656e-05}
{"step": 1056768, "wall_time": 1790753032.1421378, "episodes_completed": 5.0, "mean_episode_reward": 7.070576341450215, "std_episode_reward": 10.65934685020398, "min_episode_reward": -9.967399597167969, "max_episode_reward": 19.861099243164062, "mean_episode_length": 95.2, "success_rate": 0.6, "collision_rate": 0.2, "out_of_bounds_rate": 0.0, "timeout_rate": 0.2, "policy_loss": -0.005214060191065073, "value_loss": 0.36854226887226105, "entropy": 0.611505925655365, "approx_kl": 0.013430569786578417, "clip_fraction": 0.1251220703125, "grad_norm": 5.097390830516815, "explained_variance": 0.9380525350570679, "action_std_mean": 0.32850342988967896, "optimizer_iterations": 4.0, "lr": 7.89056e-05}
{"step": 1058816, "wall_time": 1790753043.2606828, "episodes_completed": 8.0, "mean_episode_reward": 3.3744436213746667, "std_episode_reward": 9.628402916664964, "min_episode_reward": -10.199110984802246, "max_episode_reward": 17.302499771118164, "mean_episode_length": 123.625, "success_rate": 0.375, "collision_rate": 0.375, "out_of_bounds_rate": 0.0, "timeout_rate": 0.25, "policy_loss": 0.0007041208446025848, "value_loss": 1.1310856938362122, "entropy": 0.611123114824295, "approx_kl": 0.00828442838974297, "clip_fraction": 0.0936279296875, "grad_norm": 9.457219123840332, "explained_variance": 0.8794734477996826, "action_std_mean": 0.32846805453300476, "optimizer_iterations": 4.0, "lr": 7.886464e-05}
{"step": 1060864, "wall_time": 1790753054.3247952, "episodes_completed": 8.0, "mean_episode_reward": -4.31084010982886, "std_episode_reward": 7.980698040829195, "min_episode_reward": -10.206019401550293, "max_episode_reward": 14.813374519348145, "mean_episode_length": 82.5, "success_rate": 0.125, "collision_rate": 0.75, "out_of_bounds_rate": 0.0, "timeout_rate": 0.125, "policy_loss": -0.0016082620713859797, "value_loss": 2.1222307085990906, "entropy": 0.6109747886657715, "approx_kl": 0.006099661462940276, "clip_fraction": 0.0655517578125, "grad_norm": 14.249547958374023, "explained_variance": 0.77635657787323, "action_std_mean": 0.32845747470855713, "optimizer_iterations": 4.0, "lr": 7.882368e-05}
{"step": 1062912, "wall_time": 1790753065.3849368, "episodes_completed": 14.0, "mean_episode_reward": 3.0318680815398693, "std_episode_reward": 11.711855492508542, "min_episode_reward": -9.953120231628418, "max_episode_reward": 21.75058364868164, "mean_episode_length": 76.92857142857143, "success_rate": 0.5, "collision_rate": 0.42857142857142855, "out_of_bounds_rate": 0.0, "timeout_rate": 0.07142857142857142, "policy_loss": -0.0020714332349598408, "value_loss": 1.6020120978355408, "entropy": 0.6109184622764587, "approx_kl": 0.010342193068936467, "clip_fraction": 0.078125, "grad_norm": 11.95324158668518, "explained_variance": 0.8303045630455017, "action_std_mean": 0.3284417986869812, "optimizer_iterations": 4.0, "lr": 7.878272e-05}
{"step": 1064960, "wall_time": 1790753076.3582497, "episodes_completed": 13.0, "mean_episode_reward": 4.780840616959792, "std_episode_reward": 10.279503415237699, "min_episode_reward": -9.632871627807617, "max_episode_reward": 17.01280975341797, "mean_episode_length": 58.30769230769231, "success_rate": 0.6153846153846154, "collision_rate": 0.38461538461538464, "out_of_bounds_rate": 0.0, "timeout_rate": 0.0, "policy_loss": 0.0026389332488179207, "value_loss": 2.43372243642807, "entropy": 0.6107985079288483, "approx_kl": 0.009204299713019282, "clip_fraction": 0.0953369140625, "grad_norm": 12.666666865348816, "explained_variance": 0.7887953519821167, "action_std_mean": 0.328425794839859, "optimizer_iterations": 4.0, "lr": 7.874176e-05}
{"step": 1067008, "wall_time": 1790753087.4680555, "episodes_completed": 10.0, "mean_episode_reward": 7.375007057189942, "std_episode_reward": 10.266678819260981, "min_episode_reward": -10.503247261047363, "max_episode_reward": 21.09014129638672, "mean_episode_length": 114.2, "success_rate": 0.7, "collision_rate": 0.3, "out_of_bounds_rate": 0.0, "timeout_rate": 0.0, "policy_loss": 0.004622496431693435, "value_loss": 1.7499874532222748, "entropy": 0.6107326745986938, "approx_kl": 0.014191869646310806, "clip_fraction": 0.108154296875, "grad_norm": 11.365691304206848, "explained_variance": 0.8145320415496826, "action_std_mean": 0.32841935753822327, "optimizer_iterations": 4.0, "lr": 7.87008e-05}
{"step": 1069056, "wall_time": 1790753098.5510974, "episodes_completed": 5.0, "mean_episode_reward": 10.289950180053712, "std_episode_reward": 8.469404828840172, "min_episode_reward": -6.0397844314575195, "max_episode_reward": 18.432668685913086, "mean_episode_length": 120.8, "success_rate": 0.8, "collision_rate": 0.2, "out_of_bounds_rate": 0.0, "timeout_rate": 0.0, "policy_loss": -0.001925683580338955, "value_loss": 0.7526413053274155, "entropy": 0.6107135713100433, "approx_kl": 0.0036438586830627173, "clip_fraction": 0.0364990234375, "grad_norm": 9.079683184623718, "explained_variance": 0.9165537357330322, "action_std_mean": 0.3284231424331665, "optimizer_iterations": 4.0, "lr": 7.865984000000001e-05}
{"step": 1071104, "wall_time": 1790753109.7771516, "episodes_completed": 7.0, "mean_episode_reward": 7.796094758169992, "std_episode_reward": 9.802665792496487, "min_episode_reward": -9.950167655944824, "max_episode_reward": 16.635643005371094, "mean_episode_length": 117.14285714285714, "success_rate": 0.7142857142857143, "collision_rate": 0.2857142857142857, "out_of_bounds_rate": 0.0, "timeout_rate": 0.0, "policy_loss": 0.0006972302217036486, "value_loss": 0.8744757026433945, "entropy": 0.6107578575611115, "approx_kl": 0.013912500347942114, "clip_fraction": 0.09130859375, "grad_norm": 5.326488673686981, "explained_variance": 0.9036156535148621, "action_std_mean": 0.32843124866485596, "optimizer_iterations": 4.0, "lr": 7.861888e-05}
{"step": 1073152, "wall_time": 1790753120.9782739, "episodes_completed": 7.0, "mean_episode_reward": 8.678524562290736, "std_episode_reward": 9.581759530652693, "min_episode_reward": -9.56527042388916, "max_episode_reward": 19.7384090423584, "mean_episode_length": 138.42857142857142, "success_rate": 0.7142857142857143, "collision_rate": 0.2857142857142857, "out_of_bounds_rate": 0.0, "timeout_rate": 0.0, "policy_loss": -0.0006047189235687256, "value_loss": 1.0089718401432037, "entropy": 0.6108069717884064, "approx_kl": 0.0027485679602250457, "clip_fraction": 0.0283203125, "grad_norm": 8.769578099250793, "explained_variance": 0.849976658821106, "action_std_mean": 0.32844415307044983, "optimizer_iterations": 4.0, "lr": 7.857792e-05}
{"step": 1075200, "wall_time": 1790753131.7971337, "episodes_completed": 5.0, "mean_episode_reward": -4.120105934143067, "std_episode_reward": 9.861755043284179, "min_episode_reward": -10.022244453430176, "max_episode_reward": 15.573297500610352, "mean_episode_length": 87.4, "success_rate": 0.2, "collision_rate": 0.8, "out_of_bounds_rate": 0.0, "timeout_rate": 0.0, "policy_loss": -0.004716513445600867, "value_loss": 2.305894911289215, "entropy": 0.610917866230011, "approx_kl": 0.03253570944070816, "clip_fraction": 0.09619140625, "grad_norm": 8.267082571983337, "explained_variance": 0.6849697828292847, "action_std_mean": 0.3284720778465271, "optimizer_iterations": 4.0, "lr": 7.853696000000001e-05}
{"step": 1077248, "wall_time": 1790753142.7986393, "episodes_completed": 6.0, "mean_episode_reward": 10.862733523050943, "std_episode_reward": 7.819088825229867, "min_episode_reward": -6.095217704772949, "max_episode_reward": 17.028621673583984, "mean_episode_length": 125.33333333333333, "success_rate": 0.8333333333333334, "collision_rate": 0.16666666666666666, "out_of_bounds_rate": 0.0, "timeout_rate": 0.0, "policy_loss": -0.0009171180427074432, "value_loss": 0.9282948225736618, "entropy": 0.6110963821411133, "approx_kl": 0.012945954804308712, "clip_fraction": 0.1378173828125, "grad_norm": 5.574368238449097, "explained_variance": 0.8815149068832397, "action_std_mean": 0.3284932076931, "optimizer_iterations": 4.0, "lr": 7.8496e-05}
{"step": 1079296, "wall_time": 1790753153.952733, "episodes_completed": 7.0, "mean_episode_reward": 1.1294569484889507, "std_episode_reward": 9.077323220695048, "min_episode_reward": -9.731904983520508, "max_episode_reward": 15.171485900878906, "mean_episode_length": 96.28571428571429, "success_rate": 0.2857142857142857, "collision_rate": 0.42857142857142855, "out_of_bounds_rate": 0.0, "timeout_rate": 0.2857142857142857, "policy_loss": 0.0004641310079023242, "value_loss": 1.5876159071922302, "entropy": 0.6112036406993866, "approx_kl": 0.023068734910339117, "clip_fraction": 0.0609130859375, "grad_norm": 8.382626175880432, "explained_variance": 0.7429428100585938, "action_std_mean": 0.3285175561904907, "optimizer_iterations": 4.0, "lr": 7.845504e-05}
{"step": 1081344, "wall_time": 1790753165.2763293, "episodes_completed": 5.0, "mean_episode_reward": 9.716446113586425, "std_episode_reward": 10.115966992290472, "min_episode_reward": -10.109848976135254, "max_episode_reward": 17.554004669189453, "mean_episode_length": 146.8, "success_rate": 0.8, "collision_rate": 0.2, "out_of_bounds_rate": 0.0, "timeout_rate": 0.0, "policy_loss": -0.001596695277839899, "value_loss": 0.8795054852962494, "entropy": 0.6113705635070801, "approx_kl": 0.011545094661414623, "clip_fraction": 0.126953125, "grad_norm": 4.5994210839271545, "explained_variance": 0.8689247965812683, "action_std_mean": 0.3285413682460785, "optimizer_iterations": 4.0, "lr": 7.841408e-05}
{"step": 1083392, "wall_time": 1790753176.310522, "episodes_completed": 11.0, "mean_episode_reward": 0.4118747277693315, "std_episode_reward": 9.854031969675807, "min_episode_reward": -8.952864646911621, "max_episode_reward": 16.83108139038086, "mean_episode_length": 75.63636363636364, "success_rate": 0.36363636363636365, "collision_rate": 0.6363636363636364, "out_of_bounds_rate": 0.0, "timeout_rate": 0.0, "policy_loss": 0.0016775121912360191, "value_loss": 3.1085389852523804, "entropy": 0.6114963889122009, "approx_kl": 0.008910871110856533, "clip_fraction": 0.0616455078125, "grad_norm": 20.04482388496399, "explained_variance": 0.7996929883956909, "action_std_mean": 0.32856252789497375, "optimizer_iterations": 4.0, "lr": 7.837312e-05}
{"step": 1085440, "wall_time": 1790753187.5660548, "episodes_completed": 5.0, "mean_episode_reward": 5.743952369689941, "std_episode_reward": 10.492811595980692, "min_episode_reward": -9.75413990020752, "max_episode_reward": 18.565410614013672, "mean_episode_length": 105.2, "success_rate": 0.6, "collision_rate": 0.4, "out_of_bounds_rate": 0.0, "timeout_rate": 0.0, "policy_loss": -0.0015339530073106289, "value_loss": 0.9984673410654068, "entropy": 0.6116356551647186, "approx_kl": 0.004747222730657086, "clip_fraction": 0.0447998046875, "grad_norm": 12.509081721305847, "explained_variance": 0.8401051759719849, "action_std_mean": 0.3285834491252899, "optimizer_iterations": 4.0, "lr": 7.833216e-05}
{"step": 1087488, "wall_time": 1790753198.847994, "episodes_completed": 5.0, "mean_episode_reward": 8.087574971467257, "std_episode_reward": 7.837474252730802, "min_episode_reward": -2.165821075439453, "max_episode_reward": 17.703563690185547, "mean_episode_length": 122.6, "success_rate": 0.6, "collision_rate": 0.2, "out_of_bounds_rate": 0.0, "timeout_rate": 0.2, "policy_loss": 0.0009473059326410294, "value_loss": 1.34068962931633, "entropy": 0.6117289364337921, "approx_kl": 0.023533266503363848, "clip_fraction": 0.159423828125, "grad_norm": 9.87479555606842, "explained_variance": 0.7462773323059082, "action_std_mean": 0.32859134674072266, "optimizer_iterations": 4.0, "lr": 7.829120000000001e-05}
{"step": 1089536, "wall_time": 1790753209.779742, "episodes_completed": 8.0, "mean_episode_reward": 10.309760332107544, "std_episode_reward": 5.246663673503082, "min_episode_reward": -2.651823043823242, "max_episode_reward": 15.941731452941895, "mean_episode_length": 92.0, "success_rate": 0.875, "collision_rate": 0.125, "out_of_bounds_rate": 0.0, "timeout_rate": 0.0, "policy_loss": 0.00036146678030490875, "value_loss": 1.3456728160381317, "entropy": 0.6117701530456543, "approx_kl": 0.004732508445158601, "clip_fraction": 0.03857421875, "grad_norm": 13.239384770393372, "explained_variance": 0.7244806289672852, "action_std_mean": 0.32859712839126587, "optimizer_iterations": 4.0, "lr": 7.825024000000001e-05}
{"step": 1091584, "wall_time": 1790753220.9575155, "episodes_completed": 7.0, "mean_episode_reward": -4.8440897805350165, "std_episode_reward": 7.634228311417908, "min_episode_reward": -9.951574325561523, "max_episode_reward": 13.321943283081055, "mean_episode_length": 89.57142857142857, "success_rate": 0.14285714285714285, "collision_rate": 0.8571428571428571, "out_of_bounds_rate": 0.0, "timeout_rate": 0.0, "policy_loss": -0.001620088005438447, "value_loss": 2.8821600675582886, "entropy": 0.6117953658103943, "approx_kl": 0.006965533830225468, "clip_fraction": 0.04931640625, "grad_norm": 16.500180959701538, "explained_variance": 0.6183984279632568, "action_std_mean": 0.3285972476005554, "optimizer_iterations": 4.0, "lr": 7.820928e-05}
{"step": 1093632, "wall_time": 1790753232.1459928, "episodes_completed": 8.0, "mean_episode_reward": -0.009385466575622559, "std_episode_reward": 11.719164229370158, "min_episode_reward": -9.989428520202637, "max_episode_reward": 16.437705993652344, "mean_episode_length": 62.875, "success_rate": 0.375, "collision_rate": 0.625, "out_of_bounds_rate": 0.0, "timeout_rate": 0.0, "policy_loss": -0.002306765876710415, "value_loss": 1.303089439868927, "entropy": 0.6117887794971466, "approx_kl": 0.005758328799856827, "clip_fraction": 0.0450439453125, "grad_norm": 7.560463905334473, "explained_variance": 0.8430711030960083, "action_std_mean": 0.32859688997268677, "optimizer_iterations": 4.0, "lr": 7.816832000000001e-05}
{"step": 1095680, "wall_time": 1790753243.2344122, "episodes_completed": 8.0, "mean_episode_reward": 6.912315061315894, "std_episode_reward": 10.997271661655155, "min_episode_reward": -9.464089393615723, "max_episode_reward": 20.661014556884766, "mean_episode_length": 91.5, "success_rate": 0.625, "collision_rate": 0.25, "out_of_bounds_rate": 0.0, "timeout_rate": 0.125, "policy_loss": -0.0017256031278520823, "value_loss": 0.5018340572714806, "entropy": 0.6118272840976715, "approx_kl": 0.004741039825603366, "clip_fraction": 0.0576171875, "grad_norm": 7.108284831047058, "explained_variance": 0.9404489994049072, "action_std_mean": 0.3286173939704895, "optimizer_iterations": 4.0, "lr": 7.812736e-05}
{"step": 1097728, "wall_time": 1790753254.2723362, "episodes_completed": 4.0, "mean_episode_reward": 9.103156358003616, "std_episode_reward": 5.559776275744092, "min_episode_reward": 0.16617023944854736, "max_episode_reward": 15.461557388305664, "mean_episode_length": 134.75, "success_rate": 0.75, "collision_rate": 0.0, "out_of_bounds_rate": 0.0, "timeout_rate": 0.25, "policy_loss": 0.00024257786571979523, "value_loss": 0.5735946744680405, "entropy": 0.6119751036167145, "approx_kl": 0.006737886229529977, "clip_fraction": 0.0411376953125, "grad_norm": 4.5593262910842896, "explained_variance": 0.8295357823371887, "action_std_mean": 0.32864248752593994, "optimizer_iterations": 4.0, "lr": 7.80864e-05}
{"step": 1099776, "wall_time": 1790753265.3830447, "episodes_completed": 6.0, "mean_episode_reward": 7.331813335418701, "std_episode_reward": 11.705985243835029, "min_episode_reward": -9.954455375671387, "max_episode_reward": 19.758438110351562, "mean_episode_length": 100.16666666666667, "success_rate": 0.6666666666666666, "collision_rate": 0.3333333333333333, "out_of_bounds_rate": 0.0, "timeout_rate": 0.0, "policy_loss": -0.0006557757733389735, "value_loss": 1.2727634012699127, "entropy": 0.6121189892292023, "approx_kl": 0.008961589424870908, "clip_fraction": 0.0831298828125, "grad_norm": 7.979632496833801, "explained_variance": 0.8102518320083618, "action_std_mean": 0.32866886258125305, "optimizer_iterations": 4.0, "lr": 7.804544e-05}
{"step": 1101824, "wall_time": 1790753276.3523269, "episodes_completed": 8.0, "mean_episode_reward": 3.689449965953827, "std_episode_reward": 12.096355196865614, "min_episode_reward": -9.952380180358887, "max_episode_reward": 20.770156860351562, "mean_episode_length": 86.375, "success_rate": 0.5, "collision_rate": 0.5, "out_of_bounds_rate": 0.0, "timeout_rate": 0.0, "policy_loss": -0.0009188007097691298, "value_loss": 1.4755327701568604, "entropy": 0.6122607886791229, "approx_kl": 0.006509897182695568, "clip_fraction": 0.062744140625, "grad_norm": 6.952509880065918, "explained_variance": 0.7883822321891785, "action_std_mean": 0.3286786377429962, "optimizer_iterations": 4.0, "lr": 7.800448e-05}
{"step": 1103872, "wall_time": 1790753287.2284584, "episodes_completed": 2.0, "mean_episode_reward": 14.895315170288086, "std_episode_reward": 0.4702911376953125, "min_episode_reward": 14.425024032592773, "max_episode_reward": 15.365606307983398, "mean_episode_length": 105.5, "success_rate": 1.0, "collision_rate": 0.0, "out_of_bounds_rate": 0.0, "timeout_rate": 0.0, "policy_loss": -0.0037979056069161743, "value_loss": 0.38560688495635986, "entropy": 0.6122786700725555, "approx_kl": 0.005043784447479993, "clip_fraction": 0.0579833984375, "grad_norm": 7.212335228919983, "explained_variance": 0.9269298315048218, "action_std_mean": 0.32867997884750366, "optimizer_iterations": 4.0, "lr": 7.796352e-05}
{"step": 1105920, "wall_time": 1790753298.2978377, "episodes_completed": 6.0, "mean_episode_reward": 2.2701796690622964, "std_episode_reward": 8.785832686908709, "min_episode_reward": -9.156206130981445, "max_episode_reward": 12.416431427001953, "mean_episode_length": 90.16666666666667, "success_rate": 0.5, "collision_rate": 0.5, "out_of_bounds_rate": 0.0, "timeout_rate": 0.0, "policy_loss": 0.0015048942295834422, "value_loss": 1.0667683482170105, "entropy": 0.612304151058197, "approx_kl": 0.009934511501342058, "clip_fraction": 0.1072998046875, "grad_norm": 12.097346425056458, "explained_variance": 0.8511148691177368, "action_std_mean": 0.32868725061416626, "optimizer_iterations": 4.0, "lr": 7.792256e-05}
{"step": 1107968, "wall_time": 1790753309.5015087, "episodes_completed": 6.0, "mean_episode_reward": 6.889130471274257, "std_episode_reward": 9.375855965957127, "min_episode_reward": -10.323920249938965, "max_episode_reward": 18.17506217956543, "mean_episode_length": 110.5, "success_rate": 0.6666666666666666, "collision_rate": 0.16666666666666666, "out_of_bounds_rate": 0.0, "timeout_rate": 0.16666666666666666, "policy_loss": -0.0017375145107507706, "value_loss": 0.9085159003734589, "entropy": 0.6122988164424896, "approx_kl": 0.010590073768980801, "clip_fraction": 0.07666015625, "grad_norm": 4.837301850318909, "explained_variance": 0.8745532035827637, "action_std_mean": 0.3286616802215576, "optimizer_iterations": 4.0, "lr": 7.78816e-05}
{"step": 1110016, "wall_time": 1790753320.6831353, "episodes_completed": 9.0, "mean_episode_reward": 4.526406659020318, "std_episode_reward": 9.721409778205233, "min_episode_reward": -8.963335037231445, "max_episode_reward": 16.164243698120117, "mean_episode_length": 82.22222222222223, "success_rate": 0.5555555555555556, "collision_rate": 0.4444444444444444, "out_of_bounds_rate": 0.0, "timeout_rate": 0.0, "policy_loss": -0.001650479156523943, "value_loss": 1.7900727689266205, "entropy": 0.6120944023132324, "approx_kl": 0.006087416200898588, "clip_fraction": 0.0411376953125, "grad_norm": 14.028499364852905, "explained_variance": 0.8187227845191956, "action_std_mean": 0.3286285400390625, "optimizer_iterations": 4.0, "lr": 7.784064e-05}
{"step": 1112064, "wall_time": 1790753331.726232, "episodes_completed": 8.0, "mean_episode_reward": 0.7497447729110718, "std_episode_reward": 10.385802463370943, "min_episode_reward": -9.950114250183105, "max_episode_reward": 17.360340118408203, "mean_episode_length": 82.25, "success_rate": 0.375, "collision_rate": 0.625, "out_of_bounds_rate": 0.0, "timeout_rate": 0.0, "policy_loss": -0.0020147294271737337, "value_loss": 1.7660999298095703, "entropy": 0.6119346022605896, "approx_kl": 0.007781061576679349, "clip_fraction": 0.0831298828125, "grad_norm": 9.20045804977417, "explained_variance": 0.7901176810264587, "action_std_mean": 0.3286150097846985, "optimizer_iterations": 4.0, "lr": 7.779968e-05}
{"step": 1114112, "wall_time": 1790753342.9125242, "episodes_completed": 6.0, "mean_episode_reward": 10.175380229949951, "std_episode_reward": 8.687754574690127, "min_episode_reward": -8.841658592224121, "max_episode_reward": 15.376771926879883, "mean_episode_length": 84.5, "success_rate": 0.8333333333333334, "collision_rate": 0.16666666666666666, "out_of_bounds_rate": 0.0, "timeout_rate": 0.0, "policy_loss": 0.003141985274851322, "value_loss": 0.8771331757307053, "entropy": 0.6118500232696533, "approx_kl": 0.011713200248777866, "clip_fraction": 0.1265869140625, "grad_norm": 5.693559646606445, "explained_variance": 0.9196327328681946, "action_std_mean": 0.3285890221595764, "optimizer_iterations": 4.0, "lr": 7.775872e-05}
{"step": 1116160, "wall_time": 1790753354.1239152, "episodes_completed": 5.0, "mean_episode_reward": 6.553875350952149, "std_episode_reward": 8.076627152389086, "min_episode_reward": -6.875151634216309, "max_episode_reward": 15.430985450744629, "mean_episode_length": 111.2, "success_rate": 0.6, "collision_rate": 0.4, "out_of_bounds_rate": 0.0, "timeout_rate": 0.0, "policy_loss": -0.0003917934373021126, "value_loss": 1.099249005317688, "entropy": 0.611682802438736, "approx_kl": 0.008438057731837034, "clip_fraction": 0.093017578125, "grad_norm": 10.208411931991577, "explained_variance": 0.8619294166564941, "action_std_mean": 0.3285645842552185, "optimizer_iterations": 4.0, "lr": 7.771776e-05}
{"step": 1118208, "wall_time": 1790753365.3165655, "episodes_completed": 3.0, "mean_episode_reward": 4.664046039183934, "std_episode_reward": 6.159141380201417, "min_episode_reward": 0.13273164629936218, "max_episode_reward": 13.371979713439941, "mean_episode_length": 110.0, "success_rate": 0.3333333333333333, "collision_rate": 0.3333333333333333, "out_of_bounds_rate": 0.0, "timeout_rate": 0.3333333333333333, "policy_loss": -0.003581688681151718, "value_loss": 0.8131461888551712, "entropy": 0.6115451753139496, "approx_kl": 0.011025040410459042, "clip_fraction": 0.0972900390625, "grad_norm": 6.8342918157577515, "explained_variance": 0.8749372363090515, "action_std_mean": 0.328541100025177, "optimizer_iterations": 4.0, "lr": 7.767680000000001e-05}
{"step": 1120256, "wall_time": 1790753376.4552836, "episodes_completed": 7.0, "mean_episode_reward": 3.0081171286957606, "std_episode_reward": 9.595765649503058, "min_episode_reward": -10.021919250488281, "max_episode_reward": 15.562979698181152, "mean_episode_length": 121.0, "success_rate": 0.42857142857142855, "collision_rate": 0.42857142857142855, "out_of_bounds_rate": 0.0, "timeout_rate": 0.14285714285714285, "policy_loss": -0.006127079017460346, "value_loss": 1.5645980834960938, "entropy": 0.6113901436328888, "approx_kl": 0.008109871414490044, "clip_fraction": 0.0792236328125, "grad_norm": 7.784942865371704, "explained_variance": 0.8222694993019104, "action_std_mean": 0.32851994037628174, "optimizer_iterations": 4.0, "lr": 7.763584e-05}
{"step": 1122304, "wall_time": 1790753387.6901958, "episodes_completed": 7.0, "mean_episode_reward": 0.5829474585396903, "std_episode_reward": 10.142812254362589, "min_episode_reward": -10.2977933883667, "max_episode_reward": 18.06952667236328, "mean_episode_length": 128.71428571428572, "success_rate": 0.2857142857142857, "collision_rate": 0.7142857142857143, "out_of_bounds_rate": 0.0, "timeout_rate": 0.0, "policy_loss": 0.0029255859553813934, "value_loss": 2.4605746269226074, "entropy": 0.611298531293869, "approx_kl": 0.01305280951783061, "clip_fraction": 0.0595703125, "grad_norm": 11.997580170631409, "explained_variance": 0.7973606586456299, "action_std_mean": 0.3285122513771057, "optimizer_iterations": 4.0, "lr": 7.759488e-05}
{"step": 1124352, "wall_time": 1790753398.674747, "episodes_completed": 12.0, "mean_episode_reward": 5.198822061220805, "std_episode_reward": 10.132555963338115, "min_episode_reward": -9.966695785522461, "max_episode_reward": 16.586429595947266, "mean_episode_length": 85.41666666666667, "success_rate": 0.5833333333333334, "collision_rate": 0.4166666666666667, "out_of_bounds_rate": 0.0, "timeout_rate": 0.0, "policy_loss": 0.0006548436358571053, "value_loss": 1.67985337972641, "entropy": 0.611256867647171, "approx_kl": 0.005496507219504565, "clip_fraction": 0.0498046875, "grad_norm": 15.95277738571167, "explained_variance": 0.8898857831954956, "action_std_mean": 0.32850486040115356, "optimizer_iterations": 4.0, "lr": 7.755392e-05}
{"step": 1126400, "wall_time": 1790753409.8427272, "episodes_completed": 4.0, "mean_episode_reward": 5.169877987354994, "std_episode_reward": 9.329144590973028, "min_episode_reward": -6.914974212646484, "max_episode_reward": 17.49197769165039, "mean_episode_length": 84.25, "success_rate": 0.5, "collision_rate": 0.25, "out_of_bounds_rate": 0.0, "timeout_rate": 0.25, "policy_loss": -0.0015696226619184017, "value_loss": 0.9658353328704834, "entropy": 0.6112033426761627, "approx_kl": 0.01266149920411408, "clip_fraction": 0.0634765625, "grad_norm": 8.589023351669312, "explained_variance": 0.8968554735183716, "action_std_mean": 0.3284963071346283, "optimizer_iterations": 4.0, "lr": 7.751296e-05}
{"step": 1128448, "wall_time": 1790753421.1262395, "episodes_completed": 4.0, "mean_episode_reward": 0.9596211910247803, "std_episode_reward": 9.412348248543053, "min_episode_reward": -9.964508056640625, "max_episode_reward": 10.525665283203125, "mean_episode_length": 86.25, "success_rate": 0.5, "collision_rate": 0.5, "out_of_bounds_rate": 0.0, "timeout_rate": 0.0, "policy_loss": -0.0026119910180568695, "value_loss": 1.2714992463588715, "entropy": 0.6111916601657867, "approx_kl": 0.008440111705567688, "clip_fraction": 0.064697265625, "grad_norm": 5.8111677169799805, "explained_variance": 0.8697776794433594, "action_std_mean": 0.3285103440284729, "optimizer_iterations": 4.0, "lr": 7.7472e-05}
{"step": 1130496, "wall_time": 1790753432.552022, "episodes_completed": 5.0, "mean_episode_reward": 9.357938003540038, "std_episode_reward": 9.544682199834897, "min_episode_reward": -9.458768844604492, "max_episode_reward": 15.475703239440918, "mean_episode_length": 75.4, "success_rate": 0.8, "collision_rate": 0.2, "out_of_bounds_rate": 0.0, "timeout_rate": 0.0, "policy_loss": -0.0022263098508119583, "value_loss": 0.6126494854688644, "entropy": 0.6113382279872894, "approx_kl": 0.009813461685553193, "clip_fraction": 0.1102294921875, "grad_norm": 7.542073726654053, "explained_variance": 0.9351192116737366, "action_std_mean": 0.32854700088500977, "optimizer_iterations": 4.0, "lr": 7.743104000000001e-05}
{"step": 1132544, "wall_time": 1790753443.8004477, "episodes_completed": 6.0, "mean_episode_reward": 3.3185634600619474, "std_episode_reward": 9.635767224559379, "min_episode_reward": -10.330974578857422, "max_episode_reward": 13.601078033447266, "mean_episode_length": 87.5, "success_rate": 0.5, "collision_rate": 0.3333333333333333, "out_of_bounds_rate": 0.0, "timeout_rate": 0.16666666666666666, "policy_loss": -0.0016842028126120567, "value_loss": 1.3214569687843323, "entropy": 0.6115677356719971, "approx_kl": 0.01764877885580063, "clip_fraction": 0.1822509765625, "grad_norm": 5.1916505098342896, "explained_variance": 0.8491529822349548, "action_std_mean": 0.32858383655548096, "optimizer_iterations": 4.0, "lr": 7.739008000000001e-05}
{"step": 1134592, "wall_time": 1790753454.8627956, "episodes_completed": 8.0, "mean_episode_reward": 5.7641114592552185, "std_episode_reward": 10.364298336182115, "min_episode_reward": -9.76272201538086, "max_episode_reward": 17.289583206176758, "mean_episode_length": 77.625, "success_rate": 0.625, "collision_rate": 0.375, "out_of_bounds_rate": 0.0, "timeout_rate": 0.0, "policy_loss": -0.001524321734905243, "value_loss": 1.8239417374134064, "entropy": 0.6117945313453674, "approx_kl": 0.00795921147800982, "clip_fraction": 0.0848388671875, "grad_norm": 12.143769264221191, "explained_variance": 0.8256312012672424, "action_std_mean": 0.3286195397377014, "optimizer_iterations": 4.0, "lr": 7.734912e-05}
{"step": 1136640, "wall_time": 1790753465.8870027, "episodes_completed": 5.0, "mean_episode_reward": 3.290481311455369, "std_episode_reward": 10.41412575018438, "min_episode_reward": -9.53220272064209, "max_episode_reward": 17.48522186279297, "mean_episode_length": 117.0, "success_rate": 0.4, "collision_rate": 0.4, "out_of_bounds_rate": 0.0, "timeout_rate": 0.2, "policy_loss": -0.00258949538692832, "value_loss": 0.8105890452861786, "entropy": 0.611992746591568, "approx_kl": 0.004437580239027739, "clip_fraction": 0.0556640625, "grad_norm": 6.753972291946411, "explained_variance": 0.8825259804725647, "action_std_mean": 0.32864195108413696, "optimizer_iterations": 4.0, "lr": 7.730816000000001e-05}
{"step": 1138688, "wall_time": 1790753476.8738272, "episodes_completed": 9.0, "mean_episode_reward": 12.130852532469564, "std_episode_reward": 4.706434967365097, "min_episode_reward": -0.05261857435107231, "max_episode_reward": 16.362289428710938, "mean_episode_length": 100.55555555555556, "success_rate": 0.8888888888888888, "collision_rate": 0.0, "out_of_bounds_rate": 0.0, "timeout_rate": 0.1111111111111111, "policy_loss": -0.0018392119091004133, "value_loss": 0.5134449154138565, "entropy": 0.612106055021286, "approx_kl": 0.010150414891541004, "clip_fraction": 0.05908203125, "grad_norm": 7.412711024284363, "explained_variance": 0.9059686660766602, "action_std_mean": 0.32865816354751587, "optimizer_iterations": 4.0, "lr": 7.72672e-05}
{"step": 1140736, "wall_time": 1790753487.8407764, "episodes_completed": 7.0, "mean_episode_reward": 12.891138894217354, "std_episode_reward": 1.6087879207739588, "min_episode_reward": 10.652644157409668, "max_episode_reward": 15.954605102539062, "mean_episode_length": 74.42857142857143, "success_rate": 1.0, "collision_rate": 0.0, "out_of_bounds_rate": 0.0, "timeout_rate": 0.0, "policy_loss": -0.0026531442999839783, "value_loss": 0.2881619483232498, "entropy": 0.6121759414672852, "approx_kl": 0.012856152490712702, "clip_fraction": 0.0992431640625, "grad_norm": 4.084178924560547, "explained_variance": 0.9515576362609863, "action_std_mean": 0.3286578059196472, "optimizer_iterations": 4.0, "lr": 7.722624e-05}
{"step": 1142784, "wall_time": 1790753498.9079683, "episodes_completed": 9.0, "mean_episode_reward": 8.52388498518202, "std_episode_reward": 8.050970020667533, "min_episode_reward": -10.006394386291504, "max_episode_reward": 15.161272048950195, "mean_episode_length": 108.11111111111111, "success_rate": 0.7777777777777778, "collision_rate": 0.2222222222222222, "out_of_bounds_rate": 0.0, "timeout_rate": 0.0, "policy_loss": -0.0013144719414412975, "value_loss": 1.1361884772777557, "entropy": 0.6121677458286285, "approx_kl": 0.011037135380320251, "clip_fraction": 0.0997314453125, "grad_norm": 5.840693950653076, "explained_variance": 0.8737027049064636, "action_std_mean": 0.32866156101226807, "optimizer_iterations": 4.0, "lr": 7.718528e-05}
{"step": 1144832, "wall_time": 1790753510.047264, "episodes_completed": 10.0, "mean_episode_reward": 7.548938179016114, "std_episode_reward": 9.920431382480315, "min_episode_reward": -9.952213287353516, "max_episode_reward": 19.070831298828125, "mean_episode_length": 89.8, "success_rate": 0.7, "collision_rate": 0.3, "out_of_bounds_rate": 0.0, "timeout_rate": 0.0, "policy_loss": 0.004291538847610354, "value_loss": 2.112929344177246, "entropy": 0.6122115850448608, "approx_kl": 0.01849521859548986, "clip_fraction": 0.115234375, "grad_norm": 9.879721283912659, "explained_variance": 0.7476284503936768, "action_std_mean": 0.3286716341972351, "optimizer_iterations": 4.0, "lr": 7.714432e-05}
{"step": 1146880, "wall_time": 1790753520.9804304, "episodes_completed": 4.0, "mean_episode_reward": 3.292499303817749, "std_episode_reward": 11.879999333685735, "min_episode_reward": -9.904580116271973, "max_episode_reward": 15.95451831817627, "mean_episode_length": 76.25, "success_rate": 0.5, "collision_rate": 0.5, "out_of_bounds_rate": 0.0, "timeout_rate": 0.0, "policy_loss": -0.00010184221900999546, "value_loss": 1.2523768246173859, "entropy": 0.6122543513774872, "approx_kl": 0.008622295572422445, "clip_fraction": 0.11279296875, "grad_norm": 7.874277353286743, "explained_variance": 0.8090250492095947, "action_std_mean": 0.3286721110343933, "optimizer_iterations": 4.0, "lr": 7.710336000000001e-05}
{"step": 1148928, "wall_time": 1790753532.1626017, "episodes_completed": 4.0, "mean_episode_reward": 15.772125005722046, "std_episode_reward": 3.987846222544553, "min_episode_reward": 10.302077293395996, "max_episode_reward": 21.557750701904297, "mean_episode_length": 167.0, "success_rate": 1.0, "collision_rate": 0.0, "out_of_bounds_rate": 0.0, "timeout_rate": 0.0, "policy_loss": -0.00026811473071575165, "value_loss": 0.28750209510326385, "entropy": 0.612286776304245, "approx_kl": 0.01563821081072092, "clip_fraction": 0.115966796875, "grad_norm": 5.0378899574279785, "explained_variance": 0.9626433253288269, "action_std_mean": 0.3286912441253662, "optimizer_iterations": 4.0, "lr": 7.70624e-05}
{"step": 1150976, "wall_time": 1790753543.2979047, "episodes_completed": 5.0, "mean_episode_reward": 8.731530679017306, "std_episode_reward": 11.960962368472265, "min_episode_reward": -10.232746124267578, "max_episode_reward": 21.834819793701172, "mean_episode_length": 168.4, "success_rate": 0.6, "collision_rate": 0.2, "out_of_bounds_rate": 0.0, "timeout_rate": 0.2, "policy_loss": 0.0088382912799716, "value_loss": 0.531752273440361, "entropy": 0.6124320328235626, "approx_kl": 0.027669338043779135, "clip_fraction": 0.2103271484375, "grad_norm": 6.973110318183899, "explained_variance": 0.9388926029205322, "action_std_mean": 0.3287186622619629, "optimizer_iterations": 4.0, "lr": 7.702144e-05}
{"step": 1153024, "wall_time": 1790753554.2305286, "episodes_completed": 6.0, "mean_episode_reward": 11.254961649576822, "std_episode_reward": 5.874682506968573, "min_episode_reward": -0.9033489227294922, "max_episode_reward": 17.851669311523438, "mean_episode_length": 130.66666666666666, "success_rate": 0.8333333333333334, "collision_rate": 0.16666666666666666, "out_of_bounds_rate": 0.0, "timeout_rate": 0.0, "policy_loss": 0.005268193781375885, "value_loss": 1.3252098560333252, "entropy": 0.6125923693180084, "approx_kl": 0.01957828924059868, "clip_fraction": 0.1907958984375, "grad_norm": 9.615734457969666, "explained_variance": 0.8240155577659607, "action_std_mean": 0.3287369906902313, "optimizer_iterations": 4.0, "lr": 7.698048e-05}
{"step": 1155072, "wall_time": 1790753565.3240676, "episodes_completed": 12.0, "mean_episode_reward": 3.183365543062488, "std_episode_reward": 9.094745892219898, "min_episode_reward": -9.952964782714844, "max_episode_reward": 13.63761043548584, "mean_episode_length": 89.58333333333333, "success_rate": 0.5, "collision_rate": 0.4166666666666667, "out_of_bounds_rate": 0.0, "timeout_rate": 0.08333333333333333, "policy_loss": 0.003325224737636745, "value_loss": 2.2706323862075806, "entropy": 0.6126657724380493, "approx_kl": 0.013480430468916893, "clip_fraction": 0.0531005859375, "grad_norm": 10.63166058063507, "explained_variance": 0.8041589856147766, "action_std_mean": 0.3287391662597656, "optimizer_iterations": 4.0, "lr": 7.693952e-05}
{"step": 1157120, "wall_time": 1790753576.5223188, "episodes_completed": 6.0, "mean_episode_reward": 7.665367126464844, "std_episode_reward": 9.275947506368317, "min_episode_reward": -9.850728034973145, "max_episode_reward": 17.57278060913086, "mean_episode_length": 136.66666666666666, "success_rate": 0.6666666666666666, "collision_rate": 0.3333333333333333, "out_of_bounds_rate": 0.0, "timeout_rate": 0.0, "policy_loss": -0.0021518701687455177, "value_loss": 0.9067614823579788, "entropy": 0.6126562058925629, "approx_kl": 0.015937703661620617, "clip_fraction": 0.0950927734375, "grad_norm": 7.316170811653137, "explained_variance": 0.8771575689315796, "action_std_mean": 0.32873210310935974, "optimizer_iterations": 4.0, "lr": 7.689855999999999e-05}
{"step": 1159168, "wall_time": 1790753587.3385417, "episodes_completed": 9.0, "mean_episode_reward": 7.8623720275031195, "std_episode_reward": 10.961227266285341, "min_episode_reward": -9.978143692016602, "max_episode_reward": 19.583824157714844, "mean_episode_length": 103.11111111111111, "success_rate": 0.6666666666666666, "collision_rate": 0.3333333333333333, "out_of_bounds_rate": 0.0, "timeout_rate": 0.0, "policy_loss": -0.0016190665774047375, "value_loss": 1.3736951351165771, "entropy": 0.6125918328762054, "approx_kl": 0.01490487065166235, "clip_fraction": 0.0872802734375, "grad_norm": 7.508660316467285, "explained_variance": 0.8502351641654968, "action_std_mean": 0.32871708273887634, "optimizer_iterations": 4.0, "lr": 7.68576e-05}
{"step": 1161216, "wall_time": 1790753598.4137862, "episodes_completed": 8.0, "mean_episode_reward": 7.080811262130737, "std_episode_reward": 10.22415969302075, "min_episode_reward": -9.984774589538574, "max_episode_reward": 19.212554931640625, "mean_episode_length": 54.125, "success_rate": 0.75, "collision_rate": 0.25, "out_of_bounds_rate": 0.0, "timeout_rate": 0.0, "policy_loss": -0.00020230654627084732, "value_loss": 0.7161723524332047, "entropy": 0.612483412027359, "approx_kl": 0.01846028259024024, "clip_fraction": 0.0938720703125, "grad_norm": 8.409203290939331, "explained_variance": 0.7946326732635498, "action_std_mean": 0.32869529724121094, "optimizer_iterations": 4.0, "lr": 7.681664000000001e-05}
{"step": 1163264, "wall_time": 1790753609.4967031, "episodes_completed": 4.0, "mean_episode_reward": 13.370448112487793, "std_episode_reward": 1.3828635176451647, "min_episode_reward": 11.618253707885742, "max_episode_reward": 15.122310638427734, "mean_episode_length": 91.75, "success_rate": 1.0, "collision_rate": 0.0, "out_of_bounds_rate": 0.0, "timeout_rate": 0.0, "policy_loss": -0.004914538469165564, "value_loss": 0.246410571038723, "entropy": 0.6123124063014984, "approx_kl": 0.013620124547742307, "clip_fraction": 0.1051025390625, "grad_norm": 5.001646161079407, "explained_variance": 0.9618508815765381, "action_std_mean": 0.32865116000175476, "optimizer_iterations": 4.0, "lr": 7.677568e-05}
{"step": 1165312, "wall_time": 1790753620.6328442, "episodes_completed": 6.0, "mean_episode_reward": 15.308722019195557, "std_episode_reward": 4.32871571601043, "min_episode_reward": 10.653532981872559, "max_episode_reward": 20.513763427734375, "mean_episode_length": 113.16666666666667, "success_rate": 1.0, "collision_rate": 0.0, "out_of_bounds_rate": 0.0, "timeout_rate": 0.0, "policy_loss": -0.003213772550225258, "value_loss": 0.295110285282135, "entropy": 0.6119873821735382, "approx_kl": 0.008438065531663597, "clip_fraction": 0.0711669921875, "grad_norm": 7.1697096824646, "explained_variance": 0.9735620617866516, "action_std_mean": 0.32858723402023315, "optimizer_iterations": 4.0, "lr": 7.673472000000001e-05}
{"step": 1167360, "wall_time": 1790753631.8344522, "episodes_completed": 5.0, "mean_episode_reward": 5.325455318018794, "std_episode_reward": 9.059907285248526, "min_episode_reward": -9.714022636413574, "max_episode_reward": 15.581635475158691, "mean_episode_length": 104.6, "success_rate": 0.6, "collision_rate": 0.2, "out_of_bounds_rate": 0.0, "timeout_rate": 0.2, "policy_loss": 0.009464405942708254, "value_loss": 0.8860251307487488, "entropy": 0.6115750670433044, "approx_kl": 0.006334650912322104, "clip_fraction": 0.0428466796875, "grad_norm": 13.513355731964111, "explained_variance": 0.8803949952125549, "action_std_mean": 0.3285176753997803, "optimizer_iterations": 4.0, "lr": 7.669376e-05}
{"step": 1169408, "wall_time": 1790753643.007274, "episodes_completed": 4.0, "mean_episode_reward": 7.6209070682525635, "std_episode_reward": 9.487095493575588, "min_episode_reward": -8.402095794677734, "max_episode_reward": 16.37339210510254, "mean_episode_length": 53.75, "success_rate": 0.75, "collision_rate": 0.25, "out_of_bounds_rate": 0.0, "timeout_rate": 0.0, "policy_loss": -0.0029885275289416313, "value_loss": 0.51480982452631, "entropy": 0.6111727058887482, "approx_kl": 0.0181844683829695, "clip_fraction": 0.05419921875, "grad_norm": 6.217725515365601, "explained_variance": 0.9273619651794434, "action_std_mean": 0.3284641206264496, "optimizer_iterations": 4.0, "lr": 7.66528e-05}
{"step": 1171456, "wall_time": 1790753654.254099, "episodes_completed": 13.0, "mean_episode_reward": 2.559310040794886, "std_episode_reward": 10.382750217770424, "min_episode_reward": -10.345735549926758, "max_episode_reward": 17.74665641784668, "mean_episode_length": 86.07692307692308, "success_rate": 0.46153846153846156, "collision_rate": 0.38461538461538464, "out_of_bounds_rate": 0.0, "timeout_rate": 0.15384615384615385, "policy_loss": -0.0011061299592256546, "value_loss": 1.8103989362716675, "entropy": 0.6108726561069489, "approx_kl": 0.008056271122768521, "clip_fraction": 0.0887451171875, "grad_norm": 11.467002868652344, "explained_variance": 0.867334246635437, "action_std_mean": 0.3284175395965576, "optimizer_iterations": 4.0, "lr": 7.661184000000001e-05}
{"step": 1173504, "wall_time": 1790753665.7040124, "episodes_completed": 3.0, "mean_episode_reward": -2.378445625305176, "std_episode_reward": 10.772761367009748, "min_episode_reward": -10.215217590332031, "max_episode_reward": 12.854414939880371, "mean_episode_length": 118.33333333333333, "success_rate": 0.3333333333333333, "collision_rate": 0.6666666666666666, "out_of_bounds_rate": 0.0, "timeout_rate": 0.0, "policy_loss": 0.0016465486260131001, "value_loss": 1.055357038974762, "entropy": 0.6105945706367493, "approx_kl": 0.005692690843716264, "clip_fraction": 0.0628662109375, "grad_norm": 12.545677661895752, "explained_variance": 0.8835638165473938, "action_std_mean": 0.3283765912055969, "optimizer_iterations": 4.0, "lr": 7.657088e-05}
{"step": 1175552, "wall_time": 1790753676.8005536, "episodes_completed": 10.0, "mean_episode_reward": 4.625061130523681, "std_episode_reward": 9.687611550234337, "min_episode_reward": -9.953633308410645, "max_episode_reward": 17.68520164489746, "mean_episode_length": 61.6, "success_rate": 0.6, "collision_rate": 0.4, "out_of_bounds_rate": 0.0, "timeout_rate": 0.0, "policy_loss": -0.0033987494825851172, "value_loss": 1.771533727645874, "entropy": 0.6103537380695343, "approx_kl": 0.005151925171958283, "clip_fraction": 0.06201171875, "grad_norm": 15.724198579788208, "explained_variance": 0.8220967650413513, "action_std_mean": 0.32833999395370483, "optimizer_iterations": 4.0, "lr": 7.652992000000001e-05}
{"step": 1177600, "wall_time": 1790753688.1165886, "episodes_completed": 6.0, "mean_episode_reward": 4.170754273732503, "std_episode_reward": 10.605320344139939, "min_episode_reward": -8.686721801757812, "max_episode_reward": 16.13608741760254, "mean_episode_length": 98.16666666666667, "success_rate": 0.5, "collision_rate": 0.5, "out_of_bounds_rate": 0.0, "timeout_rate": 0.0, "policy_loss": -0.0011459463275969028, "value_loss": 1.3929747641086578, "entropy": 0.6101491749286652, "approx_kl": 0.0061772975022904575, "clip_fraction": 0.029296875, "grad_norm": 10.125333070755005, "explained_variance": 0.8578737378120422, "action_std_mean": 0.3283124566078186, "optimizer_iterations": 4.0, "lr": 7.648896e-05}
{"step": 1179648, "wall_time": 1790753699.3578303, "episodes_completed": 10.0, "mean_episode_reward": -0.9617894649505615, "std_episode_reward": 11.845703838601667, "min_episode_reward": -9.966814041137695, "max_episode_reward": 19.419330596923828, "mean_episode_length": 66.8, "success_rate": 0.3, "collision_rate": 0.7, "out_of_bounds_rate": 0.0, "timeout_rate": 0.0, "policy_loss": -0.00030690524727106094, "value_loss": 2.622113883495331, "entropy": 0.6100055277347565, "approx_kl": 0.008459333388600498, "clip_fraction": 0.043701171875, "grad_norm": 17.18238115310669, "explained_variance": 0.7807747721672058, "action_std_mean": 0.3282976746559143, "optimizer_iterations": 4.0, "lr": 7.644800000000001e-05}
{"step": 1181696, "wall_time": 1790753710.4518468, "episodes_completed": 7.0, "mean_episode_reward": 4.357410975864956, "std_episode_reward": 11.123219706722868, "min_episode_reward": -10.308520317077637, "max_episode_reward": 16.999298095703125, "mean_episode_length": 106.71428571428571, "success_rate": 0.5714285714285714, "collision_rate": 0.42857142857142855, "out_of_bounds_rate": 0.0, "timeout_rate": 0.0, "policy_loss": -0.0015336936339735985, "value_loss": 1.1018765270709991, "entropy": 0.60994091629982, "approx_kl": 0.008081751642748713, "clip_fraction": 0.0718994140625, "grad_norm": 5.84549868106842, "explained_variance": 0.9100722670555115, "action_std_mean": 0.32829272747039795, "optimizer_iterations": 4.0, "lr": 7.640704e-05}
{"step": 1183744, "wall_time": 1790753721.7033608, "episodes_completed": 5.0, "mean_episode_reward": 1.3994707457721234, "std_episode_reward": 10.720972696641468, "min_episode_reward": -10.001667976379395, "max_episode_reward": 16.821571350097656, "mean_episode_length": 39.0, "success_rate": 0.4, "collision_rate": 0.4, "out_of_bounds_rate": 0.0, "timeout_rate": 0.2, "policy_loss": -0.002241466660052538, "value_loss": 0.7008828669786453, "entropy": 0.6099160015583038, "approx_kl": 0.00876095553394407, "clip_fraction": 0.08203125, "grad_norm": 6.902477741241455, "explained_variance": 0.9044829607009888, "action_std_mean": 0.32829195261001587, "optimizer_iterations": 4.0, "lr": 7.636608000000001e-05}
{"step": 1185792, "wall_time": 1790753732.9736016, "episodes_completed": 9.0, "mean_episode_reward": 10.614589903089735, "std_episode_reward": 7.589000422829392, "min_episode_reward": -9.950014114379883, "max_episode_reward": 17.648483276367188, "mean_episode_length": 76.11111111111111, "success_rate": 0.8888888888888888, "collision_rate": 0.1111111111111111, "out_of_bounds_rate": 0.0, "timeout_rate": 0.0, "policy_loss": 0.0033651385456323624, "value_loss": 0.5671923607587814, "entropy": 0.6099539995193481, "approx_kl": 0.01790875243023038, "clip_fraction": 0.151611328125, "grad_norm": 8.620996475219727, "explained_variance": 0.9387814998626709, "action_std_mean": 0.32831132411956787, "optimizer_iterations": 4.0, "lr": 7.632512000000001e-05}
{"step": 1187840, "wall_time": 1790753744.1886485, "episodes_completed": 7.0, "mean_episode_reward": 8.570823669433594, "std_episode_reward": 8.592048095400704, "min_episode_reward": -8.056938171386719, "max_episode_reward": 17.419754028320312, "mean_episode_length": 92.71428571428571, "success_rate": 0.7142857142857143, "collision_rate": 0.2857142857142857, "out_of_bounds_rate": 0.0, "timeout_rate": 0.0, "policy_loss": 0.0014551314525306225, "value_loss": 1.4857015311717987, "entropy": 0.6100830435752869, "approx_kl": 0.005745450267568231, "clip_fraction": 0.064208984375, "grad_norm": 11.907995462417603, "explained_variance": 0.8657413125038147, "action_std_mean": 0.3283289968967438, "optimizer_iterations": 4.0, "lr": 7.628416e-05}
{"step": 1189888, "wall_time": 1790753755.5114357, "episodes_completed": 9.0, "mean_episode_reward": 10.954990069071451, "std_episode_reward": 11.161338000515046, "min_episode_reward": -10.113146781921387, "max_episode_reward": 21.21784019470215, "mean_episode_length": 141.11111111111111, "success_rate": 0.7777777777777778, "collision_rate": 0.2222222222222222, "out_of_bounds_rate": 0.0, "timeout_rate": 0.0, "policy_loss": -0.003196471370756626, "value_loss": 1.5703109800815582, "entropy": 0.6101755201816559, "approx_kl": 0.013791780453175306, "clip_fraction": 0.07568359375, "grad_norm": 6.577850103378296, "explained_variance": 0.8496764302253723, "action_std_mean": 0.32834476232528687, "optimizer_iterations": 4.0, "lr": 7.624320000000001e-05}
{"step": 1191936, "wall_time": 1790753766.7163634, "episodes_completed": 7.0, "mean_episode_reward": 5.643251816076892, "std_episode_reward": 9.204783162569996, "min_episode_reward": -9.979710578918457, "max_episode_reward": 14.789655685424805, "mean_episode_length": 95.14285714285714, "success_rate": 0.5714285714285714, "collision_rate": 0.2857142857142857, "out_of_bounds_rate": 0.0, "timeout_rate": 0.14285714285714285, "policy_loss": 0.002415388822555542, "value_loss": 1.1007224023342133, "entropy": 0.6102930903434753, "approx_kl": 0.02668111608363688, "clip_fraction": 0.1094970703125, "grad_norm": 14.025940656661987, "explained_variance": 0.8468864560127258, "action_std_mean": 0.3283691108226776, "optimizer_iterations": 4.0, "lr": 7.620224e-05}
{"step": 1193984, "wall_time": 1790753778.004631, "episodes_completed": 8.0, "mean_episode_reward": 3.4357366133481264, "std_episode_reward": 8.637194686284072, "min_episode_reward": -8.574540138244629, "max_episode_reward": 17.65735626220703, "mean_episode_length": 115.625, "success_rate": 0.375, "collision_rate": 0.5, "out_of_bounds_rate": 0.0, "timeout_rate": 0.125, "policy_loss": 0.0007657427340745926, "value_loss": 1.921387642621994, "entropy": 0.6104440987110138, "approx_kl": 0.03807066101580858, "clip_fraction": 0.103271484375, "grad_norm": 14.225269794464111, "explained_variance": 0.7786803245544434, "action_std_mean": 0.32839372754096985, "optimizer_iterations": 4.0, "lr": 7.616128e-05}
{"step": 1196032, "wall_time": 1790753789.1200411, "episodes_completed": 4.0, "mean_episode_reward": 9.871541142463684, "std_episode_reward": 8.040280183629157, "min_episode_reward": -3.555894374847412, "max_episode_reward": 17.798931121826172, "mean_episode_length": 125.75, "success_rate": 0.75, "collision_rate": 0.25, "out_of_bounds_rate": 0.0, "timeout_rate": 0.0, "policy_loss": -0.0035086190328001976, "value_loss": 1.3770298063755035, "entropy": 0.6105957627296448, "approx_kl": 0.013584283762611449, "clip_fraction": 0.1357421875, "grad_norm": 6.273258686065674, "explained_variance": 0.7789244651794434, "action_std_mean": 0.3284193277359009, "optimizer_iterations": 4.0, "lr": 7.612032e-05}
{"step": 1198080, "wall_time": 1790753800.27011, "episodes_completed": 5.0, "mean_episode_reward": 11.4751558303833, "std_episode_reward": 9.086821250698334, "min_episode_reward": -5.619150161743164, "max_episode_reward": 18.93942642211914, "mean_episode_length": 123.4, "success_rate": 0.8, "collision_rate": 0.2, "out_of_bounds_rate": 0.0, "timeout_rate": 0.0, "policy_loss": 0.0006187767721712589, "value_loss": 1.0835925936698914, "entropy": 0.6107341051101685, "approx_kl": 0.013198674190789461, "clip_fraction": 0.1112060546875, "grad_norm": 8.840332269668579, "explained_variance": 0.8393134474754333, "action_std_mean": 0.32843467593193054, "optimizer_iterations": 4.0, "lr": 7.607936e-05}
{"step": 1200128, "wall_time": 1790753811.4199288, "episodes_completed": 5.0, "mean_episode_reward": 4.677211093902588, "std_episode_reward": 10.479353077898178, "min_episode_reward": -9.950301170349121, "max_episode_reward": 13.903844833374023, "mean_episode_length": 62.6, "success_rate": 0.6, "collision_rate": 0.4, "out_of_bounds_rate": 0.0, "timeout_rate": 0.0, "policy_loss": 0.003229384310543537, "value_loss": 0.643791452050209, "entropy": 0.6108175814151764, "approx_kl": 0.01600884273648262, "clip_fraction": 0.1539306640625, "grad_norm": 10.408973932266235, "explained_variance": 0.9029937982559204, "action_std_mean": 0.32845646142959595, "optimizer_iterations": 4.0, "lr": 7.60384e-05}
{"step": 1202176, "wall_time": 1790753822.5280094, "episodes_completed": 8.0, "mean_episode_reward": 1.1401923894882202, "std_episode_reward": 9.904972973386238, "min_episode_reward": -10.297630310058594, "max_episode_reward": 14.316980361938477, "mean_episode_length": 110.875, "success_rate": 0.375, "collision_rate": 0.5, "out_of_bounds_rate": 0.0, "timeout_rate": 0.125, "policy_loss": 0.004268596530891955, "value_loss": 1.7685362994670868, "entropy": 0.6109792292118073, "approx_kl": 0.006284123635850847, "clip_fraction": 0.06103515625, "grad_norm": 17.682454824447632, "explained_variance": 0.8219915628433228, "action_std_mean": 0.32848113775253296, "optimizer_iterations": 4.0, "lr": 7.599744e-05}
{"step": 1204224, "wall_time": 1790753833.4830663, "episodes_completed": 5.0, "mean_episode_reward": -1.4492300644516944, "std_episode_reward": 11.8035020034484, "min_episode_reward": -9.951386451721191, "max_episode_reward": 21.0146484375, "mean_episode_length": 67.6, "success_rate": 0.2, "collision_rate": 0.6, "out_of_bounds_rate": 0.0, "timeout_rate": 0.2, "policy_loss": -0.00040766503661870956, "value_loss": 0.607418105006218, "entropy": 0.6110990941524506, "approx_kl": 0.09196703881025314, "clip_fraction": 0.113525390625, "grad_norm": 8.330456256866455, "explained_variance": 0.8870886564254761, "action_std_mean": 0.32849347591400146, "optimizer_iterations": 4.0, "lr": 7.595648000000001e-05}
{"step": 1206272, "wall_time": 1790753844.723536, "episodes_completed": 6.0, "mean_episode_reward": 9.010952790578207, "std_episode_reward": 12.456774114406143, "min_episode_reward": -8.894886016845703, "max_episode_reward": 21.497234344482422, "mean_episode_length": 132.33333333333334, "success_rate": 0.6666666666666666, "collision_rate": 0.3333333333333333, "out_of_bounds_rate": 0.0, "timeout_rate": 0.0, "policy_loss": 0.0015730873419670388, "value_loss": 1.6844588816165924, "entropy": 0.6111592054367065, "approx_kl": 0.010090922703966498, "clip_fraction": 0.0740966796875, "grad_norm": 9.521531701087952, "explained_variance": 0.8059123754501343, "action_std_mean": 0.32850131392478943, "optimizer_iterations": 4.0, "lr": 7.591552e-05}
{"step": 1208320, "wall_time": 1790753855.9014304, "episodes_completed": 11.0, "mean_episode_reward": 6.050343311307105, "std_episode_reward": 10.443211311278603, "min_episode_reward": -9.515018463134766, "max_episode_reward": 18.003385543823242, "mean_episode_length": 94.18181818181819, "success_rate": 0.5454545454545454, "collision_rate": 0.2727272727272727, "out_of_bounds_rate": 0.0, "timeout_rate": 0.18181818181818182, "policy_loss": -0.0007826979272067547, "value_loss": 2.082035779953003, "entropy": 0.6111961603164673, "approx_kl": 0.02288716472685337, "clip_fraction": 0.1329345703125, "grad_norm": 8.02793550491333, "explained_variance": 0.7977267503738403, "action_std_mean": 0.3285027742385864, "optimizer_iterations": 4.0, "lr": 7.587456000000001e-05}
{"step": 1210368, "wall_time": 1790753866.9511986, "episodes_completed": 3.0, "mean_episode_reward": 15.946874300638834, "std_episode_reward": 2.2728753610767396, "min_episode_reward": 14.236634254455566, "max_episode_reward": 19.158952713012695, "mean_episode_length": 181.33333333333334, "success_rate": 1.0, "collision_rate": 0.0, "out_of_bounds_rate": 0.0, "timeout_rate": 0.0, "policy_loss": -0.004226969555020332, "value_loss": 0.3416595757007599, "entropy": 0.6112112700939178, "approx_kl": 0.01762876263819635, "clip_fraction": 0.1221923828125, "grad_norm": 6.263704538345337, "explained_variance": 0.9429550766944885, "action_std_mean": 0.3285099267959595, "optimizer_iterations": 4.0, "lr": 7.58336e-05}
{"step": 1212416, "wall_time": 1790753878.0863762, "episodes_completed": 2.0, "mean_episode_reward": 5.356125354766846, "std_episode_reward": 15.365169048309326, "min_episode_reward": -10.00904369354248, "max_episode_reward": 20.721294403076172, "mean_episode_length": 126.0, "success_rate": 0.5, "collision_rate": 0.5, "out_of_bounds_rate": 0.0, "timeout_rate": 0.0, "policy_loss": -0.00441349670290947, "value_loss": 0.2183823101222515, "entropy": 0.611262321472168, "approx_kl": 0.015187722747214139, "clip_fraction": 0.083984375, "grad_norm": 5.436012506484985, "explained_variance": 0.9697993397712708, "action_std_mean": 0.32851648330688477, "optimizer_iterations": 4.0, "lr": 7.579264e-05}
{"step": 1214464, "wall_time": 1790753889.1849668, "episodes_completed": 9.0, "mean_episode_reward": 5.86306815677219, "std_episode_reward": 10.284980500027435, "min_episode_reward": -9.660032272338867, "max_episode_reward": 15.096906661987305, "mean_episode_length": 63.333333333333336, "success_rate": 0.6666666666666666, "collision_rate": 0.3333333333333333, "out_of_bounds_rate": 0.0, "timeout_rate": 0.0, "policy_loss": -0.004512630170211196, "value_loss": 0.7984640598297119, "entropy": 0.6113045513629913, "approx_kl": 0.011922289617359638, "clip_fraction": 0.110595703125, "grad_norm": 8.37195909023285, "explained_variance": 0.9461036920547485, "action_std_mean": 0.32852694392204285, "optimizer_iterations": 4.0, "lr": 7.575168000000001e-05}
{"step": 1216512, "wall_time": 1790753900.287275, "episodes_completed": 8.0, "mean_episode_reward": 4.916895113419741, "std_episode_reward": 9.751344118829797, "min_episode_reward": -9.902156829833984, "max_episode_reward": 18.418155670166016, "mean_episode_length": 87.125, "success_rate": 0.5, "collision_rate": 0.375, "out_of_bounds_rate": 0.0, "timeout_rate": 0.125, "policy_loss": -0.0012362288543954492, "value_loss": 0.7334553897380829, "entropy": 0.6113442182540894, "approx_kl": 0.008842001901939511, "clip_fraction": 0.1134033203125, "grad_norm": 6.970587730407715, "explained_variance": 0.9205888509750366, "action_std_mean": 0.3285166323184967, "optimizer_iterations": 4.0, "lr": 7.571072e-05}
{"step": 1218560, "wall_time": 1790753911.4344873, "episodes_completed": 1.0, "mean_episode_reward": 18.899913787841797, "std_episode_reward": 0.0, "min_episode_reward": 18.899913787841797, "max_episode_reward": 18.899913787841797, "mean_episode_length": 192.0, "success_rate": 1.0, "collision_rate": 0.0, "out_of_bounds_rate": 0.0, "timeout_rate": 0.0, "policy_loss": 0.0010771872475743294, "value_loss": 0.12194526381790638, "entropy": 0.6112573742866516, "approx_kl": 0.01291509484872222, "clip_fraction": 0.129638671875, "grad_norm": 4.862721860408783, "explained_variance": 0.983105480670929, "action_std_mean": 0.3285035490989685, "optimizer_iterations": 4.0, "lr": 7.566976e-05}
{"step": 1220608, "wall_time": 1790753922.506827, "episodes_completed": 10.0, "mean_episode_reward": 5.268811946734786, "std_episode_reward": 10.192117685667176, "min_episode_reward": -9.950867652893066, "max_episode_reward": 15.012983322143555, "mean_episode_length": 68.0, "success_rate": 0.6, "collision_rate": 0.3, "out_of_bounds_rate": 0.0, "timeout_rate": 0.1, "policy_loss": 0.00032078963704407215, "value_loss": 1.4232580363750458, "entropy": 0.6111932694911957, "approx_kl": 0.007895873510278761, "clip_fraction": 0.0853271484375, "grad_norm": 8.008850932121277, "explained_variance": 0.8667505383491516, "action_std_mean": 0.3285009264945984, "optimizer_iterations": 4.0, "lr": 7.56288e-05}
{"step": 1222656, "wall_time": 1790753933.620843, "episodes_completed": 12.0, "mean_episode_reward": 2.4187970956166587, "std_episode_reward": 10.54616354978313, "min_episode_reward": -10.353598594665527, "max_episode_reward": 17.56865692138672, "mean_episode_length": 56.5, "success_rate": 0.5, "collision_rate": 0.5, "out_of_bounds_rate": 0.0, "timeout_rate": 0.0, "policy_loss": 0.002340412698686123, "value_loss": 2.0331225395202637, "entropy": 0.6112161576747894, "approx_kl": 0.025876209139823914, "clip_fraction": 0.13330078125, "grad_norm": 9.34375512599945, "explained_variance": 0.8455033898353577, "action_std_mean": 0.3285122215747833, "optimizer_iterations": 4.0, "lr": 7.558784000000001e-05}
{"step": 1224704, "wall_time": 1790753944.7519133, "episodes_completed": 7.0, "mean_episode_reward": 8.822407722473145, "std_episode_reward": 9.458497639921342, "min_episode_reward": -3.0456295013427734, "max_episode_reward": 21.182708740234375, "mean_episode_length": 156.71428571428572, "success_rate": 0.5714285714285714, "collision_rate": 0.42857142857142855, "out_of_bounds_rate": 0.0, "timeout_rate": 0.0, "policy_loss": 0.0013585519045591354, "value_loss": 1.5873609781265259, "entropy": 0.6112928092479706, "approx_kl": 0.022217056713998318, "clip_fraction": 0.08203125, "grad_norm": 12.370751142501831, "explained_variance": 0.7986181974411011, "action_std_mean": 0.3285214602947235, "optimizer_iterations": 4.0, "lr": 7.554688e-05}
{"step": 1226752, "wall_time": 1790753955.8059635, "episodes_completed": 8.0, "mean_episode_reward": 6.098453938961029, "std_episode_reward": 10.692899239371279, "min_episode_reward": -7.877420425415039, "max_episode_reward": 16.970054626464844, "mean_episode_length": 85.75, "success_rate": 0.625, "collision_rate": 0.375, "out_of_bounds_rate": 0.0, "timeout_rate": 0.0, "policy_loss": 0.0009534535929560661, "value_loss": 1.9100856184959412, "entropy": 0.611322671175003, "approx_kl": 0.005194392520934343, "clip_fraction": 0.0335693359375, "grad_norm": 12.29627275466919, "explained_variance": 0.7730424404144287, "action_std_mean": 0.32851988077163696, "optimizer_iterations": 4.0, "lr": 7.550592000000001e-05}
{"step": 1228800, "wall_time": 1790753966.9408176, "episodes_completed": 7.0, "mean_episode_reward": 14.034998621259417, "std_episode_reward": 2.0697851023403446, "min_episode_reward": 10.401057243347168, "max_episode_reward": 16.062490463256836, "mean_episode_length": 95.42857142857143, "success_rate": 1.0, "collision_rate": 0.0, "out_of_bounds_rate": 0.0, "timeout_rate": 0.0, "policy_loss": -0.00043918099254369736, "value_loss": 1.0810291171073914, "entropy": 0.6112813651561737, "approx_kl": 0.004707248997874558, "clip_fraction": 0.03857421875, "grad_norm": 8.906520366668701, "explained_variance": 0.8732593059539795, "action_std_mean": 0.32849809527397156, "optimizer_iterations": 4.0, "lr": 7.546496000000001e-05}
{"step": 1230848, "wall_time": 1790753978.2011147, "episodes_completed": 17.0, "mean_episode_reward": 3.5804522738737217, "std_episode_reward": 10.866868512053399, "min_episode_reward": -9.965258598327637, "max_episode_reward": 17.346702575683594, "mean_episode_length": 69.52941176470588, "success_rate": 0.5294117647058824, "collision_rate": 0.47058823529411764, "out_of_bounds_rate": 0.0, "timeout_rate": 0.0, "policy_loss": 0.0006723154801875353, "value_loss": 2.8095651865005493, "entropy": 0.611099511384964, "approx_kl": 0.0102615108480677, "clip_fraction": 0.0977783203125, "grad_norm": 12.07318377494812, "explained_variance": 0.798194408416748, "action_std_mean": 0.32846224308013916, "optimizer_iterations": 4.0, "lr": 7.5424e-05}
{"step": 1232896, "wall_time": 1790753989.2564268, "episodes_completed": 8.0, "mean_episode_reward": 4.686989784240723, "std_episode_reward": 11.035107963075392, "min_episode_reward": -9.640692710876465, "max_episode_reward": 18.350547790527344, "mean_episode_length": 91.75, "success_rate": 0.625, "collision_rate": 0.375, "out_of_bounds_rate": 0.0, "timeout_rate": 0.0, "policy_loss": -0.0030851897317916155, "value_loss": 1.3732619881629944, "entropy": 0.6109010875225067, "approx_kl": 0.010604575742036104, "clip_fraction": 0.09521484375, "grad_norm": 7.32161283493042, "explained_variance": 0.8567935228347778, "action_std_mean": 0.3284419775009155, "optimizer_iterations": 4.0, "lr": 7.538304000000001e-05}
{"step": 1234944, "wall_time": 1790754000.2744792, "episodes_completed": 12.0, "mean_episode_reward": 3.9682209491729736, "std_episode_reward": 10.65133232394913, "min_episode_reward": -10.049409866333008, "max_episode_reward": 21.48918914794922, "mean_episode_length": 90.33333333333333, "success_rate": 0.5, "collision_rate": 0.5, "out_of_bounds_rate": 0.0, "timeout_rate": 0.0, "policy_loss": -0.00019501429051160812, "value_loss": 2.125098943710327, "entropy": 0.6108198165893555, "approx_kl": 0.011416710447520018, "clip_fraction": 0.087890625, "grad_norm": 16.371793508529663, "explained_variance": 0.8725906014442444, "action_std_mean": 0.328434020280838, "optimizer_iterations": 4.0, "lr": 7.534208e-05}
{"step": 1236992, "wall_time": 1790754011.4325967, "episodes_completed": 11.0, "mean_episode_reward": -0.22094995325261896, "std_episode_reward": 10.96204883150157, "min_episode_reward": -9.970841407775879, "max_episode_reward": 18.470375061035156, "mean_episode_length": 63.90909090909091, "success_rate": 0.36363636363636365, "collision_rate": 0.6363636363636364, "out_of_bounds_rate": 0.0, "timeout_rate": 0.0, "policy_loss": 0.007810145150870085, "value_loss": 1.9677579998970032, "entropy": 0.6107665002346039, "approx_kl": 0.011767165618948638, "clip_fraction": 0.083740234375, "grad_norm": 15.260107278823853, "explained_variance": 0.8618605136871338, "action_std_mean": 0.3284241557121277, "optimizer_iterations": 4.0, "lr": 7.530112e-05}
{"step": 1239040, "wall_time": 1790754022.3472288, "episodes_completed": 6.0, "mean_episode_reward": 11.857439994812012, "std_episode_reward": 10.35677377079502, "min_episode_reward": -9.950078010559082, "max_episode_reward": 21.237720489501953, "mean_episode_length": 121.66666666666667, "success_rate": 0.8333333333333334, "collision_rate": 0.16666666666666666, "out_of_bounds_rate": 0.0, "timeout_rate": 0.0, "policy_loss": -0.005119917448610067, "value_loss": 0.4796628877520561, "entropy": 0.6106680035591125, "approx_kl": 0.017536597209982574, "clip_fraction": 0.1773681640625, "grad_norm": 6.02824068069458, "explained_variance": 0.9301568269729614, "action_std_mean": 0.3283916115760803, "optimizer_iterations": 4.0, "lr": 7.526016e-05}
{"step": 1241088, "wall_time": 1790754033.4478571, "episodes_completed": 4.0, "mean_episode_reward": 3.9178242683410645, "std_episode_reward": 10.422278334850795, "min_episode_reward": -8.68911361694336, "max_episode_reward": 16.17844009399414, "mean_episode_length": 111.0, "success_rate": 0.5, "collision_rate": 0.5, "out_of_bounds_rate": 0.0, "timeout_rate": 0.0, "policy_loss": -0.002204357646405697, "value_loss": 1.5609748363494873, "entropy": 0.610449492931366, "approx_kl": 0.014570609666407108, "clip_fraction": 0.1376953125, "grad_norm": 9.716609716415405, "explained_variance": 0.7426450252532959, "action_std_mean": 0.32836008071899414, "optimizer_iterations": 4.0, "lr": 7.52192e-05}
{"step": 1243136, "wall_time": 1790754044.6663308, "episodes_completed": 3.0, "mean_episode_reward": -0.9409755071004232, "std_episode_reward": 11.673757805827726, "min_episode_reward": -9.95098876953125, "max_episode_reward": 15.544418334960938, "mean_episode_length": 104.66666666666667, "success_rate": 0.3333333333333333, "collision_rate": 0.6666666666666666, "out_of_bounds_rate": 0.0, "timeout_rate": 0.0, "policy_loss": -0.0014530906337313354, "value_loss": 0.3115851581096649, "entropy": 0.6103152334690094, "approx_kl": 0.004142744815908372, "clip_fraction": 0.03515625, "grad_norm": 6.234002888202667, "explained_variance": 0.9585232138633728, "action_std_mean": 0.3283589482307434, "optimizer_iterations": 4.0, "lr": 7.517824e-05}
{"step": 1245184, "wall_time": 1790754055.720676, "episodes_completed": 5.0, "mean_episode_reward": 5.362972736358643, "std_episode_reward": 10.026553198406425, "min_episode_reward": -9.814963340759277, "max_episode_reward": 16.603118896484375, "mean_episode_length": 110.6, "success_rate": 0.6, "collision_rate": 0.4, "out_of_bounds_rate": 0.0, "timeout_rate": 0.0, "policy_loss": -0.004265663155820221, "value_loss": 1.0785765051841736, "entropy": 0.6103891134262085, "approx_kl": 0.011231415905058384, "clip_fraction": 0.1295166015625, "grad_norm": 6.633647918701172, "explained_variance": 0.8984231948852539, "action_std_mean": 0.32839030027389526, "optimizer_iterations": 4.0, "lr": 7.513728e-05}
{"step": 1247232, "wall_time": 1790754066.640616, "episodes_completed": 5.0, "mean_episode_reward": 4.344514656066894, "std_episode_reward": 8.163787567325501, "min_episode_reward": -8.703878402709961, "max_episode_reward": 11.540072441101074, "mean_episode_length": 50.2, "success_rate": 0.6, "collision_rate": 0.4, "out_of_bounds_rate": 0.0, "timeout_rate": 0.0, "policy_loss": 0.0004722950980067253, "value_loss": 0.4507896155118942, "entropy": 0.6106144785881042, "approx_kl": 0.0082734294119291, "clip_fraction": 0.0831298828125, "grad_norm": 8.696960091590881, "explained_variance": 0.9436061978340149, "action_std_mean": 0.3284364342689514, "optimizer_iterations": 4.0, "lr": 7.509632e-05}
{"step": 1249280, "wall_time": 1790754077.7161574, "episodes_completed": 5.0, "mean_episode_reward": 1.2166607856750489, "std_episode_reward": 8.991991092753356, "min_episode_reward": -6.467991828918457, "max_episode_reward": 14.085577011108398, "mean_episode_length": 78.2, "success_rate": 0.4, "collision_rate": 0.6, "out_of_bounds_rate": 0.0, "timeout_rate": 0.0, "policy_loss": -7.438845932483673e-05, "value_loss": 1.8515331149101257, "entropy": 0.6108928620815277, "approx_kl": 0.005900810763705522, "clip_fraction": 0.05810546875, "grad_norm": 10.153895497322083, "explained_variance": 0.7733943462371826, "action_std_mean": 0.32847464084625244, "optimizer_iterations": 4.0, "lr": 7.505535999999999e-05}
{"step": 1251328, "wall_time": 1790754088.794361, "episodes_completed": 8.0, "mean_episode_reward": 5.227554670535028, "std_episode_reward": 8.324061884989561, "min_episode_reward": -9.013688087463379, "max_episode_reward": 15.380610466003418, "mean_episode_length": 94.5, "success_rate": 0.5, "collision_rate": 0.25, "out_of_bounds_rate": 0.0, "timeout_rate": 0.25, "policy_loss": 0.0018722331151366234, "value_loss": 1.4261739253997803, "entropy": 0.6110713183879852, "approx_kl": 0.03764443378895521, "clip_fraction": 0.0792236328125, "grad_norm": 10.680486559867859, "explained_variance": 0.8246634006500244, "action_std_mean": 0.32848918437957764, "optimizer_iterations": 4.0, "lr": 7.501440000000001e-05}
{"step": 1253376, "wall_time": 1790754099.7785342, "episodes_completed": 9.0, "mean_episode_reward": 7.03057839638657, "std_episode_reward": 9.719048183128903, "min_episode_reward": -9.625479698181152, "max_episode_reward": 15.50390625, "mean_episode_length": 92.66666666666667, "success_rate": 0.6666666666666666, "collision_rate": 0.2222222222222222, "out_of_bounds_rate": 0.0, "timeout_rate": 0.1111111111111111, "policy_loss": 0.0003932500258088112, "value_loss": 1.0535823106765747, "entropy": 0.6110976338386536, "approx_kl": 0.019035505247302353, "clip_fraction": 0.0963134765625, "grad_norm": 8.152572631835938, "explained_variance": 0.8727072477340698, "action_std_mean": 0.3284793496131897, "optimizer_iterations": 4.0, "lr": 7.497344e-05}
{"step": 1255424, "wall_time": 1790754110.9853868, "episodes_completed": 8.0, "mean_episode_reward": 2.606899619102478, "std_episode_reward": 12.662951706039614, "min_episode_reward": -10.03474235534668, "max_episode_reward": 19.191003799438477, "mean_episode_length": 105.0, "success_rate": 0.5, "collision_rate": 0.5, "out_of_bounds_rate": 0.0, "timeout_rate": 0.0, "policy_loss": -0.002275601029396057, "value_loss": 1.3029590845108032, "entropy": 0.6110287308692932, "approx_kl": 0.017543742433190346, "clip_fraction": 0.09619140625, "grad_norm": 9.74647319316864, "explained_variance": 0.8179464340209961, "action_std_mean": 0.32847529649734497, "optimizer_iterations": 4.0, "lr": 7.493248e-05}
{"step": 1257472, "wall_time": 1790754121.9570138, "episodes_completed": 5.0, "mean_episode_reward": 0.9887547492980957, "std_episode_reward": 10.980620523543646, "min_episode_reward": -9.327910423278809, "max_episode_reward": 16.215801239013672, "mean_episode_length": 83.4, "success_rate": 0.4, "collision_rate": 0.6, "out_of_bounds_rate": 0.0, "timeout_rate": 0.0, "policy_loss": -0.0014743069186806679, "value_loss": 0.8578632473945618, "entropy": 0.6110078394412994, "approx_kl": 0.008999435463920236, "clip_fraction": 0.088134765625, "grad_norm": 9.054745435714722, "explained_variance": 0.9157242178916931, "action_std_mean": 0.3284628987312317, "optimizer_iterations": 4.0, "lr": 7.489152000000001e-05}
{"step": 1259520, "wall_time": 1790754133.0312963, "episodes_completed": 4.0, "mean_episode_reward": 15.260968685150146, "std_episode_reward": 2.584794941152783, "min_episode_reward": 12.09754753112793, "max_episode_reward": 18.90719985961914, "mean_episode_length": 129.0, "success_rate": 1.0, "collision_rate": 0.0, "out_of_bounds_rate": 0.0, "timeout_rate": 0.0, "policy_loss": -0.0013769196812063456, "value_loss": 0.9346104711294174, "entropy": 0.6109146773815155, "approx_kl": 0.005925597273744643, "clip_fraction": 0.0478515625, "grad_norm": 9.317907929420471, "explained_variance": 0.8617634177207947, "action_std_mean": 0.32845553755760193, "optimizer_iterations": 4.0, "lr": 7.485056e-05}
{"step": 1261568, "wall_time": 1790754144.3521206, "episodes_completed": 7.0, "mean_episode_reward": 3.993746825626918, "std_episode_reward": 11.161610840327532, "min_episode_reward": -9.990395545959473, "max_episode_reward": 14.95587158203125, "mean_episode_length": 79.0, "success_rate": 0.5714285714285714, "collision_rate": 0.42857142857142855, "out_of_bounds_rate": 0.0, "timeout_rate": 0.0, "policy_loss": 0.002382975770160556, "value_loss": 1.6297999322414398, "entropy": 0.6109186410903931, "approx_kl": 0.11371191032230854, "clip_fraction": 0.1607666015625, "grad_norm": 16.290648698806763, "explained_variance": 0.7991860508918762, "action_std_mean": 0.32845962047576904, "optimizer_iterations": 4.0, "lr": 7.48096e-05}
{"step": 1263616, "wall_time": 1790754155.7336292, "episodes_completed": 3.0, "mean_episode_reward": 4.760673840840657, "std_episode_reward": 9.446361829062857, "min_episode_reward": -8.516523361206055, "max_episode_reward": 12.678980827331543, "mean_episode_length": 106.66666666666667, "success_rate": 0.6666666666666666, "collision_rate": 0.3333333333333333, "out_of_bounds_rate": 0.0, "timeout_rate": 0.0, "policy_loss": -0.001075558247976005, "value_loss": 0.7941346913576126, "entropy": 0.6109625101089478, "approx_kl": 0.01109001087024808, "clip_fraction": 0.0787353515625, "grad_norm": 4.942668378353119, "explained_variance": 0.9128451347351074, "action_std_mean": 0.328474223613739, "optimizer_iterations": 4.0, "lr": 7.476864e-05}
{"step": 1265664, "wall_time": 1790754166.912507, "episodes_completed": 7.0, "mean_episode_reward": 4.576046999011721, "std_episode_reward": 9.68430734921159, "min_episode_reward": -10.17998218536377, "max_episode_reward": 14.606834411621094, "mean_episode_length": 44.0, "success_rate": 0.5714285714285714, "collision_rate": 0.2857142857142857, "out_of_bounds_rate": 0.0, "timeout_rate": 0.14285714285714285, "policy_loss": -0.0016522454097867012, "value_loss": 0.6022989302873611, "entropy": 0.6110547482967377, "approx_kl": 0.022455316968262196, "clip_fraction": 0.041748046875, "grad_norm": 15.902755737304688, "explained_variance": 0.9509094953536987, "action_std_mean": 0.32848626375198364, "optimizer_iterations": 4.0, "lr": 7.472768000000001e-05}
{"step": 1267712, "wall_time": 1790754178.016388, "episodes_completed": 7.0, "mean_episode_reward": 4.599668922701052, "std_episode_reward": 9.498701124585779, "min_episode_reward": -9.967267036437988, "max_episode_reward": 12.984703063964844, "mean_episode_length": 65.28571428571429, "success_rate": 0.5714285714285714, "collision_rate": 0.2857142857142857, "out_of_bounds_rate": 0.0, "timeout_rate": 0.14285714285714285, "policy_loss": 0.0003174673765897751, "value_loss": 1.3120624125003815, "entropy": 0.6110958158969879, "approx_kl": 0.015259839361533523, "clip_fraction": 0.0928955078125, "grad_norm": 7.768742561340332, "explained_variance": 0.8777478933334351, "action_std_mean": 0.32848793268203735, "optimizer_iterations": 4.0, "lr": 7.468672e-05}
{"step": 1269760, "wall_time": 1790754189.2865705, "episodes_completed": 3.0, "mean_episode_reward": -0.4136684735616048, "std_episode_reward": 7.7797890012142155, "min_episode_reward": -8.556612014770508, "max_episode_reward": 10.06537914276123, "mean_episode_length": 64.0, "success_rate": 0.3333333333333333, "collision_rate": 0.6666666666666666, "out_of_bounds_rate": 0.0, "timeout_rate": 0.0, "policy_loss": -0.00718816090375185, "value_loss": 0.5102227553725243, "entropy": 0.6111043691635132, "approx_kl": 0.03827684745192528, "clip_fraction": 0.068115234375, "grad_norm": 14.110540390014648, "explained_variance": 0.9408724308013916, "action_std_mean": 0.3284900188446045, "optimizer_iterations": 4.0, "lr": 7.464576000000001e-05}
{"step": 1271808, "wall_time": 1790754200.4756088, "episodes_completed": 8.0, "mean_episode_reward": 3.53338722884655, "std_episode_reward": 11.50805477057688, "min_episode_reward": -10.36963939666748, "max_episode_reward": 16.29726791381836, "mean_episode_length": 91.375, "success_rate": 0.5, "collision_rate": 0.375, "out_of_bounds_rate": 0.0, "timeout_rate": 0.125, "policy_loss": -0.0008975258097052574, "value_loss": 0.777526780962944, "entropy": 0.6111226379871368, "approx_kl": 0.016471232753247023, "clip_fraction": 0.091552734375, "grad_norm": 6.25311541557312, "explained_variance": 0.9287877678871155, "action_std_mean": 0.32849594950675964, "optimizer_iterations": 4.0, "lr": 7.460480000000001e-05}
{"step": 1273856, "wall_time": 1790754211.6160853, "episodes_completed": 8.0, "mean_episode_reward": 5.4537495374679565, "std_episode_reward": 8.982647992171534, "min_episode_reward": -7.9637861251831055, "max_episode_reward": 14.315133094787598, "mean_episode_length": 69.5, "success_rate": 0.625, "collision_rate": 0.375, "out_of_bounds_rate": 0.0, "timeout_rate": 0.0, "policy_loss": 0.002447649836540222, "value_loss": 1.5759142935276031, "entropy": 0.6111707091331482, "approx_kl": 0.006557925138622522, "clip_fraction": 0.058837890625, "grad_norm": 21.787485361099243, "explained_variance": 0.8342337608337402, "action_std_mean": 0.3285037875175476, "optimizer_iterations": 4.0, "lr": 7.456384e-05}
{"step": 1275904, "wall_time": 1790754222.744597, "episodes_completed": 8.0, "mean_episode_reward": -4.03959596157074, "std_episode_reward": 9.727088767789796, "min_episode_reward": -9.955331802368164, "max_episode_reward": 14.517102241516113, "mean_episode_length": 52.0, "success_rate": 0.25, "collision_rate": 0.75, "out_of_bounds_rate": 0.0, "timeout_rate": 0.0, "policy_loss": -0.0007952544838190079, "value_loss": 1.5056152939796448, "entropy": 0.6112144291400909, "approx_kl": 0.017814143327996135, "clip_fraction": 0.1063232421875, "grad_norm": 10.24497127532959, "explained_variance": 0.8215759992599487, "action_std_mean": 0.32850968837738037, "optimizer_iterations": 4.0, "lr": 7.452288000000001e-05}
{"step": 1277952, "wall_time": 1790754234.013256, "episodes_completed": 9.0, "mean_episode_reward": 1.2255216704474554, "std_episode_reward": 10.697929897067532, "min_episode_reward": -9.964861869812012, "max_episode_reward": 15.337237358093262, "mean_episode_length": 61.666666666666664, "success_rate": 0.4444444444444444, "collision_rate": 0.5555555555555556, "out_of_bounds_rate": 0.0, "timeout_rate": 0.0, "policy_loss": 0.007585916435346007, "value_loss": 2.274065315723419, "entropy": 0.6112423241138458, "approx_kl": 0.028815473429858685, "clip_fraction": 0.1788330078125, "grad_norm": 12.143026113510132, "explained_variance": 0.7722820043563843, "action_std_mean": 0.328512966632843, "optimizer_iterations": 4.0, "lr": 7.448192e-05}
{"step": 1280000, "wall_time": 1790754245.140497, "episodes_completed": 10.0, "mean_episode_reward": 9.039833092689515, "std_episode_reward": 10.260018461244805, "min_episode_reward": -8.645023345947266, "max_episode_reward": 20.95376968383789, "mean_episode_length": 95.7, "success_rate": 0.7, "collision_rate": 0.2, "out_of_bounds_rate": 0.0, "timeout_rate": 0.1, "policy_loss": 0.002689175307750702, "value_loss": 2.105732560157776, "entropy": 0.6112641394138336, "approx_kl": 0.02619147370569408, "clip_fraction": 0.1651611328125, "grad_norm": 16.16076350212097, "explained_variance": 0.8000984191894531, "action_std_mean": 0.3285154700279236, "optimizer_iterations": 4.0, "lr": 7.444096e-05}
{"step": 1282048, "wall_time": 1790754256.3385363, "episodes_completed": 4.0, "mean_episode_reward": -3.2645516395568848, "std_episode_reward": 9.098082126007096, "min_episode_reward": -9.390833854675293, "max_episode_reward": 12.445659637451172, "mean_episode_length": 47.5, "success_rate": 0.25, "collision_rate": 0.75, "out_of_bounds_rate": 0.0, "timeout_rate": 0.0, "policy_loss": 0.002669256180524826, "value_loss": 1.7464869916439056, "entropy": 0.611281543970108, "approx_kl": 0.03455954045057297, "clip_fraction": 0.1192626953125, "grad_norm": 9.574767827987671, "explained_variance": 0.750586986541748, "action_std_mean": 0.3285195827484131, "optimizer_iterations": 4.0, "lr": 7.44e-05}
{"step": 1284096, "wall_time": 1790754267.1467524, "episodes_completed": 3.0, "mean_episode_reward": 11.823284467061361, "std_episode_reward": 0.6555166361833225, "min_episode_reward": 10.997417449951172, "max_episode_reward": 12.600924491882324, "mean_episode_length": 42.333333333333336, "success_rate": 1.0, "collision_rate": 0.0, "out_of_bounds_rate": 0.0, "timeout_rate": 0.0, "policy_loss": -0.0010901950299739838, "value_loss": 0.4078826457262039, "entropy": 0.611304759979248, "approx_kl": 0.01391123072244227, "clip_fraction": 0.153076171875, "grad_norm": 7.9963260889053345, "explained_variance": 0.910129725933075, "action_std_mean": 0.32851696014404297, "optimizer_iterations": 4.0, "lr": 7.435904e-05}
{"step": 1286144, "wall_time": 1790754277.9580672, "episodes_completed": 6.0, "mean_episode_reward": 5.890352284535766, "std_episode_reward": 8.433729892388582, "min_episode_reward": -10.398002624511719, "max_episode_reward": 12.498054504394531, "mean_episode_length": 59.666666666666664, "success_rate": 0.6666666666666666, "collision_rate": 0.16666666666666666, "out_of_bounds_rate": 0.0, "timeout_rate": 0.16666666666666666, "policy_loss": -0.006899998406879604, "value_loss": 0.7143236249685287, "entropy": 0.6112683415412903, "approx_kl": 0.006485386053100228, "clip_fraction": 0.0814208984375, "grad_norm": 5.917138695716858, "explained_variance": 0.8759918808937073, "action_std_mean": 0.3285055160522461, "optimizer_iterations": 4.0, "lr": 7.431808e-05}
{"step": 1288192, "wall_time": 1790754288.8841279, "episodes_completed": 4.0, "mean_episode_reward": 8.746485710144043, "std_episode_reward": 10.360855376164336, "min_episode_reward": -8.925439834594727, "max_episode_reward": 16.90580940246582, "mean_episode_length": 117.25, "success_rate": 0.75, "collision_rate": 0.25, "out_of_bounds_rate": 0.0, "timeout_rate": 0.0, "policy_loss": -0.0040945191867649555, "value_loss": 1.083161324262619, "entropy": 0.6111737489700317, "approx_kl": 0.022516340017318726, "clip_fraction": 0.059326171875, "grad_norm": 69.83776295185089, "explained_variance": 0.835170328617096, "action_std_mean": 0.3284786641597748, "optimizer_iterations": 4.0, "lr": 7.427712e-05}
{"step": 1290240, "wall_time": 1790754299.9921963, "episodes_completed": 2.0, "mean_episode_reward": 1.744974136352539, "std_episode_reward": 11.196008682250977, "min_episode_reward": -9.451034545898438, "max_episode_reward": 12.940982818603516, "mean_episode_length": 113.5, "success_rate": 0.5, "collision_rate": 0.5, "out_of_bounds_rate": 0.0, "timeout_rate": 0.0, "policy_loss": -0.0035050048027187586, "value_loss": 0.6051224172115326, "entropy": 0.6109705865383148, "approx_kl": 0.06583164073526859, "clip_fraction": 0.100341796875, "grad_norm": 6.414164662361145, "explained_variance": 0.8346959352493286, "action_std_mean": 0.32843461632728577, "optimizer_iterations": 4.0, "lr": 7.423616e-05}
{"step": 1292288, "wall_time": 1790754310.9974093, "episodes_completed": 4.0, "mean_episode_reward": 3.13282560557127, "std_episode_reward": 8.923644040417997, "min_episode_reward": -10.097356796264648, "max_episode_reward": 12.443437576293945, "mean_episode_length": 79.75, "success_rate": 0.5, "collision_rate": 0.25, "out_of_bounds_rate": 0.0, "timeout_rate": 0.25, "policy_loss": 0.0009354616631753743, "value_loss": 0.8449317514896393, "entropy": 0.6107017993927002, "approx_kl": 0.014080079039558768, "clip_fraction": 0.12841796875, "grad_norm": 4.675407409667969, "explained_variance": 0.7944056987762451, "action_std_mean": 0.328396737575531, "optimizer_iterations": 4.0, "lr": 7.41952e-05}
{"step": 1294336, "wall_time": 1790754322.099149, "episodes_completed": 3.0, "mean_episode_reward": 13.488869349161783, "std_episode_reward": 2.2317538278439897, "min_episode_reward": 11.497197151184082, "max_episode_reward": 16.605087280273438, "mean_episode_length": 181.33333333333334, "success_rate": 1.0, "collision_rate": 0.0, "out_of_bounds_rate": 0.0, "timeout_rate": 0.0, "policy_loss": 0.00045973993837833405, "value_loss": 1.0719992518424988, "entropy": 0.6105020940303802, "approx_kl": 0.009979435591958463, "clip_fraction": 0.0794677734375, "grad_norm": 6.903411388397217, "explained_variance": 0.8256574869155884, "action_std_mean": 0.32836270332336426, "optimizer_iterations": 4.0, "lr": 7.415424e-05}
{"step": 1296384, "wall_time": 1790754333.1103263, "episodes_completed": 7.0, "mean_episode_reward": 7.375662467043314, "std_episode_reward": 10.351903491059817, "min_episode_reward": -10.321853637695312, "max_episode_reward": 21.699790954589844, "mean_episode_length": 105.0, "success_rate": 0.5714285714285714, "collision_rate": 0.14285714285714285, "out_of_bounds_rate": 0.0, "timeout_rate": 0.2857142857142857, "policy_loss": -0.0009566210210323334, "value_loss": 1.07425194978714, "entropy": 0.6102787852287292, "approx_kl": 0.014779062010347843, "clip_fraction": 0.068115234375, "grad_norm": 8.65087640285492, "explained_variance": 0.8134487867355347, "action_std_mean": 0.32831868529319763, "optimizer_iterations": 4.0, "lr": 7.411327999999999e-05}
{"step": 1298432, "wall_time": 1790754344.5822198, "episodes_completed": 4.0, "mean_episode_reward": 3.9155707359313965, "std_episode_reward": 12.862783772281702, "min_episode_reward": -9.460864067077637, "max_episode_reward": 17.1608943939209, "mean_episode_length": 106.75, "success_rate": 0.5, "collision_rate": 0.5, "out_of_bounds_rate": 0.0, "timeout_rate": 0.0, "policy_loss": 0.003897865302860737, "value_loss": 0.9614153504371643, "entropy": 0.6100103557109833, "approx_kl": 0.018269632942974567, "clip_fraction": 0.1043701171875, "grad_norm": 6.848120331764221, "explained_variance": 0.83882737159729, "action_std_mean": 0.3282807469367981, "optimizer_iterations": 4.0, "lr": 7.407232e-05}
{"step": 1300480, "wall_time": 1790754355.697177, "episodes_completed": 2.0, "mean_episode_reward": 15.316023826599121, "std_episode_reward": 3.0907068252563477, "min_episode_reward": 12.225317001342773, "max_episode_reward": 18.40673065185547, "mean_episode_length": 215.5, "success_rate": 1.0, "collision_rate": 0.0, "out_of_bounds_rate": 0.0, "timeout_rate": 0.0, "policy_loss": 0.0006103054620325565, "value_loss": 0.7001626640558243, "entropy": 0.609795868396759, "approx_kl": 0.013233617413789034, "clip_fraction": 0.118896484375, "grad_norm": 5.729881167411804, "explained_variance": 0.8181567788124084, "action_std_mean": 0.3282414376735687, "optimizer_iterations": 4.0, "lr": 7.403136000000001e-05}
{"step": 1302528, "wall_time": 1790754367.0245955, "episodes_completed": 5.0, "mean_episode_reward": 5.2772520065307615, "std_episode_reward": 12.304885779129714, "min_episode_reward": -10.34486198425293, "max_episode_reward": 17.822406768798828, "mean_episode_length": 123.6, "success_rate": 0.6, "collision_rate": 0.4, "out_of_bounds_rate": 0.0, "timeout_rate": 0.0, "policy_loss": 3.744580317288637e-05, "value_loss": 1.0711750388145447, "entropy": 0.6095182001590729, "approx_kl": 0.017227110685780644, "clip_fraction": 0.113037109375, "grad_norm": 7.7290520668029785, "explained_variance": 0.8776848912239075, "action_std_mean": 0.328188419342041, "optimizer_iterations": 4.0, "lr": 7.39904e-05}
{"step": 1304576, "wall_time": 1790754378.2683249, "episodes_completed": 7.0, "mean_episode_reward": 2.8044431896081994, "std_episode_reward": 12.331837899988765, "min_episode_reward": -10.456061363220215, "max_episode_reward": 17.817214965820312, "mean_episode_length": 111.85714285714286, "success_rate": 0.42857142857142855, "collision_rate": 0.42857142857142855, "out_of_bounds_rate": 0.0, "timeout_rate": 0.14285714285714285, "policy_loss": -0.004095254000276327, "value_loss": 0.8607892692089081, "entropy": 0.6092488169670105, "approx_kl": 0.009229070274159312, "clip_fraction": 0.0775146484375, "grad_norm": 4.448151111602783, "explained_variance": 0.8907673954963684, "action_std_mean": 0.3281669318675995, "optimizer_iterations": 4.0, "lr": 7.394944e-05}
{"step": 1306624, "wall_time": 1790754389.0973527, "episodes_completed": 8.0, "mean_episode_reward": 7.330470275133848, "std_episode_reward": 9.656406338520862, "min_episode_reward": -9.397193908691406, "max_episode_reward": 20.26943016052246, "mean_episode_length": 97.0, "success_rate": 0.625, "collision_rate": 0.25, "out_of_bounds_rate": 0.0, "timeout_rate": 0.125, "policy_loss": 0.00015686266124248505, "value_loss": 1.0537385046482086, "entropy": 0.6091697514057159, "approx_kl": 0.011763976886868477, "clip_fraction": 0.10498046875, "grad_norm": 7.649340987205505, "explained_variance": 0.8600199222564697, "action_std_mean": 0.32816082239151, "optimizer_iterations": 4.0, "lr": 7.390848e-05}
{"step": 1308672, "wall_time": 1790754400.2511027, "episodes_completed": 5.0, "mean_episode_reward": 6.450236797332764, "std_episode_reward": 9.114438025313431, "min_episode_reward": -6.28548526763916, "max_episode_reward": 15.059383392333984, "mean_episode_length": 115.4, "success_rate": 0.6, "collision_rate": 0.4, "out_of_bounds_rate": 0.0, "timeout_rate": 0.0, "policy_loss": 0.0024845522129908204, "value_loss": 1.7254225015640259, "entropy": 0.6091395914554596, "approx_kl": 0.03561606630682945, "clip_fraction": 0.153564453125, "grad_norm": 9.582674145698547, "explained_variance": 0.7796474099159241, "action_std_mean": 0.3281583786010742, "optimizer_iterations": 4.0, "lr": 7.386752e-05}
{"step": 1310720, "wall_time": 1790754411.531321, "episodes_completed": 3.0, "mean_episode_reward": 14.610452969868978, "std_episode_reward": 2.269519381828362, "min_episode_reward": 12.51114559173584, "max_episode_reward": 17.762666702270508, "mean_episode_length": 99.66666666666667, "success_rate": 1.0, "collision_rate": 0.0, "out_of_bounds_rate": 0.0, "timeout_rate": 0.0, "policy_loss": -0.0021892155637033284, "value_loss": 0.28051944077014923, "entropy": 0.6091659665107727, "approx_kl": 0.010505123995244503, "clip_fraction": 0.0987548828125, "grad_norm": 4.203077554702759, "explained_variance": 0.9516536593437195, "action_std_mean": 0.3281823396682739, "optimizer_iterations": 4.0, "lr": 7.382656e-05}
{"step": 1312768, "wall_time": 1790754422.9208982, "episodes_completed": 4.0, "mean_episode_reward": 4.051266431808472, "std_episode_reward": 9.26294737328657, "min_episode_reward": -10.196307182312012, "max_episode_reward": 14.054473876953125, "mean_episode_length": 155.25, "success_rate": 0.5, "collision_rate": 0.5, "out_of_bounds_rate": 0.0, "timeout_rate": 0.0, "policy_loss": -0.0035320352762937546, "value_loss": 1.4492482542991638, "entropy": 0.609338641166687, "approx_kl": 0.007233736221678555, "clip_fraction": 0.0638427734375, "grad_norm": 4.78852516412735, "explained_variance": 0.7689874768257141, "action_std_mean": 0.3282068371772766, "optimizer_iterations": 4.0, "lr": 7.378560000000001e-05}
{"step": 1314816, "wall_time": 1790754434.735686, "episodes_completed": 0.0, "mean_episode_reward": NaN, "std_episode_reward": NaN, "min_episode_reward": NaN, "max_episode_reward": NaN, "mean_episode_length": NaN, "success_rate": NaN, "collision_rate": NaN, "out_of_bounds_rate": NaN, "timeout_rate": NaN, "policy_loss": -0.0002044285647571087, "value_loss": 0.18684207648038864, "entropy": 0.609441488981247, "approx_kl": 0.016547923209145665, "clip_fraction": 0.12158203125, "grad_norm": 6.391356945037842, "explained_variance": 0.9454254508018494, "action_std_mean": 0.3282143771648407, "optimizer_iterations": 4.0, "lr": 7.374464000000001e-05}
{"step": 1316864, "wall_time": 1790754446.006596, "episodes_completed": 6.0, "mean_episode_reward": 5.611613081147273, "std_episode_reward": 9.249180088618251, "min_episode_reward": -9.20115852355957, "max_episode_reward": 15.12333869934082, "mean_episode_length": 94.66666666666667, "success_rate": 0.5, "collision_rate": 0.16666666666666666, "out_of_bounds_rate": 0.0, "timeout_rate": 0.3333333333333333, "policy_loss": -0.0032818764448165894, "value_loss": 0.23785129562020302, "entropy": 0.6094638705253601, "approx_kl": 0.0066242964239791036, "clip_fraction": 0.0723876953125, "grad_norm": 5.783379077911377, "explained_variance": 0.9711686968803406, "action_std_mean": 0.32821419835090637, "optimizer_iterations": 4.0, "lr": 7.370368e-05}
{"step": 1318912, "wall_time": 1790754457.1121917, "episodes_completed": 6.0, "mean_episode_reward": 10.15696281939745, "std_episode_reward": 7.43577578211322, "min_episode_reward": -0.03448069095611572, "max_episode_reward": 17.899433135986328, "mean_episode_length": 149.33333333333334, "success_rate": 0.6666666666666666, "collision_rate": 0.0, "out_of_bounds_rate": 0.0, "timeout_rate": 0.3333333333333333, "policy_loss": -0.0018600050243549049, "value_loss": 0.4641864448785782, "entropy": 0.6094362735748291, "approx_kl": 0.01022771984571591, "clip_fraction": 0.0921630859375, "grad_norm": 7.8250956535339355, "explained_variance": 0.9363346695899963, "action_std_mean": 0.328200101852417, "optimizer_iterations": 4.0, "lr": 7.366272000000001e-05}
{"step": 1320960, "wall_time": 1790754468.269859, "episodes_completed": 5.0, "mean_episode_reward": 13.234994411468506, "std_episode_reward": 9.232619896577138, "min_episode_reward": -3.629382610321045, "max_episode_reward": 22.294702529907227, "mean_episode_length": 154.4, "success_rate": 0.8, "collision_rate": 0.2, "out_of_bounds_rate": 0.0, "timeout_rate": 0.0, "policy_loss": -0.006039969623088837, "value_loss": 0.8279564380645752, "entropy": 0.6093049347400665, "approx_kl": 0.010663374268915504, "clip_fraction": 0.1063232421875, "grad_norm": 6.822620868682861, "explained_variance": 0.8994389772415161, "action_std_mean": 0.3281658887863159, "optimizer_iterations": 4.0, "lr": 7.362176e-05}
{"step": 1323008, "wall_time": 1790754479.3351345, "episodes_completed": 6.0, "mean_episode_reward": 13.750694115956625, "std_episode_reward": 3.0385812105131342, "min_episode_reward": 11.04641056060791, "max_episode_reward": 19.84077262878418, "mean_episode_length": 83.83333333333333, "success_rate": 1.0, "collision_rate": 0.0, "out_of_bounds_rate": 0.0, "timeout_rate": 0.0, "policy_loss": -0.0017245615599676967, "value_loss": 0.1865326464176178, "entropy": 0.6090890467166901, "approx_kl": 0.02849588170647621, "clip_fraction": 0.1099853515625, "grad_norm": 4.349713146686554, "explained_variance": 0.9761137366294861, "action_std_mean": 0.32813745737075806, "optimizer_iterations": 4.0, "lr": 7.35808e-05}
{"step": 1325056, "wall_time": 1790754490.3253152, "episodes_completed": 6.0, "mean_episode_reward": 4.713268368194501, "std_episode_reward": 11.037238297176469, "min_episode_reward": -9.389151573181152, "max_episode_reward": 18.50263023376465, "mean_episode_length": 139.16666666666666, "success_rate": 0.5, "collision_rate": 0.3333333333333333, "out_of_bounds_rate": 0.0, "timeout_rate": 0.16666666666666666, "policy_loss": -0.0060491852927953005, "value_loss": 1.3536142706871033, "entropy": 0.6089481711387634, "approx_kl": 0.00995937455445528, "clip_fraction": 0.0789794921875, "grad_norm": 6.528184771537781, "explained_variance": 0.8661506175994873, "action_std_mean": 0.32812827825546265, "optimizer_iterations": 4.0, "lr": 7.353984e-05}
{"step": 1327104, "wall_time": 1790754501.3178177, "episodes_completed": 6.0, "mean_episode_reward": 3.162643829981486, "std_episode_reward": 10.360913199832856, "min_episode_reward": -8.281533241271973, "max_episode_reward": 16.182905197143555, "mean_episode_length": 94.16666666666667, "success_rate": 0.5, "collision_rate": 0.5, "out_of_bounds_rate": 0.0, "timeout_rate": 0.0, "policy_loss": 0.001291266642510891, "value_loss": 1.1571764647960663, "entropy": 0.6089592576026917, "approx_kl": 0.009501080494374037, "clip_fraction": 0.0880126953125, "grad_norm": 10.456299901008606, "explained_variance": 0.8868088722229004, "action_std_mean": 0.3281453847885132, "optimizer_iterations": 4.0, "lr": 7.349888e-05}
{"step": 1329152, "wall_time": 1790754512.3378072, "episodes_completed": 10.0, "mean_episode_reward": -3.9983434677124023, "std_episode_reward": 9.670970807375088, "min_episode_reward": -10.229331016540527, "max_episode_reward": 15.721893310546875, "mean_episode_length": 65.9, "success_rate": 0.2, "collision_rate": 0.8, "out_of_bounds_rate": 0.0, "timeout_rate": 0.0, "policy_loss": -1.7345882952213287e-05, "value_loss": 4.224258661270142, "entropy": 0.6090855002403259, "approx_kl": 0.010659518651664257, "clip_fraction": 0.0662841796875, "grad_norm": 16.452154874801636, "explained_variance": 0.7281321287155151, "action_std_mean": 0.32816600799560547, "optimizer_iterations": 4.0, "lr": 7.345792000000001e-05}
{"step": 1331200, "wall_time": 1790754523.4304109, "episodes_completed": 9.0, "mean_episode_reward": 3.945637724465794, "std_episode_reward": 8.423147629884973, "min_episode_reward": -8.964850425720215, "max_episode_reward": 12.98304557800293, "mean_episode_length": 75.0, "success_rate": 0.5555555555555556, "collision_rate": 0.3333333333333333, "out_of_bounds_rate": 0.0, "timeout_rate": 0.1111111111111111, "policy_loss": -0.002496178960427642, "value_loss": 1.4579496383666992, "entropy": 0.609216958284378, "approx_kl": 0.00791302730794996, "clip_fraction": 0.0888671875, "grad_norm": 11.078083872795105, "explained_variance": 0.8701385855674744, "action_std_mean": 0.32819464802742004, "optimizer_iterations": 4.0, "lr": 7.341696e-05}
{"step": 1333248, "wall_time": 1790754534.7080724, "episodes_completed": 8.0, "mean_episode_reward": 3.2725579738616943, "std_episode_reward": 9.786224182320343, "min_episode_reward": -10.010685920715332, "max_episode_reward": 17.56757164001465, "mean_episode_length": 92.75, "success_rate": 0.5, "collision_rate": 0.5, "out_of_bounds_rate": 0.0, "timeout_rate": 0.0, "policy_loss": 0.00035357195883989334, "value_loss": 2.249455213546753, "entropy": 0.6093988716602325, "approx_kl": 0.02119285357184708, "clip_fraction": 0.0653076171875, "grad_norm": 9.006534814834595, "explained_variance": 0.7902443408966064, "action_std_mean": 0.3282214403152466, "optimizer_iterations": 4.0, "lr": 7.3376e-05}
{"step": 1335296, "wall_time": 1790754545.8341591, "episodes_completed": 11.0, "mean_episode_reward": 6.749302950772372, "std_episode_reward": 12.771413748101704, "min_episode_reward": -9.902819633483887, "max_episode_reward": 21.90377426147461, "mean_episode_length": 87.36363636363636, "success_rate": 0.6363636363636364, "collision_rate": 0.36363636363636365, "out_of_bounds_rate": 0.0, "timeout_rate": 0.0, "policy_loss": -0.002420668490231037, "value_loss": 1.6026418805122375, "entropy": 0.6095239520072937, "approx_kl": 0.009854583768174052, "clip_fraction": 0.0726318359375, "grad_norm": 7.716980814933777, "explained_variance": 0.825465738773346, "action_std_mean": 0.3282325267791748, "optimizer_iterations": 4.0, "lr": 7.333504e-05}
{"step": 1337344, "wall_time": 1790754556.9145262, "episodes_completed": 3.0, "mean_episode_reward": 9.53616205851237, "std_episode_reward": 7.154689355479138, "min_episode_reward": 0.5206680297851562, "max_episode_reward": 18.021976470947266, "mean_episode_length": 147.0, "success_rate": 0.6666666666666666, "collision_rate": 0.3333333333333333, "out_of_bounds_rate": 0.0, "timeout_rate": 0.0, "policy_loss": -0.001268847263418138, "value_loss": 0.7395964711904526, "entropy": 0.6095563471317291, "approx_kl": 0.02593465568497777, "clip_fraction": 0.081298828125, "grad_norm": 6.046983897686005, "explained_variance": 0.8892092108726501, "action_std_mean": 0.32821720838546753, "optimizer_iterations": 4.0, "lr": 7.329408e-05}
{"step": 1339392, "wall_time": 1790754568.1222684, "episodes_completed": 10.0, "mean_episode_reward": 0.4193777084350586, "std_episode_reward": 9.631877745185589, "min_episode_reward": -9.951835632324219, "max_episode_reward": 14.214879989624023, "mean_episode_length": 73.1, "success_rate": 0.4, "collision_rate": 0.6, "out_of_bounds_rate": 0.0, "timeout_rate": 0.0, "policy_loss": 0.0018540495075285435, "value_loss": 1.508848637342453, "entropy": 0.6093930006027222, "approx_kl": 0.012209152337163687, "clip_fraction": 0.0838623046875, "grad_norm": 12.734755158424377, "explained_variance": 0.9068568348884583, "action_std_mean": 0.3281814455986023, "optimizer_iterations": 4.0, "lr": 7.325311999999999e-05}
{"step": 1341440, "wall_time": 1790754579.1289988, "episodes_completed": 5.0, "mean_episode_reward": 9.59228801727295, "std_episode_reward": 10.439305168636082, "min_episode_reward": -10.062207221984863, "max_episode_reward": 18.78117561340332, "mean_episode_length": 127.8, "success_rate": 0.8, "collision_rate": 0.2, "out_of_bounds_rate": 0.0, "timeout_rate": 0.0, "policy_loss": -0.0031668029841966927, "value_loss": 0.7825512737035751, "entropy": 0.6091824471950531, "approx_kl": 0.007490248652175069, "clip_fraction": 0.0582275390625, "grad_norm": 7.331669569015503, "explained_variance": 0.8897262811660767, "action_std_mean": 0.3281506299972534, "optimizer_iterations": 4.0, "lr": 7.321216e-05}
{"step": 1343488, "wall_time": 1790754590.2557287, "episodes_completed": 11.0, "mean_episode_reward": 3.2263409820469944, "std_episode_reward": 12.257263057629986, "min_episode_reward": -9.960723876953125, "max_episode_reward": 18.948848724365234, "mean_episode_length": 118.72727272727273, "success_rate": 0.45454545454545453, "collision_rate": 0.45454545454545453, "out_of_bounds_rate": 0.0, "timeout_rate": 0.09090909090909091, "policy_loss": -0.0011171558871865273, "value_loss": 2.7170161604881287, "entropy": 0.6090106964111328, "approx_kl": 0.007458182575646788, "clip_fraction": 0.0755615234375, "grad_norm": 15.738019704818726, "explained_variance": 0.707477331161499, "action_std_mean": 0.3281290531158447, "optimizer_iterations": 4.0, "lr": 7.31712e-05}
{"step": 1345536, "wall_time": 1790754601.2059267, "episodes_completed": 8.0, "mean_episode_reward": 6.901881992816925, "std_episode_reward": 11.799000380237171, "min_episode_reward": -9.950767517089844, "max_episode_reward": 21.822559356689453, "mean_episode_length": 95.875, "success_rate": 0.625, "collision_rate": 0.375, "out_of_bounds_rate": 0.0, "timeout_rate": 0.0, "policy_loss": -0.0022326908074319363, "value_loss": 1.5489699244499207, "entropy": 0.6088917553424835, "approx_kl": 0.005171639495529234, "clip_fraction": 0.0506591796875, "grad_norm": 10.684381484985352, "explained_variance": 0.8382776975631714, "action_std_mean": 0.32810938358306885, "optimizer_iterations": 4.0, "lr": 7.313024e-05}
{"step": 1347584, "wall_time": 1790754612.4540071, "episodes_completed": 7.0, "mean_episode_reward": 10.682756560189384, "std_episode_reward": 7.088203223166867, "min_episode_reward": -5.4267425537109375, "max_episode_reward": 18.240591049194336, "mean_episode_length": 115.42857142857143, "success_rate": 0.8571428571428571, "collision_rate": 0.14285714285714285, "out_of_bounds_rate": 0.0, "timeout_rate": 0.0, "policy_loss": 0.009421796072274446, "value_loss": 1.8752269744873047, "entropy": 0.6087706983089447, "approx_kl": 0.08641711249947548, "clip_fraction": 0.082275390625, "grad_norm": 14.114746928215027, "explained_variance": 0.7957702875137329, "action_std_mean": 0.32809290289878845, "optimizer_iterations": 4.0, "lr": 7.308928000000001e-05}
{"step": 1349632, "wall_time": 1790754623.77451, "episodes_completed": 2.0, "mean_episode_reward": 5.417059421539307, "std_episode_reward": 7.509063243865967, "min_episode_reward": -2.09200382232666, "max_episode_reward": 12.926122665405273, "mean_episode_length": 112.5, "success_rate": 0.5, "collision_rate": 0.5, "out_of_bounds_rate": 0.0, "timeout_rate": 0.0, "policy_loss": -0.0017586266621947289, "value_loss": 0.9030076265335083, "entropy": 0.6086753904819489, "approx_kl": 0.006476514507085085, "clip_fraction": 0.0596923828125, "grad_norm": 9.189845085144043, "explained_variance": 0.8428833484649658, "action_std_mean": 0.3280736207962036, "optimizer_iterations": 4.0, "lr": 7.304832e-05}
{"step": 1351680, "wall_time": 1790754635.038089, "episodes_completed": 5.0, "mean_episode_reward": 14.316773796081543, "std_episode_reward": 3.92307402154086, "min_episode_reward": 10.109119415283203, "max_episode_reward": 20.176382064819336, "mean_episode_length": 105.4, "success_rate": 1.0, "collision_rate": 0.0, "out_of_bounds_rate": 0.0, "timeout_rate": 0.0, "policy_loss": -0.002457747235894203, "value_loss": 0.804557591676712, "entropy": 0.6085513532161713, "approx_kl": 0.008578588720411062, "clip_fraction": 0.0958251953125, "grad_norm": 5.612902522087097, "explained_variance": 0.8726403713226318, "action_std_mean": 0.3280586004257202, "optimizer_iterations": 4.0, "lr": 7.300736e-05}
{"step": 1353728, "wall_time": 1790754646.2327366, "episodes_completed": 8.0, "mean_episode_reward": -1.856443703174591, "std_episode_reward": 11.388125837399956, "min_episode_reward": -10.219892501831055, "max_episode_reward": 20.235584259033203, "mean_episode_length": 94.5, "success_rate": 0.25, "collision_rate": 0.75, "out_of_bounds_rate": 0.0, "timeout_rate": 0.0, "policy_loss": -0.0004889201372861862, "value_loss": 1.9602818489074707, "entropy": 0.608479231595993, "approx_kl": 0.011601809412240982, "clip_fraction": 0.11962890625, "grad_norm": 9.99142050743103, "explained_variance": 0.8445495367050171, "action_std_mean": 0.32804957032203674, "optimizer_iterations": 4.0, "lr": 7.29664e-05}
{"step": 1355776, "wall_time": 1790754657.420923, "episodes_completed": 7.0, "mean_episode_reward": 9.038233075823102, "std_episode_reward": 7.643072377718882, "min_episode_reward": -8.853008270263672, "max_episode_reward": 16.140892028808594, "mean_episode_length": 52.857142857142854, "success_rate": 0.8571428571428571, "collision_rate": 0.14285714285714285, "out_of_bounds_rate": 0.0, "timeout_rate": 0.0, "policy_loss": -0.004302538000047207, "value_loss": 0.6732393652200699, "entropy": 0.6084110736846924, "approx_kl": 0.006533452426083386, "clip_fraction": 0.0728759765625, "grad_norm": 8.17686516046524, "explained_variance": 0.9453014135360718, "action_std_mean": 0.3280293047428131, "optimizer_iterations": 4.0, "lr": 7.292544000000001e-05}
{"step": 1357824, "wall_time": 1790754668.7279809, "episodes_completed": 6.0, "mean_episode_reward": 4.347468949233492, "std_episode_reward": 9.115583765710994, "min_episode_reward": -9.701580047607422, "max_episode_reward": 14.448583602905273, "mean_episode_length": 99.33333333333333, "success_rate": 0.5, "collision_rate": 0.3333333333333333, "out_of_bounds_rate": 0.0, "timeout_rate": 0.16666666666666666, "policy_loss": -0.0017984667792916298, "value_loss": 1.3530117869377136, "entropy": 0.6082727015018463, "approx_kl": 0.010353139659855515, "clip_fraction": 0.06884765625, "grad_norm": 10.544912099838257, "explained_variance": 0.8869346380233765, "action_std_mean": 0.3280145227909088, "optimizer_iterations": 4.0, "lr": 7.288448000000001e-05}
{"step": 1359872, "wall_time": 1790754679.7560835, "episodes_completed": 4.0, "mean_episode_reward": 7.629638820886612, "std_episode_reward": 8.307276059728407, "min_episode_reward": -1.4441728591918945, "max_episode_reward": 17.02008819580078, "mean_episode_length": 168.75, "success_rate": 0.5, "collision_rate": 0.25, "out_of_bounds_rate": 0.0, "timeout_rate": 0.25, "policy_loss": 0.01962515409104526, "value_loss": 0.901087611913681, "entropy": 0.6082211136817932, "approx_kl": 0.01654259068891406, "clip_fraction": 0.0621337890625, "grad_norm": 8.366194725036621, "explained_variance": 0.9049227237701416, "action_std_mean": 0.3280157446861267, "optimizer_iterations": 4.0, "lr": 7.284352e-05}
{"step": 1361920, "wall_time": 1790754690.8325312, "episodes_completed": 6.0, "mean_episode_reward": 12.54674212137858, "std_episode_reward": 5.616271608539645, "min_episode_reward": 2.4322547912597656, "max_episode_reward": 21.096759796142578, "mean_episode_length": 150.66666666666666, "success_rate": 0.8333333333333334, "collision_rate": 0.16666666666666666, "out_of_bounds_rate": 0.0, "timeout_rate": 0.0, "policy_loss": -0.001193031668663025, "value_loss": 1.2322511672973633, "entropy": 0.6082509458065033, "approx_kl": 0.014283282915130258, "clip_fraction": 0.121826171875, "grad_norm": 9.734084248542786, "explained_variance": 0.8774505257606506, "action_std_mean": 0.3280228078365326, "optimizer_iterations": 4.0, "lr": 7.280256000000001e-05}
{"step": 1363968, "wall_time": 1790754701.817826, "episodes_completed": 6.0, "mean_episode_reward": 1.2829381624857585, "std_episode_reward": 11.867719388671325, "min_episode_reward": -10.282299041748047, "max_episode_reward": 21.583200454711914, "mean_episode_length": 127.83333333333333, "success_rate": 0.3333333333333333, "collision_rate": 0.6666666666666666, "out_of_bounds_rate": 0.0, "timeout_rate": 0.0, "policy_loss": -0.0005967807956039906, "value_loss": 2.8663214445114136, "entropy": 0.6082954704761505, "approx_kl": 0.010625454131513834, "clip_fraction": 0.0975341796875, "grad_norm": 10.19681465625763, "explained_variance": 0.7110800743103027, "action_std_mean": 0.3280329704284668, "optimizer_iterations": 4.0, "lr": 7.27616e-05}
{"step": 1366016, "wall_time": 1790754712.9562275, "episodes_completed": 11.0, "mean_episode_reward": 6.317938753488389, "std_episode_reward": 10.599626921412922, "min_episode_reward": -9.951207160949707, "max_episode_reward": 16.566574096679688, "mean_episode_length": 81.54545454545455, "success_rate": 0.6363636363636364, "collision_rate": 0.2727272727272727, "out_of_bounds_rate": 0.0, "timeout_rate": 0.09090909090909091, "policy_loss": -0.001008339342661202, "value_loss": 0.8231515288352966, "entropy": 0.6083763837814331, "approx_kl": 0.01710118947084993, "clip_fraction": 0.0772705078125, "grad_norm": 10.394416332244873, "explained_variance": 0.9304519891738892, "action_std_mean": 0.32804763317108154, "optimizer_iterations": 4.0, "lr": 7.272064000000001e-05}
{"step": 1368064, "wall_time": 1790754723.9857209, "episodes_completed": 6.0, "mean_episode_reward": 6.720717986424764, "std_episode_reward": 9.546810282549641, "min_episode_reward": -6.56813907623291, "max_episode_reward": 16.331674575805664, "mean_episode_length": 77.16666666666667, "success_rate": 0.6666666666666666, "collision_rate": 0.3333333333333333, "out_of_bounds_rate": 0.0, "timeout_rate": 0.0, "policy_loss": 0.0005573267117142677, "value_loss": 1.1928495168685913, "entropy": 0.6084352731704712, "approx_kl": 0.005666547920554876, "clip_fraction": 0.044189453125, "grad_norm": 10.49166464805603, "explained_variance": 0.8401015400886536, "action_std_mean": 0.32804638147354126, "optimizer_iterations": 4.0, "lr": 7.267968000000001e-05}
{"step": 1370112, "wall_time": 1790754734.8781147, "episodes_completed": 7.0, "mean_episode_reward": 6.6052374839782715, "std_episode_reward": 12.766012775270188, "min_episode_reward": -10.293745994567871, "max_episode_reward": 22.351491928100586, "mean_episode_length": 133.14285714285714, "success_rate": 0.5714285714285714, "collision_rate": 0.42857142857142855, "out_of_bounds_rate": 0.0, "timeout_rate": 0.0, "policy_loss": 0.004546312848106027, "value_loss": 1.7485591769218445, "entropy": 0.6084061861038208, "approx_kl": 0.015245543792843819, "clip_fraction": 0.125732421875, "grad_norm": 11.490226149559021, "explained_variance": 0.8156617879867554, "action_std_mean": 0.3280492424964905, "optimizer_iterations": 4.0, "lr": 7.263872e-05}
{"step": 1372160, "wall_time": 1790754745.9866002, "episodes_completed": 6.0, "mean_episode_reward": 4.3263325691223145, "std_episode_reward": 13.84172123691552, "min_episode_reward": -9.95152473449707, "max_episode_reward": 20.874286651611328, "mean_episode_length": 98.83333333333333, "success_rate": 0.5, "collision_rate": 0.5, "out_of_bounds_rate": 0.0, "timeout_rate": 0.0, "policy_loss": -0.0024956711567938328, "value_loss": 1.816441535949707, "entropy": 0.6084617972373962, "approx_kl": 0.009643003577366471, "clip_fraction": 0.068603515625, "grad_norm": 7.840324878692627, "explained_variance": 0.7685258388519287, "action_std_mean": 0.3280596137046814, "optimizer_iterations": 4.0, "lr": 7.259776000000001e-05}
{"step": 1374208, "wall_time": 1790754756.976602, "episodes_completed": 7.0, "mean_episode_reward": 8.597776004246303, "std_episode_reward": 12.047086186278271, "min_episode_reward": -10.078869819641113, "max_episode_reward": 18.88199234008789, "mean_episode_length": 115.85714285714286, "success_rate": 0.7142857142857143, "collision_rate": 0.2857142857142857, "out_of_bounds_rate": 0.0, "timeout_rate": 0.0, "policy_loss": -0.0023651239462196827, "value_loss": 0.6245279014110565, "entropy": 0.608473539352417, "approx_kl": 0.008668622118420899, "clip_fraction": 0.0977783203125, "grad_norm": 7.8441667556762695, "explained_variance": 0.9225968718528748, "action_std_mean": 0.328052282333374, "optimizer_iterations": 4.0, "lr": 7.25568e-05}
{"step": 1376256, "wall_time": 1790754767.9359353, "episodes_completed": 10.0, "mean_episode_reward": 2.5805051803588865, "std_episode_reward": 11.61917670446208, "min_episode_reward": -10.123419761657715, "max_episode_reward": 15.858396530151367, "mean_episode_length": 75.0, "success_rate": 0.5, "collision_rate": 0.5, "out_of_bounds_rate": 0.0, "timeout_rate": 0.0, "policy_loss": -0.0012773999478667974, "value_loss": 1.1076107919216156, "entropy": 0.608424961566925, "approx_kl": 0.008526368299499154, "clip_fraction": 0.096923828125, "grad_norm": 10.808178663253784, "explained_variance": 0.9242650866508484, "action_std_mean": 0.3280424475669861, "optimizer_iterations": 4.0, "lr": 7.251584e-05}
{"step": 1378304, "wall_time": 1790754779.0240307, "episodes_completed": 8.0, "mean_episode_reward": 2.713571168249473, "std_episode_reward": 10.855612769695343, "min_episode_reward": -10.253067016601562, "max_episode_reward": 17.056137084960938, "mean_episode_length": 69.25, "success_rate": 0.5, "collision_rate": 0.375, "out_of_bounds_rate": 0.0, "timeout_rate": 0.125, "policy_loss": -0.002265995368361473, "value_loss": 0.5723425894975662, "entropy": 0.6083379089832306, "approx_kl": 0.013950863271020353, "clip_fraction": 0.0560302734375, "grad_norm": 6.315292477607727, "explained_variance": 0.9322989583015442, "action_std_mean": 0.3280192017555237, "optimizer_iterations": 4.0, "lr": 7.247488e-05}
{"step": 1380352, "wall_time": 1790754789.9977548, "episodes_completed": 4.0, "mean_episode_reward": 1.949554204940796, "std_episode_reward": 12.126452750404882, "min_episode_reward": -10.204303741455078, "max_episode_reward": 16.166685104370117, "mean_episode_length": 78.75, "success_rate": 0.5, "collision_rate": 0.5, "out_of_bounds_rate": 0.0, "timeout_rate": 0.0, "policy_loss": -0.0007020961784292012, "value_loss": 0.608525738120079, "entropy": 0.6081492900848389, "approx_kl": 0.008720631594769657, "clip_fraction": 0.09423828125, "grad_norm": 8.547476351261139, "explained_variance": 0.9180100560188293, "action_std_mean": 0.3279762268066406, "optimizer_iterations": 4.0, "lr": 7.243392e-05}
{"step": 1382400, "wall_time": 1790754801.2040372, "episodes_completed": 4.0, "mean_episode_reward": 4.906253995373845, "std_episode_reward": 10.277124566212775, "min_episode_reward": -9.368963241577148, "max_episode_reward": 16.54111099243164, "mean_episode_length": 112.5, "success_rate": 0.5, "collision_rate": 0.25, "out_of_bounds_rate": 0.0, "timeout_rate": 0.25, "policy_loss": 0.02253342920448631, "value_loss": 0.7749236822128296, "entropy": 0.6078839600086212, "approx_kl": 0.013774572755210102, "clip_fraction": 0.0780029296875, "grad_norm": 250.27142882347107, "explained_variance": 0.9175494313240051, "action_std_mean": 0.32793930172920227, "optimizer_iterations": 4.0, "lr": 7.239296e-05}
{"step": 1384448, "wall_time": 1790754812.3193805, "episodes_completed": 7.0, "mean_episode_reward": 6.597537108830044, "std_episode_reward": 9.860674851623523, "min_episode_reward": -9.95590591430664, "max_episode_reward": 14.799224853515625, "mean_episode_length": 85.0, "success_rate": 0.7142857142857143, "collision_rate": 0.2857142857142857, "out_of_bounds_rate": 0.0, "timeout_rate": 0.0, "policy_loss": -0.004164474084973335, "value_loss": 1.8651416301727295, "entropy": 0.6077252328395844, "approx_kl": 0.027202394790947437, "clip_fraction": 0.1490478515625, "grad_norm": 5.06593781709671, "explained_variance": 0.7691067457199097, "action_std_mean": 0.3279276490211487, "optimizer_iterations": 4.0, "lr": 7.2352e-05}
{"step": 1386496, "wall_time": 1790754823.3863735, "episodes_completed": 6.0, "mean_episode_reward": 8.432918927942714, "std_episode_reward": 9.027203213055728, "min_episode_reward": -6.32054328918457, "max_episode_reward": 20.39852523803711, "mean_episode_length": 100.5, "success_rate": 0.6666666666666666, "collision_rate": 0.16666666666666666, "out_of_bounds_rate": 0.0, "timeout_rate": 0.16666666666666666, "policy_loss": -0.0013415506109595299, "value_loss": 0.40360046923160553, "entropy": 0.6076309978961945, "approx_kl": 0.029945105779916048, "clip_fraction": 0.0723876953125, "grad_norm": 6.5265873670578, "explained_variance": 0.955263614654541, "action_std_mean": 0.32789620757102966, "optimizer_iterations": 4.0, "lr": 7.231104e-05}
{"step": 1388544, "wall_time": 1790754834.4834054, "episodes_completed": 13.0, "mean_episode_reward": 4.655200518094576, "std_episode_reward": 11.412247708475467, "min_episode_reward": -10.04958438873291, "max_episode_reward": 17.009017944335938, "mean_episode_length": 52.61538461538461, "success_rate": 0.6153846153846154, "collision_rate": 0.38461538461538464, "out_of_bounds_rate": 0.0, "timeout_rate": 0.0, "policy_loss": -0.0025421646423637867, "value_loss": 0.8452759236097336, "entropy": 0.6074241399765015, "approx_kl": 0.01092392741702497, "clip_fraction": 0.103515625, "grad_norm": 9.442449808120728, "explained_variance": 0.9353628158569336, "action_std_mean": 0.32787245512008667, "optimizer_iterations": 4.0, "lr": 7.227007999999999e-05}
{"step": 1390592, "wall_time": 1790754845.582272, "episodes_completed": 14.0, "mean_episode_reward": 3.1653774719951406, "std_episode_reward": 10.922700441502055, "min_episode_reward": -10.447193145751953, "max_episode_reward": 17.69375991821289, "mean_episode_length": 91.35714285714286, "success_rate": 0.5, "collision_rate": 0.42857142857142855, "out_of_bounds_rate": 0.0, "timeout_rate": 0.07142857142857142, "policy_loss": 0.0021604406647384167, "value_loss": 1.6936478018760681, "entropy": 0.6073121428489685, "approx_kl": 0.014084093505516648, "clip_fraction": 0.114990234375, "grad_norm": 13.99825370311737, "explained_variance": 0.8685057163238525, "action_std_mean": 0.32785338163375854, "optimizer_iterations": 4.0, "lr": 7.222912000000001e-05}
{"step": 1392640, "wall_time": 1790754856.5949168, "episodes_completed": 8.0, "mean_episode_reward": 11.490957975387573, "std_episode_reward": 7.7671817323740076, "min_episode_reward": -8.856316566467285, "max_episode_reward": 16.06768035888672, "mean_episode_length": 107.25, "success_rate": 0.875, "collision_rate": 0.125, "out_of_bounds_rate": 0.0, "timeout_rate": 0.0, "policy_loss": 0.003191766794770956, "value_loss": 1.256796419620514, "entropy": 0.6072052419185638, "approx_kl": 0.018400683533400297, "clip_fraction": 0.0989990234375, "grad_norm": 7.11006498336792, "explained_variance": 0.7768923044204712, "action_std_mean": 0.3278403878211975, "optimizer_iterations": 4.0, "lr": 7.218816e-05}
{"step": 1394688, "wall_time": 1790754867.5740726, "episodes_completed": 7.0, "mean_episode_reward": 7.899950436183384, "std_episode_reward": 7.597397558296045, "min_episode_reward": -6.503107070922852, "max_episode_reward": 17.31702995300293, "mean_episode_length": 81.57142857142857, "success_rate": 0.7142857142857143, "collision_rate": 0.2857142857142857, "out_of_bounds_rate": 0.0, "timeout_rate": 0.0, "policy_loss": -0.0012960064050275832, "value_loss": 1.6744617521762848, "entropy": 0.6071662306785583, "approx_kl": 0.010000228241551667, "clip_fraction": 0.1068115234375, "grad_norm": 11.282638430595398, "explained_variance": 0.7273378372192383, "action_std_mean": 0.32784461975097656, "optimizer_iterations": 4.0, "lr": 7.21472e-05}
{"step": 1396736, "wall_time": 1790754878.6966186, "episodes_completed": 8.0, "mean_episode_reward": -2.9800066351890564, "std_episode_reward": 10.192974216990333, "min_episode_reward": -10.492169380187988, "max_episode_reward": 17.760719299316406, "mean_episode_length": 60.375, "success_rate": 0.25, "collision_rate": 0.75, "out_of_bounds_rate": 0.0, "timeout_rate": 0.0, "policy_loss": 0.000504328403621912, "value_loss": 1.4688115417957306, "entropy": 0.6072290539741516, "approx_kl": 0.026219704188406467, "clip_fraction": 0.094482421875, "grad_norm": 17.521662712097168, "explained_variance": 0.893844723701477, "action_std_mean": 0.3278619050979614, "optimizer_iterations": 4.0, "lr": 7.210624000000001e-05}
{"step": 1398784, "wall_time": 1790754889.7534566, "episodes_completed": 5.0, "mean_episode_reward": 3.1182653427124025, "std_episode_reward": 9.830738730916663, "min_episode_reward": -8.50182056427002, "max_episode_reward": 16.522327423095703, "mean_episode_length": 106.8, "success_rate": 0.4, "collision_rate": 0.6, "out_of_bounds_rate": 0.0, "timeout_rate": 0.0, "policy_loss": 0.0005885278806090355, "value_loss": 1.2677836418151855, "entropy": 0.6073634326457977, "approx_kl": 0.006344811525195837, "clip_fraction": 0.0577392578125, "grad_norm": 10.054846167564392, "explained_variance": 0.8716705441474915, "action_std_mean": 0.32788950204849243, "optimizer_iterations": 4.0, "lr": 7.206528e-05}
{"step": 1400832, "wall_time": 1790754900.7426221, "episodes_completed": 5.0, "mean_episode_reward": 4.39985408782959, "std_episode_reward": 9.639524838227882, "min_episode_reward": -7.863574981689453, "max_episode_reward": 12.55598258972168, "mean_episode_length": 57.2, "success_rate": 0.6, "collision_rate": 0.4, "out_of_bounds_rate": 0.0, "timeout_rate": 0.0, "policy_loss": 0.0006615358870476484, "value_loss": 1.468924880027771, "entropy": 0.6075373291969299, "approx_kl": 0.024915183894336224, "clip_fraction": 0.1441650390625, "grad_norm": 8.835087656974792, "explained_variance": 0.8407934308052063, "action_std_mean": 0.327912837266922, "optimizer_iterations": 4.0, "lr": 7.202432e-05}
{"step": 1402880, "wall_time": 1790754911.8354282, "episodes_completed": 13.0, "mean_episode_reward": 4.081481367922747, "std_episode_reward": 9.79784147570171, "min_episode_reward": -9.999348640441895, "max_episode_reward": 16.851808547973633, "mean_episode_length": 69.61538461538461, "success_rate": 0.5384615384615384, "collision_rate": 0.3076923076923077, "out_of_bounds_rate": 0.0, "timeout_rate": 0.15384615384615385, "policy_loss": 0.0019666003063321114, "value_loss": 1.344763070344925, "entropy": 0.6076248288154602, "approx_kl": 0.02999915834516287, "clip_fraction": 0.2137451171875, "grad_norm": 9.316471934318542, "explained_variance": 0.8551104068756104, "action_std_mean": 0.32790932059288025, "optimizer_iterations": 4.0, "lr": 7.198336000000002e-05}
{"step": 1404928, "wall_time": 1790754922.8060303, "episodes_completed": 5.0, "mean_episode_reward": 4.42864049859345, "std_episode_reward": 10.70005301817607, "min_episode_reward": -6.6963210105896, "max_episode_reward": 20.087051391601562, "mean_episode_length": 144.8, "success_rate": 0.4, "collision_rate": 0.4, "out_of_bounds_rate": 0.0, "timeout_rate": 0.2, "policy_loss": -0.0007740668952465057, "value_loss": 1.7214288413524628, "entropy": 0.607587605714798, "approx_kl": 0.01273764157667756, "clip_fraction": 0.073974609375, "grad_norm": 8.225658178329468, "explained_variance": 0.7577213644981384, "action_std_mean": 0.32790935039520264, "optimizer_iterations": 4.0, "lr": 7.194240000000001e-05}
{"step": 1406976, "wall_time": 1790754933.7014475, "episodes_completed": 2.0, "mean_episode_reward": 15.085897445678711, "std_episode_reward": 3.7675113677978516, "min_episode_reward": 11.31838607788086, "max_episode_reward": 18.853408813476562, "mean_episode_length": 141.0, "success_rate": 1.0, "collision_rate": 0.0, "out_of_bounds_rate": 0.0, "timeout_rate": 0.0, "policy_loss": -0.0021641645580530167, "value_loss": 0.34484026581048965, "entropy": 0.6075752079486847, "approx_kl": 0.016983846900984645, "clip_fraction": 0.160400390625, "grad_norm": 5.531017184257507, "explained_variance": 0.9326542019844055, "action_std_mean": 0.32789504528045654, "optimizer_iterations": 4.0, "lr": 7.190144e-05}
{"step": 1409024, "wall_time": 1790754944.7950456, "episodes_completed": 7.0, "mean_episode_reward": 7.423070951764073, "std_episode_reward": 7.797292155210887, "min_episode_reward": -8.527667999267578, "max_episode_reward": 14.0910005569458, "mean_episode_length": 45.714285714285715, "success_rate": 0.7142857142857143, "collision_rate": 0.14285714285714285, "out_of_bounds_rate": 0.0, "timeout_rate": 0.14285714285714285, "policy_loss": -0.0007027504034340382, "value_loss": 0.49836253374814987, "entropy": 0.6074522435665131, "approx_kl": 0.008930152049288154, "clip_fraction": 0.10546875, "grad_norm": 5.968385815620422, "explained_variance": 0.9380642175674438, "action_std_mean": 0.32787200808525085, "optimizer_iterations": 4.0, "lr": 7.186048000000001e-05}
{"step": 1411072, "wall_time": 1790754955.8536751, "episodes_completed": 5.0, "mean_episode_reward": 9.281135177612304, "std_episode_reward": 9.981334935744107, "min_episode_reward": -9.810625076293945, "max_episode_reward": 18.699682235717773, "mean_episode_length": 143.2, "success_rate": 0.8, "collision_rate": 0.2, "out_of_bounds_rate": 0.0, "timeout_rate": 0.0, "policy_loss": 0.00181534793227911, "value_loss": 1.0191805213689804, "entropy": 0.6073017120361328, "approx_kl": 0.017970969900488853, "clip_fraction": 0.120361328125, "grad_norm": 10.382023096084595, "explained_variance": 0.8747623562812805, "action_std_mean": 0.3278420567512512, "optimizer_iterations": 4.0, "lr": 7.181952000000001e-05}
{"step": 1413120, "wall_time": 1790754966.9708827, "episodes_completed": 8.0, "mean_episode_reward": 8.181960880756378, "std_episode_reward": 9.331871657552245, "min_episode_reward": -9.973453521728516, "max_episode_reward": 18.132389068603516, "mean_episode_length": 78.125, "success_rate": 0.75, "collision_rate": 0.25, "out_of_bounds_rate": 0.0, "timeout_rate": 0.0, "policy_loss": -0.001032218337059021, "value_loss": 1.077512413263321, "entropy": 0.6071285605430603, "approx_kl": 0.007244050852023065, "clip_fraction": 0.0498046875, "grad_norm": 9.424066305160522, "explained_variance": 0.8820046782493591, "action_std_mean": 0.32782435417175293, "optimizer_iterations": 4.0, "lr": 7.177856e-05}
{"step": 1415168, "wall_time": 1790754977.9620593, "episodes_completed": 6.0, "mean_episode_reward": 5.1990856764217215, "std_episode_reward": 11.020865151277812, "min_episode_reward": -8.502634048461914, "max_episode_reward": 19.602249145507812, "mean_episode_length": 105.66666666666667, "success_rate": 0.5, "collision_rate": 0.3333333333333333, "out_of_bounds_rate": 0.0, "timeout_rate": 0.16666666666666666, "policy_loss": -0.0002005693968385458, "value_loss": 0.8159049302339554, "entropy": 0.6070511341094971, "approx_kl": 0.01221814181189984, "clip_fraction": 0.125732421875, "grad_norm": 9.632519245147705, "explained_variance": 0.9165769219398499, "action_std_mean": 0.3278174102306366, "optimizer_iterations": 4.0, "lr": 7.173760000000001e-05}
{"step": 1417216, "wall_time": 1790754989.156385, "episodes_completed": 3.0, "mean_episode_reward": 12.14126205444336, "std_episode_reward": 1.663143975241965, "min_episode_reward": 10.45481014251709, "max_episode_reward": 14.404340744018555, "mean_episode_length": 82.33333333333333, "success_rate": 1.0, "collision_rate": 0.0, "out_of_bounds_rate": 0.0, "timeout_rate": 0.0, "policy_loss": -0.001368665136396885, "value_loss": 0.39448072761297226, "entropy": 0.6069891154766083, "approx_kl": 0.010274493950419128, "clip_fraction": 0.111328125, "grad_norm": 6.849505186080933, "explained_variance": 0.9342738389968872, "action_std_mean": 0.3277938961982727, "optimizer_iterations": 4.0, "lr": 7.169664e-05}
{"step": 1419264, "wall_time": 1790755000.2713823, "episodes_completed": 5.0, "mean_episode_reward": 7.276296442374587, "std_episode_reward": 7.924623784875196, "min_episode_reward": -4.194867134094238, "max_episode_reward": 16.020160675048828, "mean_episode_length": 114.2, "success_rate": 0.6, "collision_rate": 0.2, "out_of_bounds_rate": 0.0, "timeout_rate": 0.2, "policy_loss": -0.0021636171732097864, "value_loss": 0.9181533604860306, "entropy": 0.6067968308925629, "approx_kl": 0.012999168829992414, "clip_fraction": 0.1480712890625, "grad_norm": 5.213984429836273, "explained_variance": 0.8836361765861511, "action_std_mean": 0.32775211334228516, "optimizer_iterations": 4.0, "lr": 7.165568e-05}
{"step": 1421312, "wall_time": 1790755011.3163302, "episodes_completed": 2.0, "mean_episode_reward": 16.846020698547363, "std_episode_reward": 1.3711309432983398, "min_episode_reward": 15.474889755249023, "max_episode_reward": 18.217151641845703, "mean_episode_length": 201.0, "success_rate": 1.0, "collision_rate": 0.0, "out_of_bounds_rate": 0.0, "timeout_rate": 0.0, "policy_loss": -0.0013950783759355545, "value_loss": 0.20877385884523392, "entropy": 0.6065102517604828, "approx_kl": 0.010081581305712461, "clip_fraction": 0.1317138671875, "grad_norm": 6.649714350700378, "explained_variance": 0.9593956470489502, "action_std_mean": 0.3277025818824768, "optimizer_iterations": 4.0, "lr": 7.161472e-05}
{"step": 1423360, "wall_time": 1790755022.5004206, "episodes_completed": 3.0, "mean_episode_reward": 10.589862843354544, "std_episode_reward": 8.04019012946954, "min_episode_reward": -0.4982127547264099, "max_episode_reward": 18.315166473388672, "mean_episode_length": 133.33333333333334, "success_rate": 0.6666666666666666, "collision_rate": 0.0, "out_of_bounds_rate": 0.0, "timeout_rate": 0.3333333333333333, "policy_loss": -0.0014569623162969947, "value_loss": 0.3909086659550667, "entropy": 0.6062091886997223, "approx_kl": 0.015295293764211237, "clip_fraction": 0.1123046875, "grad_norm": 7.56426477432251, "explained_variance": 0.9413903951644897, "action_std_mean": 0.3276556730270386, "optimizer_iterations": 4.0, "lr": 7.157376e-05}
{"step": 1425408, "wall_time": 1790755033.6401472, "episodes_completed": 9.0, "mean_episode_reward": 5.105568856828743, "std_episode_reward": 10.768196399662802, "min_episode_reward": -9.950068473815918, "max_episode_reward": 17.56405258178711, "mean_episode_length": 103.88888888888889, "success_rate": 0.5555555555555556, "collision_rate": 0.3333333333333333, "out_of_bounds_rate": 0.0, "timeout_rate": 0.1111111111111111, "policy_loss": -0.00018953531980514526, "value_loss": 1.522819310426712, "entropy": 0.60594043135643, "approx_kl": 0.02314253244549036, "clip_fraction": 0.064208984375, "grad_norm": 8.016613006591797, "explained_variance": 0.844275712966919, "action_std_mean": 0.3276195526123047, "optimizer_iterations": 4.0, "lr": 7.15328e-05}
{"step": 1427456, "wall_time": 1790755044.681692, "episodes_completed": 7.0, "mean_episode_reward": 6.825953097215721, "std_episode_reward": 9.744831863636124, "min_episode_reward": -9.9548978805542, "max_episode_reward": 18.636106491088867, "mean_episode_length": 101.28571428571429, "success_rate": 0.5714285714285714, "collision_rate": 0.2857142857142857, "out_of_bounds_rate": 0.0, "timeout_rate": 0.14285714285714285, "policy_loss": 0.007223260588943958, "value_loss": 0.3866710960865021, "entropy": 0.6057403385639191, "approx_kl": 0.038856795988976955, "clip_fraction": 0.0643310546875, "grad_norm": 8.605611085891724, "explained_variance": 0.9485183954238892, "action_std_mean": 0.3275933265686035, "optimizer_iterations": 4.0, "lr": 7.149184e-05}
{"step": 1429504, "wall_time": 1790755055.8707402, "episodes_completed": 7.0, "mean_episode_reward": 5.652832105755806, "std_episode_reward": 9.482331371350336, "min_episode_reward": -7.667430877685547, "max_episode_reward": 18.201522827148438, "mean_episode_length": 100.85714285714286, "success_rate": 0.5714285714285714, "collision_rate": 0.2857142857142857, "out_of_bounds_rate": 0.0, "timeout_rate": 0.14285714285714285, "policy_loss": 0.011319046607241035, "value_loss": 1.9187098443508148, "entropy": 0.6056084930896759, "approx_kl": 0.04304075241088867, "clip_fraction": 0.167236328125, "grad_norm": 11.620067119598389, "explained_variance": 0.8082930445671082, "action_std_mean": 0.32758286595344543, "optimizer_iterations": 4.0, "lr": 7.145088e-05}
{"step": 1431552, "wall_time": 1790755067.0085752, "episodes_completed": 10.0, "mean_episode_reward": 8.370232486724854, "std_episode_reward": 10.46024105542511, "min_episode_reward": -10.93576431274414, "max_episode_reward": 21.124347686767578, "mean_episode_length": 101.1, "success_rate": 0.7, "collision_rate": 0.3, "out_of_bounds_rate": 0.0, "timeout_rate": 0.0, "policy_loss": 0.0026238318532705307, "value_loss": 1.2926619946956635, "entropy": 0.6055523753166199, "approx_kl": 0.024151966907083988, "clip_fraction": 0.1644287109375, "grad_norm": 12.280938744544983, "explained_variance": 0.9117177128791809, "action_std_mean": 0.32756614685058594, "optimizer_iterations": 4.0, "lr": 7.140992e-05}
{"step": 1433600, "wall_time": 1790755077.994238, "episodes_completed": 6.0, "mean_episode_reward": 8.824666976928711, "std_episode_reward": 8.465047177849305, "min_episode_reward": -9.954093933105469, "max_episode_reward": 13.836755752563477, "mean_episode_length": 56.833333333333336, "success_rate": 0.8333333333333334, "collision_rate": 0.16666666666666666, "out_of_bounds_rate": 0.0, "timeout_rate": 0.0, "policy_loss": -0.004736226052045822, "value_loss": 0.6756990849971771, "entropy": 0.6054273843765259, "approx_kl": 0.018112487392500043, "clip_fraction": 0.0986328125, "grad_norm": 8.952651500701904, "explained_variance": 0.9153462648391724, "action_std_mean": 0.32754242420196533, "optimizer_iterations": 4.0, "lr": 7.136896e-05}
{"step": 1435648, "wall_time": 1790755089.0354655, "episodes_completed": 4.0, "mean_episode_reward": -1.7964895963668823, "std_episode_reward": 10.031599560484272, "min_episode_reward": -8.860030174255371, "max_episode_reward": 15.427221298217773, "mean_episode_length": 72.0, "success_rate": 0.25, "collision_rate": 0.75, "out_of_bounds_rate": 0.0, "timeout_rate": 0.0, "policy_loss": -0.001462278887629509, "value_loss": 0.7187114953994751, "entropy": 0.6052865087985992, "approx_kl": 0.011442205868661404, "clip_fraction": 0.1207275390625, "grad_norm": 6.433453917503357, "explained_variance": 0.8907535076141357, "action_std_mean": 0.3275224566459656, "optimizer_iterations": 4.0, "lr": 7.1328e-05}
{"step": 1437696, "wall_time": 1790755100.0217292, "episodes_completed": 3.0, "mean_episode_reward": 13.202144940694174, "std_episode_reward": 1.8846973437399148, "min_episode_reward": 10.763540267944336, "max_episode_reward": 15.353129386901855, "mean_episode_length": 81.33333333333333, "success_rate": 1.0, "collision_rate": 0.0, "out_of_bounds_rate": 0.0, "timeout_rate": 0.0, "policy_loss": 0.011732306331396103, "value_loss": 0.3599483445286751, "entropy": 0.6051932275295258, "approx_kl": 0.031362319365143776, "clip_fraction": 0.1693115234375, "grad_norm": 7.1989933252334595, "explained_variance": 0.9369332790374756, "action_std_mean": 0.3275175392627716, "optimizer_iterations": 4.0, "lr": 7.128704e-05}
{"step": 1439744, "wall_time": 1790755111.0565057, "episodes_completed": 4.0, "mean_episode_reward": 11.386179558932781, "std_episode_reward": 6.653605656987674, "min_episode_reward": -0.09372666478157043, "max_episode_reward": 15.84964370727539, "mean_episode_length": 144.25, "success_rate": 0.75, "collision_rate": 0.0, "out_of_bounds_rate": 0.0, "timeout_rate": 0.25, "policy_loss": 0.0002648846711963415, "value_loss": 0.4784338101744652, "entropy": 0.6051693558692932, "approx_kl": 0.011658376781269908, "clip_fraction": 0.0848388671875, "grad_norm": 6.18988573551178, "explained_variance": 0.9470943212509155, "action_std_mean": 0.32750844955444336, "optimizer_iterations": 4.0, "lr": 7.124608000000001e-05}
{"step": 1441792, "wall_time": 1790755122.2349517, "episodes_completed": 9.0, "mean_episode_reward": -1.4263926612006292, "std_episode_reward": 10.475415412841276, "min_episode_reward": -10.049596786499023, "max_episode_reward": 15.490161895751953, "mean_episode_length": 56.0, "success_rate": 0.3333333333333333, "collision_rate": 0.6666666666666666, "out_of_bounds_rate": 0.0, "timeout_rate": 0.0, "policy_loss": -0.0027696951292455196, "value_loss": 1.5362030267715454, "entropy": 0.6050574779510498, "approx_kl": 0.022773064440116286, "clip_fraction": 0.044189453125, "grad_norm": 8.439560532569885, "explained_variance": 0.8660475015640259, "action_std_mean": 0.32747000455856323, "optimizer_iterations": 4.0, "lr": 7.120512e-05}
{"step": 1443840, "wall_time": 1790755133.187237, "episodes_completed": 5.0, "mean_episode_reward": 1.3539271794259549, "std_episode_reward": 6.85132974088437, "min_episode_reward": -7.156182289123535, "max_episode_reward": 13.87998104095459, "mean_episode_length": 117.0, "success_rate": 0.2, "collision_rate": 0.2, "out_of_bounds_rate": 0.0, "timeout_rate": 0.6, "policy_loss": -0.0019520961213856936, "value_loss": 0.34756334871053696, "entropy": 0.6047544181346893, "approx_kl": 0.006591716781258583, "clip_fraction": 0.057861328125, "grad_norm": 7.886748433113098, "explained_variance": 0.9507901668548584, "action_std_mean": 0.32740718126296997, "optimizer_iterations": 4.0, "lr": 7.116416e-05}
{"step": 1445888, "wall_time": 1790755144.2078736, "episodes_completed": 13.0, "mean_episode_reward": 1.8636321072968154, "std_episode_reward": 10.593040208284128, "min_episode_reward": -9.9539155960083, "max_episode_reward": 15.867982864379883, "mean_episode_length": 50.76923076923077, "success_rate": 0.46153846153846156, "collision_rate": 0.46153846153846156, "out_of_bounds_rate": 0.0, "timeout_rate": 0.07692307692307693, "policy_loss": -0.0036057819379493594, "value_loss": 1.1934151351451874, "entropy": 0.6043605804443359, "approx_kl": 0.007192443241365254, "clip_fraction": 0.059814453125, "grad_norm": 10.245543122291565, "explained_variance": 0.9051524996757507, "action_std_mean": 0.3273499011993408, "optimizer_iterations": 4.0, "lr": 7.11232e-05}
{"step": 1447936, "wall_time": 1790755155.2265952, "episodes_completed": 5.0, "mean_episode_reward": 14.330656814575196, "std_episode_reward": 3.9029449456577905, "min_episode_reward": 10.288554191589355, "max_episode_reward": 20.406600952148438, "mean_episode_length": 131.0, "success_rate": 1.0, "collision_rate": 0.0, "out_of_bounds_rate": 0.0, "timeout_rate": 0.0, "policy_loss": 0.0013349533546715975, "value_loss": 0.5192625150084496, "entropy": 0.604076474905014, "approx_kl": 0.02359200920909643, "clip_fraction": 0.1099853515625, "grad_norm": 6.665578603744507, "explained_variance": 0.9027422666549683, "action_std_mean": 0.32732564210891724, "optimizer_iterations": 4.0, "lr": 7.108224000000001e-05}
{"step": 1449984, "wall_time": 1790755166.0538776, "episodes_completed": 4.0, "mean_episode_reward": 13.703210592269897, "std_episode_reward": 2.3886416394578442, "min_episode_reward": 10.064724922180176, "max_episode_reward": 16.772180557250977, "mean_episode_length": 111.5, "success_rate": 1.0, "collision_rate": 0.0, "out_of_bounds_rate": 0.0, "timeout_rate": 0.0, "policy_loss": -0.0039384374395012856, "value_loss": 0.6716616898775101, "entropy": 0.6039555668830872, "approx_kl": 0.012373994570225477, "clip_fraction": 0.120361328125, "grad_norm": 6.091647386550903, "explained_variance": 0.8853518962860107, "action_std_mean": 0.3272985517978668, "optimizer_iterations": 4.0, "lr": 7.104128e-05}
{"step": 1452032, "wall_time": 1790755177.0340395, "episodes_completed": 9.0, "mean_episode_reward": 3.274823135799832, "std_episode_reward": 10.864280054451699, "min_episode_reward": -10.041159629821777, "max_episode_reward": 15.120136260986328, "mean_episode_length": 57.22222222222222, "success_rate": 0.5555555555555556, "collision_rate": 0.4444444444444444, "out_of_bounds_rate": 0.0, "timeout_rate": 0.0, "policy_loss": -0.001431125681847334, "value_loss": 1.237839013338089, "entropy": 0.6037588119506836, "approx_kl": 0.009027367923408747, "clip_fraction": 0.09619140625, "grad_norm": 7.811662912368774, "explained_variance": 0.8218494057655334, "action_std_mean": 0.327267587184906, "optimizer_iterations": 4.0, "lr": 7.100032000000001e-05}
{"step": 1454080, "wall_time": 1790755188.0936532, "episodes_completed": 6.0, "mean_episode_reward": -0.7294337054093679, "std_episode_reward": 9.995438225257475, "min_episode_reward": -9.952422142028809, "max_episode_reward": 14.596025466918945, "mean_episode_length": 63.666666666666664, "success_rate": 0.3333333333333333, "collision_rate": 0.5, "out_of_bounds_rate": 0.0, "timeout_rate": 0.16666666666666666, "policy_loss": -0.0025179721415042877, "value_loss": 0.829175591468811, "entropy": 0.6036091446876526, "approx_kl": 0.019657177617773414, "clip_fraction": 0.096435546875, "grad_norm": 6.949487090110779, "explained_variance": 0.8574496507644653, "action_std_mean": 0.3272508382797241, "optimizer_iterations": 4.0, "lr": 7.095936000000001e-05}
{"step": 1456128, "wall_time": 1790755198.990552, "episodes_completed": 6.0, "mean_episode_reward": 8.030413945515951, "std_episode_reward": 6.900813303049667, "min_episode_reward": -3.7793684005737305, "max_episode_reward": 15.77254867553711, "mean_episode_length": 138.33333333333334, "success_rate": 0.6666666666666666, "collision_rate": 0.3333333333333333, "out_of_bounds_rate": 0.0, "timeout_rate": 0.0, "policy_loss": -0.0040130615234375, "value_loss": 1.8488425314426422, "entropy": 0.6035072505474091, "approx_kl": 0.016848566476255655, "clip_fraction": 0.09912109375, "grad_norm": 18.81925117969513, "explained_variance": 0.6740427613258362, "action_std_mean": 0.3272308111190796, "optimizer_iterations": 4.0, "lr": 7.09184e-05}
{"step": 1458176, "wall_time": 1790755209.7930977, "episodes_completed": 3.0, "mean_episode_reward": 5.580380541582902, "std_episode_reward": 8.666019245147513, "min_episode_reward": -1.1746129989624023, "max_episode_reward": 17.813800811767578, "mean_episode_length": 219.0, "success_rate": 0.3333333333333333, "collision_rate": 0.3333333333333333, "out_of_bounds_rate": 0.0, "timeout_rate": 0.3333333333333333, "policy_loss": -0.007625675294548273, "value_loss": 0.7744289636611938, "entropy": 0.6033718585968018, "approx_kl": 0.00933175627142191, "clip_fraction": 0.093994140625, "grad_norm": 6.814726114273071, "explained_variance": 0.8658720850944519, "action_std_mean": 0.32720252871513367, "optimizer_iterations": 4.0, "lr": 7.087744000000001e-05}
{"step": 1460224, "wall_time": 1790755220.8040397, "episodes_completed": 9.0, "mean_episode_reward": -2.1478329764472113, "std_episode_reward": 9.850085394314487, "min_episode_reward": -10.048855781555176, "max_episode_reward": 13.694284439086914, "mean_episode_length": 38.22222222222222, "success_rate": 0.3333333333333333, "collision_rate": 0.6666666666666666, "out_of_bounds_rate": 0.0, "timeout_rate": 0.0, "policy_loss": 0.00036327727138996124, "value_loss": 1.3274275958538055, "entropy": 0.6031990349292755, "approx_kl": 0.009062858996912837, "clip_fraction": 0.09423828125, "grad_norm": 12.382965683937073, "explained_variance": 0.8860436081886292, "action_std_mean": 0.32718122005462646, "optimizer_iterations": 4.0, "lr": 7.083648e-05}
{"step": 1462272, "wall_time": 1790755231.919392, "episodes_completed": 10.0, "mean_episode_reward": 5.750199174880981, "std_episode_reward": 10.164792686859377, "min_episode_reward": -10.462103843688965, "max_episode_reward": 16.64513397216797, "mean_episode_length": 103.9, "success_rate": 0.6, "collision_rate": 0.4, "out_of_bounds_rate": 0.0, "timeout_rate": 0.0, "policy_loss": -0.0016333055682480335, "value_loss": 2.0456073880195618, "entropy": 0.6031034290790558, "approx_kl": 0.05381790269166231, "clip_fraction": 0.0845947265625, "grad_norm": 12.073575735092163, "explained_variance": 0.8312037587165833, "action_std_mean": 0.3271735906600952, "optimizer_iterations": 4.0, "lr": 7.079552e-05}
{"step": 1464320, "wall_time": 1790755242.96992, "episodes_completed": 12.0, "mean_episode_reward": 9.828929503758749, "std_episode_reward": 9.08127566028505, "min_episode_reward": -9.98509407043457, "max_episode_reward": 18.21619987487793, "mean_episode_length": 89.66666666666667, "success_rate": 0.8333333333333334, "collision_rate": 0.16666666666666666, "out_of_bounds_rate": 0.0, "timeout_rate": 0.0, "policy_loss": 0.0033482066355645657, "value_loss": 1.009070485830307, "entropy": 0.6030549108982086, "approx_kl": 0.019432781031355262, "clip_fraction": 0.1123046875, "grad_norm": 7.396940469741821, "explained_variance": 0.8356469869613647, "action_std_mean": 0.3271603584289551, "optimizer_iterations": 4.0, "lr": 7.075456e-05}
{"step": 1466368, "wall_time": 1790755254.0995939, "episodes_completed": 8.0, "mean_episode_reward": 1.5466864109039307, "std_episode_reward": 10.822333997222694, "min_episode_reward": -9.958028793334961, "max_episode_reward": 16.586856842041016, "mean_episode_length": 93.125, "success_rate": 0.375, "collision_rate": 0.625, "out_of_bounds_rate": 0.0, "timeout_rate": 0.0, "policy_loss": -0.0019584507681429386, "value_loss": 2.3028716444969177, "entropy": 0.6029730141162872, "approx_kl": 0.016491619637236, "clip_fraction": 0.158447265625, "grad_norm": 14.079616069793701, "explained_variance": 0.7493985891342163, "action_std_mean": 0.3271539509296417, "optimizer_iterations": 4.0, "lr": 7.07136e-05}
{"step": 1468416, "wall_time": 1790755265.2592432, "episodes_completed": 9.0, "mean_episode_reward": 6.253512276543511, "std_episode_reward": 11.218929866994094, "min_episode_reward": -9.900177955627441, "max_episode_reward": 18.684558868408203, "mean_episode_length": 81.0, "success_rate": 0.6666666666666666, "collision_rate": 0.3333333333333333, "out_of_bounds_rate": 0.0, "timeout_rate": 0.0, "policy_loss": -0.003474234603345394, "value_loss": 0.619107574224472, "entropy": 0.6029922962188721, "approx_kl": 0.0033759714860934764, "clip_fraction": 0.0321044921875, "grad_norm": 6.878930687904358, "explained_variance": 0.9299854636192322, "action_std_mean": 0.3271779417991638, "optimizer_iterations": 4.0, "lr": 7.067264000000001e-05}
{"step": 1470464, "wall_time": 1790755276.3644688, "episodes_completed": 6.0, "mean_episode_reward": 4.021753586828709, "std_episode_reward": 9.736795855888303, "min_episode_reward": -9.961259841918945, "max_episode_reward": 17.563552856445312, "mean_episode_length": 86.5, "success_rate": 0.5, "collision_rate": 0.3333333333333333, "out_of_bounds_rate": 0.0, "timeout_rate": 0.16666666666666666, "policy_loss": -0.001047826837748289, "value_loss": 1.1077830791473389, "entropy": 0.6031909883022308, "approx_kl": 0.009057704242877662, "clip_fraction": 0.100830078125, "grad_norm": 9.836721062660217, "explained_variance": 0.7929819226264954, "action_std_mean": 0.32722008228302, "optimizer_iterations": 4.0, "lr": 7.063168e-05}
{"step": 1472512, "wall_time": 1790755287.4018788, "episodes_completed": 2.0, "mean_episode_reward": 10.723757266998291, "std_episode_reward": 0.31305360794067383, "min_episode_reward": 10.410703659057617, "max_episode_reward": 11.036810874938965, "mean_episode_length": 91.0, "success_rate": 1.0, "collision_rate": 0.0, "out_of_bounds_rate": 0.0, "timeout_rate": 0.0, "policy_loss": -0.001723079476505518, "value_loss": 1.1888888776302338, "entropy": 0.603448897600174, "approx_kl": 0.013530324213206768, "clip_fraction": 0.1258544921875, "grad_norm": 10.643031477928162, "explained_variance": 0.6824966669082642, "action_std_mean": 0.32725709676742554, "optimizer_iterations": 4.0, "lr": 7.059072e-05}
{"step": 1474560, "wall_time": 1790755298.5738971, "episodes_completed": 8.0, "mean_episode_reward": 9.543650685343891, "std_episode_reward": 8.818224711305934, "min_episode_reward": -10.032825469970703, "max_episode_reward": 16.335712432861328, "mean_episode_length": 98.75, "success_rate": 0.75, "collision_rate": 0.125, "out_of_bounds_rate": 0.0, "timeout_rate": 0.125, "policy_loss": -0.0017089657485485077, "value_loss": 0.6815980970859528, "entropy": 0.6036485135555267, "approx_kl": 0.021208827383816242, "clip_fraction": 0.114013671875, "grad_norm": 13.107988834381104, "explained_variance": 0.8994995355606079, "action_std_mean": 0.32728448510169983, "optimizer_iterations": 4.0, "lr": 7.054976e-05}
{"step": 1476608, "wall_time": 1790755309.6907408, "episodes_completed": 4.0, "mean_episode_reward": 15.106702327728271, "std_episode_reward": 1.0462538682110247, "min_episode_reward": 13.722419738769531, "max_episode_reward": 16.607444763183594, "mean_episode_length": 115.25, "success_rate": 1.0, "collision_rate": 0.0, "out_of_bounds_rate": 0.0, "timeout_rate": 0.0, "policy_loss": -0.00027726590633392334, "value_loss": 0.19128427654504776, "entropy": 0.603757232427597, "approx_kl": 0.010130511596798897, "clip_fraction": 0.0933837890625, "grad_norm": 5.867775559425354, "explained_variance": 0.9600908756256104, "action_std_mean": 0.32727691531181335, "optimizer_iterations": 4.0, "lr": 7.05088e-05}
{"step": 1478656, "wall_time": 1790755320.935716, "episodes_completed": 4.0, "mean_episode_reward": 14.040616750717163, "std_episode_reward": 2.51790125677218, "min_episode_reward": 10.595996856689453, "max_episode_reward": 16.955053329467773, "mean_episode_length": 132.25, "success_rate": 1.0, "collision_rate": 0.0, "out_of_bounds_rate": 0.0, "timeout_rate": 0.0, "policy_loss": 0.0004273373633623123, "value_loss": 0.5819184333086014, "entropy": 0.6036194860935211, "approx_kl": 0.011556487996131182, "clip_fraction": 0.10400390625, "grad_norm": 8.403236150741577, "explained_variance": 0.91173255443573, "action_std_mean": 0.327241986989975, "optimizer_iterations": 4.0, "lr": 7.046783999999999e-05}
{"step": 1480704, "wall_time": 1790755332.0841613, "episodes_completed": 10.0, "mean_episode_reward": 7.696958722919225, "std_episode_reward": 9.018930907660254, "min_episode_reward": -10.302017211914062, "max_episode_reward": 20.084239959716797, "mean_episode_length": 120.6, "success_rate": 0.6, "collision_rate": 0.2, "out_of_bounds_rate": 0.0, "timeout_rate": 0.2, "policy_loss": 0.0041899357456713915, "value_loss": 1.4019730687141418, "entropy": 0.6034091413021088, "approx_kl": 0.07092975825071335, "clip_fraction": 0.1092529296875, "grad_norm": 8.244423747062683, "explained_variance": 0.7993488907814026, "action_std_mean": 0.32721763849258423, "optimizer_iterations": 4.0, "lr": 7.042688e-05}
{"step": 1482752, "wall_time": 1790755343.0654926, "episodes_completed": 9.0, "mean_episode_reward": 9.378882196214464, "std_episode_reward": 9.785833352436004, "min_episode_reward": -9.58968734741211, "max_episode_reward": 18.092140197753906, "mean_episode_length": 119.0, "success_rate": 0.7777777777777778, "collision_rate": 0.2222222222222222, "out_of_bounds_rate": 0.0, "timeout_rate": 0.0, "policy_loss": -0.0010552924068178982, "value_loss": 1.990779310464859, "entropy": 0.6032938361167908, "approx_kl": 0.00993926078081131, "clip_fraction": 0.054443359375, "grad_norm": 9.345147848129272, "explained_variance": 0.708625316619873, "action_std_mean": 0.3272044062614441, "optimizer_iterations": 4.0, "lr": 7.038592000000001e-05}
{"step": 1484800, "wall_time": 1790755354.0464673, "episodes_completed": 6.0, "mean_episode_reward": 3.42513378461202, "std_episode_reward": 10.137654162104633, "min_episode_reward": -9.950010299682617, "max_episode_reward": 15.11764907836914, "mean_episode_length": 105.83333333333333, "success_rate": 0.5, "collision_rate": 0.5, "out_of_bounds_rate": 0.0, "timeout_rate": 0.0, "policy_loss": 0.002233328530564904, "value_loss": 1.3321835696697235, "entropy": 0.6032244861125946, "approx_kl": 0.00969529035501182, "clip_fraction": 0.091552734375, "grad_norm": 7.012976288795471, "explained_variance": 0.8286693096160889, "action_std_mean": 0.327197790145874, "optimizer_iterations": 4.0, "lr": 7.034496e-05}
{"step": 1486848, "wall_time": 1790755365.043098, "episodes_completed": 6.0, "mean_episode_reward": 11.367361148198446, "std_episode_reward": 7.961721221184929, "min_episode_reward": -4.52628755569458, "max_episode_reward": 19.545318603515625, "mean_episode_length": 132.0, "success_rate": 0.8333333333333334, "collision_rate": 0.16666666666666666, "out_of_bounds_rate": 0.0, "timeout_rate": 0.0, "policy_loss": -0.0032538356026634574, "value_loss": 0.6794838458299637, "entropy": 0.6031839549541473, "approx_kl": 0.009821273619309068, "clip_fraction": 0.1051025390625, "grad_norm": 8.036309957504272, "explained_variance": 0.8903199434280396, "action_std_mean": 0.32718801498413086, "optimizer_iterations": 4.0, "lr": 7.030400000000001e-05}
{"step": 1488896, "wall_time": 1790755376.2032323, "episodes_completed": 3.0, "mean_episode_reward": 15.586317380269369, "std_episode_reward": 2.2381803286151247, "min_episode_reward": 13.65575885772705, "max_episode_reward": 18.723896026611328, "mean_episode_length": 140.33333333333334, "success_rate": 1.0, "collision_rate": 0.0, "out_of_bounds_rate": 0.0, "timeout_rate": 0.0, "policy_loss": -0.0011654915288090706, "value_loss": 0.26787804067134857, "entropy": 0.6030905842781067, "approx_kl": 0.006500424351543188, "clip_fraction": 0.0718994140625, "grad_norm": 4.454517424106598, "explained_variance": 0.9461225867271423, "action_std_mean": 0.3271634578704834, "optimizer_iterations": 4.0, "lr": 7.026304e-05}
{"step": 1490944, "wall_time": 1790755387.3651557, "episodes_completed": 6.0, "mean_episode_reward": 3.207378546396891, "std_episode_reward": 11.639095324233493, "min_episode_reward": -10.664238929748535, "max_episode_reward": 17.450088500976562, "mean_episode_length": 122.66666666666667, "success_rate": 0.5, "collision_rate": 0.5, "out_of_bounds_rate": 0.0, "timeout_rate": 0.0, "policy_loss": 0.005973863415420055, "value_loss": 1.517031580209732, "entropy": 0.6029837429523468, "approx_kl": 0.016101396642625332, "clip_fraction": 0.1473388671875, "grad_norm": 9.386811375617981, "explained_variance": 0.8519030809402466, "action_std_mean": 0.32716596126556396, "optimizer_iterations": 4.0, "lr": 7.022208e-05}
{"step": 1492992, "wall_time": 1790755398.3550975, "episodes_completed": 6.0, "mean_episode_reward": 12.840456436077753, "std_episode_reward": 6.249206883137431, "min_episode_reward": -0.5529435276985168, "max_episode_reward": 19.159452438354492, "mean_episode_length": 125.83333333333333, "success_rate": 0.8333333333333334, "collision_rate": 0.0, "out_of_bounds_rate": 0.0, "timeout_rate": 0.16666666666666666, "policy_loss": -0.0005308780819177628, "value_loss": 0.34283606708049774, "entropy": 0.6030348837375641, "approx_kl": 0.014568182872608304, "clip_fraction": 0.1568603515625, "grad_norm": 9.707354307174683, "explained_variance": 0.9636291861534119, "action_std_mean": 0.3271709680557251, "optimizer_iterations": 4.0, "lr": 7.018112e-05}
{"step": 1495040, "wall_time": 1790755409.257085, "episodes_completed": 7.0, "mean_episode_reward": 10.65981217793056, "std_episode_reward": 6.625654225813677, "min_episode_reward": -4.736274242401123, "max_episode_reward": 17.126314163208008, "mean_episode_length": 106.85714285714286, "success_rate": 0.8571428571428571, "collision_rate": 0.14285714285714285, "out_of_bounds_rate": 0.0, "timeout_rate": 0.0, "policy_loss": 0.00040713255293667316, "value_loss": 1.8980408012866974, "entropy": 0.6030327379703522, "approx_kl": 0.012939137872308493, "clip_fraction": 0.0828857421875, "grad_norm": 10.720513582229614, "explained_variance": 0.7941229343414307, "action_std_mean": 0.32716113328933716, "optimizer_iterations": 4.0, "lr": 7.014016000000001e-05}
{"step": 1497088, "wall_time": 1790755420.2427886, "episodes_completed": 8.0, "mean_episode_reward": 9.948657769709826, "std_episode_reward": 9.475627132378442, "min_episode_reward": -9.950055122375488, "max_episode_reward": 21.214323043823242, "mean_episode_length": 132.0, "success_rate": 0.75, "collision_rate": 0.125, "out_of_bounds_rate": 0.0, "timeout_rate": 0.125, "policy_loss": 0.0011419570073485374, "value_loss": 0.6233185976743698, "entropy": 0.6029472649097443, "approx_kl": 0.010418772581033409, "clip_fraction": 0.0821533203125, "grad_norm": 8.075795769691467, "explained_variance": 0.9322083592414856, "action_std_mean": 0.3271404802799225, "optimizer_iterations": 4.0, "lr": 7.009920000000001e-05}
{"step": 1499136, "wall_time": 1790755431.1699488, "episodes_completed": 4.0, "mean_episode_reward": 7.752641254104674, "std_episode_reward": 9.071038097962553, "min_episode_reward": -2.1968207359313965, "max_episode_reward": 19.21909523010254, "mean_episode_length": 128.75, "success_rate": 0.5, "collision_rate": 0.25, "out_of_bounds_rate": 0.0, "timeout_rate": 0.25, "policy_loss": -0.0003847293555736542, "value_loss": 0.8706910461187363, "entropy": 0.6027965247631073, "approx_kl": 0.025630425196141005, "clip_fraction": 0.1053466796875, "grad_norm": 5.272485733032227, "explained_variance": 0.8264812231063843, "action_std_mean": 0.32710185647010803, "optimizer_iterations": 4.0, "lr": 7.005824e-05}
{"step": 1501184, "wall_time": 1790755442.3249545, "episodes_completed": 12.0, "mean_episode_reward": 2.111709197362264, "std_episode_reward": 11.098959398113559, "min_episode_reward": -9.969719886779785, "max_episode_reward": 14.139881134033203, "mean_episode_length": 61.583333333333336, "success_rate": 0.5, "collision_rate": 0.5, "out_of_bounds_rate": 0.0, "timeout_rate": 0.0, "policy_loss": 0.005772570613771677, "value_loss": 1.718130111694336, "entropy": 0.6025184690952301, "approx_kl": 0.021317049860954285, "clip_fraction": 0.076171875, "grad_norm": 15.773061394691467, "explained_variance": 0.8788679838180542, "action_std_mean": 0.3270583748817444, "optimizer_iterations": 4.0, "lr": 7.001728000000001e-05}
{"step": 1503232, "wall_time": 1790755453.6402156, "episodes_completed": 10.0, "mean_episode_reward": -0.24351854324340821, "std_episode_reward": 11.373621748036152, "min_episode_reward": -10.073087692260742, "max_episode_reward": 14.773794174194336, "mean_episode_length": 59.7, "success_rate": 0.4, "collision_rate": 0.6, "out_of_bounds_rate": 0.0, "timeout_rate": 0.0, "policy_loss": -0.00414923345670104, "value_loss": 1.3515020906925201, "entropy": 0.6022801995277405, "approx_kl": 0.00575303373625502, "clip_fraction": 0.0672607421875, "grad_norm": 5.661357998847961, "explained_variance": 0.8914832472801208, "action_std_mean": 0.32702702283859253, "optimizer_iterations": 4.0, "lr": 6.997632e-05}
{"step": 1505280, "wall_time": 1790755464.8124475, "episodes_completed": 6.0, "mean_episode_reward": 10.57525110244751, "std_episode_reward": 9.685133599916366, "min_episode_reward": -9.955279350280762, "max_episode_reward": 20.476093292236328, "mean_episode_length": 89.83333333333333, "success_rate": 0.8333333333333334, "collision_rate": 0.16666666666666666, "out_of_bounds_rate": 0.0, "timeout_rate": 0.0, "policy_loss": -0.002930188551545143, "value_loss": 0.21812976896762848, "entropy": 0.602103590965271, "approx_kl": 0.011979240225628018, "clip_fraction": 0.096923828125, "grad_norm": 6.055245459079742, "explained_variance": 0.9786540269851685, "action_std_mean": 0.32699665427207947, "optimizer_iterations": 4.0, "lr": 6.993536000000001e-05}
{"step": 1507328, "wall_time": 1790755476.0285447, "episodes_completed": 4.0, "mean_episode_reward": 14.233790159225464, "std_episode_reward": 1.6875454242111085, "min_episode_reward": 12.336106300354004, "max_episode_reward": 16.921859741210938, "mean_episode_length": 126.0, "success_rate": 1.0, "collision_rate": 0.0, "out_of_bounds_rate": 0.0, "timeout_rate": 0.0, "policy_loss": -0.00069045415148139, "value_loss": 0.43974773585796356, "entropy": 0.6019094288349152, "approx_kl": 0.029776007868349552, "clip_fraction": 0.0567626953125, "grad_norm": 6.958572268486023, "explained_variance": 0.9515175819396973, "action_std_mean": 0.3269650340080261, "optimizer_iterations": 4.0, "lr": 6.98944e-05}
{"step": 1509376, "wall_time": 1790755486.8347964, "episodes_completed": 8.0, "mean_episode_reward": 12.032060861587524, "std_episode_reward": 9.269395179891786, "min_episode_reward": -10.571921348571777, "max_episode_reward": 22.39460563659668, "mean_episode_length": 125.125, "success_rate": 0.875, "collision_rate": 0.125, "out_of_bounds_rate": 0.0, "timeout_rate": 0.0, "policy_loss": 0.0025362693704664707, "value_loss": 0.6512690037488937, "entropy": 0.6017228364944458, "approx_kl": 0.011487510986626148, "clip_fraction": 0.09130859375, "grad_norm": 8.330847144126892, "explained_variance": 0.9359688758850098, "action_std_mean": 0.3269357979297638, "optimizer_iterations": 4.0, "lr": 6.985344e-05}
{"step": 1511424, "wall_time": 1790755497.6831877, "episodes_completed": 9.0, "mean_episode_reward": 10.25088914235433, "std_episode_reward": 10.967335611980824, "min_episode_reward": -9.957295417785645, "max_episode_reward": 21.357723236083984, "mean_episode_length": 118.66666666666667, "success_rate": 0.7777777777777778, "collision_rate": 0.2222222222222222, "out_of_bounds_rate": 0.0, "timeout_rate": 0.0, "policy_loss": -8.534174412488937e-05, "value_loss": 0.32596051692962646, "entropy": 0.6016194522380829, "approx_kl": 0.022177414502948523, "clip_fraction": 0.0828857421875, "grad_norm": 5.261923789978027, "explained_variance": 0.9564127326011658, "action_std_mean": 0.32695460319519043, "optimizer_iterations": 4.0, "lr": 6.981248000000001e-05}
{"step": 1513472, "wall_time": 1790755508.6098955, "episodes_completed": 6.0, "mean_episode_reward": 9.823289394378662, "std_episode_reward": 8.932514406378997, "min_episode_reward": -4.0886430740356445, "max_episode_reward": 20.55229949951172, "mean_episode_length": 142.33333333333334, "success_rate": 0.6666666666666666, "collision_rate": 0.3333333333333333, "out_of_bounds_rate": 0.0, "timeout_rate": 0.0, "policy_loss": -4.5318156480789185e-06, "value_loss": 0.7744672298431396, "entropy": 0.6018159687519073, "approx_kl": 0.009662003081757575, "clip_fraction": 0.1043701171875, "grad_norm": 12.67138123512268, "explained_variance": 0.9118766188621521, "action_std_mean": 0.326993852853775, "optimizer_iterations": 4.0, "lr": 6.977152e-05}
{"step": 1515520, "wall_time": 1790755519.6067748, "episodes_completed": 6.0, "mean_episode_reward": 0.37323588381210965, "std_episode_reward": 11.660818625951984, "min_episode_reward": -9.950151443481445, "max_episode_reward": 18.59202003479004, "mean_episode_length": 61.5, "success_rate": 0.3333333333333333, "collision_rate": 0.5, "out_of_bounds_rate": 0.0, "timeout_rate": 0.16666666666666666, "policy_loss": 0.002408429514616728, "value_loss": 1.062161922454834, "entropy": 0.6020447015762329, "approx_kl": 0.011548114067409188, "clip_fraction": 0.0845947265625, "grad_norm": 11.86877691745758, "explained_variance": 0.8475848436355591, "action_std_mean": 0.3270319998264313, "optimizer_iterations": 4.0, "lr": 6.973056e-05}
{"step": 1517568, "wall_time": 1790755530.717489, "episodes_completed": 6.0, "mean_episode_reward": 4.658264795939128, "std_episode_reward": 9.847966668689816, "min_episode_reward": -9.966726303100586, "max_episode_reward": 14.18263053894043, "mean_episode_length": 29.0, "success_rate": 0.6666666666666666, "collision_rate": 0.3333333333333333, "out_of_bounds_rate": 0.0, "timeout_rate": 0.0, "policy_loss": -0.0007458245381712914, "value_loss": 0.8646914064884186, "entropy": 0.6022741794586182, "approx_kl": 0.002956162701593712, "clip_fraction": 0.0250244140625, "grad_norm": 11.72471570968628, "explained_variance": 0.82518470287323, "action_std_mean": 0.3270643949508667, "optimizer_iterations": 4.0, "lr": 6.96896e-05}
{"step": 1519616, "wall_time": 1790755541.7536068, "episodes_completed": 10.0, "mean_episode_reward": 6.472416830062866, "std_episode_reward": 10.09224262275831, "min_episode_reward": -9.288473129272461, "max_episode_reward": 18.933509826660156, "mean_episode_length": 114.6, "success_rate": 0.6, "collision_rate": 0.4, "out_of_bounds_rate": 0.0, "timeout_rate": 0.0, "policy_loss": 0.0019137263298034668, "value_loss": 1.2167490422725677, "entropy": 0.6024463772773743, "approx_kl": 0.02129615005105734, "clip_fraction": 0.064453125, "grad_norm": 12.50052797794342, "explained_variance": 0.916145920753479, "action_std_mean": 0.327088326215744, "optimizer_iterations": 4.0, "lr": 6.964864e-05}
{"step": 1521664, "wall_time": 1790755552.9434495, "episodes_completed": 2.0, "mean_episode_reward": -8.883739948272705, "std_episode_reward": 0.5173687934875488, "min_episode_reward": -9.401108741760254, "max_episode_reward": -8.366371154785156, "mean_episode_length": 30.0, "success_rate": 0.0, "collision_rate": 1.0, "out_of_bounds_rate": 0.0, "timeout_rate": 0.0, "policy_loss": -0.00110666174441576, "value_loss": 1.1068463623523712, "entropy": 0.6025712490081787, "approx_kl": 0.03990922914817929, "clip_fraction": 0.081298828125, "grad_norm": 9.51327395439148, "explained_variance": 0.6943739652633667, "action_std_mean": 0.32710000872612, "optimizer_iterations": 4.0, "lr": 6.960767999999999e-05}
{"step": 1523712, "wall_time": 1790755564.229438, "episodes_completed": 7.0, "mean_episode_reward": 5.815566278994083, "std_episode_reward": 11.597597000083695, "min_episode_reward": -9.96430778503418, "max_episode_reward": 21.834484100341797, "mean_episode_length": 100.14285714285714, "success_rate": 0.5714285714285714, "collision_rate": 0.2857142857142857, "out_of_bounds_rate": 0.0, "timeout_rate": 0.14285714285714285, "policy_loss": -0.0010324744507670403, "value_loss": 0.5975946485996246, "entropy": 0.6026118397712708, "approx_kl": 0.007471980410628021, "clip_fraction": 0.0555419921875, "grad_norm": 8.818208932876587, "explained_variance": 0.8788334727287292, "action_std_mean": 0.32709741592407227, "optimizer_iterations": 4.0, "lr": 6.956672e-05}
{"step": 1525760, "wall_time": 1790755575.4768908, "episodes_completed": 5.0, "mean_episode_reward": 6.929655403643847, "std_episode_reward": 9.75485012462523, "min_episode_reward": -8.404142379760742, "max_episode_reward": 17.526683807373047, "mean_episode_length": 104.0, "success_rate": 0.6, "collision_rate": 0.2, "out_of_bounds_rate": 0.0, "timeout_rate": 0.2, "policy_loss": -0.0014632074162364006, "value_loss": 0.9178537875413895, "entropy": 0.602594405412674, "approx_kl": 0.007372246705926955, "clip_fraction": 0.064208984375, "grad_norm": 6.891126334667206, "explained_variance": 0.8319865465164185, "action_std_mean": 0.32710036635398865, "optimizer_iterations": 4.0, "lr": 6.952576e-05}
{"step": 1527808, "wall_time": 1790755586.7317793, "episodes_completed": 9.0, "mean_episode_reward": 8.83026843600803, "std_episode_reward": 9.689505352244828, "min_episode_reward": -8.19413948059082, "max_episode_reward": 21.501953125, "mean_episode_length": 81.66666666666667, "success_rate": 0.7777777777777778, "collision_rate": 0.2222222222222222, "out_of_bounds_rate": 0.0, "timeout_rate": 0.0, "policy_loss": -0.003310325089842081, "value_loss": 1.4814448654651642, "entropy": 0.6026094555854797, "approx_kl": 0.04013586696237326, "clip_fraction": 0.1185302734375, "grad_norm": 8.168852806091309, "explained_variance": 0.859275758266449, "action_std_mean": 0.3270949721336365, "optimizer_iterations": 4.0, "lr": 6.94848e-05}
{"step": 1529856, "wall_time": 1790755597.8832626, "episodes_completed": 6.0, "mean_episode_reward": 6.433899879455566, "std_episode_reward": 10.997713240443344, "min_episode_reward": -9.41171646118164, "max_episode_reward": 15.185574531555176, "mean_episode_length": 70.5, "success_rate": 0.6666666666666666, "collision_rate": 0.3333333333333333, "out_of_bounds_rate": 0.0, "timeout_rate": 0.0, "policy_loss": -0.003515544580295682, "value_loss": 0.4748987704515457, "entropy": 0.6025541126728058, "approx_kl": 0.008652444812469184, "clip_fraction": 0.08837890625, "grad_norm": 6.141549706459045, "explained_variance": 0.9481865167617798, "action_std_mean": 0.3270847797393799, "optimizer_iterations": 4.0, "lr": 6.944384000000001e-05}
{"step": 1531904, "wall_time": 1790755609.0955446, "episodes_completed": 4.0, "mean_episode_reward": 12.5776471872814, "std_episode_reward": 7.392862698315518, "min_episode_reward": -0.02026948146522045, "max_episode_reward": 18.278377532958984, "mean_episode_length": 157.0, "success_rate": 0.75, "collision_rate": 0.0, "out_of_bounds_rate": 0.0, "timeout_rate": 0.25, "policy_loss": 0.0008840430527925491, "value_loss": 0.5670221149921417, "entropy": 0.6024928987026215, "approx_kl": 0.013509475393220782, "clip_fraction": 0.1011962890625, "grad_norm": 17.01259994506836, "explained_variance": 0.9354977607727051, "action_std_mean": 0.3270777463912964, "optimizer_iterations": 4.0, "lr": 6.940288e-05}
{"step": 1533952, "wall_time": 1790755620.2216778, "episodes_completed": 9.0, "mean_episode_reward": 0.5066555390755335, "std_episode_reward": 10.149526193096188, "min_episode_reward": -8.655474662780762, "max_episode_reward": 16.22580909729004, "mean_episode_length": 60.77777777777778, "success_rate": 0.3333333333333333, "collision_rate": 0.5555555555555556, "out_of_bounds_rate": 0.0, "timeout_rate": 0.1111111111111111, "policy_loss": -0.0001620398834347725, "value_loss": 2.4137261509895325, "entropy": 0.6024653315544128, "approx_kl": 0.012454533949494362, "clip_fraction": 0.0830078125, "grad_norm": 14.72146463394165, "explained_variance": 0.8225349187850952, "action_std_mean": 0.32707810401916504, "optimizer_iterations": 4.0, "lr": 6.936192e-05}
{"step": 1536000, "wall_time": 1790755631.2714772, "episodes_completed": 6.0, "mean_episode_reward": 11.139615217844645, "std_episode_reward": 8.628151350198944, "min_episode_reward": -7.303432464599609, "max_episode_reward": 18.987037658691406, "mean_episode_length": 105.66666666666667, "success_rate": 0.8333333333333334, "collision_rate": 0.16666666666666666, "out_of_bounds_rate": 0.0, "timeout_rate": 0.0, "policy_loss": -0.005931349704042077, "value_loss": 0.32264675199985504, "entropy": 0.6024931073188782, "approx_kl": 0.007669281912967563, "clip_fraction": 0.0916748046875, "grad_norm": 6.94330632686615, "explained_variance": 0.9713340401649475, "action_std_mean": 0.32708972692489624, "optimizer_iterations": 4.0, "lr": 6.932096e-05}
{"step": 1538048, "wall_time": 1790755642.3872232, "episodes_completed": 6.0, "mean_episode_reward": 2.2824375522322953, "std_episode_reward": 10.39441466691484, "min_episode_reward": -13.529691696166992, "max_episode_reward": 14.197683334350586, "mean_episode_length": 129.33333333333334, "success_rate": 0.5, "collision_rate": 0.3333333333333333, "out_of_bounds_rate": 0.0, "timeout_rate": 0.16666666666666666, "policy_loss": -0.0004634684883058071, "value_loss": 1.196007490158081, "entropy": 0.602582722902298, "approx_kl": 0.012397476006299257, "clip_fraction": 0.1322021484375, "grad_norm": 12.26797616481781, "explained_variance": 0.8576170206069946, "action_std_mean": 0.3271072506904602, "optimizer_iterations": 4.0, "lr": 6.928000000000001e-05}
{"step": 1540096, "wall_time": 1790755653.4572504, "episodes_completed": 2.0, "mean_episode_reward": -4.009546652436256, "std_episode_reward": 3.9121996015310287, "min_episode_reward": -7.921746253967285, "max_episode_reward": -0.09734705090522766, "mean_episode_length": 89.5, "success_rate": 0.0, "collision_rate": 0.5, "out_of_bounds_rate": 0.0, "timeout_rate": 0.5, "policy_loss": -0.0010506524704396725, "value_loss": 1.4018756449222565, "entropy": 0.6026918888092041, "approx_kl": 0.006373981945216656, "clip_fraction": 0.0418701171875, "grad_norm": 7.845891296863556, "explained_variance": 0.7222912311553955, "action_std_mean": 0.32712656259536743, "optimizer_iterations": 4.0, "lr": 6.923904000000001e-05}
{"step": 1542144, "wall_time": 1790755664.5328977, "episodes_completed": 4.0, "mean_episode_reward": 14.965019941329956, "std_episode_reward": 4.188076678514626, "min_episode_reward": 10.094644546508789, "max_episode_reward": 21.34639549255371, "mean_episode_length": 117.25, "success_rate": 1.0, "collision_rate": 0.0, "out_of_bounds_rate": 0.0, "timeout_rate": 0.0, "policy_loss": -0.0016405587084591389, "value_loss": 0.28884924948215485, "entropy": 0.6027546226978302, "approx_kl": 0.01481702527962625, "clip_fraction": 0.0863037109375, "grad_norm": 4.612287104129791, "explained_variance": 0.9586533904075623, "action_std_mean": 0.3271055817604065, "optimizer_iterations": 4.0, "lr": 6.919808000000002e-05}
{"step": 1544192, "wall_time": 1790755675.7549996, "episodes_completed": 8.0, "mean_episode_reward": 5.926340758800507, "std_episode_reward": 10.158086836321191, "min_episode_reward": -9.646773338317871, "max_episode_reward": 21.321731567382812, "mean_episode_length": 108.25, "success_rate": 0.625, "collision_rate": 0.375, "out_of_bounds_rate": 0.0, "timeout_rate": 0.0, "policy_loss": 0.0009198528714478016, "value_loss": 2.8412654995918274, "entropy": 0.6025482416152954, "approx_kl": 0.010807813960127532, "clip_fraction": 0.101806640625, "grad_norm": 14.060328722000122, "explained_variance": 0.7113132476806641, "action_std_mean": 0.3270704746246338, "optimizer_iterations": 4.0, "lr": 6.915712000000001e-05}
{"step": 1546240, "wall_time": 1790755686.8909934, "episodes_completed": 8.0, "mean_episode_reward": 8.128892642445862, "std_episode_reward": 7.853439462268639, "min_episode_reward": -8.854571342468262, "max_episode_reward": 17.298423767089844, "mean_episode_length": 64.125, "success_rate": 0.75, "collision_rate": 0.125, "out_of_bounds_rate": 0.0, "timeout_rate": 0.125, "policy_loss": 2.0746607333421707e-05, "value_loss": 0.934012845158577, "entropy": 0.6023777425289154, "approx_kl": 0.012086797039955854, "clip_fraction": 0.0692138671875, "grad_norm": 10.135297775268555, "explained_variance": 0.8897184133529663, "action_std_mean": 0.32704922556877136, "optimizer_iterations": 4.0, "lr": 6.911616e-05}
{"step": 1548288, "wall_time": 1790755697.9629667, "episodes_completed": 6.0, "mean_episode_reward": 11.48107385635376, "std_episode_reward": 9.264455261224574, "min_episode_reward": -8.380058288574219, "max_episode_reward": 18.024160385131836, "mean_episode_length": 152.16666666666666, "success_rate": 0.8333333333333334, "collision_rate": 0.16666666666666666, "out_of_bounds_rate": 0.0, "timeout_rate": 0.0, "policy_loss": 0.006230724975466728, "value_loss": 0.5023295432329178, "entropy": 0.602222353219986, "approx_kl": 0.01766585628502071, "clip_fraction": 0.0811767578125, "grad_norm": 6.145334243774414, "explained_variance": 0.9557284116744995, "action_std_mean": 0.3270120620727539, "optimizer_iterations": 4.0, "lr": 6.907520000000001e-05}
{"step": 1550336, "wall_time": 1790755709.2218704, "episodes_completed": 6.0, "mean_episode_reward": 4.103457324206829, "std_episode_reward": 10.100656855338181, "min_episode_reward": -8.712114334106445, "max_episode_reward": 16.576425552368164, "mean_episode_length": 96.5, "success_rate": 0.5, "collision_rate": 0.3333333333333333, "out_of_bounds_rate": 0.0, "timeout_rate": 0.16666666666666666, "policy_loss": 0.02519124886021018, "value_loss": 0.9759388566017151, "entropy": 0.6019862592220306, "approx_kl": 0.21798623353242874, "clip_fraction": 0.1943359375, "grad_norm": 17.06474232673645, "explained_variance": 0.8956111073493958, "action_std_mean": 0.326983243227005, "optimizer_iterations": 4.0, "lr": 6.903424e-05}
{"step": 1552384, "wall_time": 1790755720.3131187, "episodes_completed": 4.0, "mean_episode_reward": 12.417600870132446, "std_episode_reward": 1.3693095412937455, "min_episode_reward": 10.724932670593262, "max_episode_reward": 13.841381072998047, "mean_episode_length": 72.5, "success_rate": 1.0, "collision_rate": 0.0, "out_of_bounds_rate": 0.0, "timeout_rate": 0.0, "policy_loss": -0.001038918038830161, "value_loss": 0.37122493982315063, "entropy": 0.6018800139427185, "approx_kl": 0.038615623489022255, "clip_fraction": 0.1461181640625, "grad_norm": 7.770790457725525, "explained_variance": 0.9264967441558838, "action_std_mean": 0.32698702812194824, "optimizer_iterations": 4.0, "lr": 6.899328e-05}
{"step": 1554432, "wall_time": 1790755731.4611628, "episodes_completed": 4.0, "mean_episode_reward": 6.7740936279296875, "std_episode_reward": 9.914719609841608, "min_episode_reward": -10.240099906921387, "max_episode_reward": 14.636752128601074, "mean_episode_length": 91.25, "success_rate": 0.75, "collision_rate": 0.25, "out_of_bounds_rate": 0.0, "timeout_rate": 0.0, "policy_loss": -0.0021560676395893097, "value_loss": 0.5644741207361221, "entropy": 0.6019652783870697, "approx_kl": 0.011589284287765622, "clip_fraction": 0.0584716796875, "grad_norm": 6.53445690870285, "explained_variance": 0.9236347079277039, "action_std_mean": 0.3270154595375061, "optimizer_iterations": 4.0, "lr": 6.895232000000001e-05}
{"step": 1556480, "wall_time": 1790755742.4349737, "episodes_completed": 6.0, "mean_episode_reward": 3.051568349202474, "std_episode_reward": 10.912340627748078, "min_episode_reward": -9.87002182006836, "max_episode_reward": 16.158573150634766, "mean_episode_length": 126.5, "success_rate": 0.5, "collision_rate": 0.5, "out_of_bounds_rate": 0.0, "timeout_rate": 0.0, "policy_loss": -0.0029482771642506123, "value_loss": 1.9226675629615784, "entropy": 0.6021544337272644, "approx_kl": 0.010797886177897453, "clip_fraction": 0.0838623046875, "grad_norm": 8.446109414100647, "explained_variance": 0.7803550958633423, "action_std_mean": 0.3270432949066162, "optimizer_iterations": 4.0, "lr": 6.891136e-05}
{"step": 1558528, "wall_time": 1790755753.4844973, "episodes_completed": 3.0, "mean_episode_reward": 8.69599417845408, "std_episode_reward": 7.072193974325509, "min_episode_reward": -0.6792579889297485, "max_episode_reward": 16.400634765625, "mean_episode_length": 94.33333333333333, "success_rate": 0.6666666666666666, "collision_rate": 0.0, "out_of_bounds_rate": 0.0, "timeout_rate": 0.3333333333333333, "policy_loss": -0.002706725150346756, "value_loss": 0.13902907073497772, "entropy": 0.6023150086402893, "approx_kl": 0.01350589923094958, "clip_fraction": 0.1328125, "grad_norm": 5.691906988620758, "explained_variance": 0.9677785634994507, "action_std_mean": 0.32706591486930847, "optimizer_iterations": 4.0, "lr": 6.88704e-05}
{"step": 1560576, "wall_time": 1790755764.584095, "episodes_completed": 6.0, "mean_episode_reward": 6.707809289296468, "std_episode_reward": 11.055953522196507, "min_episode_reward": -9.304497718811035, "max_episode_reward": 16.80705451965332, "mean_episode_length": 117.83333333333333, "success_rate": 0.6666666666666666, "collision_rate": 0.3333333333333333, "out_of_bounds_rate": 0.0, "timeout_rate": 0.0, "policy_loss": -0.005370426690205932, "value_loss": 1.6514776051044464, "entropy": 0.6024358868598938, "approx_kl": 0.018347718752920628, "clip_fraction": 0.13916015625, "grad_norm": 8.831077337265015, "explained_variance": 0.8349948525428772, "action_std_mean": 0.3270788788795471, "optimizer_iterations": 4.0, "lr": 6.882944e-05}
{"step": 1562624, "wall_time": 1790755775.8383198, "episodes_completed": 3.0, "mean_episode_reward": 5.814385573069255, "std_episode_reward": 6.226193898935365, "min_episode_reward": -2.9883599281311035, "max_episode_reward": 10.394614219665527, "mean_episode_length": 65.66666666666667, "success_rate": 0.6666666666666666, "collision_rate": 0.3333333333333333, "out_of_bounds_rate": 0.0, "timeout_rate": 0.0, "policy_loss": -0.0014723557978868484, "value_loss": 0.7438237518072128, "entropy": 0.6025192737579346, "approx_kl": 0.00909951701760292, "clip_fraction": 0.09033203125, "grad_norm": 6.933270335197449, "explained_variance": 0.8661721348762512, "action_std_mean": 0.3270947337150574, "optimizer_iterations": 4.0, "lr": 6.878848e-05}
{"step": 1564672, "wall_time": 1790755787.2481747, "episodes_completed": 5.0, "mean_episode_reward": 4.423261642456055, "std_episode_reward": 11.849559123062289, "min_episode_reward": -10.15446662902832, "max_episode_reward": 15.396262168884277, "mean_episode_length": 104.4, "success_rate": 0.6, "collision_rate": 0.4, "out_of_bounds_rate": 0.0, "timeout_rate": 0.0, "policy_loss": -0.0018235016614198685, "value_loss": 0.4916411191225052, "entropy": 0.6026223301887512, "approx_kl": 0.00668730353936553, "clip_fraction": 0.079833984375, "grad_norm": 5.88895058631897, "explained_variance": 0.9336004853248596, "action_std_mean": 0.3271084427833557, "optimizer_iterations": 4.0, "lr": 6.874752e-05}
{"step": 1566720, "wall_time": 1790755798.5015767, "episodes_completed": 5.0, "mean_episode_reward": 1.4022438049316406, "std_episode_reward": 9.753269352630971, "min_episode_reward": -10.054868698120117, "max_episode_reward": 13.502431869506836, "mean_episode_length": 113.0, "success_rate": 0.4, "collision_rate": 0.6, "out_of_bounds_rate": 0.0, "timeout_rate": 0.0, "policy_loss": 0.005277504213154316, "value_loss": 1.238590806722641, "entropy": 0.6027075946331024, "approx_kl": 0.014495756477117538, "clip_fraction": 0.05078125, "grad_norm": 11.313436269760132, "explained_variance": 0.826640248298645, "action_std_mean": 0.3271269202232361, "optimizer_iterations": 4.0, "lr": 6.870656e-05}
{"step": 1568768, "wall_time": 1790755809.683305, "episodes_completed": 9.0, "mean_episode_reward": 2.5057002717836037, "std_episode_reward": 9.649468928881658, "min_episode_reward": -9.95630168914795, "max_episode_reward": 16.69728660583496, "mean_episode_length": 94.66666666666667, "success_rate": 0.3333333333333333, "collision_rate": 0.3333333333333333, "out_of_bounds_rate": 0.0, "timeout_rate": 0.3333333333333333, "policy_loss": 0.0035794684663414955, "value_loss": 1.3470523357391357, "entropy": 0.6028211116790771, "approx_kl": 0.016044097254052758, "clip_fraction": 0.0423583984375, "grad_norm": 7.064481258392334, "explained_variance": 0.873146116733551, "action_std_mean": 0.32713332772254944, "optimizer_iterations": 4.0, "lr": 6.86656e-05}
{"step": 1570816, "wall_time": 1790755821.0971546, "episodes_completed": 6.0, "mean_episode_reward": 6.776256402333577, "std_episode_reward": 8.396859575111748, "min_episode_reward": -5.162736892700195, "max_episode_reward": 14.109916687011719, "mean_episode_length": 91.33333333333333, "success_rate": 0.6666666666666666, "collision_rate": 0.3333333333333333, "out_of_bounds_rate": 0.0, "timeout_rate": 0.0, "policy_loss": -0.0002533907536417246, "value_loss": 1.5235853493213654, "entropy": 0.6028129160404205, "approx_kl": 0.009850854752585292, "clip_fraction": 0.068603515625, "grad_norm": 9.571893095970154, "explained_variance": 0.8369054794311523, "action_std_mean": 0.3271229863166809, "optimizer_iterations": 4.0, "lr": 6.862463999999999e-05}
{"step": 1572864, "wall_time": 1790755832.2775793, "episodes_completed": 4.0, "mean_episode_reward": 4.703039964195341, "std_episode_reward": 7.0142915273805295, "min_episode_reward": -4.212936878204346, "max_episode_reward": 12.558658599853516, "mean_episode_length": 102.75, "success_rate": 0.5, "collision_rate": 0.25, "out_of_bounds_rate": 0.0, "timeout_rate": 0.25, "policy_loss": -0.003918011672794819, "value_loss": 0.5405316799879074, "entropy": 0.6027335822582245, "approx_kl": 0.023378952872008085, "clip_fraction": 0.080322265625, "grad_norm": 8.214367151260376, "explained_variance": 0.9222320318222046, "action_std_mean": 0.3271036744117737, "optimizer_iterations": 4.0, "lr": 6.858368000000001e-05}
{"step": 1574912, "wall_time": 1790755843.4795318, "episodes_completed": 9.0, "mean_episode_reward": 3.0859778192308216, "std_episode_reward": 10.001608139433616, "min_episode_reward": -9.96943187713623, "max_episode_reward": 14.379005432128906, "mean_episode_length": 49.77777777777778, "success_rate": 0.5555555555555556, "collision_rate": 0.4444444444444444, "out_of_bounds_rate": 0.0, "timeout_rate": 0.0, "policy_loss": -0.003041184041649103, "value_loss": 1.1087004840373993, "entropy": 0.6025865077972412, "approx_kl": 0.007096390123479068, "clip_fraction": 0.06494140625, "grad_norm": 5.9871333837509155, "explained_variance": 0.878549337387085, "action_std_mean": 0.32706761360168457, "optimizer_iterations": 4.0, "lr": 6.854272e-05}
{"step": 1576960, "wall_time": 1790755854.6344316, "episodes_completed": 11.0, "mean_episode_reward": 0.44836938770657236, "std_episode_reward": 10.516516952207482, "min_episode_reward": -9.959689140319824, "max_episode_reward": 14.68641185760498, "mean_episode_length": 67.18181818181819, "success_rate": 0.36363636363636365, "collision_rate": 0.5454545454545454, "out_of_bounds_rate": 0.0, "timeout_rate": 0.09090909090909091, "policy_loss": -0.0021418295800685883, "value_loss": 0.7739160358905792, "entropy": 0.6023487448692322, "approx_kl": 0.006265385774895549, "clip_fraction": 0.0506591796875, "grad_norm": 8.658899784088135, "explained_variance": 0.9388955235481262, "action_std_mean": 0.32702603936195374, "optimizer_iterations": 4.0, "lr": 6.850176e-05}
{"step": 1579008, "wall_time": 1790755865.8201368, "episodes_completed": 5.0, "mean_episode_reward": 7.429883575439453, "std_episode_reward": 10.519780741854797, "min_episode_reward": -8.951864242553711, "max_episode_reward": 20.718063354492188, "mean_episode_length": 126.6, "success_rate": 0.6, "collision_rate": 0.4, "out_of_bounds_rate": 0.0, "timeout_rate": 0.0, "policy_loss": 0.0045262264320626855, "value_loss": 0.7818519324064255, "entropy": 0.6020936965942383, "approx_kl": 0.07352258078753948, "clip_fraction": 0.09375, "grad_norm": 11.840670228004456, "explained_variance": 0.8986952900886536, "action_std_mean": 0.3269820213317871, "optimizer_iterations": 4.0, "lr": 6.846080000000001e-05}
{"step": 1581056, "wall_time": 1790755877.0312614, "episodes_completed": 5.0, "mean_episode_reward": 3.925216630101204, "std_episode_reward": 13.219958625752179, "min_episode_reward": -9.950042724609375, "max_episode_reward": 20.948326110839844, "mean_episode_length": 104.0, "success_rate": 0.4, "collision_rate": 0.4, "out_of_bounds_rate": 0.0, "timeout_rate": 0.2, "policy_loss": -0.0016689705662429333, "value_loss": 0.20329603552818298, "entropy": 0.6018576622009277, "approx_kl": 0.07389569468796253, "clip_fraction": 0.0556640625, "grad_norm": 7.749162375926971, "explained_variance": 0.9767190217971802, "action_std_mean": 0.32695838809013367, "optimizer_iterations": 4.0, "lr": 6.841984e-05}
{"step": 1583104, "wall_time": 1790755888.2600067, "episodes_completed": 9.0, "mean_episode_reward": 4.596801310984625, "std_episode_reward": 8.446679551327327, "min_episode_reward": -8.652873992919922, "max_episode_reward": 13.370152473449707, "mean_episode_length": 43.666666666666664, "success_rate": 0.5555555555555556, "collision_rate": 0.2222222222222222, "out_of_bounds_rate": 0.0, "timeout_rate": 0.2222222222222222, "policy_loss": 0.003176869358867407, "value_loss": 0.2929617464542389, "entropy": 0.6017639636993408, "approx_kl": 0.02107704896479845, "clip_fraction": 0.04931640625, "grad_norm": 8.148032903671265, "explained_variance": 0.9711061716079712, "action_std_mean": 0.3269539475440979, "optimizer_iterations": 4.0, "lr": 6.837888e-05}
{"step": 1585152, "wall_time": 1790755899.36327, "episodes_completed": 8.0, "mean_episode_reward": 5.795123875141144, "std_episode_reward": 11.40531847187273, "min_episode_reward": -9.95190715789795, "max_episode_reward": 20.32333755493164, "mean_episode_length": 76.375, "success_rate": 0.625, "collision_rate": 0.375, "out_of_bounds_rate": 0.0, "timeout_rate": 0.0, "policy_loss": -0.003527936525642872, "value_loss": 0.6202324777841568, "entropy": 0.6016997694969177, "approx_kl": 0.006546492921188474, "clip_fraction": 0.0596923828125, "grad_norm": 5.826485872268677, "explained_variance": 0.9395897388458252, "action_std_mean": 0.32691991329193115, "optimizer_iterations": 4.0, "lr": 6.833792000000002e-05}
{"step": 1587200, "wall_time": 1790755910.411493, "episodes_completed": 6.0, "mean_episode_reward": -0.7840530077616373, "std_episode_reward": 10.74836814190752, "min_episode_reward": -11.422249794006348, "max_episode_reward": 15.782118797302246, "mean_episode_length": 93.66666666666667, "success_rate": 0.3333333333333333, "collision_rate": 0.6666666666666666, "out_of_bounds_rate": 0.0, "timeout_rate": 0.0, "policy_loss": -0.0006050561787560582, "value_loss": 1.0518231093883514, "entropy": 0.6014550924301147, "approx_kl": 0.01762413210235536, "clip_fraction": 0.0828857421875, "grad_norm": 11.160661220550537, "explained_variance": 0.9088491797447205, "action_std_mean": 0.3268839716911316, "optimizer_iterations": 4.0, "lr": 6.829696000000001e-05}
{"step": 1589248, "wall_time": 1790755921.3769226, "episodes_completed": 8.0, "mean_episode_reward": 7.344680598936975, "std_episode_reward": 8.514346213781074, "min_episode_reward": -6.8060407638549805, "max_episode_reward": 16.382118225097656, "mean_episode_length": 109.25, "success_rate": 0.625, "collision_rate": 0.25, "out_of_bounds_rate": 0.0, "timeout_rate": 0.125, "policy_loss": 0.0006378255784511566, "value_loss": 1.4809526801109314, "entropy": 0.6012709140777588, "approx_kl": 0.011955058900639415, "clip_fraction": 0.0799560546875, "grad_norm": 6.708000302314758, "explained_variance": 0.858504056930542, "action_std_mean": 0.3268592357635498, "optimizer_iterations": 4.0, "lr": 6.8256e-05}
{"step": 1591296, "wall_time": 1790755932.4579985, "episodes_completed": 12.0, "mean_episode_reward": 6.043920675913493, "std_episode_reward": 9.81621918406972, "min_episode_reward": -9.95883846282959, "max_episode_reward": 17.988632202148438, "mean_episode_length": 65.08333333333333, "success_rate": 0.6666666666666666, "collision_rate": 0.3333333333333333, "out_of_bounds_rate": 0.0, "timeout_rate": 0.0, "policy_loss": -0.004101062077097595, "value_loss": 1.5810257494449615, "entropy": 0.6011219620704651, "approx_kl": 0.011624512961134315, "clip_fraction": 0.107666015625, "grad_norm": 8.222112536430359, "explained_variance": 0.8588250875473022, "action_std_mean": 0.3268326222896576, "optimizer_iterations": 4.0, "lr": 6.821504000000001e-05}
{"step": 1593344, "wall_time": 1790755943.6383123, "episodes_completed": 7.0, "mean_episode_reward": 6.854384286063058, "std_episode_reward": 10.489413414987661, "min_episode_reward": -10.193256378173828, "max_episode_reward": 15.403671264648438, "mean_episode_length": 77.57142857142857, "success_rate": 0.7142857142857143, "collision_rate": 0.2857142857142857, "out_of_bounds_rate": 0.0, "timeout_rate": 0.0, "policy_loss": 0.000613813754171133, "value_loss": 0.42046745121479034, "entropy": 0.6009697914123535, "approx_kl": 0.019152110908180475, "clip_fraction": 0.1043701171875, "grad_norm": 6.384915471076965, "explained_variance": 0.9542564153671265, "action_std_mean": 0.32681310176849365, "optimizer_iterations": 4.0, "lr": 6.817408000000001e-05}
{"step": 1595392, "wall_time": 1790755954.8859365, "episodes_completed": 6.0, "mean_episode_reward": 5.132264655626689, "std_episode_reward": 7.591768500019088, "min_episode_reward": -4.7710185050964355, "max_episode_reward": 12.648978233337402, "mean_episode_length": 88.66666666666667, "success_rate": 0.5, "collision_rate": 0.3333333333333333, "out_of_bounds_rate": 0.0, "timeout_rate": 0.16666666666666666, "policy_loss": -0.000493515282869339, "value_loss": 2.1629397869110107, "entropy": 0.6008429527282715, "approx_kl": 0.06592362117953598, "clip_fraction": 0.1134033203125, "grad_norm": 8.210590720176697, "explained_variance": 0.6492742300033569, "action_std_mean": 0.3267790675163269, "optimizer_iterations": 4.0, "lr": 6.813312e-05}
{"step": 1597440, "wall_time": 1790755965.8565388, "episodes_completed": 4.0, "mean_episode_reward": 10.388658052310348, "std_episode_reward": 6.221979779394226, "min_episode_reward": -0.11149785667657852, "max_episode_reward": 16.1759090423584, "mean_episode_length": 116.5, "success_rate": 0.75, "collision_rate": 0.0, "out_of_bounds_rate": 0.0, "timeout_rate": 0.25, "policy_loss": -0.0025355033576488495, "value_loss": 0.14604440331459045, "entropy": 0.6006032824516296, "approx_kl": 0.014049008022993803, "clip_fraction": 0.1671142578125, "grad_norm": 4.927237629890442, "explained_variance": 0.9737251400947571, "action_std_mean": 0.3267390727996826, "optimizer_iterations": 4.0, "lr": 6.809216000000001e-05}
{"step": 1599488, "wall_time": 1790755976.9718843, "episodes_completed": 7.0, "mean_episode_reward": 4.784622056143625, "std_episode_reward": 11.656528988989848, "min_episode_reward": -8.9201078414917, "max_episode_reward": 20.867504119873047, "mean_episode_length": 77.14285714285714, "success_rate": 0.5714285714285714, "collision_rate": 0.42857142857142855, "out_of_bounds_rate": 0.0, "timeout_rate": 0.0, "policy_loss": 0.001903017982840538, "value_loss": 0.3896247297525406, "entropy": 0.6003757417201996, "approx_kl": 0.08119186572730541, "clip_fraction": 0.119140625, "grad_norm": 7.740309357643127, "explained_variance": 0.964328944683075, "action_std_mean": 0.3266981244087219, "optimizer_iterations": 4.0, "lr": 6.80512e-05}
{"step": 1601536, "wall_time": 1790755988.0576663, "episodes_completed": 8.0, "mean_episode_reward": 7.907344281673431, "std_episode_reward": 8.43056659106139, "min_episode_reward": -9.665366172790527, "max_episode_reward": 15.412481307983398, "mean_episode_length": 101.0, "success_rate": 0.75, "collision_rate": 0.25, "out_of_bounds_rate": 0.0, "timeout_rate": 0.0, "policy_loss": -0.0021548476070165634, "value_loss": 2.056508719921112, "entropy": 0.6001255512237549, "approx_kl": 0.008204050827771425, "clip_fraction": 0.081787109375, "grad_norm": 7.415417730808258, "explained_variance": 0.741408109664917, "action_std_mean": 0.3266642391681671, "optimizer_iterations": 4.0, "lr": 6.801024e-05}
{"step": 1603584, "wall_time": 1790755999.219315, "episodes_completed": 14.0, "mean_episode_reward": 5.15311174467206, "std_episode_reward": 11.598366594687235, "min_episode_reward": -9.950294494628906, "max_episode_reward": 19.328413009643555, "mean_episode_length": 79.71428571428571, "success_rate": 0.5714285714285714, "collision_rate": 0.35714285714285715, "out_of_bounds_rate": 0.0, "timeout_rate": 0.07142857142857142, "policy_loss": 0.002735578455030918, "value_loss": 0.9602822214365005, "entropy": 0.5999533236026764, "approx_kl": 0.014731035334989429, "clip_fraction": 0.078125, "grad_norm": 9.633623361587524, "explained_variance": 0.9156289100646973, "action_std_mean": 0.3266345262527466, "optimizer_iterations": 4.0, "lr": 6.796928e-05}
{"step": 1605632, "wall_time": 1790756010.3963697, "episodes_completed": 4.0, "mean_episode_reward": 1.678997756447643, "std_episode_reward": 8.62352322710214, "min_episode_reward": -5.312382221221924, "max_episode_reward": 16.221832275390625, "mean_episode_length": 151.25, "success_rate": 0.25, "collision_rate": 0.5, "out_of_bounds_rate": 0.0, "timeout_rate": 0.25, "policy_loss": -0.0038681677542626858, "value_loss": 1.2708939909934998, "entropy": 0.5997597277164459, "approx_kl": 0.008175707305781543, "clip_fraction": 0.0428466796875, "grad_norm": 10.153595447540283, "explained_variance": 0.832964301109314, "action_std_mean": 0.32660582661628723, "optimizer_iterations": 4.0, "lr": 6.792832e-05}
{"step": 1607680, "wall_time": 1790756021.443119, "episodes_completed": 6.0, "mean_episode_reward": 11.487792809804281, "std_episode_reward": 8.864119311008256, "min_episode_reward": -6.558269500732422, "max_episode_reward": 20.693302154541016, "mean_episode_length": 104.83333333333333, "success_rate": 0.8333333333333334, "collision_rate": 0.16666666666666666, "out_of_bounds_rate": 0.0, "timeout_rate": 0.0, "policy_loss": -0.0022060610353946686, "value_loss": 1.0683916211128235, "entropy": 0.599616140127182, "approx_kl": 0.009187197749270126, "clip_fraction": 0.0682373046875, "grad_norm": 6.9129626750946045, "explained_variance": 0.8257170915603638, "action_std_mean": 0.32659101486206055, "optimizer_iterations": 4.0, "lr": 6.788736e-05}
{"step": 1609728, "wall_time": 1790756032.5175834, "episodes_completed": 2.0, "mean_episode_reward": 0.2808723449707031, "std_episode_reward": 9.848679542541504, "min_episode_reward": -9.5678071975708, "max_episode_reward": 10.129551887512207, "mean_episode_length": 46.0, "success_rate": 0.5, "collision_rate": 0.5, "out_of_bounds_rate": 0.0, "timeout_rate": 0.0, "policy_loss": -0.0014362102374434471, "value_loss": 0.5751467049121857, "entropy": 0.5995411276817322, "approx_kl": 0.009240915533155203, "clip_fraction": 0.086181640625, "grad_norm": 6.384297728538513, "explained_variance": 0.8553619384765625, "action_std_mean": 0.3265751302242279, "optimizer_iterations": 4.0, "lr": 6.78464e-05}
{"step": 1611776, "wall_time": 1790756043.7103143, "episodes_completed": 7.0, "mean_episode_reward": 9.529324122837611, "std_episode_reward": 10.254446771186707, "min_episode_reward": -8.813186645507812, "max_episode_reward": 18.080564498901367, "mean_episode_length": 128.0, "success_rate": 0.7142857142857143, "collision_rate": 0.2857142857142857, "out_of_bounds_rate": 0.0, "timeout_rate": 0.0, "policy_loss": -0.0023089912720024586, "value_loss": 2.109971344470978, "entropy": 0.5994285047054291, "approx_kl": 0.006838247354608029, "clip_fraction": 0.076171875, "grad_norm": 9.69823145866394, "explained_variance": 0.7536243200302124, "action_std_mean": 0.32655465602874756, "optimizer_iterations": 4.0, "lr": 6.780544e-05}
{"step": 1613824, "wall_time": 1790756054.8890386, "episodes_completed": 6.0, "mean_episode_reward": 2.9907333056131997, "std_episode_reward": 10.478943038313195, "min_episode_reward": -9.750060081481934, "max_episode_reward": 15.823610305786133, "mean_episode_length": 77.0, "success_rate": 0.5, "collision_rate": 0.5, "out_of_bounds_rate": 0.0, "timeout_rate": 0.0, "policy_loss": -0.0021680155768990517, "value_loss": 0.6239788979291916, "entropy": 0.5993159413337708, "approx_kl": 0.003089597972575575, "clip_fraction": 0.02734375, "grad_norm": 11.555928945541382, "explained_variance": 0.9317595958709717, "action_std_mean": 0.32655155658721924, "optimizer_iterations": 4.0, "lr": 6.776448e-05}
{"step": 1615872, "wall_time": 1790756065.8185294, "episodes_completed": 6.0, "mean_episode_reward": 5.6095056757330894, "std_episode_reward": 8.778620339142472, "min_episode_reward": -7.846920967102051, "max_episode_reward": 16.140533447265625, "mean_episode_length": 110.5, "success_rate": 0.5, "collision_rate": 0.16666666666666666, "out_of_bounds_rate": 0.0, "timeout_rate": 0.3333333333333333, "policy_loss": -0.001304767793044448, "value_loss": 1.0087274760007858, "entropy": 0.5993837416172028, "approx_kl": 0.00879656890174374, "clip_fraction": 0.0870361328125, "grad_norm": 6.164436876773834, "explained_variance": 0.8650495409965515, "action_std_mean": 0.32658088207244873, "optimizer_iterations": 4.0, "lr": 6.772352e-05}
{"step": 1617920, "wall_time": 1790756076.8479328, "episodes_completed": 4.0, "mean_episode_reward": 8.958034992218018, "std_episode_reward": 11.388874358156716, "min_episode_reward": -9.979632377624512, "max_episode_reward": 17.986827850341797, "mean_episode_length": 95.75, "success_rate": 0.75, "collision_rate": 0.25, "out_of_bounds_rate": 0.0, "timeout_rate": 0.0, "policy_loss": -0.0012018284760415554, "value_loss": 0.3974524885416031, "entropy": 0.5995651185512543, "approx_kl": 0.023496835492551327, "clip_fraction": 0.100830078125, "grad_norm": 5.072530388832092, "explained_variance": 0.9471660852432251, "action_std_mean": 0.3265991806983948, "optimizer_iterations": 4.0, "lr": 6.768256e-05}
{"step": 1619968, "wall_time": 1790756087.7313676, "episodes_completed": 8.0, "mean_episode_reward": 10.407726287841797, "std_episode_reward": 8.13632388198167, "min_episode_reward": -9.731771469116211, "max_episode_reward": 17.875640869140625, "mean_episode_length": 104.125, "success_rate": 0.875, "collision_rate": 0.125, "out_of_bounds_rate": 0.0, "timeout_rate": 0.0, "policy_loss": 0.013264480978250504, "value_loss": 1.4251267910003662, "entropy": 0.599644124507904, "approx_kl": 0.018771592993289232, "clip_fraction": 0.08349609375, "grad_norm": 14.021398186683655, "explained_variance": 0.8382684588432312, "action_std_mean": 0.32660824060440063, "optimizer_iterations": 4.0, "lr": 6.76416e-05}
{"step": 1622016, "wall_time": 1790756098.8630152, "episodes_completed": 7.0, "mean_episode_reward": 9.624900136675153, "std_episode_reward": 7.744482417392144, "min_episode_reward": -8.802726745605469, "max_episode_reward": 16.257919311523438, "mean_episode_length": 80.28571428571429, "success_rate": 0.8571428571428571, "collision_rate": 0.14285714285714285, "out_of_bounds_rate": 0.0, "timeout_rate": 0.0, "policy_loss": 0.003397534601390362, "value_loss": 0.4242536500096321, "entropy": 0.5997042059898376, "approx_kl": 0.016028644517064095, "clip_fraction": 0.0716552734375, "grad_norm": 8.689730882644653, "explained_variance": 0.954904317855835, "action_std_mean": 0.32661932706832886, "optimizer_iterations": 4.0, "lr": 6.760064000000001e-05}
{"step": 1624064, "wall_time": 1790756109.9158483, "episodes_completed": 4.0, "mean_episode_reward": -0.6447898875921965, "std_episode_reward": 8.082859649210464, "min_episode_reward": -8.755444526672363, "max_episode_reward": 12.221960067749023, "mean_episode_length": 87.5, "success_rate": 0.25, "collision_rate": 0.5, "out_of_bounds_rate": 0.0, "timeout_rate": 0.25, "policy_loss": 0.0014955392107367516, "value_loss": 1.4652716219425201, "entropy": 0.5997698307037354, "approx_kl": 0.12253204733133316, "clip_fraction": 0.076904296875, "grad_norm": 18.061667680740356, "explained_variance": 0.7798988223075867, "action_std_mean": 0.32662874460220337, "optimizer_iterations": 4.0, "lr": 6.755968e-05}
{"step": 1626112, "wall_time": 1790756121.065348, "episodes_completed": 6.0, "mean_episode_reward": 16.180229981740315, "std_episode_reward": 4.347412732188543, "min_episode_reward": 10.064160346984863, "max_episode_reward": 20.076438903808594, "mean_episode_length": 148.83333333333334, "success_rate": 1.0, "collision_rate": 0.0, "out_of_bounds_rate": 0.0, "timeout_rate": 0.0, "policy_loss": -0.0029714740812778473, "value_loss": 0.5163245648145676, "entropy": 0.5998010039329529, "approx_kl": 0.007705042487941682, "clip_fraction": 0.0694580078125, "grad_norm": 6.020379424095154, "explained_variance": 0.9011217951774597, "action_std_mean": 0.3266155421733856, "optimizer_iterations": 4.0, "lr": 6.751872e-05}
{"step": 1628160, "wall_time": 1790756132.333362, "episodes_completed": 7.0, "mean_episode_reward": 11.572992324829102, "std_episode_reward": 9.055456766347481, "min_episode_reward": -9.360928535461426, "max_episode_reward": 19.961936950683594, "mean_episode_length": 98.57142857142857, "success_rate": 0.8571428571428571, "collision_rate": 0.14285714285714285, "out_of_bounds_rate": 0.0, "timeout_rate": 0.0, "policy_loss": 0.00029685930348932743, "value_loss": 0.47411226481199265, "entropy": 0.5996605455875397, "approx_kl": 0.009183774644043297, "clip_fraction": 0.0809326171875, "grad_norm": 22.132482767105103, "explained_variance": 0.9381189346313477, "action_std_mean": 0.32659149169921875, "optimizer_iterations": 4.0, "lr": 6.747776e-05}
{"step": 1630208, "wall_time": 1790756143.4619627, "episodes_completed": 10.0, "mean_episode_reward": 1.7897612571716308, "std_episode_reward": 11.502814420563448, "min_episode_reward": -9.950000762939453, "max_episode_reward": 15.30416202545166, "mean_episode_length": 64.9, "success_rate": 0.5, "collision_rate": 0.5, "out_of_bounds_rate": 0.0, "timeout_rate": 0.0, "policy_loss": -0.0003377096727490425, "value_loss": 1.606729805469513, "entropy": 0.5995546579360962, "approx_kl": 0.014635010855272412, "clip_fraction": 0.1533203125, "grad_norm": 11.751909136772156, "explained_variance": 0.8496345281600952, "action_std_mean": 0.32658499479293823, "optimizer_iterations": 4.0, "lr": 6.743680000000001e-05}
{"step": 1632256, "wall_time": 1790756154.5333064, "episodes_completed": 7.0, "mean_episode_reward": 11.778706686837333, "std_episode_reward": 9.413081799162784, "min_episode_reward": -9.950206756591797, "max_episode_reward": 19.383312225341797, "mean_episode_length": 105.71428571428571, "success_rate": 0.8571428571428571, "collision_rate": 0.14285714285714285, "out_of_bounds_rate": 0.0, "timeout_rate": 0.0, "policy_loss": 0.005162462592124939, "value_loss": 0.4892878383398056, "entropy": 0.5995337665081024, "approx_kl": 0.4242153763771057, "clip_fraction": 0.1217041015625, "grad_norm": 9.846611380577087, "explained_variance": 0.9272943139076233, "action_std_mean": 0.3265843391418457, "optimizer_iterations": 4.0, "lr": 6.739584e-05}
{"step": 1634304, "wall_time": 1790756165.7969353, "episodes_completed": 9.0, "mean_episode_reward": 1.9145041240586176, "std_episode_reward": 10.544564753488263, "min_episode_reward": -10.232267379760742, "max_episode_reward": 15.461583137512207, "mean_episode_length": 74.22222222222223, "success_rate": 0.4444444444444444, "collision_rate": 0.4444444444444444, "out_of_bounds_rate": 0.0, "timeout_rate": 0.1111111111111111, "policy_loss": 0.00716927764005959, "value_loss": 2.675335168838501, "entropy": 0.5995325148105621, "approx_kl": 0.04786081798374653, "clip_fraction": 0.10302734375, "grad_norm": 9.700637340545654, "explained_variance": 0.752582311630249, "action_std_mean": 0.32658788561820984, "optimizer_iterations": 4.0, "lr": 6.735488000000001e-05}
{"step": 1636352, "wall_time": 1790756177.054015, "episodes_completed": 7.0, "mean_episode_reward": 9.930563722337995, "std_episode_reward": 7.088355446012719, "min_episode_reward": -6.153828144073486, "max_episode_reward": 18.066837310791016, "mean_episode_length": 69.28571428571429, "success_rate": 0.8571428571428571, "collision_rate": 0.14285714285714285, "out_of_bounds_rate": 0.0, "timeout_rate": 0.0, "policy_loss": -0.00016089505515992641, "value_loss": 0.4892250597476959, "entropy": 0.5995469689369202, "approx_kl": 0.010500892996788025, "clip_fraction": 0.08642578125, "grad_norm": 8.444975137710571, "explained_variance": 0.9341589212417603, "action_std_mean": 0.3265775144100189, "optimizer_iterations": 4.0, "lr": 6.731392000000001e-05}
{"step": 1638400, "wall_time": 1790756188.160844, "episodes_completed": 9.0, "mean_episode_reward": 9.194120407104492, "std_episode_reward": 6.710451462978446, "min_episode_reward": -4.508774757385254, "max_episode_reward": 16.15289306640625, "mean_episode_length": 104.0, "success_rate": 0.7777777777777778, "collision_rate": 0.2222222222222222, "out_of_bounds_rate": 0.0, "timeout_rate": 0.0, "policy_loss": -0.004118625423870981, "value_loss": 1.5021561682224274, "entropy": 0.5994304716587067, "approx_kl": 0.02400914765894413, "clip_fraction": 0.07080078125, "grad_norm": 10.737310290336609, "explained_variance": 0.8322929739952087, "action_std_mean": 0.3265532851219177, "optimizer_iterations": 4.0, "lr": 6.727296e-05}
{"step": 1640448, "wall_time": 1790756199.5926251, "episodes_completed": 4.0, "mean_episode_reward": 13.979236125946045, "std_episode_reward": 2.2685641033143096, "min_episode_reward": 11.695961952209473, "max_episode_reward": 16.81358528137207, "mean_episode_length": 91.75, "success_rate": 1.0, "collision_rate": 0.0, "out_of_bounds_rate": 0.0, "timeout_rate": 0.0, "policy_loss": -0.00362355203833431, "value_loss": 0.2919052690267563, "entropy": 0.5993134081363678, "approx_kl": 0.012349752127192914, "clip_fraction": 0.1134033203125, "grad_norm": 4.93656587600708, "explained_variance": 0.9578182101249695, "action_std_mean": 0.32654765248298645, "optimizer_iterations": 4.0, "lr": 6.723200000000001e-05}
{"step": 1642496, "wall_time": 1790756211.0358298, "episodes_completed": 3.0, "mean_episode_reward": -0.3210693995157878, "std_episode_reward": 11.198478057853123, "min_episode_reward": -10.262838363647461, "max_episode_reward": 15.325946807861328, "mean_episode_length": 137.0, "success_rate": 0.3333333333333333, "collision_rate": 0.6666666666666666, "out_of_bounds_rate": 0.0, "timeout_rate": 0.0, "policy_loss": 0.002342219464480877, "value_loss": 1.2327352166175842, "entropy": 0.5993156135082245, "approx_kl": 0.010146866203285754, "clip_fraction": 0.0999755859375, "grad_norm": 9.141925573348999, "explained_variance": 0.8777732849121094, "action_std_mean": 0.326552152633667, "optimizer_iterations": 4.0, "lr": 6.719104e-05}
{"step": 1644544, "wall_time": 1790756222.224054, "episodes_completed": 7.0, "mean_episode_reward": 2.984090941292899, "std_episode_reward": 9.931998591467993, "min_episode_reward": -10.115182876586914, "max_episode_reward": 12.267167091369629, "mean_episode_length": 90.85714285714286, "success_rate": 0.5714285714285714, "collision_rate": 0.42857142857142855, "out_of_bounds_rate": 0.0, "timeout_rate": 0.0, "policy_loss": -0.00013766181655228138, "value_loss": 0.9168456792831421, "entropy": 0.5993529260158539, "approx_kl": 0.0077730675984639674, "clip_fraction": 0.06689453125, "grad_norm": 9.156540632247925, "explained_variance": 0.919918417930603, "action_std_mean": 0.32656538486480713, "optimizer_iterations": 4.0, "lr": 6.715008e-05}
{"step": 1646592, "wall_time": 1790756233.3568852, "episodes_completed": 8.0, "mean_episode_reward": 8.296451270580292, "std_episode_reward": 8.609385051993513, "min_episode_reward": -8.210904121398926, "max_episode_reward": 16.531442642211914, "mean_episode_length": 78.25, "success_rate": 0.75, "collision_rate": 0.25, "out_of_bounds_rate": 0.0, "timeout_rate": 0.0, "policy_loss": -0.0013082517543807626, "value_loss": 1.129993885755539, "entropy": 0.5994672775268555, "approx_kl": 0.006948080670554191, "clip_fraction": 0.0633544921875, "grad_norm": 5.089815020561218, "explained_variance": 0.8868398666381836, "action_std_mean": 0.3265877962112427, "optimizer_iterations": 4.0, "lr": 6.710912e-05}
{"step": 1648640, "wall_time": 1790756244.5086923, "episodes_completed": 6.0, "mean_episode_reward": 2.3606603940327964, "std_episode_reward": 11.853762873216324, "min_episode_reward": -10.691064834594727, "max_episode_reward": 18.594249725341797, "mean_episode_length": 125.5, "success_rate": 0.5, "collision_rate": 0.5, "out_of_bounds_rate": 0.0, "timeout_rate": 0.0, "policy_loss": 0.0011792609002441168, "value_loss": 1.3312918841838837, "entropy": 0.5995768010616302, "approx_kl": 0.030793315265327692, "clip_fraction": 0.0816650390625, "grad_norm": 8.26514482498169, "explained_variance": 0.8307818174362183, "action_std_mean": 0.32659482955932617, "optimizer_iterations": 4.0, "lr": 6.706816e-05}
{"step": 1650688, "wall_time": 1790756255.6721678, "episodes_completed": 6.0, "mean_episode_reward": 8.204126139481863, "std_episode_reward": 9.319570967601301, "min_episode_reward": -8.453341484069824, "max_episode_reward": 18.284421920776367, "mean_episode_length": 120.16666666666667, "success_rate": 0.6666666666666666, "collision_rate": 0.16666666666666666, "out_of_bounds_rate": 0.0, "timeout_rate": 0.16666666666666666, "policy_loss": 0.003614602377638221, "value_loss": 0.49627386033535004, "entropy": 0.5996081233024597, "approx_kl": 0.011753868777304888, "clip_fraction": 0.0745849609375, "grad_norm": 20.003939032554626, "explained_variance": 0.927894115447998, "action_std_mean": 0.32659992575645447, "optimizer_iterations": 4.0, "lr": 6.702720000000001e-05}
{"step": 1652736, "wall_time": 1790756266.6293206, "episodes_completed": 5.0, "mean_episode_reward": 9.002849292755126, "std_episode_reward": 8.500080551704116, "min_episode_reward": -2.45811128616333, "max_episode_reward": 18.92809295654297, "mean_episode_length": 167.0, "success_rate": 0.6, "collision_rate": 0.4, "out_of_bounds_rate": 0.0, "timeout_rate": 0.0, "policy_loss": 0.0023065542336553335, "value_loss": 1.1896447241306305, "entropy": 0.5996531546115875, "approx_kl": 0.019773699576035142, "clip_fraction": 0.051513671875, "grad_norm": 12.532829582691193, "explained_variance": 0.8552108407020569, "action_std_mean": 0.32661253213882446, "optimizer_iterations": 4.0, "lr": 6.698624e-05}
{"step": 1654784, "wall_time": 1790756277.7522156, "episodes_completed": 6.0, "mean_episode_reward": 12.93430201212565, "std_episode_reward": 2.230752476754225, "min_episode_reward": 10.645095825195312, "max_episode_reward": 16.473495483398438, "mean_episode_length": 67.83333333333333, "success_rate": 1.0, "collision_rate": 0.0, "out_of_bounds_rate": 0.0, "timeout_rate": 0.0, "policy_loss": 0.004726257408037782, "value_loss": 0.3328435942530632, "entropy": 0.5997342765331268, "approx_kl": 0.020052524749189615, "clip_fraction": 0.0968017578125, "grad_norm": 10.94988214969635, "explained_variance": 0.9173046946525574, "action_std_mean": 0.32661640644073486, "optimizer_iterations": 4.0, "lr": 6.694528e-05}
{"step": 1656832, "wall_time": 1790756288.8857236, "episodes_completed": 13.0, "mean_episode_reward": 4.420539159041184, "std_episode_reward": 10.654256800335661, "min_episode_reward": -8.836084365844727, "max_episode_reward": 18.664222717285156, "mean_episode_length": 87.15384615384616, "success_rate": 0.5384615384615384, "collision_rate": 0.46153846153846156, "out_of_bounds_rate": 0.0, "timeout_rate": 0.0, "policy_loss": 0.000698783085681498, "value_loss": 2.1306434273719788, "entropy": 0.5997126400470734, "approx_kl": 0.011454978433903307, "clip_fraction": 0.0665283203125, "grad_norm": 18.371986627578735, "explained_variance": 0.8792582154273987, "action_std_mean": 0.3266059160232544, "optimizer_iterations": 4.0, "lr": 6.690432e-05}
{"step": 1658880, "wall_time": 1790756300.045735, "episodes_completed": 7.0, "mean_episode_reward": 6.338842800685337, "std_episode_reward": 12.603627831859727, "min_episode_reward": -9.155633926391602, "max_episode_reward": 21.535734176635742, "mean_episode_length": 120.71428571428571, "success_rate": 0.5714285714285714, "collision_rate": 0.42857142857142855, "out_of_bounds_rate": 0.0, "timeout_rate": 0.0, "policy_loss": -0.0009486852213740349, "value_loss": 0.47262532263994217, "entropy": 0.5996155440807343, "approx_kl": 0.00623279667343013, "clip_fraction": 0.0596923828125, "grad_norm": 4.927081346511841, "explained_variance": 0.956990659236908, "action_std_mean": 0.326577365398407, "optimizer_iterations": 4.0, "lr": 6.686336e-05}
{"step": 1660928, "wall_time": 1790756311.2283797, "episodes_completed": 10.0, "mean_episode_reward": 8.122851228713989, "std_episode_reward": 10.436426369753718, "min_episode_reward": -9.310842514038086, "max_episode_reward": 19.424175262451172, "mean_episode_length": 102.1, "success_rate": 0.7, "collision_rate": 0.3, "out_of_bounds_rate": 0.0, "timeout_rate": 0.0, "policy_loss": -0.004141699289903045, "value_loss": 0.9281425327062607, "entropy": 0.5994491875171661, "approx_kl": 0.005514891934581101, "clip_fraction": 0.0560302734375, "grad_norm": 8.531711339950562, "explained_variance": 0.9181622862815857, "action_std_mean": 0.3265674412250519, "optimizer_iterations": 4.0, "lr": 6.682239999999999e-05}
{"step": 1662976, "wall_time": 1790756322.475706, "episodes_completed": 8.0, "mean_episode_reward": 6.2449472807347775, "std_episode_reward": 9.229064112973491, "min_episode_reward": -9.80389404296875, "max_episode_reward": 18.316272735595703, "mean_episode_length": 76.0, "success_rate": 0.625, "collision_rate": 0.25, "out_of_bounds_rate": 0.0, "timeout_rate": 0.125, "policy_loss": -0.003462358145043254, "value_loss": 0.29920922964811325, "entropy": 0.5994864106178284, "approx_kl": 0.007008059707004577, "clip_fraction": 0.055419921875, "grad_norm": 5.575164437294006, "explained_variance": 0.9655508399009705, "action_std_mean": 0.32660001516342163, "optimizer_iterations": 4.0, "lr": 6.678144e-05}
{"step": 1665024, "wall_time": 1790756333.56376, "episodes_completed": 5.0, "mean_episode_reward": 2.1614312052726747, "std_episode_reward": 10.625782407014631, "min_episode_reward": -9.768896102905273, "max_episode_reward": 15.281411170959473, "mean_episode_length": 113.8, "success_rate": 0.4, "collision_rate": 0.4, "out_of_bounds_rate": 0.0, "timeout_rate": 0.2, "policy_loss": 0.0024411785416305065, "value_loss": 2.0443036258220673, "entropy": 0.5997269451618195, "approx_kl": 0.12137235328555107, "clip_fraction": 0.0733642578125, "grad_norm": 10.892479062080383, "explained_variance": 0.7634860277175903, "action_std_mean": 0.32664111256599426, "optimizer_iterations": 4.0, "lr": 6.674048000000001e-05}
{"step": 1667072, "wall_time": 1790756344.6665382, "episodes_completed": 4.0, "mean_episode_reward": 9.819249153137207, "std_episode_reward": 10.064752964286878, "min_episode_reward": -6.55336856842041, "max_episode_reward": 19.78679656982422, "mean_episode_length": 102.25, "success_rate": 0.75, "collision_rate": 0.25, "out_of_bounds_rate": 0.0, "timeout_rate": 0.0, "policy_loss": -0.001020539551973343, "value_loss": 0.21625550836324692, "entropy": 0.599968433380127, "approx_kl": 0.018765652552247047, "clip_fraction": 0.1048583984375, "grad_norm": 7.316694140434265, "explained_variance": 0.9763247966766357, "action_std_mean": 0.3266819715499878, "optimizer_iterations": 4.0, "lr": 6.669952e-05}
{"step": 1669120, "wall_time": 1790756355.8936338, "episodes_completed": 3.0, "mean_episode_reward": 12.8582550684611, "std_episode_reward": 2.1204749867019306, "min_episode_reward": 10.057480812072754, "max_episode_reward": 15.186741828918457, "mean_episode_length": 70.66666666666667, "success_rate": 1.0, "collision_rate": 0.0, "out_of_bounds_rate": 0.0, "timeout_rate": 0.0, "policy_loss": -0.0005394644103944302, "value_loss": 0.26528940349817276, "entropy": 0.6002006232738495, "approx_kl": 0.009659923962317407, "clip_fraction": 0.049560546875, "grad_norm": 4.879844963550568, "explained_variance": 0.9608802199363708, "action_std_mean": 0.32670119404792786, "optimizer_iterations": 4.0, "lr": 6.665856000000001e-05}
{"step": 1671168, "wall_time": 1790756367.0965233, "episodes_completed": 8.0, "mean_episode_reward": 1.3203679323196411, "std_episode_reward": 10.640445005544526, "min_episode_reward": -10.055065155029297, "max_episode_reward": 15.303393363952637, "mean_episode_length": 59.875, "success_rate": 0.5, "collision_rate": 0.5, "out_of_bounds_rate": 0.0, "timeout_rate": 0.0, "policy_loss": -0.000874130055308342, "value_loss": 1.7196497321128845, "entropy": 0.6002568006515503, "approx_kl": 0.006997224234510213, "clip_fraction": 0.0577392578125, "grad_norm": 7.117841064929962, "explained_variance": 0.8304694890975952, "action_std_mean": 0.32670605182647705, "optimizer_iterations": 4.0, "lr": 6.66176e-05}
{"step": 1673216, "wall_time": 1790756378.3305228, "episodes_completed": 10.0, "mean_episode_reward": 6.503759251534939, "std_episode_reward": 11.94906140857812, "min_episode_reward": -9.977519989013672, "max_episode_reward": 19.641902923583984, "mean_episode_length": 117.0, "success_rate": 0.6, "collision_rate": 0.3, "out_of_bounds_rate": 0.0, "timeout_rate": 0.1, "policy_loss": -0.004605123773217201, "value_loss": 0.559753954410553, "entropy": 0.6002644598484039, "approx_kl": 0.010935909522231668, "clip_fraction": 0.086669921875, "grad_norm": 3.42385196685791, "explained_variance": 0.9541938900947571, "action_std_mean": 0.32669419050216675, "optimizer_iterations": 4.0, "lr": 6.657664e-05}
{"step": 1675264, "wall_time": 1790756389.470147, "episodes_completed": 4.0, "mean_episode_reward": 9.780393600463867, "std_episode_reward": 11.546412255259394, "min_episode_reward": -10.047592163085938, "max_episode_reward": 18.21125030517578, "mean_episode_length": 109.5, "success_rate": 0.75, "collision_rate": 0.25, "out_of_bounds_rate": 0.0, "timeout_rate": 0.0, "policy_loss": -0.005408329190686345, "value_loss": 0.7865854650735855, "entropy": 0.6001787483692169, "approx_kl": 0.008393476775381714, "clip_fraction": 0.0850830078125, "grad_norm": 5.049203276634216, "explained_variance": 0.900833785533905, "action_std_mean": 0.3266969919204712, "optimizer_iterations": 4.0, "lr": 6.653568e-05}
{"step": 1677312, "wall_time": 1790756400.7300935, "episodes_completed": 7.0, "mean_episode_reward": 11.39423302241734, "std_episode_reward": 8.482695896874047, "min_episode_reward": -8.650136947631836, "max_episode_reward": 17.27573013305664, "mean_episode_length": 115.0, "success_rate": 0.8571428571428571, "collision_rate": 0.14285714285714285, "out_of_bounds_rate": 0.0, "timeout_rate": 0.0, "policy_loss": -0.002516697160899639, "value_loss": 0.7501360327005386, "entropy": 0.6002714335918427, "approx_kl": 0.016378378495573997, "clip_fraction": 0.06884765625, "grad_norm": 9.836070537567139, "explained_variance": 0.9309174418449402, "action_std_mean": 0.3267209529876709, "optimizer_iterations": 4.0, "lr": 6.649472000000001e-05}
{"step": 1679360, "wall_time": 1790756411.8460052, "episodes_completed": 5.0, "mean_episode_reward": 10.835448932647704, "std_episode_reward": 9.151030906209959, "min_episode_reward": -6.13884973526001, "max_episode_reward": 20.978168487548828, "mean_episode_length": 124.0, "success_rate": 0.8, "collision_rate": 0.2, "out_of_bounds_rate": 0.0, "timeout_rate": 0.0, "policy_loss": -0.002103765495121479, "value_loss": 1.4868248999118805, "entropy": 0.6004050672054291, "approx_kl": 0.017036135192029178, "clip_fraction": 0.0604248046875, "grad_norm": 10.368279695510864, "explained_variance": 0.8499673008918762, "action_std_mean": 0.3267361521720886, "optimizer_iterations": 4.0, "lr": 6.645376000000001e-05}
{"step": 1681408, "wall_time": 1790756422.9749026, "episodes_completed": 10.0, "mean_episode_reward": 4.0550230026245115, "std_episode_reward": 10.75532070214087, "min_episode_reward": -9.96078872680664, "max_episode_reward": 17.825782775878906, "mean_episode_length": 65.7, "success_rate": 0.6, "collision_rate": 0.4, "out_of_bounds_rate": 0.0, "timeout_rate": 0.0, "policy_loss": -0.0004124743863940239, "value_loss": 2.0928947925567627, "entropy": 0.6004683375358582, "approx_kl": 0.020370026351884007, "clip_fraction": 0.076904296875, "grad_norm": 11.149899125099182, "explained_variance": 0.8124637603759766, "action_std_mean": 0.3267461657524109, "optimizer_iterations": 4.0, "lr": 6.64128e-05}
{"step": 1683456, "wall_time": 1790756434.1590497, "episodes_completed": 11.0, "mean_episode_reward": 1.047380456192927, "std_episode_reward": 10.376729551750493, "min_episode_reward": -9.952921867370605, "max_episode_reward": 18.184185028076172, "mean_episode_length": 76.45454545454545, "success_rate": 0.36363636363636365, "collision_rate": 0.5454545454545454, "out_of_bounds_rate": 0.0, "timeout_rate": 0.09090909090909091, "policy_loss": 0.00051684002391994, "value_loss": 3.1564261317253113, "entropy": 0.6005416214466095, "approx_kl": 0.01374240661971271, "clip_fraction": 0.0777587890625, "grad_norm": 14.518598794937134, "explained_variance": 0.7728748321533203, "action_std_mean": 0.3267553448677063, "optimizer_iterations": 4.0, "lr": 6.637184000000001e-05}
{"step": 1685504, "wall_time": 1790756445.391228, "episodes_completed": 7.0, "mean_episode_reward": -0.006044232951743262, "std_episode_reward": 12.190387807749527, "min_episode_reward": -9.961512565612793, "max_episode_reward": 20.722408294677734, "mean_episode_length": 92.0, "success_rate": 0.2857142857142857, "collision_rate": 0.5714285714285714, "out_of_bounds_rate": 0.0, "timeout_rate": 0.14285714285714285, "policy_loss": -0.0035850852727890015, "value_loss": 1.1406905055046082, "entropy": 0.6005885601043701, "approx_kl": 0.024617913644760847, "clip_fraction": 0.0989990234375, "grad_norm": 8.883635640144348, "explained_variance": 0.8800774216651917, "action_std_mean": 0.32676345109939575, "optimizer_iterations": 4.0, "lr": 6.633088e-05}
{"step": 1687552, "wall_time": 1790756456.4835844, "episodes_completed": 5.0, "mean_episode_reward": 8.913461875915527, "std_episode_reward": 7.350806029854921, "min_episode_reward": -5.265462875366211, "max_episode_reward": 15.51221752166748, "mean_episode_length": 140.4, "success_rate": 0.8, "collision_rate": 0.2, "out_of_bounds_rate": 0.0, "timeout_rate": 0.0, "policy_loss": -0.0031327095348387957, "value_loss": 1.7899695038795471, "entropy": 0.6006254553794861, "approx_kl": 0.013211474055424333, "clip_fraction": 0.123291015625, "grad_norm": 6.8959832191467285, "explained_variance": 0.7997210025787354, "action_std_mean": 0.3267633318901062, "optimizer_iterations": 4.0, "lr": 6.628992000000001e-05}
{"step": 1689600, "wall_time": 1790756467.6899266, "episodes_completed": 6.0, "mean_episode_reward": 14.534816106160482, "std_episode_reward": 1.9068965612878404, "min_episode_reward": 11.079737663269043, "max_episode_reward": 16.873388290405273, "mean_episode_length": 132.83333333333334, "success_rate": 1.0, "collision_rate": 0.0, "out_of_bounds_rate": 0.0, "timeout_rate": 0.0, "policy_loss": 0.0028039871249347925, "value_loss": 0.6721367835998535, "entropy": 0.6006068587303162, "approx_kl": 0.03977488540112972, "clip_fraction": 0.063232421875, "grad_norm": 6.814974904060364, "explained_variance": 0.9101364016532898, "action_std_mean": 0.3267548978328705, "optimizer_iterations": 4.0, "lr": 6.624896e-05}
{"step": 1691648, "wall_time": 1790756479.0053117, "episodes_completed": 7.0, "mean_episode_reward": -1.0227636194654874, "std_episode_reward": 7.944579099490847, "min_episode_reward": -9.197650909423828, "max_episode_reward": 11.397601127624512, "mean_episode_length": 59.57142857142857, "success_rate": 0.2857142857142857, "collision_rate": 0.5714285714285714, "out_of_bounds_rate": 0.0, "timeout_rate": 0.14285714285714285, "policy_loss": 0.0016536787152290344, "value_loss": 2.2696816325187683, "entropy": 0.6005562543869019, "approx_kl": 0.004974075389327481, "clip_fraction": 0.0555419921875, "grad_norm": 11.60986340045929, "explained_variance": 0.7489116787910461, "action_std_mean": 0.3267545998096466, "optimizer_iterations": 4.0, "lr": 6.6208e-05}
{"step": 1693696, "wall_time": 1790756490.1728952, "episodes_completed": 9.0, "mean_episode_reward": -0.6093132760789659, "std_episode_reward": 9.3718606439849, "min_episode_reward": -9.557462692260742, "max_episode_reward": 13.789499282836914, "mean_episode_length": 73.33333333333333, "success_rate": 0.3333333333333333, "collision_rate": 0.6666666666666666, "out_of_bounds_rate": 0.0, "timeout_rate": 0.0, "policy_loss": -0.0006816100794821978, "value_loss": 2.2158930897712708, "entropy": 0.6005763113498688, "approx_kl": 0.009556794771924615, "clip_fraction": 0.0888671875, "grad_norm": 11.150784015655518, "explained_variance": 0.831143856048584, "action_std_mean": 0.32675567269325256, "optimizer_iterations": 4.0, "lr": 6.616704000000001e-05}
{"step": 1695744, "wall_time": 1790756501.2228973, "episodes_completed": 8.0, "mean_episode_reward": 2.8123572601471096, "std_episode_reward": 10.288210649483066, "min_episode_reward": -10.032245635986328, "max_episode_reward": 16.438018798828125, "mean_episode_length": 71.5, "success_rate": 0.5, "collision_rate": 0.375, "out_of_bounds_rate": 0.0, "timeout_rate": 0.125, "policy_loss": -0.0012271949090063572, "value_loss": 1.1596081256866455, "entropy": 0.6005398035049438, "approx_kl": 0.011551594594493508, "clip_fraction": 0.1170654296875, "grad_norm": 7.1524903774261475, "explained_variance": 0.8574075102806091, "action_std_mean": 0.32673460245132446, "optimizer_iterations": 4.0, "lr": 6.612608e-05}
{"step": 1697792, "wall_time": 1790756512.2931945, "episodes_completed": 12.0, "mean_episode_reward": 7.64452584584554, "std_episode_reward": 10.288799737437932, "min_episode_reward": -10.002527236938477, "max_episode_reward": 19.72292709350586, "mean_episode_length": 82.16666666666667, "success_rate": 0.75, "collision_rate": 0.25, "out_of_bounds_rate": 0.0, "timeout_rate": 0.0, "policy_loss": 0.002664922270923853, "value_loss": 1.265617161989212, "entropy": 0.6003865003585815, "approx_kl": 0.009656828478910029, "clip_fraction": 0.099365234375, "grad_norm": 7.746143341064453, "explained_variance": 0.8889843225479126, "action_std_mean": 0.32671621441841125, "optimizer_iterations": 4.0, "lr": 6.608512e-05}
{"step": 1699840, "wall_time": 1790756523.4575768, "episodes_completed": 11.0, "mean_episode_reward": 3.4999058463356714, "std_episode_reward": 11.867911897948593, "min_episode_reward": -9.604063987731934, "max_episode_reward": 21.646434783935547, "mean_episode_length": 62.36363636363637, "success_rate": 0.5454545454545454, "collision_rate": 0.45454545454545453, "out_of_bounds_rate": 0.0, "timeout_rate": 0.0, "policy_loss": -0.00038686953485012054, "value_loss": 0.957316517829895, "entropy": 0.6003112196922302, "approx_kl": 0.006553406012244523, "clip_fraction": 0.066162109375, "grad_norm": 10.944543600082397, "explained_variance": 0.9300054311752319, "action_std_mean": 0.3267080783843994, "optimizer_iterations": 4.0, "lr": 6.604416e-05}
{"step": 1701888, "wall_time": 1790756534.666024, "episodes_completed": 6.0, "mean_episode_reward": 10.125996271769205, "std_episode_reward": 9.173648093686305, "min_episode_reward": -9.562837600708008, "max_episode_reward": 17.583267211914062, "mean_episode_length": 84.16666666666667, "success_rate": 0.8333333333333334, "collision_rate": 0.16666666666666666, "out_of_bounds_rate": 0.0, "timeout_rate": 0.0, "policy_loss": -0.0025551391299813986, "value_loss": 0.3588201329112053, "entropy": 0.600273609161377, "approx_kl": 0.006983530125580728, "clip_fraction": 0.0655517578125, "grad_norm": 6.463170766830444, "explained_variance": 0.9647659659385681, "action_std_mean": 0.3267070949077606, "optimizer_iterations": 4.0, "lr": 6.60032e-05}
{"step": 1703936, "wall_time": 1790756545.9531868, "episodes_completed": 5.0, "mean_episode_reward": 4.2660314559936525, "std_episode_reward": 11.405471267322518, "min_episode_reward": -9.971315383911133, "max_episode_reward": 14.786914825439453, "mean_episode_length": 104.8, "success_rate": 0.6, "collision_rate": 0.4, "out_of_bounds_rate": 0.0, "timeout_rate": 0.0, "policy_loss": -0.00406413443852216, "value_loss": 0.5855829864740372, "entropy": 0.6002830862998962, "approx_kl": 0.009342906065285206, "clip_fraction": 0.1041259765625, "grad_norm": 7.781909465789795, "explained_variance": 0.9316600561141968, "action_std_mean": 0.3267133831977844, "optimizer_iterations": 4.0, "lr": 6.596223999999999e-05}
{"step": 1705984, "wall_time": 1790756557.1987176, "episodes_completed": 6.0, "mean_episode_reward": 9.51258405049642, "std_episode_reward": 8.899363853678071, "min_episode_reward": -9.661540985107422, "max_episode_reward": 17.803688049316406, "mean_episode_length": 124.66666666666667, "success_rate": 0.8333333333333334, "collision_rate": 0.16666666666666666, "out_of_bounds_rate": 0.0, "timeout_rate": 0.0, "policy_loss": -0.004017508588731289, "value_loss": 0.7867608368396759, "entropy": 0.6003389060497284, "approx_kl": 0.004060523846419528, "clip_fraction": 0.039794921875, "grad_norm": 4.618816614151001, "explained_variance": 0.9023957848548889, "action_std_mean": 0.32672443985939026, "optimizer_iterations": 4.0, "lr": 6.592128e-05}
{"step": 1708032, "wall_time": 1790756568.3757198, "episodes_completed": 11.0, "mean_episode_reward": 4.1930811621926045, "std_episode_reward": 11.3560312916334, "min_episode_reward": -9.971659660339355, "max_episode_reward": 18.692317962646484, "mean_episode_length": 82.0909090909091, "success_rate": 0.5454545454545454, "collision_rate": 0.45454545454545453, "out_of_bounds_rate": 0.0, "timeout_rate": 0.0, "policy_loss": -0.0005302950739860535, "value_loss": 2.3270170092582703, "entropy": 0.6003903448581696, "approx_kl": 0.006436328345444053, "clip_fraction": 0.056396484375, "grad_norm": 14.519000053405762, "explained_variance": 0.8150426149368286, "action_std_mean": 0.3267292082309723, "optimizer_iterations": 4.0, "lr": 6.588032e-05}
{"step": 1710080, "wall_time": 1790756579.5200677, "episodes_completed": 8.0, "mean_episode_reward": 5.645162299275398, "std_episode_reward": 11.352179935073227, "min_episode_reward": -10.176848411560059, "max_episode_reward": 21.084278106689453, "mean_episode_length": 112.75, "success_rate": 0.5, "collision_rate": 0.375, "out_of_bounds_rate": 0.0, "timeout_rate": 0.125, "policy_loss": -0.0038958259392529726, "value_loss": 1.4542745053768158, "entropy": 0.6004044413566589, "approx_kl": 0.01374825369566679, "clip_fraction": 0.091552734375, "grad_norm": 10.999496579170227, "explained_variance": 0.8650243282318115, "action_std_mean": 0.32673171162605286, "optimizer_iterations": 4.0, "lr": 6.583936e-05}
{"step": 1712128, "wall_time": 1790756590.7542121, "episodes_completed": 3.0, "mean_episode_reward": 14.032553990681967, "std_episode_reward": 2.635612177847571, "min_episode_reward": 11.397950172424316, "max_episode_reward": 17.633235931396484, "mean_episode_length": 92.0, "success_rate": 1.0, "collision_rate": 0.0, "out_of_bounds_rate": 0.0, "timeout_rate": 0.0, "policy_loss": -0.0009387647733092308, "value_loss": 0.24694835394620895, "entropy": 0.6003930270671844, "approx_kl": 0.004604549729265273, "clip_fraction": 0.035400390625, "grad_norm": 5.400200664997101, "explained_variance": 0.9674853086471558, "action_std_mean": 0.3267146944999695, "optimizer_iterations": 4.0, "lr": 6.579840000000001e-05}
{"step": 1714176, "wall_time": 1790756601.7037036, "episodes_completed": 9.0, "mean_episode_reward": 2.946745342678494, "std_episode_reward": 9.458982772512854, "min_episode_reward": -9.950905799865723, "max_episode_reward": 15.344947814941406, "mean_episode_length": 98.88888888888889, "success_rate": 0.4444444444444444, "collision_rate": 0.5555555555555556, "out_of_bounds_rate": 0.0, "timeout_rate": 0.0, "policy_loss": -0.00355936074629426, "value_loss": 2.1517459750175476, "entropy": 0.6002632677555084, "approx_kl": 0.012959892279468477, "clip_fraction": 0.1134033203125, "grad_norm": 11.749673008918762, "explained_variance": 0.8196600079536438, "action_std_mean": 0.32670003175735474, "optimizer_iterations": 4.0, "lr": 6.575744e-05}
{"step": 1716224, "wall_time": 1790756612.7749107, "episodes_completed": 4.0, "mean_episode_reward": 5.919559597969055, "std_episode_reward": 9.947106395536222, "min_episode_reward": -5.721816539764404, "max_episode_reward": 15.809410095214844, "mean_episode_length": 138.75, "success_rate": 0.5, "collision_rate": 0.5, "out_of_bounds_rate": 0.0, "timeout_rate": 0.0, "policy_loss": -0.0010491814464330673, "value_loss": 2.4351900815963745, "entropy": 0.6002263426780701, "approx_kl": 0.007093198946677148, "clip_fraction": 0.09228515625, "grad_norm": 12.478355765342712, "explained_variance": 0.7152722477912903, "action_std_mean": 0.3267051577568054, "optimizer_iterations": 4.0, "lr": 6.571648e-05}
{"step": 1718272, "wall_time": 1790756623.8458023, "episodes_completed": 9.0, "mean_episode_reward": 4.563680169483026, "std_episode_reward": 11.59415620502395, "min_episode_reward": -10.053587913513184, "max_episode_reward": 21.78738784790039, "mean_episode_length": 77.44444444444444, "success_rate": 0.5555555555555556, "collision_rate": 0.3333333333333333, "out_of_bounds_rate": 0.0, "timeout_rate": 0.1111111111111111, "policy_loss": -0.0021803597919642925, "value_loss": 0.8866963088512421, "entropy": 0.6002683043479919, "approx_kl": 0.011948674742598087, "clip_fraction": 0.1053466796875, "grad_norm": 4.458923518657684, "explained_variance": 0.9096821546554565, "action_std_mean": 0.32671380043029785, "optimizer_iterations": 4.0, "lr": 6.567552e-05}
{"step": 1720320, "wall_time": 1790756634.6928194, "episodes_completed": 9.0, "mean_episode_reward": 3.6899307766515346, "std_episode_reward": 10.166645713700493, "min_episode_reward": -9.950078964233398, "max_episode_reward": 14.504018783569336, "mean_episode_length": 85.66666666666667, "success_rate": 0.5555555555555556, "collision_rate": 0.3333333333333333, "out_of_bounds_rate": 0.0, "timeout_rate": 0.1111111111111111, "policy_loss": 0.003873026929795742, "value_loss": 1.2685650885105133, "entropy": 0.6003274917602539, "approx_kl": 0.015297561418265104, "clip_fraction": 0.094482421875, "grad_norm": 10.530035972595215, "explained_variance": 0.8397685885429382, "action_std_mean": 0.3267257809638977, "optimizer_iterations": 4.0, "lr": 6.563456e-05}
{"step": 1722368, "wall_time": 1790756645.8045354, "episodes_completed": 8.0, "mean_episode_reward": 13.653225064277649, "std_episode_reward": 2.5892396391364243, "min_episode_reward": 10.212693214416504, "max_episode_reward": 18.977191925048828, "mean_episode_length": 90.75, "success_rate": 1.0, "collision_rate": 0.0, "out_of_bounds_rate": 0.0, "timeout_rate": 0.0, "policy_loss": -0.0016196388751268387, "value_loss": 0.8507198542356491, "entropy": 0.6003826558589935, "approx_kl": 0.010198759264312685, "clip_fraction": 0.0579833984375, "grad_norm": 12.32953429222107, "explained_variance": 0.8282716274261475, "action_std_mean": 0.3267240524291992, "optimizer_iterations": 4.0, "lr": 6.559360000000001e-05}
{"step": 1724416, "wall_time": 1790756656.8086288, "episodes_completed": 7.0, "mean_episode_reward": 0.28308350699288504, "std_episode_reward": 10.996533480021188, "min_episode_reward": -9.763595581054688, "max_episode_reward": 15.357985496520996, "mean_episode_length": 48.857142857142854, "success_rate": 0.42857142857142855, "collision_rate": 0.5714285714285714, "out_of_bounds_rate": 0.0, "timeout_rate": 0.0, "policy_loss": -0.0027302707312628627, "value_loss": 2.050728917121887, "entropy": 0.6003377437591553, "approx_kl": 0.005368113983422518, "clip_fraction": 0.0489501953125, "grad_norm": 11.075290024280548, "explained_variance": 0.7388468384742737, "action_std_mean": 0.3267233967781067, "optimizer_iterations": 4.0, "lr": 6.555264000000002e-05}
{"step": 1726464, "wall_time": 1790756667.9006147, "episodes_completed": 5.0, "mean_episode_reward": 13.424673080444336, "std_episode_reward": 0.9177880406267163, "min_episode_reward": 12.43396282196045, "max_episode_reward": 14.77479362487793, "mean_episode_length": 119.2, "success_rate": 1.0, "collision_rate": 0.0, "out_of_bounds_rate": 0.0, "timeout_rate": 0.0, "policy_loss": 0.004656169563531876, "value_loss": 0.8360806703567505, "entropy": 0.6003807187080383, "approx_kl": 0.015910419169813395, "clip_fraction": 0.0911865234375, "grad_norm": 10.12935721874237, "explained_variance": 0.7137235403060913, "action_std_mean": 0.3267330527305603, "optimizer_iterations": 4.0, "lr": 6.551168000000001e-05}
{"step": 1728512, "wall_time": 1790756678.9154882, "episodes_completed": 5.0, "mean_episode_reward": 14.628549194335937, "std_episode_reward": 2.7654174326914207, "min_episode_reward": 10.292572021484375, "max_episode_reward": 17.745994567871094, "mean_episode_length": 108.2, "success_rate": 1.0, "collision_rate": 0.0, "out_of_bounds_rate": 0.0, "timeout_rate": 0.0, "policy_loss": 0.002390588924754411, "value_loss": 0.6945037543773651, "entropy": 0.60041743516922, "approx_kl": 0.009554827702231705, "clip_fraction": 0.0767822265625, "grad_norm": 10.898616552352905, "explained_variance": 0.8429756760597229, "action_std_mean": 0.3267352879047394, "optimizer_iterations": 4.0, "lr": 6.547072e-05}
{"step": 1730560, "wall_time": 1790756690.020046, "episodes_completed": 5.0, "mean_episode_reward": 11.243706703186035, "std_episode_reward": 10.935587770635301, "min_episode_reward": -9.850379943847656, "max_episode_reward": 20.757221221923828, "mean_episode_length": 113.0, "success_rate": 0.8, "collision_rate": 0.2, "out_of_bounds_rate": 0.0, "timeout_rate": 0.0, "policy_loss": -0.004603746929205954, "value_loss": 0.3390362560749054, "entropy": 0.6004567444324493, "approx_kl": 0.006780411000363529, "clip_fraction": 0.079833984375, "grad_norm": 4.730330467224121, "explained_variance": 0.9409937262535095, "action_std_mean": 0.32675644755363464, "optimizer_iterations": 4.0, "lr": 6.542976000000001e-05}
{"step": 1732608, "wall_time": 1790756701.3104265, "episodes_completed": 7.0, "mean_episode_reward": 6.0111180033002585, "std_episode_reward": 9.972238802378357, "min_episode_reward": -8.670011520385742, "max_episode_reward": 20.96128273010254, "mean_episode_length": 100.42857142857143, "success_rate": 0.5714285714285714, "collision_rate": 0.42857142857142855, "out_of_bounds_rate": 0.0, "timeout_rate": 0.0, "policy_loss": -0.0023051765747368336, "value_loss": 0.8510950654745102, "entropy": 0.600614994764328, "approx_kl": 0.01367552881129086, "clip_fraction": 0.0753173828125, "grad_norm": 12.888242959976196, "explained_variance": 0.9279648065567017, "action_std_mean": 0.32678133249282837, "optimizer_iterations": 4.0, "lr": 6.53888e-05}
{"step": 1734656, "wall_time": 1790756712.326126, "episodes_completed": 7.0, "mean_episode_reward": 8.29068081506661, "std_episode_reward": 8.045952081002575, "min_episode_reward": -1.417771339416504, "max_episode_reward": 18.517929077148438, "mean_episode_length": 132.85714285714286, "success_rate": 0.5714285714285714, "collision_rate": 0.14285714285714285, "out_of_bounds_rate": 0.0, "timeout_rate": 0.2857142857142857, "policy_loss": 0.020419896813109517, "value_loss": 0.32392388582229614, "entropy": 0.6007325649261475, "approx_kl": 0.0351681443862617, "clip_fraction": 0.14990234375, "grad_norm": 17.45032835006714, "explained_variance": 0.9606410264968872, "action_std_mean": 0.32679101824760437, "optimizer_iterations": 4.0, "lr": 6.534784e-05}
{"step": 1736704, "wall_time": 1790756723.451461, "episodes_completed": 7.0, "mean_episode_reward": 7.890709604535784, "std_episode_reward": 11.239200080818117, "min_episode_reward": -9.953042984008789, "max_episode_reward": 16.073610305786133, "mean_episode_length": 89.57142857142857, "success_rate": 0.7142857142857143, "collision_rate": 0.2857142857142857, "out_of_bounds_rate": 0.0, "timeout_rate": 0.0, "policy_loss": -0.0017411615699529648, "value_loss": 0.6277885884046555, "entropy": 0.6007757782936096, "approx_kl": 0.005667651072144508, "clip_fraction": 0.048583984375, "grad_norm": 6.29133015871048, "explained_variance": 0.9138830900192261, "action_std_mean": 0.3267931640148163, "optimizer_iterations": 4.0, "lr": 6.530688000000001e-05}
{"step": 1738752, "wall_time": 1790756734.436665, "episodes_completed": 15.0, "mean_episode_reward": 5.399231656392415, "std_episode_reward": 10.581719192752042, "min_episode_reward": -10.25501537322998, "max_episode_reward": 16.09205436706543, "mean_episode_length": 57.06666666666667, "success_rate": 0.6666666666666666, "collision_rate": 0.3333333333333333, "out_of_bounds_rate": 0.0, "timeout_rate": 0.0, "policy_loss": 0.0011253580451011658, "value_loss": 1.6695557534694672, "entropy": 0.6007758677005768, "approx_kl": 0.010747578227892518, "clip_fraction": 0.081787109375, "grad_norm": 11.492272138595581, "explained_variance": 0.8550847768783569, "action_std_mean": 0.3267907500267029, "optimizer_iterations": 4.0, "lr": 6.526592e-05}
{"step": 1740800, "wall_time": 1790756745.7351966, "episodes_completed": 15.0, "mean_episode_reward": 7.9387251536051435, "std_episode_reward": 9.808809517087388, "min_episode_reward": -9.95238971710205, "max_episode_reward": 19.59984588623047, "mean_episode_length": 82.33333333333333, "success_rate": 0.7333333333333333, "collision_rate": 0.26666666666666666, "out_of_bounds_rate": 0.0, "timeout_rate": 0.0, "policy_loss": -0.002719452604651451, "value_loss": 2.1863259077072144, "entropy": 0.6007491946220398, "approx_kl": 0.00968131236732006, "clip_fraction": 0.0645751953125, "grad_norm": 10.2945396900177, "explained_variance": 0.7908141613006592, "action_std_mean": 0.32677704095840454, "optimizer_iterations": 4.0, "lr": 6.522496e-05}
{"step": 1742848, "wall_time": 1790756756.9559977, "episodes_completed": 7.0, "mean_episode_reward": 7.878922053745815, "std_episode_reward": 10.76506016422227, "min_episode_reward": -9.841050148010254, "max_episode_reward": 17.532634735107422, "mean_episode_length": 104.14285714285714, "success_rate": 0.7142857142857143, "collision_rate": 0.2857142857142857, "out_of_bounds_rate": 0.0, "timeout_rate": 0.0, "policy_loss": -0.0016968334093689919, "value_loss": 0.7195345610380173, "entropy": 0.6006199717521667, "approx_kl": 0.0057959225960075855, "clip_fraction": 0.0626220703125, "grad_norm": 3.873150110244751, "explained_variance": 0.9188352823257446, "action_std_mean": 0.3267430067062378, "optimizer_iterations": 4.0, "lr": 6.5184e-05}
{"step": 1744896, "wall_time": 1790756768.2433064, "episodes_completed": 6.0, "mean_episode_reward": 12.651448488235474, "std_episode_reward": 7.0361306572132, "min_episode_reward": -2.5291733741760254, "max_episode_reward": 18.00856590270996, "mean_episode_length": 130.83333333333334, "success_rate": 0.8333333333333334, "collision_rate": 0.16666666666666666, "out_of_bounds_rate": 0.0, "timeout_rate": 0.0, "policy_loss": 0.0007124898256734014, "value_loss": 0.6851269900798798, "entropy": 0.6003701984882355, "approx_kl": 0.02194627793505788, "clip_fraction": 0.0479736328125, "grad_norm": 6.78602921962738, "explained_variance": 0.9231398105621338, "action_std_mean": 0.3266921937465668, "optimizer_iterations": 4.0, "lr": 6.514304e-05}
{"step": 1746944, "wall_time": 1790756779.2831974, "episodes_completed": 11.0, "mean_episode_reward": -0.8572317903692072, "std_episode_reward": 11.256018640623804, "min_episode_reward": -10.040101051330566, "max_episode_reward": 16.149967193603516, "mean_episode_length": 52.09090909090909, "success_rate": 0.36363636363636365, "collision_rate": 0.6363636363636364, "out_of_bounds_rate": 0.0, "timeout_rate": 0.0, "policy_loss": -0.0023547776509076357, "value_loss": 1.2505797445774078, "entropy": 0.6000488102436066, "approx_kl": 0.006786349578760564, "clip_fraction": 0.050048828125, "grad_norm": 10.36476457118988, "explained_variance": 0.8547747135162354, "action_std_mean": 0.32664766907691956, "optimizer_iterations": 4.0, "lr": 6.510207999999999e-05}
{"step": 1748992, "wall_time": 1790756790.478687, "episodes_completed": 5.0, "mean_episode_reward": 10.958513259887695, "std_episode_reward": 7.903991095922642, "min_episode_reward": -4.573007583618164, "max_episode_reward": 16.06222152709961, "mean_episode_length": 146.0, "success_rate": 0.8, "collision_rate": 0.2, "out_of_bounds_rate": 0.0, "timeout_rate": 0.0, "policy_loss": -0.0033736061304807663, "value_loss": 0.416030153632164, "entropy": 0.5998253524303436, "approx_kl": 0.02371808630414307, "clip_fraction": 0.0655517578125, "grad_norm": 4.215073347091675, "explained_variance": 0.9525520205497742, "action_std_mean": 0.3266313076019287, "optimizer_iterations": 4.0, "lr": 6.506112e-05}
{"step": 1751040, "wall_time": 1790756801.7888265, "episodes_completed": 10.0, "mean_episode_reward": 6.282249516248703, "std_episode_reward": 10.625681611511638, "min_episode_reward": -9.950031280517578, "max_episode_reward": 19.184890747070312, "mean_episode_length": 101.9, "success_rate": 0.6, "collision_rate": 0.3, "out_of_bounds_rate": 0.0, "timeout_rate": 0.1, "policy_loss": 0.0015695616602897644, "value_loss": 0.5120751410722733, "entropy": 0.5997861921787262, "approx_kl": 0.01678595831617713, "clip_fraction": 0.1378173828125, "grad_norm": 9.81302809715271, "explained_variance": 0.9586231708526611, "action_std_mean": 0.3266282081604004, "optimizer_iterations": 4.0, "lr": 6.502016e-05}
{"step": 1753088, "wall_time": 1790756813.1037157, "episodes_completed": 5.0, "mean_episode_reward": 9.776999855041504, "std_episode_reward": 9.672341454706066, "min_episode_reward": -8.604248046875, "max_episode_reward": 18.890518188476562, "mean_episode_length": 88.2, "success_rate": 0.8, "collision_rate": 0.2, "out_of_bounds_rate": 0.0, "timeout_rate": 0.0, "policy_loss": -0.003586331382393837, "value_loss": 0.12208778411149979, "entropy": 0.599759966135025, "approx_kl": 0.006337983999401331, "clip_fraction": 0.0496826171875, "grad_norm": 4.0601807832717896, "explained_variance": 0.9863847494125366, "action_std_mean": 0.3266257047653198, "optimizer_iterations": 4.0, "lr": 6.497919999999999e-05}
{"step": 1755136, "wall_time": 1790756824.3606977, "episodes_completed": 7.0, "mean_episode_reward": 7.162002904074533, "std_episode_reward": 9.831940022953834, "min_episode_reward": -7.963101387023926, "max_episode_reward": 21.3319091796875, "mean_episode_length": 61.714285714285715, "success_rate": 0.7142857142857143, "collision_rate": 0.2857142857142857, "out_of_bounds_rate": 0.0, "timeout_rate": 0.0, "policy_loss": -0.0013410113751888275, "value_loss": 0.4612681344151497, "entropy": 0.5997445285320282, "approx_kl": 0.004830055928323418, "clip_fraction": 0.0638427734375, "grad_norm": 9.389878273010254, "explained_variance": 0.9515069723129272, "action_std_mean": 0.3266206681728363, "optimizer_iterations": 4.0, "lr": 6.493824000000001e-05}
{"step": 1757184, "wall_time": 1790756835.543913, "episodes_completed": 10.0, "mean_episode_reward": 8.366273532807828, "std_episode_reward": 9.864704936823161, "min_episode_reward": -10.830718994140625, "max_episode_reward": 18.207874298095703, "mean_episode_length": 83.4, "success_rate": 0.7, "collision_rate": 0.2, "out_of_bounds_rate": 0.0, "timeout_rate": 0.1, "policy_loss": -0.0013059764169156551, "value_loss": 0.9327840954065323, "entropy": 0.5997290909290314, "approx_kl": 0.013414812972769141, "clip_fraction": 0.0826416015625, "grad_norm": 6.343913555145264, "explained_variance": 0.9217634201049805, "action_std_mean": 0.3266315758228302, "optimizer_iterations": 4.0, "lr": 6.489728e-05}
{"step": 1759232, "wall_time": 1790756846.5532248, "episodes_completed": 5.0, "mean_episode_reward": 9.544025993347168, "std_episode_reward": 10.035879768448744, "min_episode_reward": -10.479083061218262, "max_episode_reward": 15.387552261352539, "mean_episode_length": 138.8, "success_rate": 0.8, "collision_rate": 0.2, "out_of_bounds_rate": 0.0, "timeout_rate": 0.0, "policy_loss": 0.003492324147373438, "value_loss": 0.9420710951089859, "entropy": 0.5998145937919617, "approx_kl": 0.015384141355752945, "clip_fraction": 0.118408203125, "grad_norm": 9.392422437667847, "explained_variance": 0.8923546671867371, "action_std_mean": 0.3266405463218689, "optimizer_iterations": 4.0, "lr": 6.485632e-05}
{"step": 1761280, "wall_time": 1790756857.5278337, "episodes_completed": 11.0, "mean_episode_reward": 6.104669992219318, "std_episode_reward": 10.966714232074796, "min_episode_reward": -11.163394927978516, "max_episode_reward": 19.734668731689453, "mean_episode_length": 115.0909090909091, "success_rate": 0.6363636363636364, "collision_rate": 0.2727272727272727, "out_of_bounds_rate": 0.0, "timeout_rate": 0.09090909090909091, "policy_loss": -0.0014246795326471329, "value_loss": 1.151175856590271, "entropy": 0.5998445451259613, "approx_kl": 0.009035086026415229, "clip_fraction": 0.0784912109375, "grad_norm": 9.088265895843506, "explained_variance": 0.8974142670631409, "action_std_mean": 0.3266426622867584, "optimizer_iterations": 4.0, "lr": 6.481536000000001e-05}
{"step": 1763328, "wall_time": 1790756868.5773015, "episodes_completed": 7.0, "mean_episode_reward": 8.764071328299385, "std_episode_reward": 10.476826244962815, "min_episode_reward": -9.485633850097656, "max_episode_reward": 17.900999069213867, "mean_episode_length": 106.14285714285714, "success_rate": 0.7142857142857143, "collision_rate": 0.2857142857142857, "out_of_bounds_rate": 0.0, "timeout_rate": 0.0, "policy_loss": -0.0009624462109059095, "value_loss": 0.3971130698919296, "entropy": 0.5998520851135254, "approx_kl": 0.009147622040472925, "clip_fraction": 0.0865478515625, "grad_norm": 6.781635165214539, "explained_variance": 0.9640288352966309, "action_std_mean": 0.3266395926475525, "optimizer_iterations": 4.0, "lr": 6.47744e-05}
{"step": 1765376, "wall_time": 1790756879.7556407, "episodes_completed": 7.0, "mean_episode_reward": 4.491774831499372, "std_episode_reward": 12.100758010821444, "min_episode_reward": -9.95284366607666, "max_episode_reward": 16.880861282348633, "mean_episode_length": 79.0, "success_rate": 0.5714285714285714, "collision_rate": 0.42857142857142855, "out_of_bounds_rate": 0.0, "timeout_rate": 0.0, "policy_loss": 0.00014349399134516716, "value_loss": 1.2764378488063812, "entropy": 0.599818766117096, "approx_kl": 0.008787260856479406, "clip_fraction": 0.06787109375, "grad_norm": 16.343267917633057, "explained_variance": 0.8962396383285522, "action_std_mean": 0.3266350030899048, "optimizer_iterations": 4.0, "lr": 6.473344e-05}
{"step": 1767424, "wall_time": 1790756891.0617008, "episodes_completed": 2.0, "mean_episode_reward": -8.844197034835815, "std_episode_reward": 1.2335999011993408, "min_episode_reward": -10.077796936035156, "max_episode_reward": -7.610597133636475, "mean_episode_length": 72.0, "success_rate": 0.0, "collision_rate": 1.0, "out_of_bounds_rate": 0.0, "timeout_rate": 0.0, "policy_loss": 0.0007423132483381778, "value_loss": 0.4120388925075531, "entropy": 0.5998171269893646, "approx_kl": 0.31831464171409607, "clip_fraction": 0.0694580078125, "grad_norm": 4.697834849357605, "explained_variance": 0.9520159363746643, "action_std_mean": 0.32664754986763, "optimizer_iterations": 4.0, "lr": 6.469248000000002e-05}
{"step": 1769472, "wall_time": 1790756902.24422, "episodes_completed": 7.0, "mean_episode_reward": 7.389046805245536, "std_episode_reward": 10.402486954484838, "min_episode_reward": -10.21096134185791, "max_episode_reward": 17.751026153564453, "mean_episode_length": 89.71428571428571, "success_rate": 0.7142857142857143, "collision_rate": 0.2857142857142857, "out_of_bounds_rate": 0.0, "timeout_rate": 0.0, "policy_loss": -0.0009709072182886302, "value_loss": 0.9832297563552856, "entropy": 0.5999342203140259, "approx_kl": 0.008694092044606805, "clip_fraction": 0.0457763671875, "grad_norm": 7.936708033084869, "explained_variance": 0.9176503419876099, "action_std_mean": 0.32667276263237, "optimizer_iterations": 4.0, "lr": 6.465152000000001e-05}
{"step": 1771520, "wall_time": 1790756913.5018613, "episodes_completed": 12.0, "mean_episode_reward": 5.056462287902832, "std_episode_reward": 10.755577261438464, "min_episode_reward": -10.210402488708496, "max_episode_reward": 16.238672256469727, "mean_episode_length": 68.41666666666667, "success_rate": 0.6666666666666666, "collision_rate": 0.3333333333333333, "out_of_bounds_rate": 0.0, "timeout_rate": 0.0, "policy_loss": -0.00048349425196647644, "value_loss": 0.7670453637838364, "entropy": 0.6000640094280243, "approx_kl": 0.03036631178110838, "clip_fraction": 0.0556640625, "grad_norm": 6.62377142906189, "explained_variance": 0.9345365762710571, "action_std_mean": 0.3266807198524475, "optimizer_iterations": 4.0, "lr": 6.461056e-05}
{"step": 1773568, "wall_time": 1790756924.7230036, "episodes_completed": 8.0, "mean_episode_reward": 11.442454533651471, "std_episode_reward": 8.383613428212872, "min_episode_reward": -4.961745262145996, "max_episode_reward": 19.62069320678711, "mean_episode_length": 167.125, "success_rate": 0.75, "collision_rate": 0.125, "out_of_bounds_rate": 0.0, "timeout_rate": 0.125, "policy_loss": 0.0014025404816493392, "value_loss": 0.6601561009883881, "entropy": 0.600075364112854, "approx_kl": 0.021617062855511904, "clip_fraction": 0.125, "grad_norm": 13.098479270935059, "explained_variance": 0.9414101839065552, "action_std_mean": 0.3266771137714386, "optimizer_iterations": 4.0, "lr": 6.456960000000001e-05}
{"step": 1775616, "wall_time": 1790756935.790249, "episodes_completed": 4.0, "mean_episode_reward": 14.400283813476562, "std_episode_reward": 2.3168102376822537, "min_episode_reward": 12.136261940002441, "max_episode_reward": 18.182010650634766, "mean_episode_length": 98.0, "success_rate": 1.0, "collision_rate": 0.0, "out_of_bounds_rate": 0.0, "timeout_rate": 0.0, "policy_loss": -0.004824981791898608, "value_loss": 0.255187526345253, "entropy": 0.6000511646270752, "approx_kl": 0.025361438980326056, "clip_fraction": 0.043212890625, "grad_norm": 6.727145433425903, "explained_variance": 0.9593386054039001, "action_std_mean": 0.3266719877719879, "optimizer_iterations": 4.0, "lr": 6.452864000000001e-05}
{"step": 1777664, "wall_time": 1790756946.9937618, "episodes_completed": 9.0, "mean_episode_reward": 10.350951300726997, "std_episode_reward": 7.580269281030307, "min_episode_reward": -9.674571990966797, "max_episode_reward": 19.602672576904297, "mean_episode_length": 66.22222222222223, "success_rate": 0.8888888888888888, "collision_rate": 0.1111111111111111, "out_of_bounds_rate": 0.0, "timeout_rate": 0.0, "policy_loss": -0.0019929700065404177, "value_loss": 1.4265526831150055, "entropy": 0.599989652633667, "approx_kl": 0.1168290413916111, "clip_fraction": 0.03076171875, "grad_norm": 10.841270565986633, "explained_variance": 0.8791211843490601, "action_std_mean": 0.3266477882862091, "optimizer_iterations": 4.0, "lr": 6.448768e-05}
{"step": 1779712, "wall_time": 1790756958.0300844, "episodes_completed": 5.0, "mean_episode_reward": 3.0345693588256837, "std_episode_reward": 8.829668237022329, "min_episode_reward": -9.950654029846191, "max_episode_reward": 10.343110084533691, "mean_episode_length": 22.8, "success_rate": 0.6, "collision_rate": 0.4, "out_of_bounds_rate": 0.0, "timeout_rate": 0.0, "policy_loss": 0.001922557596117258, "value_loss": 1.2066641449928284, "entropy": 0.5997830927371979, "approx_kl": 0.46176887303590775, "clip_fraction": 0.0899658203125, "grad_norm": 13.020583391189575, "explained_variance": 0.8217686414718628, "action_std_mean": 0.3266039490699768, "optimizer_iterations": 4.0, "lr": 6.444672000000001e-05}
{"step": 1781760, "wall_time": 1790756969.3713477, "episodes_completed": 11.0, "mean_episode_reward": 0.7847667173905806, "std_episode_reward": 10.515223323854082, "min_episode_reward": -9.171178817749023, "max_episode_reward": 16.993633270263672, "mean_episode_length": 48.36363636363637, "success_rate": 0.45454545454545453, "collision_rate": 0.5454545454545454, "out_of_bounds_rate": 0.0, "timeout_rate": 0.0, "policy_loss": -0.0007367241196334362, "value_loss": 2.490262508392334, "entropy": 0.5995096862316132, "approx_kl": 0.15905003622174263, "clip_fraction": 0.0567626953125, "grad_norm": 17.46753764152527, "explained_variance": 0.8348747491836548, "action_std_mean": 0.3265659511089325, "optimizer_iterations": 4.0, "lr": 6.440576e-05}
{"step": 1783808, "wall_time": 1790756980.5940092, "episodes_completed": 9.0, "mean_episode_reward": 8.148976220024956, "std_episode_reward": 11.20291858887825, "min_episode_reward": -10.20423698425293, "max_episode_reward": 20.923398971557617, "mean_episode_length": 128.33333333333334, "success_rate": 0.6666666666666666, "collision_rate": 0.3333333333333333, "out_of_bounds_rate": 0.0, "timeout_rate": 0.0, "policy_loss": -0.0018036756664514542, "value_loss": 1.423062115907669, "entropy": 0.5993061065673828, "approx_kl": 0.009640196803957224, "clip_fraction": 0.0472412109375, "grad_norm": 7.988104581832886, "explained_variance": 0.8985623717308044, "action_std_mean": 0.3265346884727478, "optimizer_iterations": 4.0, "lr": 6.43648e-05}
{"step": 1785856, "wall_time": 1790756991.7118845, "episodes_completed": 5.0, "mean_episode_reward": -1.351623948290944, "std_episode_reward": 8.876885741107674, "min_episode_reward": -9.951196670532227, "max_episode_reward": 14.91806697845459, "mean_episode_length": 83.0, "success_rate": 0.2, "collision_rate": 0.6, "out_of_bounds_rate": 0.0, "timeout_rate": 0.2, "policy_loss": 0.00025234464555978775, "value_loss": 0.6648212671279907, "entropy": 0.5991131663322449, "approx_kl": 0.016035156324505806, "clip_fraction": 0.0458984375, "grad_norm": 6.0173903703689575, "explained_variance": 0.9342532157897949, "action_std_mean": 0.3265083134174347, "optimizer_iterations": 4.0, "lr": 6.432384e-05}
{"step": 1787904, "wall_time": 1790757003.0036252, "episodes_completed": 8.0, "mean_episode_reward": 11.957517325878143, "std_episode_reward": 6.119284653191552, "min_episode_reward": -3.655001163482666, "max_episode_reward": 16.39160919189453, "mean_episode_length": 109.5, "success_rate": 0.875, "collision_rate": 0.125, "out_of_bounds_rate": 0.0, "timeout_rate": 0.0, "policy_loss": -0.0022127069532871246, "value_loss": 1.8330309391021729, "entropy": 0.5990163087844849, "approx_kl": 0.003958658024203032, "clip_fraction": 0.0325927734375, "grad_norm": 7.220440149307251, "explained_variance": 0.7937579154968262, "action_std_mean": 0.32651638984680176, "optimizer_iterations": 4.0, "lr": 6.428288e-05}
{"step": 1789952, "wall_time": 1790757014.050221, "episodes_completed": 6.0, "mean_episode_reward": 7.349819501241048, "std_episode_reward": 10.401100538148514, "min_episode_reward": -7.510444641113281, "max_episode_reward": 19.226436614990234, "mean_episode_length": 109.5, "success_rate": 0.6666666666666666, "collision_rate": 0.3333333333333333, "out_of_bounds_rate": 0.0, "timeout_rate": 0.0, "policy_loss": -0.003139909138553776, "value_loss": 1.2409747242927551, "entropy": 0.5991194248199463, "approx_kl": 0.05857750028371811, "clip_fraction": 0.1229248046875, "grad_norm": 13.319715976715088, "explained_variance": 0.8570544719696045, "action_std_mean": 0.32653844356536865, "optimizer_iterations": 4.0, "lr": 6.424192e-05}
{"step": 1792000, "wall_time": 1790757025.2722795, "episodes_completed": 9.0, "mean_episode_reward": 3.4651284747653537, "std_episode_reward": 11.432701942579751, "min_episode_reward": -9.950199127197266, "max_episode_reward": 17.24810028076172, "mean_episode_length": 63.55555555555556, "success_rate": 0.5555555555555556, "collision_rate": 0.4444444444444444, "out_of_bounds_rate": 0.0, "timeout_rate": 0.0, "policy_loss": 0.002629774622619152, "value_loss": 1.5103507339954376, "entropy": 0.5992232263088226, "approx_kl": 0.01585382572375238, "clip_fraction": 0.0709228515625, "grad_norm": 7.673151135444641, "explained_variance": 0.846566379070282, "action_std_mean": 0.3265436291694641, "optimizer_iterations": 4.0, "lr": 6.420096e-05}
{"step": 1794048, "wall_time": 1790757036.4716835, "episodes_completed": 7.0, "mean_episode_reward": 5.603311982538019, "std_episode_reward": 10.221627765072457, "min_episode_reward": -9.950831413269043, "max_episode_reward": 15.678878784179688, "mean_episode_length": 71.57142857142857, "success_rate": 0.5714285714285714, "collision_rate": 0.2857142857142857, "out_of_bounds_rate": 0.0, "timeout_rate": 0.14285714285714285, "policy_loss": -0.0027598646702244878, "value_loss": 0.8335552662611008, "entropy": 0.5992191433906555, "approx_kl": 0.005974069063086063, "clip_fraction": 0.063720703125, "grad_norm": 7.173025667667389, "explained_variance": 0.9017426371574402, "action_std_mean": 0.3265378475189209, "optimizer_iterations": 4.0, "lr": 6.416e-05}
{"step": 1796096, "wall_time": 1790757047.7439198, "episodes_completed": 8.0, "mean_episode_reward": 7.288189649581909, "std_episode_reward": 11.017985433520131, "min_episode_reward": -9.895523071289062, "max_episode_reward": 18.762733459472656, "mean_episode_length": 114.125, "success_rate": 0.625, "collision_rate": 0.375, "out_of_bounds_rate": 0.0, "timeout_rate": 0.0, "policy_loss": -0.0006031077355146408, "value_loss": 2.052275538444519, "entropy": 0.5991793274879456, "approx_kl": 0.019290287047624588, "clip_fraction": 0.091552734375, "grad_norm": 8.918505191802979, "explained_variance": 0.8055317401885986, "action_std_mean": 0.3265332579612732, "optimizer_iterations": 4.0, "lr": 6.411904e-05}
{"step": 1798144, "wall_time": 1790757058.880291, "episodes_completed": 11.0, "mean_episode_reward": 9.617608937350186, "std_episode_reward": 7.46690116606068, "min_episode_reward": -7.422676086425781, "max_episode_reward": 17.370532989501953, "mean_episode_length": 77.63636363636364, "success_rate": 0.8181818181818182, "collision_rate": 0.18181818181818182, "out_of_bounds_rate": 0.0, "timeout_rate": 0.0, "policy_loss": -0.0004907213151454926, "value_loss": 0.3795921057462692, "entropy": 0.5991537272930145, "approx_kl": 0.013354658614844084, "clip_fraction": 0.0843505859375, "grad_norm": 11.211271166801453, "explained_variance": 0.9717668294906616, "action_std_mean": 0.32652080059051514, "optimizer_iterations": 4.0, "lr": 6.407808e-05}
{"step": 1800192, "wall_time": 1790757070.1078832, "episodes_completed": 8.0, "mean_episode_reward": 4.807953953742981, "std_episode_reward": 11.253208275590762, "min_episode_reward": -10.573090553283691, "max_episode_reward": 16.249412536621094, "mean_episode_length": 80.25, "success_rate": 0.625, "collision_rate": 0.375, "out_of_bounds_rate": 0.0, "timeout_rate": 0.0, "policy_loss": -0.0006486668717116117, "value_loss": 0.6284849345684052, "entropy": 0.5990274250507355, "approx_kl": 0.004544351366348565, "clip_fraction": 0.0482177734375, "grad_norm": 9.392284274101257, "explained_variance": 0.9574422836303711, "action_std_mean": 0.3264869749546051, "optimizer_iterations": 4.0, "lr": 6.403711999999999e-05}
{"step": 1802240, "wall_time": 1790757081.3208873, "episodes_completed": 14.0, "mean_episode_reward": 1.2961938264114516, "std_episode_reward": 10.027252522770498, "min_episode_reward": -10.328808784484863, "max_episode_reward": 13.659646987915039, "mean_episode_length": 83.35714285714286, "success_rate": 0.42857142857142855, "collision_rate": 0.5, "out_of_bounds_rate": 0.0, "timeout_rate": 0.07142857142857142, "policy_loss": 0.0007510227151215076, "value_loss": 3.940709888935089, "entropy": 0.5988178849220276, "approx_kl": 0.008654599485453218, "clip_fraction": 0.05908203125, "grad_norm": 15.821401357650757, "explained_variance": 0.7232134342193604, "action_std_mean": 0.32646456360816956, "optimizer_iterations": 4.0, "lr": 6.399616e-05}
{"step": 1804288, "wall_time": 1790757092.1667664, "episodes_completed": 6.0, "mean_episode_reward": 12.114291985829672, "std_episode_reward": 6.841849490685563, "min_episode_reward": -2.6115236282348633, "max_episode_reward": 18.575763702392578, "mean_episode_length": 149.5, "success_rate": 0.8333333333333334, "collision_rate": 0.16666666666666666, "out_of_bounds_rate": 0.0, "timeout_rate": 0.0, "policy_loss": -0.0025322516448795795, "value_loss": 0.9663772732019424, "entropy": 0.5987226963043213, "approx_kl": 0.010992747847922146, "clip_fraction": 0.0615234375, "grad_norm": 7.460302114486694, "explained_variance": 0.8061125874519348, "action_std_mean": 0.326448917388916, "optimizer_iterations": 4.0, "lr": 6.395520000000001e-05}
{"step": 1806336, "wall_time": 1790757103.274738, "episodes_completed": 8.0, "mean_episode_reward": 10.281504511833191, "std_episode_reward": 7.657663351741669, "min_episode_reward": -8.75440788269043, "max_episode_reward": 17.220561981201172, "mean_episode_length": 67.25, "success_rate": 0.875, "collision_rate": 0.125, "out_of_bounds_rate": 0.0, "timeout_rate": 0.0, "policy_loss": 0.00460930448025465, "value_loss": 0.7094125747680664, "entropy": 0.5986219644546509, "approx_kl": 0.054369906429201365, "clip_fraction": 0.0557861328125, "grad_norm": 22.577806413173676, "explained_variance": 0.8888149261474609, "action_std_mean": 0.32643765211105347, "optimizer_iterations": 4.0, "lr": 6.391424e-05}
{"step": 1808384, "wall_time": 1790757114.0290947, "episodes_completed": 10.0, "mean_episode_reward": 5.166823863983154, "std_episode_reward": 12.166624301765363, "min_episode_reward": -9.96520709991455, "max_episode_reward": 20.16002082824707, "mean_episode_length": 83.4, "success_rate": 0.6, "collision_rate": 0.4, "out_of_bounds_rate": 0.0, "timeout_rate": 0.0, "policy_loss": 0.009345750324428082, "value_loss": 1.037597507238388, "entropy": 0.5985709428787231, "approx_kl": 0.28158602118492126, "clip_fraction": 0.1182861328125, "grad_norm": 21.483944416046143, "explained_variance": 0.9124852418899536, "action_std_mean": 0.3264281749725342, "optimizer_iterations": 4.0, "lr": 6.387328e-05}
{"step": 1810432, "wall_time": 1790757125.2047362, "episodes_completed": 7.0, "mean_episode_reward": 7.828389985220773, "std_episode_reward": 9.181240922095059, "min_episode_reward": -9.377866744995117, "max_episode_reward": 17.33301544189453, "mean_episode_length": 88.57142857142857, "success_rate": 0.7142857142857143, "collision_rate": 0.2857142857142857, "out_of_bounds_rate": 0.0, "timeout_rate": 0.0, "policy_loss": 0.0019208930898457766, "value_loss": 1.1078989803791046, "entropy": 0.5985012650489807, "approx_kl": 0.0378036187030375, "clip_fraction": 0.0794677734375, "grad_norm": 12.843921542167664, "explained_variance": 0.883445143699646, "action_std_mean": 0.3264099359512329, "optimizer_iterations": 4.0, "lr": 6.383232e-05}
{"step": 1812480, "wall_time": 1790757136.1212447, "episodes_completed": 9.0, "mean_episode_reward": 2.0476865768432617, "std_episode_reward": 11.7616593661424, "min_episode_reward": -9.998004913330078, "max_episode_reward": 19.892864227294922, "mean_episode_length": 121.66666666666667, "success_rate": 0.3333333333333333, "collision_rate": 0.6666666666666666, "out_of_bounds_rate": 0.0, "timeout_rate": 0.0, "policy_loss": -0.0003869561478495598, "value_loss": 1.5809571743011475, "entropy": 0.5983606278896332, "approx_kl": 0.035028053098358214, "clip_fraction": 0.08056640625, "grad_norm": 14.179810166358948, "explained_variance": 0.9048159718513489, "action_std_mean": 0.3263804316520691, "optimizer_iterations": 4.0, "lr": 6.379136000000001e-05}
{"step": 1814528, "wall_time": 1790757147.1994984, "episodes_completed": 12.0, "mean_episode_reward": 13.957371155420939, "std_episode_reward": 2.5492130505871358, "min_episode_reward": 10.74972915649414, "max_episode_reward": 19.44114112854004, "mean_episode_length": 86.25, "success_rate": 1.0, "collision_rate": 0.0, "out_of_bounds_rate": 0.0, "timeout_rate": 0.0, "policy_loss": -0.005531839327886701, "value_loss": 0.1417681835591793, "entropy": 0.5981554985046387, "approx_kl": 0.00492871692404151, "clip_fraction": 0.04931640625, "grad_norm": 5.190545678138733, "explained_variance": 0.9716580510139465, "action_std_mean": 0.3263311982154846, "optimizer_iterations": 4.0, "lr": 6.37504e-05}
{"step": 1816576, "wall_time": 1790757158.1195738, "episodes_completed": 7.0, "mean_episode_reward": 5.393381527491978, "std_episode_reward": 10.11052547439871, "min_episode_reward": -9.950016021728516, "max_episode_reward": 15.833983421325684, "mean_episode_length": 105.57142857142857, "success_rate": 0.5714285714285714, "collision_rate": 0.42857142857142855, "out_of_bounds_rate": 0.0, "timeout_rate": 0.0, "policy_loss": -0.005476618884131312, "value_loss": 1.0726046562194824, "entropy": 0.5978032946586609, "approx_kl": 0.00837994774337858, "clip_fraction": 0.0638427734375, "grad_norm": 12.749719262123108, "explained_variance": 0.8990422487258911, "action_std_mean": 0.32627326250076294, "optimizer_iterations": 4.0, "lr": 6.370944000000001e-05}
{"step": 1818624, "wall_time": 1790757169.2032385, "episodes_completed": 9.0, "mean_episode_reward": 11.76924377017551, "std_episode_reward": 8.13938182645858, "min_episode_reward": -9.985544204711914, "max_episode_reward": 19.684635162353516, "mean_episode_length": 91.33333333333333, "success_rate": 0.8888888888888888, "collision_rate": 0.1111111111111111, "out_of_bounds_rate": 0.0, "timeout_rate": 0.0, "policy_loss": -0.0050478531047701836, "value_loss": 0.5700816363096237, "entropy": 0.597488522529602, "approx_kl": 0.005344162869732827, "clip_fraction": 0.0416259765625, "grad_norm": 4.903010547161102, "explained_variance": 0.9359169602394104, "action_std_mean": 0.32623207569122314, "optimizer_iterations": 4.0, "lr": 6.366848000000001e-05}
{"step": 1820672, "wall_time": 1790757180.44058, "episodes_completed": 2.0, "mean_episode_reward": 14.469669342041016, "std_episode_reward": 1.8336944580078125, "min_episode_reward": 12.635974884033203, "max_episode_reward": 16.303363800048828, "mean_episode_length": 153.0, "success_rate": 1.0, "collision_rate": 0.0, "out_of_bounds_rate": 0.0, "timeout_rate": 0.0, "policy_loss": -0.002710972912609577, "value_loss": 0.35524827241897583, "entropy": 0.5972747504711151, "approx_kl": 0.015193881234154105, "clip_fraction": 0.163818359375, "grad_norm": 6.505903840065002, "explained_variance": 0.9538682699203491, "action_std_mean": 0.3262060582637787, "optimizer_iterations": 4.0, "lr": 6.362752e-05}
{"step": 1822720, "wall_time": 1790757191.6949515, "episodes_completed": 7.0, "mean_episode_reward": 10.561325890677315, "std_episode_reward": 7.8066738463123, "min_episode_reward": -7.96369743347168, "max_episode_reward": 16.707643508911133, "mean_episode_length": 78.71428571428571, "success_rate": 0.8571428571428571, "collision_rate": 0.14285714285714285, "out_of_bounds_rate": 0.0, "timeout_rate": 0.0, "policy_loss": -0.0010094018653035164, "value_loss": 0.6402978003025055, "entropy": 0.5971640944480896, "approx_kl": 0.016298669739626348, "clip_fraction": 0.1358642578125, "grad_norm": 6.931906223297119, "explained_variance": 0.9438481330871582, "action_std_mean": 0.3262094259262085, "optimizer_iterations": 4.0, "lr": 6.358656000000001e-05}
{"step": 1824768, "wall_time": 1790757202.9544861, "episodes_completed": 10.0, "mean_episode_reward": 8.124184894561768, "std_episode_reward": 10.499821848603615, "min_episode_reward": -8.713733673095703, "max_episode_reward": 20.686296463012695, "mean_episode_length": 92.7, "success_rate": 0.7, "collision_rate": 0.3, "out_of_bounds_rate": 0.0, "timeout_rate": 0.0, "policy_loss": -0.0020013218745589256, "value_loss": 0.8433767408132553, "entropy": 0.597242146730423, "approx_kl": 0.003440211759880185, "clip_fraction": 0.0322265625, "grad_norm": 12.822157263755798, "explained_variance": 0.9477842450141907, "action_std_mean": 0.3262210786342621, "optimizer_iterations": 4.0, "lr": 6.35456e-05}
{"step": 1826816, "wall_time": 1790757214.191994, "episodes_completed": 7.0, "mean_episode_reward": 4.960775647844587, "std_episode_reward": 12.062845008752491, "min_episode_reward": -9.456576347351074, "max_episode_reward": 19.692596435546875, "mean_episode_length": 74.0, "success_rate": 0.5714285714285714, "collision_rate": 0.42857142857142855, "out_of_bounds_rate": 0.0, "timeout_rate": 0.0, "policy_loss": -0.0009737890213727951, "value_loss": 0.4961664453148842, "entropy": 0.5972727835178375, "approx_kl": 0.006441742647439241, "clip_fraction": 0.0743408203125, "grad_norm": 6.90874171257019, "explained_variance": 0.9603412747383118, "action_std_mean": 0.3262162208557129, "optimizer_iterations": 4.0, "lr": 6.350464e-05}
{"step": 1828864, "wall_time": 1790757225.3846202, "episodes_completed": 6.0, "mean_episode_reward": 3.461154393851757, "std_episode_reward": 7.816124075414829, "min_episode_reward": -6.649230003356934, "max_episode_reward": 15.185194969177246, "mean_episode_length": 121.0, "success_rate": 0.3333333333333333, "collision_rate": 0.3333333333333333, "out_of_bounds_rate": 0.0, "timeout_rate": 0.3333333333333333, "policy_loss": -0.0017345440573990345, "value_loss": 1.5687669813632965, "entropy": 0.5972263813018799, "approx_kl": 0.010567555902525783, "clip_fraction": 0.072998046875, "grad_norm": 10.556758165359497, "explained_variance": 0.8497633934020996, "action_std_mean": 0.32620614767074585, "optimizer_iterations": 4.0, "lr": 6.346368e-05}
{"step": 1830912, "wall_time": 1790757236.763797, "episodes_completed": 5.0, "mean_episode_reward": 1.2221427023410798, "std_episode_reward": 9.569494555526731, "min_episode_reward": -9.850518226623535, "max_episode_reward": 13.897462844848633, "mean_episode_length": 60.4, "success_rate": 0.4, "collision_rate": 0.4, "out_of_bounds_rate": 0.0, "timeout_rate": 0.2, "policy_loss": -0.008914702804759145, "value_loss": 0.5710599720478058, "entropy": 0.5971673429012299, "approx_kl": 0.022245645988732576, "clip_fraction": 0.0682373046875, "grad_norm": 9.194967865943909, "explained_variance": 0.9229177832603455, "action_std_mean": 0.32619649171829224, "optimizer_iterations": 4.0, "lr": 6.342272e-05}
{"step": 1832960, "wall_time": 1790757248.0308878, "episodes_completed": 4.0, "mean_episode_reward": 6.078910946846008, "std_episode_reward": 9.570384502595859, "min_episode_reward": -4.940507411956787, "max_episode_reward": 18.857524871826172, "mean_episode_length": 141.25, "success_rate": 0.5, "collision_rate": 0.5, "out_of_bounds_rate": 0.0, "timeout_rate": 0.0, "policy_loss": 0.00016855169087648392, "value_loss": 1.7425934374332428, "entropy": 0.5971112549304962, "approx_kl": 0.013655694667249918, "clip_fraction": 0.06591796875, "grad_norm": 11.927929043769836, "explained_variance": 0.7878429293632507, "action_std_mean": 0.32618921995162964, "optimizer_iterations": 4.0, "lr": 6.338176000000001e-05}
{"step": 1835008, "wall_time": 1790757259.2129378, "episodes_completed": 5.0, "mean_episode_reward": 5.791457653045654, "std_episode_reward": 10.821910946651112, "min_episode_reward": -8.573688507080078, "max_episode_reward": 16.341588973999023, "mean_episode_length": 94.0, "success_rate": 0.6, "collision_rate": 0.4, "out_of_bounds_rate": 0.0, "timeout_rate": 0.0, "policy_loss": 0.00011153583182021976, "value_loss": 1.0312032997608185, "entropy": 0.5970972776412964, "approx_kl": 0.005570180946961045, "clip_fraction": 0.0341796875, "grad_norm": 6.438159227371216, "explained_variance": 0.8894078731536865, "action_std_mean": 0.32619449496269226, "optimizer_iterations": 4.0, "lr": 6.33408e-05}
{"step": 1837056, "wall_time": 1790757270.4465282, "episodes_completed": 5.0, "mean_episode_reward": 2.041343683004379, "std_episode_reward": 8.302644479789302, "min_episode_reward": -7.968772888183594, "max_episode_reward": 12.16714859008789, "mean_episode_length": 103.2, "success_rate": 0.4, "collision_rate": 0.4, "out_of_bounds_rate": 0.0, "timeout_rate": 0.2, "policy_loss": -0.0026541720144450665, "value_loss": 0.18882276490330696, "entropy": 0.5971100926399231, "approx_kl": 0.009039626631420106, "clip_fraction": 0.0953369140625, "grad_norm": 5.3194204568862915, "explained_variance": 0.9775754809379578, "action_std_mean": 0.3261829912662506, "optimizer_iterations": 4.0, "lr": 6.329984e-05}
{"step": 1839104, "wall_time": 1790757281.424511, "episodes_completed": 5.0, "mean_episode_reward": 9.838491883873939, "std_episode_reward": 8.402773794330828, "min_episode_reward": -0.13129183650016785, "max_episode_reward": 20.558364868164062, "mean_episode_length": 132.4, "success_rate": 0.6, "collision_rate": 0.0, "out_of_bounds_rate": 0.0, "timeout_rate": 0.4, "policy_loss": -0.00535686151124537, "value_loss": 0.5875036418437958, "entropy": 0.59699746966362, "approx_kl": 0.009169678087346256, "clip_fraction": 0.1046142578125, "grad_norm": 6.2645527720451355, "explained_variance": 0.9117761850357056, "action_std_mean": 0.3261464834213257, "optimizer_iterations": 4.0, "lr": 6.325888e-05}
{"step": 1841152, "wall_time": 1790757292.6466384, "episodes_completed": 9.0, "mean_episode_reward": 5.268322830605838, "std_episode_reward": 11.604125548335137, "min_episode_reward": -9.950007438659668, "max_episode_reward": 18.257265090942383, "mean_episode_length": 78.22222222222223, "success_rate": 0.5555555555555556, "collision_rate": 0.3333333333333333, "out_of_bounds_rate": 0.0, "timeout_rate": 0.1111111111111111, "policy_loss": -0.002221934439148754, "value_loss": 1.083355724811554, "entropy": 0.5967147350311279, "approx_kl": 0.007179258391261101, "clip_fraction": 0.0662841796875, "grad_norm": 7.700578093528748, "explained_variance": 0.8691287636756897, "action_std_mean": 0.32609203457832336, "optimizer_iterations": 4.0, "lr": 6.321792e-05}
{"step": 1843200, "wall_time": 1790757303.6284528, "episodes_completed": 12.0, "mean_episode_reward": 12.215470433235168, "std_episode_reward": 5.441672723303086, "min_episode_reward": -3.3405613899230957, "max_episode_reward": 20.15549087524414, "mean_episode_length": 89.16666666666667, "success_rate": 0.9166666666666666, "collision_rate": 0.08333333333333333, "out_of_bounds_rate": 0.0, "timeout_rate": 0.0, "policy_loss": 0.0017375252209603786, "value_loss": 1.1623133420944214, "entropy": 0.5963839590549469, "approx_kl": 0.007621874567121267, "clip_fraction": 0.0767822265625, "grad_norm": 11.086464881896973, "explained_variance": 0.8625119924545288, "action_std_mean": 0.3260402977466583, "optimizer_iterations": 4.0, "lr": 6.317695999999999e-05}
{"step": 1845248, "wall_time": 1790757314.8966465, "episodes_completed": 8.0, "mean_episode_reward": 12.44491457939148, "std_episode_reward": 8.146493610905438, "min_episode_reward": -8.590253829956055, "max_episode_reward": 18.815799713134766, "mean_episode_length": 108.0, "success_rate": 0.875, "collision_rate": 0.125, "out_of_bounds_rate": 0.0, "timeout_rate": 0.0, "policy_loss": 0.003209594637155533, "value_loss": 0.3150109797716141, "entropy": 0.5960644483566284, "approx_kl": 0.016437937505543232, "clip_fraction": 0.063232421875, "grad_norm": 7.094251275062561, "explained_variance": 0.9577589631080627, "action_std_mean": 0.32598453760147095, "optimizer_iterations": 4.0, "lr": 6.3136e-05}
{"step": 1847296, "wall_time": 1790757326.1724122, "episodes_completed": 6.0, "mean_episode_reward": 11.242223103841146, "std_episode_reward": 9.809007100464816, "min_episode_reward": -9.47514533996582, "max_episode_reward": 19.70313262939453, "mean_episode_length": 105.66666666666667, "success_rate": 0.8333333333333334, "collision_rate": 0.16666666666666666, "out_of_bounds_rate": 0.0, "timeout_rate": 0.0, "policy_loss": -0.00040668994188308716, "value_loss": 1.178266167640686, "entropy": 0.595710963010788, "approx_kl": 0.004177745373453945, "clip_fraction": 0.02880859375, "grad_norm": 8.784269213676453, "explained_variance": 0.855679452419281, "action_std_mean": 0.32593074440956116, "optimizer_iterations": 4.0, "lr": 6.309504000000001e-05}
{"step": 1849344, "wall_time": 1790757337.4135773, "episodes_completed": 4.0, "mean_episode_reward": 3.012261152267456, "std_episode_reward": 11.238329808319415, "min_episode_reward": -10.223268508911133, "max_episode_reward": 16.163671493530273, "mean_episode_length": 124.0, "success_rate": 0.5, "collision_rate": 0.5, "out_of_bounds_rate": 0.0, "timeout_rate": 0.0, "policy_loss": -0.0007738461717963219, "value_loss": 1.4920252561569214, "entropy": 0.5954324007034302, "approx_kl": 0.0064443862065672874, "clip_fraction": 0.03857421875, "grad_norm": 12.833540201187134, "explained_variance": 0.8259741067886353, "action_std_mean": 0.32590532302856445, "optimizer_iterations": 4.0, "lr": 6.305408e-05}
{"step": 1851392, "wall_time": 1790757348.7985547, "episodes_completed": 2.0, "mean_episode_reward": 4.380056858062744, "std_episode_reward": 12.002984523773193, "min_episode_reward": -7.622927665710449, "max_episode_reward": 16.383041381835938, "mean_episode_length": 96.5, "success_rate": 0.5, "collision_rate": 0.5, "out_of_bounds_rate": 0.0, "timeout_rate": 0.0, "policy_loss": -0.0014011646271683276, "value_loss": 0.6594328284263611, "entropy": 0.5953335762023926, "approx_kl": 0.003320773132145405, "clip_fraction": 0.03662109375, "grad_norm": 7.7284194231033325, "explained_variance": 0.9037413001060486, "action_std_mean": 0.3258984088897705, "optimizer_iterations": 4.0, "lr": 6.301312000000001e-05}
{"step": 1853440, "wall_time": 1790757360.065041, "episodes_completed": 4.0, "mean_episode_reward": 9.704813957214355, "std_episode_reward": 11.803091707535375, "min_episode_reward": -10.012001037597656, "max_episode_reward": 19.28596305847168, "mean_episode_length": 111.0, "success_rate": 0.75, "collision_rate": 0.25, "out_of_bounds_rate": 0.0, "timeout_rate": 0.0, "policy_loss": -0.0013617132790386677, "value_loss": 0.5822716802358627, "entropy": 0.5953086614608765, "approx_kl": 0.022794509306550026, "clip_fraction": 0.0859375, "grad_norm": 4.19917494058609, "explained_variance": 0.933900773525238, "action_std_mean": 0.3258981704711914, "optimizer_iterations": 4.0, "lr": 6.297216e-05}
{"step": 1855488, "wall_time": 1790757371.3611484, "episodes_completed": 6.0, "mean_episode_reward": 2.8232456048329673, "std_episode_reward": 12.021890675283217, "min_episode_reward": -9.950274467468262, "max_episode_reward": 16.23374366760254, "mean_episode_length": 71.66666666666667, "success_rate": 0.5, "collision_rate": 0.5, "out_of_bounds_rate": 0.0, "timeout_rate": 0.0, "policy_loss": -0.0021092260722070932, "value_loss": 1.6963461339473724, "entropy": 0.5953319370746613, "approx_kl": 0.010854535270482302, "clip_fraction": 0.1376953125, "grad_norm": 6.122164487838745, "explained_variance": 0.8041670322418213, "action_std_mean": 0.32590892910957336, "optimizer_iterations": 4.0, "lr": 6.29312e-05}
{"step": 1857536, "wall_time": 1790757382.624945, "episodes_completed": 5.0, "mean_episode_reward": 0.2542915478348732, "std_episode_reward": 5.783971156081359, "min_episode_reward": -8.163336753845215, "max_episode_reward": 10.030416488647461, "mean_episode_length": 156.6, "success_rate": 0.2, "collision_rate": 0.4, "out_of_bounds_rate": 0.0, "timeout_rate": 0.4, "policy_loss": -0.0019962526857852936, "value_loss": 0.9514521062374115, "entropy": 0.5954125225543976, "approx_kl": 0.009387512924149632, "clip_fraction": 0.053466796875, "grad_norm": 6.191853165626526, "explained_variance": 0.8554118871688843, "action_std_mean": 0.3259233832359314, "optimizer_iterations": 4.0, "lr": 6.289024e-05}
{"step": 1859584, "wall_time": 1790757393.8532374, "episodes_completed": 9.0, "mean_episode_reward": 10.031111687628758, "std_episode_reward": 10.012592601659561, "min_episode_reward": -9.453468322753906, "max_episode_reward": 21.165220260620117, "mean_episode_length": 156.55555555555554, "success_rate": 0.6666666666666666, "collision_rate": 0.1111111111111111, "out_of_bounds_rate": 0.0, "timeout_rate": 0.2222222222222222, "policy_loss": -0.003701044712215662, "value_loss": 0.26093706861138344, "entropy": 0.595422625541687, "approx_kl": 0.02613907679915428, "clip_fraction": 0.068115234375, "grad_norm": 4.26650208234787, "explained_variance": 0.9747949242591858, "action_std_mean": 0.32588618993759155, "optimizer_iterations": 4.0, "lr": 6.284928000000001e-05}
{"step": 1861632, "wall_time": 1790757404.828458, "episodes_completed": 8.0, "mean_episode_reward": 7.926588714122772, "std_episode_reward": 9.163193529303845, "min_episode_reward": -9.450485229492188, "max_episode_reward": 16.621660232543945, "mean_episode_length": 72.375, "success_rate": 0.75, "collision_rate": 0.25, "out_of_bounds_rate": 0.0, "timeout_rate": 0.0, "policy_loss": -0.00382441864348948, "value_loss": 0.6762455850839615, "entropy": 0.5951025784015656, "approx_kl": 0.011076276074163616, "clip_fraction": 0.1197509765625, "grad_norm": 8.62404179573059, "explained_variance": 0.9213677048683167, "action_std_mean": 0.325832724571228, "optimizer_iterations": 4.0, "lr": 6.280832000000001e-05}
{"step": 1863680, "wall_time": 1790757415.7932491, "episodes_completed": 5.0, "mean_episode_reward": 15.928057670593262, "std_episode_reward": 4.260693641456488, "min_episode_reward": 11.102174758911133, "max_episode_reward": 21.31607437133789, "mean_episode_length": 126.8, "success_rate": 1.0, "collision_rate": 0.0, "out_of_bounds_rate": 0.0, "timeout_rate": 0.0, "policy_loss": 0.0013129841536283493, "value_loss": 0.19614887237548828, "entropy": 0.5948161482810974, "approx_kl": 0.03162277536466718, "clip_fraction": 0.0701904296875, "grad_norm": 6.1023054122924805, "explained_variance": 0.9665855169296265, "action_std_mean": 0.3257865607738495, "optimizer_iterations": 4.0, "lr": 6.276736e-05}
{"step": 1865728, "wall_time": 1790757427.2171671, "episodes_completed": 8.0, "mean_episode_reward": 6.783596593886614, "std_episode_reward": 10.141397956783187, "min_episode_reward": -9.951835632324219, "max_episode_reward": 17.060394287109375, "mean_episode_length": 89.875, "success_rate": 0.625, "collision_rate": 0.25, "out_of_bounds_rate": 0.0, "timeout_rate": 0.125, "policy_loss": -0.0019402725156396627, "value_loss": 1.9446129202842712, "entropy": 0.5945316851139069, "approx_kl": 0.009874486830085516, "clip_fraction": 0.0928955078125, "grad_norm": 22.602245211601257, "explained_variance": 0.7646993398666382, "action_std_mean": 0.32574892044067383, "optimizer_iterations": 4.0, "lr": 6.272640000000001e-05}
{"step": 1867776, "wall_time": 1790757438.4000237, "episodes_completed": 1.0, "mean_episode_reward": 13.72663688659668, "std_episode_reward": 0.0, "min_episode_reward": 13.72663688659668, "max_episode_reward": 13.72663688659668, "mean_episode_length": 164.0, "success_rate": 1.0, "collision_rate": 0.0, "out_of_bounds_rate": 0.0, "timeout_rate": 0.0, "policy_loss": -0.0027102106250822544, "value_loss": 0.635631650686264, "entropy": 0.5943609178066254, "approx_kl": 0.01664498681202531, "clip_fraction": 0.072265625, "grad_norm": 8.720010042190552, "explained_variance": 0.8559370040893555, "action_std_mean": 0.3257420063018799, "optimizer_iterations": 4.0, "lr": 6.268544e-05}
{"step": 1869824, "wall_time": 1790757449.621429, "episodes_completed": 5.0, "mean_episode_reward": 10.33103675842285, "std_episode_reward": 7.969955187283345, "min_episode_reward": -4.216670989990234, "max_episode_reward": 20.24652671813965, "mean_episode_length": 96.8, "success_rate": 0.8, "collision_rate": 0.2, "out_of_bounds_rate": 0.0, "timeout_rate": 0.0, "policy_loss": -0.0006260556983761489, "value_loss": 0.29914727061986923, "entropy": 0.5943780243396759, "approx_kl": 0.06460950989276171, "clip_fraction": 0.0491943359375, "grad_norm": 8.248557567596436, "explained_variance": 0.9709428548812866, "action_std_mean": 0.3257473111152649, "optimizer_iterations": 4.0, "lr": 6.264448000000001e-05}
{"step": 1871872, "wall_time": 1790757460.7719765, "episodes_completed": 8.0, "mean_episode_reward": 12.523181117248896, "std_episode_reward": 5.505775558573784, "min_episode_reward": 0.00045424042036756873, "max_episode_reward": 19.575607299804688, "mean_episode_length": 109.5, "success_rate": 0.875, "collision_rate": 0.0, "out_of_bounds_rate": 0.0, "timeout_rate": 0.125, "policy_loss": -0.0031214936170727015, "value_loss": 0.10384691134095192, "entropy": 0.5944006145000458, "approx_kl": 0.011837831349112093, "clip_fraction": 0.102294921875, "grad_norm": 4.519030809402466, "explained_variance": 0.9849074482917786, "action_std_mean": 0.3257552683353424, "optimizer_iterations": 4.0, "lr": 6.260352e-05}
{"step": 1873920, "wall_time": 1790757471.763482, "episodes_completed": 11.0, "mean_episode_reward": 9.041407411748713, "std_episode_reward": 9.000892551296953, "min_episode_reward": -10.84976577758789, "max_episode_reward": 14.978473663330078, "mean_episode_length": 75.72727272727273, "success_rate": 0.8181818181818182, "collision_rate": 0.18181818181818182, "out_of_bounds_rate": 0.0, "timeout_rate": 0.0, "policy_loss": -0.0019007469527423382, "value_loss": 1.3201829493045807, "entropy": 0.5944461226463318, "approx_kl": 0.009515963261947036, "clip_fraction": 0.11083984375, "grad_norm": 10.581197381019592, "explained_variance": 0.8551002740859985, "action_std_mean": 0.3257623314857483, "optimizer_iterations": 4.0, "lr": 6.256256e-05}
{"step": 1875968, "wall_time": 1790757482.79698, "episodes_completed": 6.0, "mean_episode_reward": 10.951977094014486, "std_episode_reward": 5.419855666857355, "min_episode_reward": -0.3297252655029297, "max_episode_reward": 16.250858306884766, "mean_episode_length": 113.66666666666667, "success_rate": 0.8333333333333334, "collision_rate": 0.16666666666666666, "out_of_bounds_rate": 0.0, "timeout_rate": 0.0, "policy_loss": 0.002194571541622281, "value_loss": 0.4419112578034401, "entropy": 0.5944800972938538, "approx_kl": 0.01687270449474454, "clip_fraction": 0.0902099609375, "grad_norm": 18.340796947479248, "explained_variance": 0.9544072151184082, "action_std_mean": 0.3257642984390259, "optimizer_iterations": 4.0, "lr": 6.252160000000001e-05}
{"step": 1878016, "wall_time": 1790757494.02227, "episodes_completed": 8.0, "mean_episode_reward": 11.471935749053955, "std_episode_reward": 8.656992539748595, "min_episode_reward": -9.678241729736328, "max_episode_reward": 18.533641815185547, "mean_episode_length": 87.375, "success_rate": 0.875, "collision_rate": 0.125, "out_of_bounds_rate": 0.0, "timeout_rate": 0.0, "policy_loss": -0.0027066227048635483, "value_loss": 0.9558707177639008, "entropy": 0.594496488571167, "approx_kl": 0.008877612184733152, "clip_fraction": 0.036865234375, "grad_norm": 6.428551018238068, "explained_variance": 0.9004795551300049, "action_std_mean": 0.32577890157699585, "optimizer_iterations": 4.0, "lr": 6.248064e-05}
{"step": 1880064, "wall_time": 1790757505.1895874, "episodes_completed": 6.0, "mean_episode_reward": 11.456749439239502, "std_episode_reward": 9.924995638162015, "min_episode_reward": -10.001715660095215, "max_episode_reward": 19.023319244384766, "mean_episode_length": 105.66666666666667, "success_rate": 0.8333333333333334, "collision_rate": 0.16666666666666666, "out_of_bounds_rate": 0.0, "timeout_rate": 0.0, "policy_loss": 0.0002442668192088604, "value_loss": 0.24921400099992752, "entropy": 0.5946365594863892, "approx_kl": 0.02697588107548654, "clip_fraction": 0.0499267578125, "grad_norm": 3.9398109912872314, "explained_variance": 0.970603883266449, "action_std_mean": 0.3258029818534851, "optimizer_iterations": 4.0, "lr": 6.243968e-05}
{"step": 1882112, "wall_time": 1790757516.101533, "episodes_completed": 2.0, "mean_episode_reward": 1.4505257606506348, "std_episode_reward": 8.881146907806396, "min_episode_reward": -7.430621147155762, "max_episode_reward": 10.331672668457031, "mean_episode_length": 139.0, "success_rate": 0.5, "collision_rate": 0.5, "out_of_bounds_rate": 0.0, "timeout_rate": 0.0, "policy_loss": 0.0005593122914433479, "value_loss": 1.3292848765850067, "entropy": 0.5947566032409668, "approx_kl": 0.012083882233127952, "clip_fraction": 0.065673828125, "grad_norm": 6.648964464664459, "explained_variance": 0.7933092713356018, "action_std_mean": 0.32581469416618347, "optimizer_iterations": 4.0, "lr": 6.239872e-05}
{"step": 1884160, "wall_time": 1790757527.2250698, "episodes_completed": 4.0, "mean_episode_reward": 3.441202163696289, "std_episode_reward": 11.01861964417663, "min_episode_reward": -9.584432601928711, "max_episode_reward": 17.20604705810547, "mean_episode_length": 88.0, "success_rate": 0.5, "collision_rate": 0.5, "out_of_bounds_rate": 0.0, "timeout_rate": 0.0, "policy_loss": -0.002218189649283886, "value_loss": 0.9253771305084229, "entropy": 0.5948363542556763, "approx_kl": 0.047469849698245525, "clip_fraction": 0.0780029296875, "grad_norm": 6.235099494457245, "explained_variance": 0.885621964931488, "action_std_mean": 0.32583361864089966, "optimizer_iterations": 4.0, "lr": 6.235776e-05}
{"step": 1886208, "wall_time": 1790757538.4800084, "episodes_completed": 6.0, "mean_episode_reward": 5.9175394695873065, "std_episode_reward": 8.709581512300275, "min_episode_reward": -6.0703630447387695, "max_episode_reward": 19.720844268798828, "mean_episode_length": 107.33333333333333, "success_rate": 0.5, "collision_rate": 0.16666666666666666, "out_of_bounds_rate": 0.0, "timeout_rate": 0.3333333333333333, "policy_loss": 0.005274252034723759, "value_loss": 0.6877625733613968, "entropy": 0.5949766635894775, "approx_kl": 0.02613154100254178, "clip_fraction": 0.199951171875, "grad_norm": 6.808924078941345, "explained_variance": 0.9093654751777649, "action_std_mean": 0.3258538246154785, "optimizer_iterations": 4.0, "lr": 6.231679999999999e-05}
{"step": 1888256, "wall_time": 1790757549.6232708, "episodes_completed": 7.0, "mean_episode_reward": 5.080477191401379, "std_episode_reward": 9.74828595951247, "min_episode_reward": -9.356760025024414, "max_episode_reward": 19.965669631958008, "mean_episode_length": 115.71428571428571, "success_rate": 0.42857142857142855, "collision_rate": 0.42857142857142855, "out_of_bounds_rate": 0.0, "timeout_rate": 0.14285714285714285, "policy_loss": -0.0028035384602844715, "value_loss": 0.6200740337371826, "entropy": 0.5950878262519836, "approx_kl": 0.01124890090432018, "clip_fraction": 0.1361083984375, "grad_norm": 5.793451189994812, "explained_variance": 0.9459538459777832, "action_std_mean": 0.32586753368377686, "optimizer_iterations": 4.0, "lr": 6.227584e-05}
{"step": 1890304, "wall_time": 1790757561.7753317, "episodes_completed": 4.0, "mean_episode_reward": 7.4478302001953125, "std_episode_reward": 9.765588125436052, "min_episode_reward": -9.230735778808594, "max_episode_reward": 14.988712310791016, "mean_episode_length": 53.0, "success_rate": 0.75, "collision_rate": 0.25, "out_of_bounds_rate": 0.0, "timeout_rate": 0.0, "policy_loss": -0.0030342801474034786, "value_loss": 0.7192130833864212, "entropy": 0.5951649844646454, "approx_kl": 0.00892383640166372, "clip_fraction": 0.0655517578125, "grad_norm": 6.12220174074173, "explained_variance": 0.923098623752594, "action_std_mean": 0.3258727192878723, "optimizer_iterations": 4.0, "lr": 6.223488e-05}
{"step": 1892352, "wall_time": 1790757573.3913825, "episodes_completed": 13.0, "mean_episode_reward": 6.039606428346955, "std_episode_reward": 10.488927737106089, "min_episode_reward": -9.950095176696777, "max_episode_reward": 20.629087448120117, "mean_episode_length": 112.07692307692308, "success_rate": 0.6153846153846154, "collision_rate": 0.3076923076923077, "out_of_bounds_rate": 0.0, "timeout_rate": 0.07692307692307693, "policy_loss": -0.0053771138191223145, "value_loss": 2.083664059638977, "entropy": 0.5951721370220184, "approx_kl": 0.009055808157427236, "clip_fraction": 0.07177734375, "grad_norm": 7.176569938659668, "explained_variance": 0.8542525172233582, "action_std_mean": 0.32586807012557983, "optimizer_iterations": 4.0, "lr": 6.219392e-05}
{"step": 1894400, "wall_time": 1790757584.942628, "episodes_completed": 8.0, "mean_episode_reward": 11.71006441116333, "std_episode_reward": 4.394361353600587, "min_episode_reward": 1.3835058212280273, "max_episode_reward": 17.750019073486328, "mean_episode_length": 102.75, "success_rate": 0.875, "collision_rate": 0.125, "out_of_bounds_rate": 0.0, "timeout_rate": 0.0, "policy_loss": -0.0005494209472090006, "value_loss": 1.4399031400680542, "entropy": 0.5951363742351532, "approx_kl": 0.00925646023824811, "clip_fraction": 0.075439453125, "grad_norm": 7.994122624397278, "explained_variance": 0.6431967616081238, "action_std_mean": 0.32586556673049927, "optimizer_iterations": 4.0, "lr": 6.215296000000001e-05}
{"step": 1896448, "wall_time": 1790757596.945177, "episodes_completed": 6.0, "mean_episode_reward": 3.359936078389486, "std_episode_reward": 10.48832097403545, "min_episode_reward": -9.950762748718262, "max_episode_reward": 14.376733779907227, "mean_episode_length": 83.66666666666667, "success_rate": 0.5, "collision_rate": 0.5, "out_of_bounds_rate": 0.0, "timeout_rate": 0.0, "policy_loss": -0.001236269250512123, "value_loss": 2.7441093921661377, "entropy": 0.595114529132843, "approx_kl": 0.010223471093922853, "clip_fraction": 0.069580078125, "grad_norm": 10.027531862258911, "explained_variance": 0.6358006000518799, "action_std_mean": 0.32585352659225464, "optimizer_iterations": 4.0, "lr": 6.2112e-05}
{"step": 1898496, "wall_time": 1790757609.435719, "episodes_completed": 3.0, "mean_episode_reward": 15.455164591471354, "std_episode_reward": 1.1140837866444746, "min_episode_reward": 14.534689903259277, "max_episode_reward": 17.022794723510742, "mean_episode_length": 160.33333333333334, "success_rate": 1.0, "collision_rate": 0.0, "out_of_bounds_rate": 0.0, "timeout_rate": 0.0, "policy_loss": 0.0004913907032459974, "value_loss": 0.4649946093559265, "entropy": 0.5950266718864441, "approx_kl": 0.017883162014186382, "clip_fraction": 0.123291015625, "grad_norm": 6.549120903015137, "explained_variance": 0.9101025462150574, "action_std_mean": 0.32584166526794434, "optimizer_iterations": 4.0, "lr": 6.207104e-05}
{"step": 1900544, "wall_time": 1790757620.7981875, "episodes_completed": 10.0, "mean_episode_reward": 4.494603872299194, "std_episode_reward": 9.786763461133996, "min_episode_reward": -9.950004577636719, "max_episode_reward": 14.419017791748047, "mean_episode_length": 66.2, "success_rate": 0.6, "collision_rate": 0.4, "out_of_bounds_rate": 0.0, "timeout_rate": 0.0, "policy_loss": 0.0024527860805392265, "value_loss": 1.6075572967529297, "entropy": 0.5949699878692627, "approx_kl": 0.019251307006925344, "clip_fraction": 0.098388671875, "grad_norm": 14.764795541763306, "explained_variance": 0.8313480615615845, "action_std_mean": 0.32584014534950256, "optimizer_iterations": 4.0, "lr": 6.203008e-05}
{"step": 1902592, "wall_time": 1790757632.0869818, "episodes_completed": 4.0, "mean_episode_reward": 15.178932666778564, "std_episode_reward": 0.6145052825244374, "min_episode_reward": 14.210610389709473, "max_episode_reward": 15.72174072265625, "mean_episode_length": 164.75, "success_rate": 1.0, "collision_rate": 0.0, "out_of_bounds_rate": 0.0, "timeout_rate": 0.0, "policy_loss": 0.004894677549600601, "value_loss": 0.4197395518422127, "entropy": 0.5949660837650299, "approx_kl": 0.02378027280792594, "clip_fraction": 0.10693359375, "grad_norm": 6.406176328659058, "explained_variance": 0.9466910362243652, "action_std_mean": 0.32582980394363403, "optimizer_iterations": 4.0, "lr": 6.198912e-05}
{"step": 1904640, "wall_time": 1790757643.5502553, "episodes_completed": 9.0, "mean_episode_reward": 11.895592265658909, "std_episode_reward": 5.413033142700529, "min_episode_reward": -1.1147117614746094, "max_episode_reward": 18.837112426757812, "mean_episode_length": 97.88888888888889, "success_rate": 0.8888888888888888, "collision_rate": 0.1111111111111111, "out_of_bounds_rate": 0.0, "timeout_rate": 0.0, "policy_loss": -0.0008136443793773651, "value_loss": 0.8496047407388687, "entropy": 0.594846248626709, "approx_kl": 0.004733674664748833, "clip_fraction": 0.05322265625, "grad_norm": 6.792115926742554, "explained_variance": 0.9022964239120483, "action_std_mean": 0.32579556107521057, "optimizer_iterations": 4.0, "lr": 6.194816000000001e-05}
{"step": 1906688, "wall_time": 1790757655.1850495, "episodes_completed": 7.0, "mean_episode_reward": 6.322788034166608, "std_episode_reward": 8.576977449162024, "min_episode_reward": -6.397465705871582, "max_episode_reward": 17.17859649658203, "mean_episode_length": 111.85714285714286, "success_rate": 0.5714285714285714, "collision_rate": 0.42857142857142855, "out_of_bounds_rate": 0.0, "timeout_rate": 0.0, "policy_loss": 0.002434750320389867, "value_loss": 2.2968141436576843, "entropy": 0.594611793756485, "approx_kl": 0.013715510722249746, "clip_fraction": 0.105712890625, "grad_norm": 9.700793743133545, "explained_variance": 0.7995565533638, "action_std_mean": 0.32575732469558716, "optimizer_iterations": 4.0, "lr": 6.190720000000002e-05}
{"step": 1908736, "wall_time": 1790757668.5327961, "episodes_completed": 7.0, "mean_episode_reward": 0.18531155799116408, "std_episode_reward": 7.462110452267028, "min_episode_reward": -10.01052474975586, "max_episode_reward": 11.522655487060547, "mean_episode_length": 54.57142857142857, "success_rate": 0.2857142857142857, "collision_rate": 0.42857142857142855, "out_of_bounds_rate": 0.0, "timeout_rate": 0.2857142857142857, "policy_loss": 0.0013801008462905884, "value_loss": 1.2158898711204529, "entropy": 0.5944103598594666, "approx_kl": 0.017581522464752197, "clip_fraction": 0.07275390625, "grad_norm": 8.29824697971344, "explained_variance": 0.820912778377533, "action_std_mean": 0.32573944330215454, "optimizer_iterations": 4.0, "lr": 6.186624000000001e-05}
{"step": 1910784, "wall_time": 1790757680.323355, "episodes_completed": 10.0, "mean_episode_reward": 6.4905298233032225, "std_episode_reward": 10.26676492360245, "min_episode_reward": -9.054009437561035, "max_episode_reward": 17.23828887939453, "mean_episode_length": 87.5, "success_rate": 0.7, "collision_rate": 0.3, "out_of_bounds_rate": 0.0, "timeout_rate": 0.0, "policy_loss": 0.0013782918686047196, "value_loss": 3.6540609002113342, "entropy": 0.5943620204925537, "approx_kl": 0.008936905884183943, "clip_fraction": 0.0693359375, "grad_norm": 7.5495525598526, "explained_variance": 0.5209317207336426, "action_std_mean": 0.3257467448711395, "optimizer_iterations": 4.0, "lr": 6.182528e-05}
{"step": 1912832, "wall_time": 1790757692.607808, "episodes_completed": 5.0, "mean_episode_reward": 10.73181209564209, "std_episode_reward": 10.437090878479646, "min_episode_reward": -9.679193496704102, "max_episode_reward": 18.98464584350586, "mean_episode_length": 103.2, "success_rate": 0.8, "collision_rate": 0.2, "out_of_bounds_rate": 0.0, "timeout_rate": 0.0, "policy_loss": -0.0022717444226145744, "value_loss": 1.1391096711158752, "entropy": 0.5944375991821289, "approx_kl": 0.05292724026367068, "clip_fraction": 0.0667724609375, "grad_norm": 12.127003788948059, "explained_variance": 0.8070296049118042, "action_std_mean": 0.3257664442062378, "optimizer_iterations": 4.0, "lr": 6.178432000000001e-05}
{"step": 1914880, "wall_time": 1790757705.8664522, "episodes_completed": 6.0, "mean_episode_reward": 11.475123564402262, "std_episode_reward": 9.826687378559486, "min_episode_reward": -9.950252532958984, "max_episode_reward": 19.55019760131836, "mean_episode_length": 131.5, "success_rate": 0.8333333333333334, "collision_rate": 0.16666666666666666, "out_of_bounds_rate": 0.0, "timeout_rate": 0.0, "policy_loss": -0.0007210127077996731, "value_loss": 0.9871610254049301, "entropy": 0.594577431678772, "approx_kl": 0.029657692182809114, "clip_fraction": 0.1025390625, "grad_norm": 6.715778827667236, "explained_variance": 0.8443677425384521, "action_std_mean": 0.32579344511032104, "optimizer_iterations": 4.0, "lr": 6.174336e-05}
{"step": 1916928, "wall_time": 1790757718.7514846, "episodes_completed": 14.0, "mean_episode_reward": 0.6532690865652901, "std_episode_reward": 11.09284858186364, "min_episode_reward": -9.973158836364746, "max_episode_reward": 19.226699829101562, "mean_episode_length": 63.285714285714285, "success_rate": 0.42857142857142855, "collision_rate": 0.5714285714285714, "out_of_bounds_rate": 0.0, "timeout_rate": 0.0, "policy_loss": 0.0037203802494332194, "value_loss": 4.147757530212402, "entropy": 0.5947425663471222, "approx_kl": 0.007938839378766716, "clip_fraction": 0.036376953125, "grad_norm": 21.276960492134094, "explained_variance": 0.6763421297073364, "action_std_mean": 0.3258165121078491, "optimizer_iterations": 4.0, "lr": 6.17024e-05}
{"step": 1918976, "wall_time": 1790757730.51437, "episodes_completed": 3.0, "mean_episode_reward": 7.5901773770650225, "std_episode_reward": 9.417515317111102, "min_episode_reward": -5.41890287399292, "max_episode_reward": 16.56600570678711, "mean_episode_length": 91.33333333333333, "success_rate": 0.6666666666666666, "collision_rate": 0.3333333333333333, "out_of_bounds_rate": 0.0, "timeout_rate": 0.0, "policy_loss": -0.001615585817489773, "value_loss": 0.7868860810995102, "entropy": 0.5948565006256104, "approx_kl": 0.013050571316853166, "clip_fraction": 0.1192626953125, "grad_norm": 7.692080497741699, "explained_variance": 0.8652977347373962, "action_std_mean": 0.32582956552505493, "optimizer_iterations": 4.0, "lr": 6.166144000000001e-05}
{"step": 1921024, "wall_time": 1790757744.7096949, "episodes_completed": 5.0, "mean_episode_reward": 3.2646303176879883, "std_episode_reward": 10.486277348314362, "min_episode_reward": -10.480340957641602, "max_episode_reward": 13.730205535888672, "mean_episode_length": 67.4, "success_rate": 0.6, "collision_rate": 0.4, "out_of_bounds_rate": 0.0, "timeout_rate": 0.0, "policy_loss": -0.001996573992073536, "value_loss": 0.7525732964277267, "entropy": 0.5949310958385468, "approx_kl": 0.0066149416379630566, "clip_fraction": 0.072021484375, "grad_norm": 8.079977035522461, "explained_variance": 0.8929852247238159, "action_std_mean": 0.32584571838378906, "optimizer_iterations": 4.0, "lr": 6.162048e-05}
{"step": 1923072, "wall_time": 1790757758.2320163, "episodes_completed": 2.0, "mean_episode_reward": 0.0852443054318428, "std_episode_reward": 0.0217529758810997, "min_episode_reward": 0.0634913295507431, "max_episode_reward": 0.1069972813129425, "mean_episode_length": 174.5, "success_rate": 0.0, "collision_rate": 0.0, "out_of_bounds_rate": 0.0, "timeout_rate": 1.0, "policy_loss": -0.0004892591387033463, "value_loss": 0.1965361349284649, "entropy": 0.5950339138507843, "approx_kl": 0.006107859779149294, "clip_fraction": 0.06640625, "grad_norm": 5.630237340927124, "explained_variance": 0.9235804080963135, "action_std_mean": 0.3258548974990845, "optimizer_iterations": 4.0, "lr": 6.157952e-05}
{"step": 1925120, "wall_time": 1790757771.9072602, "episodes_completed": 11.0, "mean_episode_reward": 3.8771259134465996, "std_episode_reward": 11.8391877444646, "min_episode_reward": -9.887537956237793, "max_episode_reward": 18.732322692871094, "mean_episode_length": 64.45454545454545, "success_rate": 0.5454545454545454, "collision_rate": 0.45454545454545453, "out_of_bounds_rate": 0.0, "timeout_rate": 0.0, "policy_loss": -0.0048301516799256206, "value_loss": 0.7690402865409851, "entropy": 0.5950620174407959, "approx_kl": 0.007992596365511417, "clip_fraction": 0.08984375, "grad_norm": 5.347115635871887, "explained_variance": 0.947022557258606, "action_std_mean": 0.3258518576622009, "optimizer_iterations": 4.0, "lr": 6.153856e-05}
{"step": 1927168, "wall_time": 1790757784.5659926, "episodes_completed": 4.0, "mean_episode_reward": 15.843397378921509, "std_episode_reward": 3.669637447337276, "min_episode_reward": 10.807602882385254, "max_episode_reward": 20.869583129882812, "mean_episode_length": 123.0, "success_rate": 1.0, "collision_rate": 0.0, "out_of_bounds_rate": 0.0, "timeout_rate": 0.0, "policy_loss": -0.000578027218580246, "value_loss": 0.17991279065608978, "entropy": 0.5950315296649933, "approx_kl": 0.00729091907851398, "clip_fraction": 0.0709228515625, "grad_norm": 4.86162006855011, "explained_variance": 0.9709025621414185, "action_std_mean": 0.325848251581192, "optimizer_iterations": 4.0, "lr": 6.14976e-05}
{"step": 1929216, "wall_time": 1790757796.520519, "episodes_completed": 5.0, "mean_episode_reward": 2.1558126002550124, "std_episode_reward": 10.81316658953164, "min_episode_reward": -9.889511108398438, "max_episode_reward": 18.5740966796875, "mean_episode_length": 88.8, "success_rate": 0.4, "collision_rate": 0.4, "out_of_bounds_rate": 0.0, "timeout_rate": 0.2, "policy_loss": -0.0002899039536714554, "value_loss": 1.97996187210083, "entropy": 0.5950187146663666, "approx_kl": 0.0073112446698360145, "clip_fraction": 0.0635986328125, "grad_norm": 9.50954270362854, "explained_variance": 0.6951871514320374, "action_std_mean": 0.32584524154663086, "optimizer_iterations": 4.0, "lr": 6.145663999999999e-05}
{"step": 1931264, "wall_time": 1790757808.7139285, "episodes_completed": 7.0, "mean_episode_reward": 8.372838701520648, "std_episode_reward": 11.2607289427976, "min_episode_reward": -9.287510871887207, "max_episode_reward": 21.251731872558594, "mean_episode_length": 109.42857142857143, "success_rate": 0.7142857142857143, "collision_rate": 0.2857142857142857, "out_of_bounds_rate": 0.0, "timeout_rate": 0.0, "policy_loss": -0.0011822143278550357, "value_loss": 1.6426562368869781, "entropy": 0.5950254499912262, "approx_kl": 0.008869638375472277, "clip_fraction": 0.0782470703125, "grad_norm": 6.788467168807983, "explained_variance": 0.7877529263496399, "action_std_mean": 0.32585734128952026, "optimizer_iterations": 4.0, "lr": 6.141568e-05}
{"step": 1933312, "wall_time": 1790757820.0060623, "episodes_completed": 5.0, "mean_episode_reward": 9.433112525939942, "std_episode_reward": 8.853419720205652, "min_episode_reward": -8.163841247558594, "max_episode_reward": 15.65954303741455, "mean_episode_length": 87.8, "success_rate": 0.8, "collision_rate": 0.2, "out_of_bounds_rate": 0.0, "timeout_rate": 0.0, "policy_loss": -0.0011486615985631943, "value_loss": 0.5770015120506287, "entropy": 0.5951207876205444, "approx_kl": 0.005441285989945754, "clip_fraction": 0.035400390625, "grad_norm": 8.531307816505432, "explained_variance": 0.9233646988868713, "action_std_mean": 0.3258720636367798, "optimizer_iterations": 4.0, "lr": 6.137472e-05}
{"step": 1935360, "wall_time": 1790757831.6818373, "episodes_completed": 3.0, "mean_episode_reward": 13.794159571329752, "std_episode_reward": 1.2679921802081886, "min_episode_reward": 12.24734115600586, "max_episode_reward": 15.353202819824219, "mean_episode_length": 83.33333333333333, "success_rate": 1.0, "collision_rate": 0.0, "out_of_bounds_rate": 0.0, "timeout_rate": 0.0, "policy_loss": 0.00011241436004638672, "value_loss": 0.7360991686582565, "entropy": 0.5951922237873077, "approx_kl": 0.009121305483859032, "clip_fraction": 0.0604248046875, "grad_norm": 6.148505806922913, "explained_variance": 0.9108729958534241, "action_std_mean": 0.3258775472640991, "optimizer_iterations": 4.0, "lr": 6.133375999999999e-05}
{"step": 1937408, "wall_time": 1790757843.8745518, "episodes_completed": 5.0, "mean_episode_reward": 6.417025651969015, "std_episode_reward": 9.947872634450201, "min_episode_reward": -9.953733444213867, "max_episode_reward": 15.989114761352539, "mean_episode_length": 74.4, "success_rate": 0.6, "collision_rate": 0.2, "out_of_bounds_rate": 0.0, "timeout_rate": 0.2, "policy_loss": 0.00016666948795318604, "value_loss": 0.4552110582590103, "entropy": 0.5952282845973969, "approx_kl": 0.005617769435048103, "clip_fraction": 0.048583984375, "grad_norm": 6.501241624355316, "explained_variance": 0.9419698119163513, "action_std_mean": 0.32588791847229004, "optimizer_iterations": 4.0, "lr": 6.12928e-05}
{"step": 1939456, "wall_time": 1790757855.5983243, "episodes_completed": 4.0, "mean_episode_reward": 6.026805520057678, "std_episode_reward": 7.737692372235627, "min_episode_reward": -7.353184223175049, "max_episode_reward": 11.211852073669434, "mean_episode_length": 52.75, "success_rate": 0.75, "collision_rate": 0.25, "out_of_bounds_rate": 0.0, "timeout_rate": 0.0, "policy_loss": -0.002896164311096072, "value_loss": 1.0577524602413177, "entropy": 0.5953077971935272, "approx_kl": 0.012792160268872976, "clip_fraction": 0.1231689453125, "grad_norm": 5.773446798324585, "explained_variance": 0.8558505773544312, "action_std_mean": 0.3259027898311615, "optimizer_iterations": 4.0, "lr": 6.125184e-05}
{"step": 1941504, "wall_time": 1790757867.8787968, "episodes_completed": 6.0, "mean_episode_reward": 7.437950285772483, "std_episode_reward": 9.202555795696027, "min_episode_reward": -9.360318183898926, "max_episode_reward": 17.136104583740234, "mean_episode_length": 57.166666666666664, "success_rate": 0.6666666666666666, "collision_rate": 0.16666666666666666, "out_of_bounds_rate": 0.0, "timeout_rate": 0.16666666666666666, "policy_loss": -0.003634253516793251, "value_loss": 0.24129800498485565, "entropy": 0.5953352153301239, "approx_kl": 0.006854393519461155, "clip_fraction": 0.05419921875, "grad_norm": 5.352575838565826, "explained_variance": 0.9704073071479797, "action_std_mean": 0.3258773684501648, "optimizer_iterations": 4.0, "lr": 6.121088e-05}
{"step": 1943552, "wall_time": 1790757880.2020936, "episodes_completed": 8.0, "mean_episode_reward": 4.9103529965505, "std_episode_reward": 10.617379477259748, "min_episode_reward": -9.516339302062988, "max_episode_reward": 20.47461700439453, "mean_episode_length": 78.75, "success_rate": 0.5, "collision_rate": 0.25, "out_of_bounds_rate": 0.0, "timeout_rate": 0.25, "policy_loss": -0.004793932428583503, "value_loss": 0.8155323565006256, "entropy": 0.5951277017593384, "approx_kl": 0.0068192967446520925, "clip_fraction": 0.06494140625, "grad_norm": 5.632535696029663, "explained_variance": 0.8774134516716003, "action_std_mean": 0.32585132122039795, "optimizer_iterations": 4.0, "lr": 6.116992e-05}
{"step": 1945600, "wall_time": 1790757892.3677998, "episodes_completed": 10.0, "mean_episode_reward": 8.484342098236084, "std_episode_reward": 8.557355022131588, "min_episode_reward": -9.854620933532715, "max_episode_reward": 15.93022346496582, "mean_episode_length": 66.6, "success_rate": 0.8, "collision_rate": 0.2, "out_of_bounds_rate": 0.0, "timeout_rate": 0.0, "policy_loss": -0.0016145743429660797, "value_loss": 1.2843995988368988, "entropy": 0.5950042009353638, "approx_kl": 0.008988362736999989, "clip_fraction": 0.076171875, "grad_norm": 6.20862090587616, "explained_variance": 0.8097412586212158, "action_std_mean": 0.32583630084991455, "optimizer_iterations": 4.0, "lr": 6.112896e-05}
{"step": 1947648, "wall_time": 1790757904.721592, "episodes_completed": 7.0, "mean_episode_reward": 7.400312628064837, "std_episode_reward": 9.671793131443051, "min_episode_reward": -9.951440811157227, "max_episode_reward": 17.00882339477539, "mean_episode_length": 90.57142857142857, "success_rate": 0.7142857142857143, "collision_rate": 0.2857142857142857, "out_of_bounds_rate": 0.0, "timeout_rate": 0.0, "policy_loss": -0.0009259125217795372, "value_loss": 1.018356367945671, "entropy": 0.5949161648750305, "approx_kl": 0.00625405996106565, "clip_fraction": 0.0740966796875, "grad_norm": 6.92287278175354, "explained_variance": 0.8439614772796631, "action_std_mean": 0.32581770420074463, "optimizer_iterations": 4.0, "lr": 6.1088e-05}
{"step": 1949696, "wall_time": 1790757917.1206043, "episodes_completed": 7.0, "mean_episode_reward": 12.202602590833392, "std_episode_reward": 8.36436483820538, "min_episode_reward": -6.70463228225708, "max_episode_reward": 19.769474029541016, "mean_episode_length": 119.85714285714286, "success_rate": 0.8571428571428571, "collision_rate": 0.14285714285714285, "out_of_bounds_rate": 0.0, "timeout_rate": 0.0, "policy_loss": -0.001145323010860011, "value_loss": 0.36988596618175507, "entropy": 0.5947840213775635, "approx_kl": 0.005442720605060458, "clip_fraction": 0.0523681640625, "grad_norm": 8.770043969154358, "explained_variance": 0.9533562660217285, "action_std_mean": 0.32579630613327026, "optimizer_iterations": 4.0, "lr": 6.104704000000002e-05}
{"step": 1951744, "wall_time": 1790757929.70351, "episodes_completed": 7.0, "mean_episode_reward": -2.6448372432163785, "std_episode_reward": 9.068554581792958, "min_episode_reward": -10.04723834991455, "max_episode_reward": 12.33395004272461, "mean_episode_length": 43.0, "success_rate": 0.2857142857142857, "collision_rate": 0.7142857142857143, "out_of_bounds_rate": 0.0, "timeout_rate": 0.0, "policy_loss": -0.0017449604347348213, "value_loss": 2.251477837562561, "entropy": 0.5946648418903351, "approx_kl": 0.004844434588449076, "clip_fraction": 0.0360107421875, "grad_norm": 11.47231662273407, "explained_variance": 0.7838406562805176, "action_std_mean": 0.3257777690887451, "optimizer_iterations": 4.0, "lr": 6.100608000000001e-05}
{"step": 1953792, "wall_time": 1790757942.1423786, "episodes_completed": 5.0, "mean_episode_reward": 14.15062599182129, "std_episode_reward": 3.176832647782837, "min_episode_reward": 10.034247398376465, "max_episode_reward": 18.225353240966797, "mean_episode_length": 105.2, "success_rate": 1.0, "collision_rate": 0.0, "out_of_bounds_rate": 0.0, "timeout_rate": 0.0, "policy_loss": -0.00014746957458555698, "value_loss": 0.4375707656145096, "entropy": 0.5945355594158173, "approx_kl": 0.007793604861944914, "clip_fraction": 0.0887451171875, "grad_norm": 6.063455641269684, "explained_variance": 0.9408228993415833, "action_std_mean": 0.3257482349872589, "optimizer_iterations": 4.0, "lr": 6.096512000000001e-05}
{"step": 1955840, "wall_time": 1790757955.8720403, "episodes_completed": 4.0, "mean_episode_reward": 12.579158544540405, "std_episode_reward": 1.9917108496717375, "min_episode_reward": 10.064836502075195, "max_episode_reward": 15.628933906555176, "mean_episode_length": 100.0, "success_rate": 1.0, "collision_rate": 0.0, "out_of_bounds_rate": 0.0, "timeout_rate": 0.0, "policy_loss": -0.004063426284119487, "value_loss": 0.25363679602742195, "entropy": 0.5943122208118439, "approx_kl": 0.010178551310673356, "clip_fraction": 0.0743408203125, "grad_norm": 4.498128592967987, "explained_variance": 0.9571546316146851, "action_std_mean": 0.32570093870162964, "optimizer_iterations": 4.0, "lr": 6.0924160000000006e-05}
{"step": 1957888, "wall_time": 1790757969.714429, "episodes_completed": 4.0, "mean_episode_reward": 3.947892788797617, "std_episode_reward": 9.823467115152102, "min_episode_reward": -9.950061798095703, "max_episode_reward": 15.754940032958984, "mean_episode_length": 53.75, "success_rate": 0.5, "collision_rate": 0.25, "out_of_bounds_rate": 0.0, "timeout_rate": 0.25, "policy_loss": -0.00847747945226729, "value_loss": 0.2931329682469368, "entropy": 0.5940215289592743, "approx_kl": 0.043632726185023785, "clip_fraction": 0.085693359375, "grad_norm": 5.829127609729767, "explained_variance": 0.9487918019294739, "action_std_mean": 0.3256593942642212, "optimizer_iterations": 4.0, "lr": 6.088320000000001e-05}
{"step": 1959936, "wall_time": 1790757982.7922578, "episodes_completed": 4.0, "mean_episode_reward": 15.280771732330322, "std_episode_reward": 3.7231448188588585, "min_episode_reward": 11.462047576904297, "max_episode_reward": 19.491138458251953, "mean_episode_length": 147.25, "success_rate": 1.0, "collision_rate": 0.0, "out_of_bounds_rate": 0.0, "timeout_rate": 0.0, "policy_loss": -0.0009340650867670774, "value_loss": 0.34927453100681305, "entropy": 0.5938103795051575, "approx_kl": 0.013783051399514079, "clip_fraction": 0.1240234375, "grad_norm": 4.719083905220032, "explained_variance": 0.9552834630012512, "action_std_mean": 0.32563555240631104, "optimizer_iterations": 4.0, "lr": 6.084224000000001e-05}
{"step": 1961984, "wall_time": 1790757996.3114748, "episodes_completed": 12.0, "mean_episode_reward": 3.7034270763397217, "std_episode_reward": 10.082233540659066, "min_episode_reward": -10.352994918823242, "max_episode_reward": 18.468496322631836, "mean_episode_length": 71.25, "success_rate": 0.5, "collision_rate": 0.4166666666666667, "out_of_bounds_rate": 0.0, "timeout_rate": 0.08333333333333333, "policy_loss": -0.0010458031028974801, "value_loss": 1.5595159828662872, "entropy": 0.5936983525753021, "approx_kl": 0.006593325466383249, "clip_fraction": 0.07763671875, "grad_norm": 19.39298701286316, "explained_variance": 0.8927156329154968, "action_std_mean": 0.3256261348724365, "optimizer_iterations": 4.0, "lr": 6.080128e-05}
{"step": 1964032, "wall_time": 1790758008.9396482, "episodes_completed": 9.0, "mean_episode_reward": 2.9837681241333485, "std_episode_reward": 10.608042743092458, "min_episode_reward": -10.00355339050293, "max_episode_reward": 16.09311294555664, "mean_episode_length": 92.0, "success_rate": 0.4444444444444444, "collision_rate": 0.4444444444444444, "out_of_bounds_rate": 0.0, "timeout_rate": 0.1111111111111111, "policy_loss": -0.0012396741658449173, "value_loss": 1.405533105134964, "entropy": 0.5936647951602936, "approx_kl": 0.0049602261278778315, "clip_fraction": 0.04248046875, "grad_norm": 15.569192886352539, "explained_variance": 0.852199137210846, "action_std_mean": 0.32562124729156494, "optimizer_iterations": 4.0, "lr": 6.076032e-05}
{"step": 1966080, "wall_time": 1790758022.0011427, "episodes_completed": 7.0, "mean_episode_reward": 3.6367083128009523, "std_episode_reward": 10.816272720539041, "min_episode_reward": -7.935873985290527, "max_episode_reward": 19.91510009765625, "mean_episode_length": 123.71428571428571, "success_rate": 0.42857142857142855, "collision_rate": 0.42857142857142855, "out_of_bounds_rate": 0.0, "timeout_rate": 0.14285714285714285, "policy_loss": 0.0015378077514469624, "value_loss": 2.114446759223938, "entropy": 0.5936283469200134, "approx_kl": 0.008570492500439286, "clip_fraction": 0.091796875, "grad_norm": 10.818414568901062, "explained_variance": 0.7772462964057922, "action_std_mean": 0.3256148099899292, "optimizer_iterations": 4.0, "lr": 6.0719360000000004e-05}
{"step": 1968128, "wall_time": 1790758034.8547032, "episodes_completed": 10.0, "mean_episode_reward": 9.22929277420044, "std_episode_reward": 9.413108240501607, "min_episode_reward": -10.004947662353516, "max_episode_reward": 17.078388214111328, "mean_episode_length": 77.2, "success_rate": 0.8, "collision_rate": 0.2, "out_of_bounds_rate": 0.0, "timeout_rate": 0.0, "policy_loss": -0.0007001518679317087, "value_loss": 1.4030040204524994, "entropy": 0.5935720503330231, "approx_kl": 0.004307486757170409, "clip_fraction": 0.04833984375, "grad_norm": 7.5370365381240845, "explained_variance": 0.8521445989608765, "action_std_mean": 0.3256012797355652, "optimizer_iterations": 4.0, "lr": 6.0678400000000005e-05}
{"step": 1970176, "wall_time": 1790758047.4197364, "episodes_completed": 4.0, "mean_episode_reward": 7.220577716827393, "std_episode_reward": 10.039902393346924, "min_episode_reward": -9.956011772155762, "max_episode_reward": 14.856624603271484, "mean_episode_length": 68.5, "success_rate": 0.75, "collision_rate": 0.25, "out_of_bounds_rate": 0.0, "timeout_rate": 0.0, "policy_loss": -0.001116929342970252, "value_loss": 0.2748573422431946, "entropy": 0.5934785604476929, "approx_kl": 0.00838066462893039, "clip_fraction": 0.0838623046875, "grad_norm": 6.925711274147034, "explained_variance": 0.9477598667144775, "action_std_mean": 0.32558146119117737, "optimizer_iterations": 4.0, "lr": 6.063744e-05}
{"step": 1972224, "wall_time": 1790758059.3795333, "episodes_completed": 2.0, "mean_episode_reward": 13.030694961547852, "std_episode_reward": 3.0193309783935547, "min_episode_reward": 10.011363983154297, "max_episode_reward": 16.050025939941406, "mean_episode_length": 71.0, "success_rate": 1.0, "collision_rate": 0.0, "out_of_bounds_rate": 0.0, "timeout_rate": 0.0, "policy_loss": -0.0006096159922890365, "value_loss": 0.12370123714208603, "entropy": 0.5933437645435333, "approx_kl": 0.014077925123274326, "clip_fraction": 0.1326904296875, "grad_norm": 6.742964386940002, "explained_variance": 0.9757182002067566, "action_std_mean": 0.3255629539489746, "optimizer_iterations": 4.0, "lr": 6.059648e-05}
{"step": 1974272, "wall_time": 1790758070.8417902, "episodes_completed": 3.0, "mean_episode_reward": 4.669778188069661, "std_episode_reward": 10.367669740416712, "min_episode_reward": -9.957269668579102, "max_episode_reward": 12.860779762268066, "mean_episode_length": 28.333333333333332, "success_rate": 0.6666666666666666, "collision_rate": 0.3333333333333333, "out_of_bounds_rate": 0.0, "timeout_rate": 0.0, "policy_loss": -0.006972899427637458, "value_loss": 0.15638934820890427, "entropy": 0.5933067798614502, "approx_kl": 0.014956302591599524, "clip_fraction": 0.0894775390625, "grad_norm": 3.4610767364501953, "explained_variance": 0.9716842770576477, "action_std_mean": 0.32558250427246094, "optimizer_iterations": 4.0, "lr": 6.055552e-05}
{"step": 1976320, "wall_time": 1790758082.2480028, "episodes_completed": 7.0, "mean_episode_reward": 5.763405916414091, "std_episode_reward": 11.630619960453895, "min_episode_reward": -10.031728744506836, "max_episode_reward": 21.753923416137695, "mean_episode_length": 103.28571428571429, "success_rate": 0.5714285714285714, "collision_rate": 0.2857142857142857, "out_of_bounds_rate": 0.0, "timeout_rate": 0.14285714285714285, "policy_loss": 0.0008057852974161506, "value_loss": 1.782270759344101, "entropy": 0.5934430360794067, "approx_kl": 0.010502565884962678, "clip_fraction": 0.079345703125, "grad_norm": 10.389832019805908, "explained_variance": 0.7646108269691467, "action_std_mean": 0.32560044527053833, "optimizer_iterations": 4.0, "lr": 6.0514559999999995e-05}
{"step": 1978368, "wall_time": 1790758095.4852867, "episodes_completed": 4.0, "mean_episode_reward": 13.307050228118896, "std_episode_reward": 1.4820166643251194, "min_episode_reward": 11.3170166015625, "max_episode_reward": 15.463753700256348, "mean_episode_length": 73.5, "success_rate": 1.0, "collision_rate": 0.0, "out_of_bounds_rate": 0.0, "timeout_rate": 0.0, "policy_loss": 0.0009668013080954552, "value_loss": 0.5880772471427917, "entropy": 0.5935457050800323, "approx_kl": 0.01340065523982048, "clip_fraction": 0.0859375, "grad_norm": 8.924513220787048, "explained_variance": 0.9306113719940186, "action_std_mean": 0.3256177306175232, "optimizer_iterations": 4.0, "lr": 6.0473599999999996e-05}
{"step": 1980416, "wall_time": 1790758109.5658116, "episodes_completed": 9.0, "mean_episode_reward": 5.5313105167200165, "std_episode_reward": 9.73084826693297, "min_episode_reward": -10.44622802734375, "max_episode_reward": 17.529037475585938, "mean_episode_length": 112.66666666666667, "success_rate": 0.5555555555555556, "collision_rate": 0.2222222222222222, "out_of_bounds_rate": 0.0, "timeout_rate": 0.2222222222222222, "policy_loss": -0.004137873649597168, "value_loss": 0.6423024982213974, "entropy": 0.593636691570282, "approx_kl": 0.017335976008325815, "clip_fraction": 0.113525390625, "grad_norm": 6.292460024356842, "explained_variance": 0.9413434863090515, "action_std_mean": 0.32562267780303955, "optimizer_iterations": 4.0, "lr": 6.043264e-05}
{"step": 1982464, "wall_time": 1790758121.1417491, "episodes_completed": 4.0, "mean_episode_reward": 8.986804485321045, "std_episode_reward": 11.775271038892814, "min_episode_reward": -11.01465892791748, "max_episode_reward": 17.777233123779297, "mean_episode_length": 131.0, "success_rate": 0.75, "collision_rate": 0.25, "out_of_bounds_rate": 0.0, "timeout_rate": 0.0, "policy_loss": -0.0023091714829206467, "value_loss": 0.5980508774518967, "entropy": 0.5936291217803955, "approx_kl": 0.01058741845190525, "clip_fraction": 0.0758056640625, "grad_norm": 5.476105570793152, "explained_variance": 0.9243329167366028, "action_std_mean": 0.3256174325942993, "optimizer_iterations": 4.0, "lr": 6.039167999999999e-05}
{"step": 1984512, "wall_time": 1790758132.8170993, "episodes_completed": 4.0, "mean_episode_reward": 3.327017307281494, "std_episode_reward": 10.341156593362271, "min_episode_reward": -9.869816780090332, "max_episode_reward": 14.476968765258789, "mean_episode_length": 79.75, "success_rate": 0.5, "collision_rate": 0.5, "out_of_bounds_rate": 0.0, "timeout_rate": 0.0, "policy_loss": 0.0014773403527215123, "value_loss": 0.9203483015298843, "entropy": 0.5935998260974884, "approx_kl": 0.012943226494826376, "clip_fraction": 0.06640625, "grad_norm": 134.70464646816254, "explained_variance": 0.9045724272727966, "action_std_mean": 0.325610876083374, "optimizer_iterations": 4.0, "lr": 6.0350720000000006e-05}
{"step": 1986560, "wall_time": 1790758144.4497411, "episodes_completed": 2.0, "mean_episode_reward": 16.454169273376465, "std_episode_reward": 3.1143198013305664, "min_episode_reward": 13.339849472045898, "max_episode_reward": 19.56848907470703, "mean_episode_length": 155.5, "success_rate": 1.0, "collision_rate": 0.0, "out_of_bounds_rate": 0.0, "timeout_rate": 0.0, "policy_loss": -0.0010652471100911498, "value_loss": 0.5248216241598129, "entropy": 0.5935573279857635, "approx_kl": 0.038544333539903164, "clip_fraction": 0.05224609375, "grad_norm": 6.861744165420532, "explained_variance": 0.9356063008308411, "action_std_mean": 0.3256033658981323, "optimizer_iterations": 4.0, "lr": 6.030976000000001e-05}
{"step": 1988608, "wall_time": 1790758155.8142686, "episodes_completed": 5.0, "mean_episode_reward": 14.653527641296387, "std_episode_reward": 2.6276920357152194, "min_episode_reward": 12.001070976257324, "max_episode_reward": 19.2883243560791, "mean_episode_length": 110.8, "success_rate": 1.0, "collision_rate": 0.0, "out_of_bounds_rate": 0.0, "timeout_rate": 0.0, "policy_loss": -0.0032931920140981674, "value_loss": 0.2178470455110073, "entropy": 0.5934779345989227, "approx_kl": 0.00874868652317673, "clip_fraction": 0.0732421875, "grad_norm": 5.360938489437103, "explained_variance": 0.9790948629379272, "action_std_mean": 0.32557976245880127, "optimizer_iterations": 4.0, "lr": 6.02688e-05}
{"step": 1990656, "wall_time": 1790758167.6759734, "episodes_completed": 4.0, "mean_episode_reward": 8.040799379348755, "std_episode_reward": 9.824512483755738, "min_episode_reward": -8.368266105651855, "max_episode_reward": 17.450904846191406, "mean_episode_length": 76.0, "success_rate": 0.75, "collision_rate": 0.25, "out_of_bounds_rate": 0.0, "timeout_rate": 0.0, "policy_loss": -0.0018139607273042202, "value_loss": 0.20502446964383125, "entropy": 0.5933075845241547, "approx_kl": 0.0033919644192792475, "clip_fraction": 0.023193359375, "grad_norm": 5.439682841300964, "explained_variance": 0.9766486287117004, "action_std_mean": 0.32555609941482544, "optimizer_iterations": 4.0, "lr": 6.022784e-05}
{"step": 1992704, "wall_time": 1790758179.376303, "episodes_completed": 5.0, "mean_episode_reward": 10.456017183512449, "std_episode_reward": 8.55258756667702, "min_episode_reward": -0.009574536234140396, "max_episode_reward": 21.006338119506836, "mean_episode_length": 158.2, "success_rate": 0.6, "collision_rate": 0.0, "out_of_bounds_rate": 0.0, "timeout_rate": 0.4, "policy_loss": -0.0023978278040885925, "value_loss": 0.26886771619319916, "entropy": 0.5931903421878815, "approx_kl": 0.035635280422866344, "clip_fraction": 0.0953369140625, "grad_norm": 6.939552307128906, "explained_variance": 0.970303475856781, "action_std_mean": 0.3255423605442047, "optimizer_iterations": 4.0, "lr": 6.018688e-05}
{"step": 1994752, "wall_time": 1790758190.6549225, "episodes_completed": 8.0, "mean_episode_reward": 9.494485415518284, "std_episode_reward": 9.001210403305837, "min_episode_reward": -9.45175552368164, "max_episode_reward": 20.53960418701172, "mean_episode_length": 90.125, "success_rate": 0.75, "collision_rate": 0.125, "out_of_bounds_rate": 0.0, "timeout_rate": 0.125, "policy_loss": -0.001983894966542721, "value_loss": 0.5996042788028717, "entropy": 0.593116044998169, "approx_kl": 0.011779468739405274, "clip_fraction": 0.0662841796875, "grad_norm": 8.410686254501343, "explained_variance": 0.9365537762641907, "action_std_mean": 0.32553112506866455, "optimizer_iterations": 4.0, "lr": 6.014592000000001e-05}
{"step": 1996800, "wall_time": 1790758201.9383805, "episodes_completed": 4.0, "mean_episode_reward": 9.421069845557213, "std_episode_reward": 5.4138887062983745, "min_episode_reward": 0.5416783690452576, "max_episode_reward": 14.947874069213867, "mean_episode_length": 45.75, "success_rate": 0.75, "collision_rate": 0.0, "out_of_bounds_rate": 0.0, "timeout_rate": 0.25, "policy_loss": -0.0027975658886134624, "value_loss": 0.28839438408613205, "entropy": 0.5930499732494354, "approx_kl": 0.014836363960057497, "clip_fraction": 0.104248046875, "grad_norm": 9.32920503616333, "explained_variance": 0.9488133192062378, "action_std_mean": 0.3255249261856079, "optimizer_iterations": 4.0, "lr": 6.010496000000001e-05}
{"step": 1998848, "wall_time": 1790758213.1474955, "episodes_completed": 8.0, "mean_episode_reward": 12.13345754146576, "std_episode_reward": 8.943556802885952, "min_episode_reward": -10.206209182739258, "max_episode_reward": 19.399799346923828, "mean_episode_length": 123.25, "success_rate": 0.875, "collision_rate": 0.125, "out_of_bounds_rate": 0.0, "timeout_rate": 0.0, "policy_loss": -0.0031868969090282917, "value_loss": 0.4461747780442238, "entropy": 0.5930335223674774, "approx_kl": 0.020516356686130166, "clip_fraction": 0.1090087890625, "grad_norm": 10.661906957626343, "explained_variance": 0.9592330455780029, "action_std_mean": 0.3255292475223541, "optimizer_iterations": 4.0, "lr": 6.0064000000000006e-05}
{"step": 2000896, "wall_time": 1790758224.379403, "episodes_completed": 10.0, "mean_episode_reward": 3.984152412414551, "std_episode_reward": 11.677110498779944, "min_episode_reward": -9.505125045776367, "max_episode_reward": 18.687936782836914, "mean_episode_length": 87.2, "success_rate": 0.5, "collision_rate": 0.5, "out_of_bounds_rate": 0.0, "timeout_rate": 0.0, "policy_loss": -0.0034068101085722446, "value_loss": 1.836366355419159, "entropy": 0.5930717885494232, "approx_kl": 0.007455795304849744, "clip_fraction": 0.019287109375, "grad_norm": 12.638088345527649, "explained_variance": 0.8855351209640503, "action_std_mean": 0.32553452253341675, "optimizer_iterations": 4.0, "lr": 6.002304000000001e-05}
{"step": 2002944, "wall_time": 1790758235.599567, "episodes_completed": 9.0, "mean_episode_reward": 4.8044496112399635, "std_episode_reward": 10.246440944313527, "min_episode_reward": -9.95572280883789, "max_episode_reward": 15.710814476013184, "mean_episode_length": 84.88888888888889, "success_rate": 0.5555555555555556, "collision_rate": 0.4444444444444444, "out_of_bounds_rate": 0.0, "timeout_rate": 0.0, "policy_loss": 0.0010067136026918888, "value_loss": 1.6293220818042755, "entropy": 0.5930860340595245, "approx_kl": 0.009106589714065194, "clip_fraction": 0.0970458984375, "grad_norm": 9.654645800590515, "explained_variance": 0.887509822845459, "action_std_mean": 0.3255334198474884, "optimizer_iterations": 4.0, "lr": 5.998208000000001e-05}
{"step": 2004992, "wall_time": 1790758246.78406, "episodes_completed": 10.0, "mean_episode_reward": 9.641865253448486, "std_episode_reward": 8.204659281087295, "min_episode_reward": -8.487334251403809, "max_episode_reward": 15.791038513183594, "mean_episode_length": 89.4, "success_rate": 0.8, "collision_rate": 0.2, "out_of_bounds_rate": 0.0, "timeout_rate": 0.0, "policy_loss": -0.0007414743304252625, "value_loss": 1.5286563634872437, "entropy": 0.5930756032466888, "approx_kl": 0.005413146631326526, "clip_fraction": 0.0665283203125, "grad_norm": 11.581930756568909, "explained_variance": 0.8653488159179688, "action_std_mean": 0.3255302309989929, "optimizer_iterations": 4.0, "lr": 5.994112000000001e-05}
{"step": 2007040, "wall_time": 1790758258.1579978, "episodes_completed": 9.0, "mean_episode_reward": 0.5454192169838481, "std_episode_reward": 11.164271072921618, "min_episode_reward": -9.993289947509766, "max_episode_reward": 18.699642181396484, "mean_episode_length": 78.11111111111111, "success_rate": 0.3333333333333333, "collision_rate": 0.5555555555555556, "out_of_bounds_rate": 0.0, "timeout_rate": 0.1111111111111111, "policy_loss": 0.0010964646935462952, "value_loss": 2.3472574949264526, "entropy": 0.5930542349815369, "approx_kl": 0.015971649205312133, "clip_fraction": 0.114990234375, "grad_norm": 10.853983283042908, "explained_variance": 0.766555666923523, "action_std_mean": 0.3255264461040497, "optimizer_iterations": 4.0, "lr": 5.9900160000000004e-05}
{"step": 2009088, "wall_time": 1790758272.3020082, "episodes_completed": 6.0, "mean_episode_reward": 13.413561344146729, "std_episode_reward": 10.825939508056521, "min_episode_reward": -9.964154243469238, "max_episode_reward": 21.536453247070312, "mean_episode_length": 150.83333333333334, "success_rate": 0.8333333333333334, "collision_rate": 0.16666666666666666, "out_of_bounds_rate": 0.0, "timeout_rate": 0.0, "policy_loss": -0.006354514975100756, "value_loss": 0.35801026225090027, "entropy": 0.5930411219596863, "approx_kl": 0.005897863418795168, "clip_fraction": 0.0535888671875, "grad_norm": 3.835645318031311, "explained_variance": 0.9544387459754944, "action_std_mean": 0.32552528381347656, "optimizer_iterations": 4.0, "lr": 5.9859200000000004e-05}
{"step": 2011136, "wall_time": 1790758284.2148688, "episodes_completed": 7.0, "mean_episode_reward": 4.24372250693185, "std_episode_reward": 9.537297534499956, "min_episode_reward": -10.79564380645752, "max_episode_reward": 14.08811092376709, "mean_episode_length": 117.0, "success_rate": 0.5714285714285714, "collision_rate": 0.42857142857142855, "out_of_bounds_rate": 0.0, "timeout_rate": 0.0, "policy_loss": 0.00045955838868394494, "value_loss": 0.9265826642513275, "entropy": 0.5930195748806, "approx_kl": 0.010105998255312443, "clip_fraction": 0.0450439453125, "grad_norm": 11.827105641365051, "explained_variance": 0.9291988611221313, "action_std_mean": 0.3255189061164856, "optimizer_iterations": 4.0, "lr": 5.9818240000000005e-05}
{"step": 2013184, "wall_time": 1790758296.4750166, "episodes_completed": 5.0, "mean_episode_reward": 4.774812507629394, "std_episode_reward": 9.63798941582736, "min_episode_reward": -8.664202690124512, "max_episode_reward": 14.327362060546875, "mean_episode_length": 62.8, "success_rate": 0.6, "collision_rate": 0.4, "out_of_bounds_rate": 0.0, "timeout_rate": 0.0, "policy_loss": -0.00014179106801748276, "value_loss": 0.4179293289780617, "entropy": 0.5929809808731079, "approx_kl": 0.009495187434367836, "clip_fraction": 0.0601806640625, "grad_norm": 34.11817491054535, "explained_variance": 0.9620391130447388, "action_std_mean": 0.32551008462905884, "optimizer_iterations": 4.0, "lr": 5.977728e-05}
{"step": 2015232, "wall_time": 1790758308.1483307, "episodes_completed": 11.0, "mean_episode_reward": 3.635880735110153, "std_episode_reward": 10.772467092222067, "min_episode_reward": -9.95660400390625, "max_episode_reward": 21.831111907958984, "mean_episode_length": 55.09090909090909, "success_rate": 0.5454545454545454, "collision_rate": 0.36363636363636365, "out_of_bounds_rate": 0.0, "timeout_rate": 0.09090909090909091, "policy_loss": -0.003627221565693617, "value_loss": 0.3818954601883888, "entropy": 0.592897355556488, "approx_kl": 0.007369365310296416, "clip_fraction": 0.0626220703125, "grad_norm": 6.1671528816223145, "explained_variance": 0.9619168043136597, "action_std_mean": 0.32548922300338745, "optimizer_iterations": 4.0, "lr": 5.973632e-05}
{"step": 2017280, "wall_time": 1790758319.6846447, "episodes_completed": 7.0, "mean_episode_reward": 9.575226366519928, "std_episode_reward": 9.475508697325425, "min_episode_reward": -8.655241012573242, "max_episode_reward": 20.271244049072266, "mean_episode_length": 125.42857142857143, "success_rate": 0.7142857142857143, "collision_rate": 0.14285714285714285, "out_of_bounds_rate": 0.0, "timeout_rate": 0.14285714285714285, "policy_loss": 0.0004326137714087963, "value_loss": 1.2944071590900421, "entropy": 0.5927605628967285, "approx_kl": 0.0036007316084578633, "clip_fraction": 0.019775390625, "grad_norm": 14.61257290840149, "explained_variance": 0.8468014597892761, "action_std_mean": 0.325467050075531, "optimizer_iterations": 4.0, "lr": 5.969536e-05}
{"step": 2019328, "wall_time": 1790758330.8822567, "episodes_completed": 5.0, "mean_episode_reward": 5.749182987213135, "std_episode_reward": 9.132412512347035, "min_episode_reward": -5.161877632141113, "max_episode_reward": 16.904890060424805, "mean_episode_length": 110.8, "success_rate": 0.6, "collision_rate": 0.4, "out_of_bounds_rate": 0.0, "timeout_rate": 0.0, "policy_loss": -0.001736590638756752, "value_loss": 1.3315741121768951, "entropy": 0.5926233232021332, "approx_kl": 0.007003943377640098, "clip_fraction": 0.0865478515625, "grad_norm": 18.86479902267456, "explained_variance": 0.8699100613594055, "action_std_mean": 0.3254440724849701, "optimizer_iterations": 4.0, "lr": 5.9654399999999996e-05}
{"step": 2021376, "wall_time": 1790758342.1916435, "episodes_completed": 4.0, "mean_episode_reward": 3.700608968734741, "std_episode_reward": 12.693837179127948, "min_episode_reward": -8.851482391357422, "max_episode_reward": 19.782865524291992, "mean_episode_length": 80.75, "success_rate": 0.5, "collision_rate": 0.5, "out_of_bounds_rate": 0.0, "timeout_rate": 0.0, "policy_loss": -0.002969617140479386, "value_loss": 0.4894120544195175, "entropy": 0.5924972593784332, "approx_kl": 0.0062116062035784125, "clip_fraction": 0.0650634765625, "grad_norm": 6.5791055560112, "explained_variance": 0.9369100332260132, "action_std_mean": 0.3254292905330658, "optimizer_iterations": 4.0, "lr": 5.961344e-05}
{"step": 2023424, "wall_time": 1790758353.521189, "episodes_completed": 10.0, "mean_episode_reward": 10.02017822265625, "std_episode_reward": 10.476005343051886, "min_episode_reward": -9.994678497314453, "max_episode_reward": 22.208328247070312, "mean_episode_length": 114.4, "success_rate": 0.8, "collision_rate": 0.2, "out_of_bounds_rate": 0.0, "timeout_rate": 0.0, "policy_loss": -0.0010777420829981565, "value_loss": 0.7498709708452225, "entropy": 0.5924324989318848, "approx_kl": 0.010237862705253065, "clip_fraction": 0.1051025390625, "grad_norm": 4.778742849826813, "explained_variance": 0.9139955043792725, "action_std_mean": 0.3254282474517822, "optimizer_iterations": 4.0, "lr": 5.957248e-05}
{"step": 2025472, "wall_time": 1790758364.5855198, "episodes_completed": 10.0, "mean_episode_reward": 3.102663040161133, "std_episode_reward": 10.490210810685436, "min_episode_reward": -10.3736572265625, "max_episode_reward": 15.628458023071289, "mean_episode_length": 96.2, "success_rate": 0.5, "collision_rate": 0.5, "out_of_bounds_rate": 0.0, "timeout_rate": 0.0, "policy_loss": -0.004835814121179283, "value_loss": 2.7281334400177, "entropy": 0.5924432277679443, "approx_kl": 0.012519270065240562, "clip_fraction": 0.05712890625, "grad_norm": 10.40493893623352, "explained_variance": 0.719753623008728, "action_std_mean": 0.32543087005615234, "optimizer_iterations": 4.0, "lr": 5.953152e-05}
{"step": 2027520, "wall_time": 1790758375.8300667, "episodes_completed": 10.0, "mean_episode_reward": 5.067140102386475, "std_episode_reward": 10.936994646934213, "min_episode_reward": -10.006647109985352, "max_episode_reward": 17.327960968017578, "mean_episode_length": 70.5, "success_rate": 0.6, "collision_rate": 0.4, "out_of_bounds_rate": 0.0, "timeout_rate": 0.0, "policy_loss": -0.00036452338099479675, "value_loss": 1.0481944382190704, "entropy": 0.5924591422080994, "approx_kl": 0.012079775799065828, "clip_fraction": 0.0948486328125, "grad_norm": 18.36250901222229, "explained_variance": 0.8751764297485352, "action_std_mean": 0.3254351019859314, "optimizer_iterations": 4.0, "lr": 5.949055999999999e-05}
{"step": 2029568, "wall_time": 1790758387.5714567, "episodes_completed": 6.0, "mean_episode_reward": 4.304456017135332, "std_episode_reward": 10.746180802633026, "min_episode_reward": -11.135636329650879, "max_episode_reward": 14.855693817138672, "mean_episode_length": 114.83333333333333, "success_rate": 0.5, "collision_rate": 0.3333333333333333, "out_of_bounds_rate": 0.0, "timeout_rate": 0.16666666666666666, "policy_loss": -0.000730389729142189, "value_loss": 1.288711667060852, "entropy": 0.5924919247627258, "approx_kl": 0.0076417278905864805, "clip_fraction": 0.045654296875, "grad_norm": 9.738715410232544, "explained_variance": 0.8490230441093445, "action_std_mean": 0.3254421353340149, "optimizer_iterations": 4.0, "lr": 5.944960000000001e-05}
{"step": 2031616, "wall_time": 1790758400.4877894, "episodes_completed": 12.0, "mean_episode_reward": 6.706003745396932, "std_episode_reward": 10.38106290690133, "min_episode_reward": -9.615917205810547, "max_episode_reward": 20.52527618408203, "mean_episode_length": 98.75, "success_rate": 0.6666666666666666, "collision_rate": 0.3333333333333333, "out_of_bounds_rate": 0.0, "timeout_rate": 0.0, "policy_loss": 0.0006351899355649948, "value_loss": 1.3995685577392578, "entropy": 0.5925371050834656, "approx_kl": 0.010339911619666964, "clip_fraction": 0.0489501953125, "grad_norm": 8.62178635597229, "explained_variance": 0.904140830039978, "action_std_mean": 0.3254516124725342, "optimizer_iterations": 4.0, "lr": 5.940864e-05}
{"step": 2033664, "wall_time": 1790758412.0436049, "episodes_completed": 7.0, "mean_episode_reward": 4.606992244720459, "std_episode_reward": 11.336855333263541, "min_episode_reward": -9.97320556640625, "max_episode_reward": 18.979782104492188, "mean_episode_length": 102.57142857142857, "success_rate": 0.5714285714285714, "collision_rate": 0.42857142857142855, "out_of_bounds_rate": 0.0, "timeout_rate": 0.0, "policy_loss": -0.002108051208779216, "value_loss": 0.7920957058668137, "entropy": 0.592591792345047, "approx_kl": 0.030865926295518875, "clip_fraction": 0.0919189453125, "grad_norm": 8.896779894828796, "explained_variance": 0.917561411857605, "action_std_mean": 0.3254573345184326, "optimizer_iterations": 4.0, "lr": 5.936768e-05}
{"step": 2035712, "wall_time": 1790758423.4760656, "episodes_completed": 2.0, "mean_episode_reward": 15.716673851013184, "std_episode_reward": 0.8538751602172852, "min_episode_reward": 14.862798690795898, "max_episode_reward": 16.57054901123047, "mean_episode_length": 152.0, "success_rate": 1.0, "collision_rate": 0.0, "out_of_bounds_rate": 0.0, "timeout_rate": 0.0, "policy_loss": -0.0024949893122538924, "value_loss": 0.3341541588306427, "entropy": 0.5926147997379303, "approx_kl": 0.036173668690025806, "clip_fraction": 0.064697265625, "grad_norm": 5.583479881286621, "explained_variance": 0.9477450847625732, "action_std_mean": 0.32545411586761475, "optimizer_iterations": 4.0, "lr": 5.9326720000000004e-05}
{"step": 2037760, "wall_time": 1790758434.682145, "episodes_completed": 7.0, "mean_episode_reward": 7.402246475219727, "std_episode_reward": 10.585243339297701, "min_episode_reward": -10.015477180480957, "max_episode_reward": 16.833833694458008, "mean_episode_length": 68.28571428571429, "success_rate": 0.7142857142857143, "collision_rate": 0.2857142857142857, "out_of_bounds_rate": 0.0, "timeout_rate": 0.0, "policy_loss": -0.0021330551244318485, "value_loss": 0.30971629172563553, "entropy": 0.5925745368003845, "approx_kl": 0.010588391683995724, "clip_fraction": 0.0286865234375, "grad_norm": 7.601334452629089, "explained_variance": 0.9678685069084167, "action_std_mean": 0.3254520893096924, "optimizer_iterations": 4.0, "lr": 5.928576e-05}
{"step": 2039808, "wall_time": 1790758445.8489757, "episodes_completed": 9.0, "mean_episode_reward": 1.4786087670880887, "std_episode_reward": 10.666763449122023, "min_episode_reward": -9.95706844329834, "max_episode_reward": 20.297054290771484, "mean_episode_length": 85.66666666666667, "success_rate": 0.3333333333333333, "collision_rate": 0.4444444444444444, "out_of_bounds_rate": 0.0, "timeout_rate": 0.2222222222222222, "policy_loss": -0.0005398313514888287, "value_loss": 1.6503758430480957, "entropy": 0.5925973355770111, "approx_kl": 0.03573460644111037, "clip_fraction": 0.0941162109375, "grad_norm": 15.439747214317322, "explained_variance": 0.8159084320068359, "action_std_mean": 0.32545870542526245, "optimizer_iterations": 4.0, "lr": 5.92448e-05}
{"step": 2041856, "wall_time": 1790758456.9563005, "episodes_completed": 11.0, "mean_episode_reward": 8.360832214355469, "std_episode_reward": 11.156799004183037, "min_episode_reward": -9.891966819763184, "max_episode_reward": 20.639877319335938, "mean_episode_length": 111.54545454545455, "success_rate": 0.7272727272727273, "collision_rate": 0.2727272727272727, "out_of_bounds_rate": 0.0, "timeout_rate": 0.0, "policy_loss": -0.0039530866779387, "value_loss": 0.5219720304012299, "entropy": 0.5926430821418762, "approx_kl": 0.025753779336810112, "clip_fraction": 0.060546875, "grad_norm": 5.077966272830963, "explained_variance": 0.951969563961029, "action_std_mean": 0.3254668712615967, "optimizer_iterations": 4.0, "lr": 5.9203840000000014e-05}
{"step": 2043904, "wall_time": 1790758468.1722746, "episodes_completed": 12.0, "mean_episode_reward": 3.872382879257202, "std_episode_reward": 10.053937694770685, "min_episode_reward": -10.011198997497559, "max_episode_reward": 18.544307708740234, "mean_episode_length": 85.25, "success_rate": 0.5, "collision_rate": 0.5, "out_of_bounds_rate": 0.0, "timeout_rate": 0.0, "policy_loss": 0.0028496593004092574, "value_loss": 2.745839476585388, "entropy": 0.5926812291145325, "approx_kl": 0.0073496118420735, "clip_fraction": 0.078369140625, "grad_norm": 21.058131456375122, "explained_variance": 0.8272261023521423, "action_std_mean": 0.32546764612197876, "optimizer_iterations": 4.0, "lr": 5.916288000000001e-05}
{"step": 2045952, "wall_time": 1790758479.2310238, "episodes_completed": 5.0, "mean_episode_reward": 14.261031532287598, "std_episode_reward": 4.362982674846427, "min_episode_reward": 10.544778823852539, "max_episode_reward": 19.73480987548828, "mean_episode_length": 96.2, "success_rate": 1.0, "collision_rate": 0.0, "out_of_bounds_rate": 0.0, "timeout_rate": 0.0, "policy_loss": 0.0031619290821254253, "value_loss": 0.39214908331632614, "entropy": 0.592680037021637, "approx_kl": 0.08241451252251863, "clip_fraction": 0.0648193359375, "grad_norm": 13.698471903800964, "explained_variance": 0.8456070423126221, "action_std_mean": 0.32547229528427124, "optimizer_iterations": 4.0, "lr": 5.912192000000001e-05}
{"step": 2048000, "wall_time": 1790758490.276083, "episodes_completed": 8.0, "mean_episode_reward": 6.193788230419159, "std_episode_reward": 11.252721159724603, "min_episode_reward": -10.002206802368164, "max_episode_reward": 17.806753158569336, "mean_episode_length": 89.125, "success_rate": 0.625, "collision_rate": 0.375, "out_of_bounds_rate": 0.0, "timeout_rate": 0.0, "policy_loss": 0.0005590012297034264, "value_loss": 0.9362335801124573, "entropy": 0.5927274823188782, "approx_kl": 0.017426413949579, "clip_fraction": 0.117431640625, "grad_norm": 19.05757451057434, "explained_variance": 0.8959334492683411, "action_std_mean": 0.3254794180393219, "optimizer_iterations": 4.0, "lr": 5.908096000000001e-05}
{"step": 2050048, "wall_time": 1790758502.9046068, "episodes_completed": 12.0, "mean_episode_reward": 0.8265661398569742, "std_episode_reward": 10.797631848172832, "min_episode_reward": -10.564857482910156, "max_episode_reward": 18.419952392578125, "mean_episode_length": 82.33333333333333, "success_rate": 0.4166666666666667, "collision_rate": 0.5833333333333334, "out_of_bounds_rate": 0.0, "timeout_rate": 0.0, "policy_loss": 0.001078236848115921, "value_loss": 2.7741149067878723, "entropy": 0.5927647054195404, "approx_kl": 0.011458696331828833, "clip_fraction": 0.0582275390625, "grad_norm": 20.92418646812439, "explained_variance": 0.8376888036727905, "action_std_mean": 0.3254862427711487, "optimizer_iterations": 4.0, "lr": 5.9040000000000004e-05}
{"step": 2052096, "wall_time": 1790758515.4094865, "episodes_completed": 6.0, "mean_episode_reward": 9.69204076131185, "std_episode_reward": 7.148529451725099, "min_episode_reward": -5.460267066955566, "max_episode_reward": 16.68848419189453, "mean_episode_length": 77.83333333333333, "success_rate": 0.8333333333333334, "collision_rate": 0.16666666666666666, "out_of_bounds_rate": 0.0, "timeout_rate": 0.0, "policy_loss": 0.0008186593186110258, "value_loss": 0.5090773180127144, "entropy": 0.5927936434745789, "approx_kl": 0.02487317332997918, "clip_fraction": 0.056640625, "grad_norm": 7.718466758728027, "explained_variance": 0.9429317116737366, "action_std_mean": 0.3254806399345398, "optimizer_iterations": 4.0, "lr": 5.8999040000000005e-05}
{"step": 2054144, "wall_time": 1790758526.9708283, "episodes_completed": 7.0, "mean_episode_reward": 6.125899723597935, "std_episode_reward": 12.152463107077475, "min_episode_reward": -9.115655899047852, "max_episode_reward": 20.922229766845703, "mean_episode_length": 107.85714285714286, "success_rate": 0.5714285714285714, "collision_rate": 0.42857142857142855, "out_of_bounds_rate": 0.0, "timeout_rate": 0.0, "policy_loss": -0.0016739158891141415, "value_loss": 0.6083138287067413, "entropy": 0.5927624702453613, "approx_kl": 0.004542314447462559, "clip_fraction": 0.0335693359375, "grad_norm": 7.116004765033722, "explained_variance": 0.947171151638031, "action_std_mean": 0.3254927694797516, "optimizer_iterations": 4.0, "lr": 5.8958080000000006e-05}
{"step": 2056192, "wall_time": 1790758538.1934636, "episodes_completed": 11.0, "mean_episode_reward": 9.185383185236292, "std_episode_reward": 8.40247050306696, "min_episode_reward": -8.398077011108398, "max_episode_reward": 18.335338592529297, "mean_episode_length": 87.63636363636364, "success_rate": 0.7272727272727273, "collision_rate": 0.18181818181818182, "out_of_bounds_rate": 0.0, "timeout_rate": 0.09090909090909091, "policy_loss": -0.0012711789458990097, "value_loss": 1.281802237033844, "entropy": 0.5928977131843567, "approx_kl": 0.007594617083668709, "clip_fraction": 0.029296875, "grad_norm": 14.502516269683838, "explained_variance": 0.8682329058647156, "action_std_mean": 0.32551413774490356, "optimizer_iterations": 4.0, "lr": 5.891712e-05}
{"step": 2058240, "wall_time": 1790758549.4395864, "episodes_completed": 10.0, "mean_episode_reward": 10.05212469100952, "std_episode_reward": 8.344775115699415, "min_episode_reward": -9.652873039245605, "max_episode_reward": 20.980514526367188, "mean_episode_length": 103.3, "success_rate": 0.8, "collision_rate": 0.2, "out_of_bounds_rate": 0.0, "timeout_rate": 0.0, "policy_loss": -0.000891360454261303, "value_loss": 0.9159224629402161, "entropy": 0.5929810404777527, "approx_kl": 0.0038857592444401234, "clip_fraction": 0.0439453125, "grad_norm": 10.483259797096252, "explained_variance": 0.9260761737823486, "action_std_mean": 0.3255140781402588, "optimizer_iterations": 4.0, "lr": 5.887616e-05}
{"step": 2060288, "wall_time": 1790758560.7345626, "episodes_completed": 4.0, "mean_episode_reward": 9.16405439376831, "std_episode_reward": 4.760504982880015, "min_episode_reward": 1.0002861022949219, "max_episode_reward": 12.510289192199707, "mean_episode_length": 91.25, "success_rate": 0.75, "collision_rate": 0.25, "out_of_bounds_rate": 0.0, "timeout_rate": 0.0, "policy_loss": -0.0029800347983837128, "value_loss": 0.5110044702887535, "entropy": 0.5929534137248993, "approx_kl": 0.035116988234221935, "clip_fraction": 0.06103515625, "grad_norm": 7.860883831977844, "explained_variance": 0.9576889872550964, "action_std_mean": 0.3255089521408081, "optimizer_iterations": 4.0, "lr": 5.88352e-05}
{"step": 2062336, "wall_time": 1790758573.4598951, "episodes_completed": 11.0, "mean_episode_reward": 5.0792057324539535, "std_episode_reward": 11.565529411639686, "min_episode_reward": -10.151302337646484, "max_episode_reward": 20.61868667602539, "mean_episode_length": 81.81818181818181, "success_rate": 0.5454545454545454, "collision_rate": 0.36363636363636365, "out_of_bounds_rate": 0.0, "timeout_rate": 0.09090909090909091, "policy_loss": -0.00440268381498754, "value_loss": 0.8933288007974625, "entropy": 0.5929282307624817, "approx_kl": 0.004420657409355044, "clip_fraction": 0.051025390625, "grad_norm": 11.853672504425049, "explained_variance": 0.9318052530288696, "action_std_mean": 0.32550105452537537, "optimizer_iterations": 4.0, "lr": 5.879424e-05}
{"step": 2064384, "wall_time": 1790758584.888992, "episodes_completed": 3.0, "mean_episode_reward": 10.445576349894205, "std_episode_reward": 9.326075110029587, "min_episode_reward": -1.515944480895996, "max_episode_reward": 21.238304138183594, "mean_episode_length": 159.66666666666666, "success_rate": 0.6666666666666666, "collision_rate": 0.3333333333333333, "out_of_bounds_rate": 0.0, "timeout_rate": 0.0, "policy_loss": 0.0030012978240847588, "value_loss": 0.7671202272176743, "entropy": 0.5928749740123749, "approx_kl": 0.011248877737671137, "clip_fraction": 0.0806884765625, "grad_norm": 7.064621210098267, "explained_variance": 0.9078575372695923, "action_std_mean": 0.32549548149108887, "optimizer_iterations": 4.0, "lr": 5.875328e-05}
{"step": 2066432, "wall_time": 1790758596.0478258, "episodes_completed": 5.0, "mean_episode_reward": 6.370773887634277, "std_episode_reward": 9.378308139513651, "min_episode_reward": -9.30074691772461, "max_episode_reward": 17.7689208984375, "mean_episode_length": 96.6, "success_rate": 0.6, "collision_rate": 0.4, "out_of_bounds_rate": 0.0, "timeout_rate": 0.0, "policy_loss": -0.003188065020367503, "value_loss": 0.5703901201486588, "entropy": 0.5928448438644409, "approx_kl": 0.015872193733230233, "clip_fraction": 0.07568359375, "grad_norm": 12.021742105484009, "explained_variance": 0.9304669499397278, "action_std_mean": 0.32549339532852173, "optimizer_iterations": 4.0, "lr": 5.871232e-05}
{"step": 2068480, "wall_time": 1790758607.5580282, "episodes_completed": 4.0, "mean_episode_reward": 9.206450248137116, "std_episode_reward": 5.577770881896372, "min_episode_reward": -0.12412156909704208, "max_episode_reward": 13.918842315673828, "mean_episode_length": 88.0, "success_rate": 0.75, "collision_rate": 0.0, "out_of_bounds_rate": 0.0, "timeout_rate": 0.25, "policy_loss": 0.011356946779415011, "value_loss": 0.25405460596084595, "entropy": 0.592840313911438, "approx_kl": 0.034914121963083744, "clip_fraction": 0.0833740234375, "grad_norm": 8.944930076599121, "explained_variance": 0.9553526639938354, "action_std_mean": 0.3254898190498352, "optimizer_iterations": 4.0, "lr": 5.867136e-05}
{"step": 2070528, "wall_time": 1790758618.7636452, "episodes_completed": 8.0, "mean_episode_reward": 8.161533953156322, "std_episode_reward": 10.722352098827292, "min_episode_reward": -9.950146675109863, "max_episode_reward": 21.641883850097656, "mean_episode_length": 113.875, "success_rate": 0.625, "collision_rate": 0.25, "out_of_bounds_rate": 0.0, "timeout_rate": 0.125, "policy_loss": 0.008392722578719258, "value_loss": 1.1977326273918152, "entropy": 0.5927698910236359, "approx_kl": 0.18323472887277603, "clip_fraction": 0.14404296875, "grad_norm": 7.989839196205139, "explained_variance": 0.861760139465332, "action_std_mean": 0.32546406984329224, "optimizer_iterations": 4.0, "lr": 5.8630399999999993e-05}
{"step": 2072576, "wall_time": 1790758632.667327, "episodes_completed": 3.0, "mean_episode_reward": -0.3509082794189453, "std_episode_reward": 12.160002573740382, "min_episode_reward": -9.942068099975586, "max_episode_reward": 16.806133270263672, "mean_episode_length": 75.0, "success_rate": 0.3333333333333333, "collision_rate": 0.6666666666666666, "out_of_bounds_rate": 0.0, "timeout_rate": 0.0, "policy_loss": -0.0018895827233791351, "value_loss": 1.2303606867790222, "entropy": 0.5925819575786591, "approx_kl": 0.027934773825109005, "clip_fraction": 0.0775146484375, "grad_norm": 8.25718069076538, "explained_variance": 0.8348860144615173, "action_std_mean": 0.325431764125824, "optimizer_iterations": 4.0, "lr": 5.8589439999999994e-05}
{"step": 2074624, "wall_time": 1790758644.4871213, "episodes_completed": 9.0, "mean_episode_reward": 1.916612360212538, "std_episode_reward": 11.62099487106859, "min_episode_reward": -9.799535751342773, "max_episode_reward": 16.78128433227539, "mean_episode_length": 70.22222222222223, "success_rate": 0.4444444444444444, "collision_rate": 0.5555555555555556, "out_of_bounds_rate": 0.0, "timeout_rate": 0.0, "policy_loss": -0.0009223446249961853, "value_loss": 2.5513551831245422, "entropy": 0.5924002230167389, "approx_kl": 0.007856621989049017, "clip_fraction": 0.06787109375, "grad_norm": 11.131663203239441, "explained_variance": 0.7983168363571167, "action_std_mean": 0.3254108130931854, "optimizer_iterations": 4.0, "lr": 5.854848e-05}
{"step": 2076672, "wall_time": 1790758655.9648933, "episodes_completed": 7.0, "mean_episode_reward": 10.634899139404297, "std_episode_reward": 8.91652110056364, "min_episode_reward": -10.509956359863281, "max_episode_reward": 18.80608367919922, "mean_episode_length": 112.71428571428571, "success_rate": 0.8571428571428571, "collision_rate": 0.14285714285714285, "out_of_bounds_rate": 0.0, "timeout_rate": 0.0, "policy_loss": -0.002217263914644718, "value_loss": 0.8507170975208282, "entropy": 0.5922980904579163, "approx_kl": 0.007365225115790963, "clip_fraction": 0.077392578125, "grad_norm": 6.47600781917572, "explained_variance": 0.9180114269256592, "action_std_mean": 0.3253975808620453, "optimizer_iterations": 4.0, "lr": 5.850752e-05}
{"step": 2078720, "wall_time": 1790758667.8185117, "episodes_completed": 5.0, "mean_episode_reward": 6.4924805641174315, "std_episode_reward": 8.516402217331445, "min_episode_reward": -6.692891597747803, "max_episode_reward": 15.148027420043945, "mean_episode_length": 129.4, "success_rate": 0.6, "collision_rate": 0.4, "out_of_bounds_rate": 0.0, "timeout_rate": 0.0, "policy_loss": -0.0033385008573532104, "value_loss": 0.8973888903856277, "entropy": 0.5922237038612366, "approx_kl": 0.010018948116339743, "clip_fraction": 0.0804443359375, "grad_norm": 10.27822494506836, "explained_variance": 0.906051516532898, "action_std_mean": 0.32538777589797974, "optimizer_iterations": 4.0, "lr": 5.8466560000000004e-05}
{"step": 2080768, "wall_time": 1790758680.3514595, "episodes_completed": 11.0, "mean_episode_reward": 1.4700752892954783, "std_episode_reward": 9.851275250145298, "min_episode_reward": -10.079228401184082, "max_episode_reward": 20.19110679626465, "mean_episode_length": 68.54545454545455, "success_rate": 0.36363636363636365, "collision_rate": 0.45454545454545453, "out_of_bounds_rate": 0.0, "timeout_rate": 0.18181818181818182, "policy_loss": 0.004342301224824041, "value_loss": 1.4411313235759735, "entropy": 0.5921637415885925, "approx_kl": 0.022744035319192335, "clip_fraction": 0.04150390625, "grad_norm": 16.246158599853516, "explained_variance": 0.8762995600700378, "action_std_mean": 0.32537734508514404, "optimizer_iterations": 4.0, "lr": 5.8425600000000005e-05}
{"step": 2082816, "wall_time": 1790758692.5989215, "episodes_completed": 13.0, "mean_episode_reward": 3.219699865636917, "std_episode_reward": 11.781553558780898, "min_episode_reward": -9.744720458984375, "max_episode_reward": 21.582616806030273, "mean_episode_length": 93.23076923076923, "success_rate": 0.46153846153846156, "collision_rate": 0.46153846153846156, "out_of_bounds_rate": 0.0, "timeout_rate": 0.07692307692307693, "policy_loss": 0.003951238468289375, "value_loss": 3.089664041996002, "entropy": 0.5920836329460144, "approx_kl": 0.014351514866575599, "clip_fraction": 0.0709228515625, "grad_norm": 9.778464078903198, "explained_variance": 0.7517006397247314, "action_std_mean": 0.3253563642501831, "optimizer_iterations": 4.0, "lr": 5.838464e-05}
{"step": 2084864, "wall_time": 1790758703.8346949, "episodes_completed": 5.0, "mean_episode_reward": 5.457059669494629, "std_episode_reward": 8.499244844644972, "min_episode_reward": -8.004756927490234, "max_episode_reward": 15.321174621582031, "mean_episode_length": 81.2, "success_rate": 0.6, "collision_rate": 0.4, "out_of_bounds_rate": 0.0, "timeout_rate": 0.0, "policy_loss": -0.0027601520996540785, "value_loss": 1.1696575582027435, "entropy": 0.5919503271579742, "approx_kl": 0.006501946540083736, "clip_fraction": 0.083740234375, "grad_norm": 8.577544450759888, "explained_variance": 0.8080529570579529, "action_std_mean": 0.32534247636795044, "optimizer_iterations": 4.0, "lr": 5.834368e-05}
{"step": 2086912, "wall_time": 1790758714.928594, "episodes_completed": 7.0, "mean_episode_reward": 8.180997712271553, "std_episode_reward": 9.902134904877931, "min_episode_reward": -8.83616828918457, "max_episode_reward": 19.742477416992188, "mean_episode_length": 146.28571428571428, "success_rate": 0.7142857142857143, "collision_rate": 0.2857142857142857, "out_of_bounds_rate": 0.0, "timeout_rate": 0.0, "policy_loss": 0.0004625758156180382, "value_loss": 3.3720611929893494, "entropy": 0.5919055938720703, "approx_kl": 0.026319770142436028, "clip_fraction": 0.0770263671875, "grad_norm": 10.228631377220154, "explained_variance": 0.5005180835723877, "action_std_mean": 0.32534414529800415, "optimizer_iterations": 4.0, "lr": 5.830272000000001e-05}
{"step": 2088960, "wall_time": 1790758725.9904373, "episodes_completed": 7.0, "mean_episode_reward": 12.388029779706683, "std_episode_reward": 7.708361797652332, "min_episode_reward": -5.250835418701172, "max_episode_reward": 18.964576721191406, "mean_episode_length": 124.85714285714286, "success_rate": 0.8571428571428571, "collision_rate": 0.14285714285714285, "out_of_bounds_rate": 0.0, "timeout_rate": 0.0, "policy_loss": 0.0037463371991179883, "value_loss": 0.6252442747354507, "entropy": 0.5919270217418671, "approx_kl": 0.01289640786126256, "clip_fraction": 0.07861328125, "grad_norm": 8.486279010772705, "explained_variance": 0.9155855178833008, "action_std_mean": 0.32534801959991455, "optimizer_iterations": 4.0, "lr": 5.826176000000001e-05}
