{"step": 2048, "wall_time": 1790759741.4089837, "episodes_completed": 4.0, "mean_episode_reward": 226.22611594200134, "std_episode_reward": 361.04549435892324, "min_episode_reward": -10.114036560058594, "max_episode_reward": 850.2411499023438, "mean_episode_length": 68.25, "success_rate": 0.75, "collision_rate": 0.25, "out_of_bounds_rate": 0.0, "timeout_rate": 0.0, "policy_loss": 0.050284272991120815, "value_loss": 1544.0383605957031, "entropy": 0.6099136769771576, "approx_kl": 0.07058924622833729, "clip_fraction": 0.353515625, "grad_norm": 366.233021736145, "explained_variance": 0.20814651250839233, "action_std_mean": 0.3283645510673523, "optimizer_iterations": 4.0, "lr": 0.0001}
{"step": 4096, "wall_time": 1790759749.858078, "episodes_completed": 3.0, "mean_episode_reward": 97.41748936971028, "std_episode_reward": 73.98935648165008, "min_episode_reward": 10.953075408935547, "max_episode_reward": 191.6846466064453, "mean_episode_length": 38.666666666666664, "success_rate": 0.3333333333333333, "collision_rate": 0.6666666666666666, "out_of_bounds_rate": 0.0, "timeout_rate": 0.0, "policy_loss": 0.038868241012096405, "value_loss": 899.8478546142578, "entropy": 0.6104660928249359, "approx_kl": 0.05350731732323766, "clip_fraction": 0.281982421875, "grad_norm": 260.4970407485962, "explained_variance": 0.2861834764480591, "action_std_mean": 0.3284377455711365, "optimizer_iterations": 4.0, "lr": 9.995904e-05}
{"step": 6144, "wall_time": 1790759760.8922176, "episodes_completed": 0.0, "mean_episode_reward": NaN, "std_episode_reward": NaN, "min_episode_reward": NaN, "max_episode_reward": NaN, "mean_episode_length": NaN, "success_rate": NaN, "collision_rate": NaN, "out_of_bounds_rate": NaN, "timeout_rate": NaN, "policy_loss": 0.02307453379034996, "value_loss": 464.61727142333984, "entropy": 0.6108671128749847, "approx_kl": 0.06970119150355458, "clip_fraction": 0.3349609375, "grad_norm": 93.03235912322998, "explained_variance": 0.34718388319015503, "action_std_mean": 0.32849812507629395, "optimizer_iterations": 4.0, "lr": 9.991808e-05}
{"step": 8192, "wall_time": 1790759768.4548662, "episodes_completed": 1.0, "mean_episode_reward": 388.22552490234375, "std_episode_reward": 0.0, "min_episode_reward": 388.22552490234375, "max_episode_reward": 388.22552490234375, "mean_episode_length": 131.0, "success_rate": 1.0, "collision_rate": 0.0, "out_of_bounds_rate": 0.0, "timeout_rate": 0.0, "policy_loss": 0.0286724753677845, "value_loss": 464.28638458251953, "entropy": 0.6111871600151062, "approx_kl": 0.04807602567598224, "clip_fraction": 0.364501953125, "grad_norm": 178.26906967163086, "explained_variance": 0.3147702217102051, "action_std_mean": 0.3285408020019531, "optimizer_iterations": 4.0, "lr": 9.987712e-05}
{"step": 10240, "wall_time": 1790759775.5664902, "episodes_completed": 0.0, "mean_episode_reward": NaN, "std_episode_reward": NaN, "min_episode_reward": NaN, "max_episode_reward": NaN, "mean_episode_length": NaN, "success_rate": NaN, "collision_rate": NaN, "out_of_bounds_rate": NaN, "timeout_rate": NaN, "policy_loss": 0.0035616084933280945, "value_loss": 347.29344177246094, "entropy": 0.6114541888237, "approx_kl": 0.01294609229080379, "clip_fraction": 0.1478271484375, "grad_norm": 105.25265645980835, "explained_variance": 0.36929774284362793, "action_std_mean": 0.32859131693840027, "optimizer_iterations": 4.0, "lr": 9.983616e-05}
{"step": 12288, "wall_time": 1790759782.762855, "episodes_completed": 7.0, "mean_episode_reward": 69.46412069882665, "std_episode_reward": 152.31815754214446, "min_episode_reward": -10.657038688659668, "max_episode_reward": 439.1804504394531, "mean_episode_length": 181.85714285714286, "success_rate": 0.14285714285714285, "collision_rate": 0.14285714285714285, "out_of_bounds_rate": 0.0, "timeout_rate": 0.7142857142857143, "policy_loss": 0.05117242783308029, "value_loss": 317.59590911865234, "entropy": 0.6117596328258514, "approx_kl": 0.12708481587469578, "clip_fraction": 0.42431640625, "grad_norm": 113.24596977233887, "explained_variance": 0.411618709564209, "action_std_mean": 0.3286306858062744, "optimizer_iterations": 4.0, "lr": 9.97952e-05}
{"step": 14336, "wall_time": 1790759790.037664, "episodes_completed": 8.0, "mean_episode_reward": 271.7354419231415, "std_episode_reward": 245.89585567645696, "min_episode_reward": 17.30666732788086, "max_episode_reward": 705.551025390625, "mean_episode_length": 139.5, "success_rate": 0.875, "collision_rate": 0.125, "out_of_bounds_rate": 0.0, "timeout_rate": 0.0, "policy_loss": 0.00896802544593811, "value_loss": 1539.2879028320312, "entropy": 0.611954927444458, "approx_kl": 0.01606122648809105, "clip_fraction": 0.167236328125, "grad_norm": 397.7442321777344, "explained_variance": 0.41377711296081543, "action_std_mean": 0.3286589980125427, "optimizer_iterations": 4.0, "lr": 9.975424000000001e-05}
{"step": 16384, "wall_time": 1790759797.24492, "episodes_completed": 5.0, "mean_episode_reward": 208.4708381652832, "std_episode_reward": 112.4941305788172, "min_episode_reward": 58.535221099853516, "max_episode_reward": 406.76556396484375, "mean_episode_length": 87.6, "success_rate": 0.8, "collision_rate": 0.2, "out_of_bounds_rate": 0.0, "timeout_rate": 0.0, "policy_loss": 0.035688270814716816, "value_loss": 1280.0647888183594, "entropy": 0.6121344864368439, "approx_kl": 0.04401176143437624, "clip_fraction": 0.296630859375, "grad_norm": 268.52954959869385, "explained_variance": 0.30156707763671875, "action_std_mean": 0.3286917507648468, "optimizer_iterations": 4.0, "lr": 9.971328e-05}
{"step": 18432, "wall_time": 1790759804.5109081, "episodes_completed": 1.0, "mean_episode_reward": 99.64630126953125, "std_episode_reward": 0.0, "min_episode_reward": 99.64630126953125, "max_episode_reward": 99.64630126953125, "mean_episode_length": 27.0, "success_rate": 1.0, "collision_rate": 0.0, "out_of_bounds_rate": 0.0, "timeout_rate": 0.0, "policy_loss": 0.04135553352534771, "value_loss": 1284.6671142578125, "entropy": 0.6123375594615936, "approx_kl": 0.05233177915215492, "clip_fraction": 0.28857421875, "grad_norm": 305.3631806373596, "explained_variance": 0.42129212617874146, "action_std_mean": 0.32873421907424927, "optimizer_iterations": 4.0, "lr": 9.967232000000001e-05}
{"step": 20480, "wall_time": 1790759811.6818056, "episodes_completed": 2.0, "mean_episode_reward": 249.48068237304688, "std_episode_reward": 82.67849731445312, "min_episode_reward": 166.80218505859375, "max_episode_reward": 332.1591796875, "mean_episode_length": 76.0, "success_rate": 1.0, "collision_rate": 0.0, "out_of_bounds_rate": 0.0, "timeout_rate": 0.0, "policy_loss": 0.012000054121017456, "value_loss": 549.4882965087891, "entropy": 0.6126355826854706, "approx_kl": 0.020776154240593314, "clip_fraction": 0.2021484375, "grad_norm": 130.1998996734619, "explained_variance": 0.38864415884017944, "action_std_mean": 0.32878705859184265, "optimizer_iterations": 4.0, "lr": 9.963136000000001e-05}
{"step": 22528, "wall_time": 1790759818.8471313, "episodes_completed": 1.0, "mean_episode_reward": 84.8155746459961, "std_episode_reward": 0.0, "min_episode_reward": 84.8155746459961, "max_episode_reward": 84.8155746459961, "mean_episode_length": 19.0, "success_rate": 1.0, "collision_rate": 0.0, "out_of_bounds_rate": 0.0, "timeout_rate": 0.0, "policy_loss": 0.016545635764487088, "value_loss": 434.8251419067383, "entropy": 0.6129401624202728, "approx_kl": 0.021028100978583097, "clip_fraction": 0.1964111328125, "grad_norm": 152.59561729431152, "explained_variance": 0.48201316595077515, "action_std_mean": 0.3288276195526123, "optimizer_iterations": 4.0, "lr": 9.95904e-05}
{"step": 24576, "wall_time": 1790759825.9612048, "episodes_completed": 4.0, "mean_episode_reward": 20.840851068496704, "std_episode_reward": 26.151840479595055, "min_episode_reward": -12.210931777954102, "max_episode_reward": 60.68410110473633, "mean_episode_length": 64.25, "success_rate": 0.25, "collision_rate": 0.75, "out_of_bounds_rate": 0.0, "timeout_rate": 0.0, "policy_loss": 0.021231528371572495, "value_loss": 410.7358093261719, "entropy": 0.613145262002945, "approx_kl": 0.035478850826621056, "clip_fraction": 0.2880859375, "grad_norm": 137.26483535766602, "explained_variance": 0.4739323854446411, "action_std_mean": 0.3288574814796448, "optimizer_iterations": 4.0, "lr": 9.954944000000001e-05}
{"step": 26624, "wall_time": 1790759833.182494, "episodes_completed": 4.0, "mean_episode_reward": 17.20975238084793, "std_episode_reward": 29.941362032482356, "min_episode_reward": -9.911317825317383, "max_episode_reward": 66.69398498535156, "mean_episode_length": 119.25, "success_rate": 0.5, "collision_rate": 0.0, "out_of_bounds_rate": 0.0, "timeout_rate": 0.5, "policy_loss": 0.013829843606799841, "value_loss": 723.1125335693359, "entropy": 0.6133203506469727, "approx_kl": 0.026777986902743578, "clip_fraction": 0.2540283203125, "grad_norm": 194.5655117034912, "explained_variance": 0.5113565921783447, "action_std_mean": 0.32888251543045044, "optimizer_iterations": 4.0, "lr": 9.950848e-05}
{"step": 28672, "wall_time": 1790759840.3704243, "episodes_completed": 10.0, "mean_episode_reward": 193.9593911975622, "std_episode_reward": 206.42497076425644, "min_episode_reward": -9.940011024475098, "max_episode_reward": 586.6514892578125, "mean_episode_length": 92.2, "success_rate": 0.5, "collision_rate": 0.2, "out_of_bounds_rate": 0.0, "timeout_rate": 0.3, "policy_loss": 0.05764591909246519, "value_loss": 1096.5173645019531, "entropy": 0.6134550273418427, "approx_kl": 0.074169697239995, "clip_fraction": 0.34814453125, "grad_norm": 262.4850606918335, "explained_variance": 0.32793402671813965, "action_std_mean": 0.32890379428863525, "optimizer_iterations": 4.0, "lr": 9.946752e-05}
{"step": 30720, "wall_time": 1790759847.5540085, "episodes_completed": 6.0, "mean_episode_reward": 267.8101514180501, "std_episode_reward": 137.05700741359612, "min_episode_reward": 52.89032745361328, "max_episode_reward": 465.42608642578125, "mean_episode_length": 96.5, "success_rate": 0.6666666666666666, "collision_rate": 0.3333333333333333, "out_of_bounds_rate": 0.0, "timeout_rate": 0.0, "policy_loss": 0.011358317919075489, "value_loss": 1309.7420349121094, "entropy": 0.6135910451412201, "approx_kl": 0.02108801295980811, "clip_fraction": 0.1571044921875, "grad_norm": 292.47908306121826, "explained_variance": 0.10960513353347778, "action_std_mean": 0.32892417907714844, "optimizer_iterations": 4.0, "lr": 9.942656e-05}
{"step": 32768, "wall_time": 1790759854.817565, "episodes_completed": 5.0, "mean_episode_reward": 213.30870685577392, "std_episode_reward": 238.90495831082657, "min_episode_reward": 13.720269203186035, "max_episode_reward": 638.3468017578125, "mean_episode_length": 73.0, "success_rate": 0.8, "collision_rate": 0.2, "out_of_bounds_rate": 0.0, "timeout_rate": 0.0, "policy_loss": 0.020353865809738636, "value_loss": 867.2955627441406, "entropy": 0.6136981844902039, "approx_kl": 0.028269115835428238, "clip_fraction": 0.2081298828125, "grad_norm": 208.8121223449707, "explained_variance": 0.30705738067626953, "action_std_mean": 0.3289383053779602, "optimizer_iterations": 4.0, "lr": 9.93856e-05}
{"step": 34816, "wall_time": 1790759861.9964118, "episodes_completed": 2.0, "mean_episode_reward": 600.4577331542969, "std_episode_reward": 105.17385864257812, "min_episode_reward": 495.28387451171875, "max_episode_reward": 705.631591796875, "mean_episode_length": 153.5, "success_rate": 1.0, "collision_rate": 0.0, "out_of_bounds_rate": 0.0, "timeout_rate": 0.0, "policy_loss": 0.0189591022208333, "value_loss": 524.8705139160156, "entropy": 0.6137800812721252, "approx_kl": 0.04217323777265847, "clip_fraction": 0.22314453125, "grad_norm": 122.3353853225708, "explained_variance": 0.364504873752594, "action_std_mean": 0.32894623279571533, "optimizer_iterations": 4.0, "lr": 9.934464e-05}
{"step": 36864, "wall_time": 1790759869.1659882, "episodes_completed": 2.0, "mean_episode_reward": 267.10570335388184, "std_episode_reward": 207.5658359527588, "min_episode_reward": 59.53986740112305, "max_episode_reward": 474.6715393066406, "mean_episode_length": 75.5, "success_rate": 1.0, "collision_rate": 0.0, "out_of_bounds_rate": 0.0, "timeout_rate": 0.0, "policy_loss": 0.021805277094244957, "value_loss": 512.556770324707, "entropy": 0.6138049066066742, "approx_kl": 0.04817199381068349, "clip_fraction": 0.315185546875, "grad_norm": 143.7324447631836, "explained_variance": 0.3965117931365967, "action_std_mean": 0.328951895236969, "optimizer_iterations": 4.0, "lr": 9.930368000000001e-05}
{"step": 38912, "wall_time": 1790759876.3747947, "episodes_completed": 5.0, "mean_episode_reward": 196.87719163894653, "std_episode_reward": 267.45027730221557, "min_episode_reward": -10.175087928771973, "max_episode_reward": 660.5659790039062, "mean_episode_length": 123.8, "success_rate": 0.4, "collision_rate": 0.2, "out_of_bounds_rate": 0.0, "timeout_rate": 0.4, "policy_loss": 0.01849183812737465, "value_loss": 682.2589874267578, "entropy": 0.6138663589954376, "approx_kl": 0.025355332996696234, "clip_fraction": 0.1343994140625, "grad_norm": 180.68953132629395, "explained_variance": 0.3221585154533386, "action_std_mean": 0.3289682865142822, "optimizer_iterations": 4.0, "lr": 9.926272000000001e-05}
{"step": 40960, "wall_time": 1790759883.4615872, "episodes_completed": 4.0, "mean_episode_reward": 85.75356221199036, "std_episode_reward": 151.06580160331538, "min_episode_reward": -10.01491641998291, "max_episode_reward": 347.2406311035156, "mean_episode_length": 81.0, "success_rate": 0.25, "collision_rate": 0.25, "out_of_bounds_rate": 0.0, "timeout_rate": 0.5, "policy_loss": 0.018505174666643143, "value_loss": 1088.4537963867188, "entropy": 0.6139713525772095, "approx_kl": 0.026462021050974727, "clip_fraction": 0.236328125, "grad_norm": 397.5880317687988, "explained_variance": 0.3864942789077759, "action_std_mean": 0.3289850652217865, "optimizer_iterations": 4.0, "lr": 9.922176e-05}
{"step": 43008, "wall_time": 1790759891.1813934, "episodes_completed": 3.0, "mean_episode_reward": 7.78819481531779, "std_episode_reward": 14.712494783095677, "min_episode_reward": -3.855203628540039, "max_episode_reward": 28.54340362548828, "mean_episode_length": 36.333333333333336, "success_rate": 0.3333333333333333, "collision_rate": 0.3333333333333333, "out_of_bounds_rate": 0.0, "timeout_rate": 0.3333333333333333, "policy_loss": 0.031774929724633694, "value_loss": 1392.2289733886719, "entropy": 0.6140588819980621, "approx_kl": 0.04120605764910579, "clip_fraction": 0.288330078125, "grad_norm": 290.6178207397461, "explained_variance": 0.3349764943122864, "action_std_mean": 0.3289959132671356, "optimizer_iterations": 4.0, "lr": 9.918080000000001e-05}
{"step": 45056, "wall_time": 1790759898.847559, "episodes_completed": 0.0, "mean_episode_reward": NaN, "std_episode_reward": NaN, "min_episode_reward": NaN, "max_episode_reward": NaN, "mean_episode_length": NaN, "success_rate": NaN, "collision_rate": NaN, "out_of_bounds_rate": NaN, "timeout_rate": NaN, "policy_loss": 0.020253471098840237, "value_loss": 561.8780059814453, "entropy": 0.6141298711299896, "approx_kl": 0.05555430520325899, "clip_fraction": 0.273681640625, "grad_norm": 131.7944393157959, "explained_variance": 0.389671266078949, "action_std_mean": 0.32901227474212646, "optimizer_iterations": 4.0, "lr": 9.913984e-05}
{"step": 47104, "wall_time": 1790759908.6218386, "episodes_completed": 2.0, "mean_episode_reward": 175.14723682403564, "std_episode_reward": 164.31116771697998, "min_episode_reward": 10.836069107055664, "max_episode_reward": 339.4584045410156, "mean_episode_length": 146.5, "success_rate": 1.0, "collision_rate": 0.0, "out_of_bounds_rate": 0.0, "timeout_rate": 0.0, "policy_loss": 0.008518282324075699, "value_loss": 347.6771545410156, "entropy": 0.6142420470714569, "approx_kl": 0.03089080424979329, "clip_fraction": 0.1761474609375, "grad_norm": 109.99553108215332, "explained_variance": 0.45217716693878174, "action_std_mean": 0.32903409004211426, "optimizer_iterations": 4.0, "lr": 9.909888e-05}
{"step": 49152, "wall_time": 1790759918.8803103, "episodes_completed": 3.0, "mean_episode_reward": 145.67924213409424, "std_episode_reward": 129.87119990266925, "min_episode_reward": -9.87850284576416, "max_episode_reward": 308.0224914550781, "mean_episode_length": 44.333333333333336, "success_rate": 0.6666666666666666, "collision_rate": 0.3333333333333333, "out_of_bounds_rate": 0.0, "timeout_rate": 0.0, "policy_loss": 0.003495505079627037, "value_loss": 500.6425552368164, "entropy": 0.6143793165683746, "approx_kl": 0.01614053873345256, "clip_fraction": 0.134033203125, "grad_norm": 144.5569953918457, "explained_variance": 0.4334750175476074, "action_std_mean": 0.329057514667511, "optimizer_iterations": 4.0, "lr": 9.905792000000001e-05}
{"step": 51200, "wall_time": 1790759928.2728662, "episodes_completed": 7.0, "mean_episode_reward": 106.72229528427124, "std_episode_reward": 176.4831118404821, "min_episode_reward": -9.920727729797363, "max_episode_reward": 520.6986694335938, "mean_episode_length": 74.42857142857143, "success_rate": 0.14285714285714285, "collision_rate": 0.5714285714285714, "out_of_bounds_rate": 0.0, "timeout_rate": 0.2857142857142857, "policy_loss": 0.019871950149536133, "value_loss": 467.95924377441406, "entropy": 0.6145190596580505, "approx_kl": 0.033557663089595735, "clip_fraction": 0.2257080078125, "grad_norm": 163.51674842834473, "explained_variance": 0.44070184230804443, "action_std_mean": 0.3290811777114868, "optimizer_iterations": 4.0, "lr": 9.901696e-05}
{"step": 53248, "wall_time": 1790759936.6978137, "episodes_completed": 7.0, "mean_episode_reward": 206.88758318764823, "std_episode_reward": 333.5283347541139, "min_episode_reward": -9.937429428100586, "max_episode_reward": 986.5017700195312, "mean_episode_length": 98.28571428571429, "success_rate": 0.42857142857142855, "collision_rate": 0.14285714285714285, "out_of_bounds_rate": 0.0, "timeout_rate": 0.42857142857142855, "policy_loss": 0.0212143212556839, "value_loss": 1426.2255554199219, "entropy": 0.6146680116653442, "approx_kl": 0.04108183644711971, "clip_fraction": 0.2567138671875, "grad_norm": 423.15196990966797, "explained_variance": 0.45521682500839233, "action_std_mean": 0.3291037678718567, "optimizer_iterations": 4.0, "lr": 9.8976e-05}
{"step": 55296, "wall_time": 1790759945.856465, "episodes_completed": 4.0, "mean_episode_reward": 409.4338893890381, "std_episode_reward": 298.45739366483457, "min_episode_reward": 120.48987579345703, "max_episode_reward": 847.134521484375, "mean_episode_length": 131.5, "success_rate": 0.25, "collision_rate": 0.75, "out_of_bounds_rate": 0.0, "timeout_rate": 0.0, "policy_loss": 0.010127547895535827, "value_loss": 1747.3443603515625, "entropy": 0.6147848665714264, "approx_kl": 0.020052635692991316, "clip_fraction": 0.169189453125, "grad_norm": 393.94552993774414, "explained_variance": 0.41849958896636963, "action_std_mean": 0.32911616563796997, "optimizer_iterations": 4.0, "lr": 9.893504e-05}
{"step": 57344, "wall_time": 1790759955.453585, "episodes_completed": 3.0, "mean_episode_reward": 160.9822120666504, "std_episode_reward": 208.01533087674977, "min_episode_reward": -9.949317932128906, "max_episode_reward": 453.79400634765625, "mean_episode_length": 48.333333333333336, "success_rate": 0.6666666666666666, "collision_rate": 0.3333333333333333, "out_of_bounds_rate": 0.0, "timeout_rate": 0.0, "policy_loss": 0.00842542015016079, "value_loss": 878.7832641601562, "entropy": 0.6148346960544586, "approx_kl": 0.01262704562395811, "clip_fraction": 0.1260986328125, "grad_norm": 219.92427968978882, "explained_variance": 0.4202609062194824, "action_std_mean": 0.3291151225566864, "optimizer_iterations": 4.0, "lr": 9.889408e-05}
{"step": 59392, "wall_time": 1790759963.714977, "episodes_completed": 0.0, "mean_episode_reward": NaN, "std_episode_reward": NaN, "min_episode_reward": NaN, "max_episode_reward": NaN, "mean_episode_length": NaN, "success_rate": NaN, "collision_rate": NaN, "out_of_bounds_rate": NaN, "timeout_rate": NaN, "policy_loss": 0.005048181861639023, "value_loss": 404.4866943359375, "entropy": 0.614800900220871, "approx_kl": 0.023441243451088667, "clip_fraction": 0.2271728515625, "grad_norm": 112.70984649658203, "explained_variance": 0.4773404002189636, "action_std_mean": 0.32910799980163574, "optimizer_iterations": 4.0, "lr": 9.885312e-05}
{"step": 61440, "wall_time": 1790759972.007946, "episodes_completed": 2.0, "mean_episode_reward": 105.74191856384277, "std_episode_reward": 93.07798194885254, "min_episode_reward": 12.663936614990234, "max_episode_reward": 198.8199005126953, "mean_episode_length": 72.5, "success_rate": 0.5, "collision_rate": 0.0, "out_of_bounds_rate": 0.0, "timeout_rate": 0.5, "policy_loss": 0.002323969267308712, "value_loss": 449.2599182128906, "entropy": 0.6147655248641968, "approx_kl": 0.011040268349461257, "clip_fraction": 0.1309814453125, "grad_norm": 135.63837242126465, "explained_variance": 0.5206421613693237, "action_std_mean": 0.3291078805923462, "optimizer_iterations": 4.0, "lr": 9.881216000000001e-05}
{"step": 63488, "wall_time": 1790759980.3224914, "episodes_completed": 1.0, "mean_episode_reward": 201.3267822265625, "std_episode_reward": 0.0, "min_episode_reward": 201.3267822265625, "max_episode_reward": 201.3267822265625, "mean_episode_length": 70.0, "success_rate": 1.0, "collision_rate": 0.0, "out_of_bounds_rate": 0.0, "timeout_rate": 0.0, "policy_loss": 0.013616501353681087, "value_loss": 183.4895896911621, "entropy": 0.6147714257240295, "approx_kl": 0.020477915182709694, "clip_fraction": 0.21435546875, "grad_norm": 172.3130874633789, "explained_variance": 0.5416923761367798, "action_std_mean": 0.3291071653366089, "optimizer_iterations": 4.0, "lr": 9.877120000000001e-05}
{"step": 65536, "wall_time": 1790759988.644399, "episodes_completed": 8.0, "mean_episode_reward": 55.28270649909973, "std_episode_reward": 70.09220760025718, "min_episode_reward": -7.84847354888916, "max_episode_reward": 210.4345703125, "mean_episode_length": 52.125, "success_rate": 0.375, "collision_rate": 0.25, "out_of_bounds_rate": 0.0, "timeout_rate": 0.375, "policy_loss": 0.009830322116613388, "value_loss": 287.8234329223633, "entropy": 0.6147582530975342, "approx_kl": 0.03103064000606537, "clip_fraction": 0.245849609375, "grad_norm": 154.650484085083, "explained_variance": 0.548938512802124, "action_std_mean": 0.3291080594062805, "optimizer_iterations": 4.0, "lr": 9.873024e-05}
{"step": 67584, "wall_time": 1790759996.8934226, "episodes_completed": 3.0, "mean_episode_reward": -1.8893609841664631, "std_episode_reward": 2.2741732659636726, "min_episode_reward": -3.7459847927093506, "max_episode_reward": 1.3132655620574951, "mean_episode_length": 163.0, "success_rate": 0.0, "collision_rate": 0.0, "out_of_bounds_rate": 0.0, "timeout_rate": 1.0, "policy_loss": 0.02298838971182704, "value_loss": 566.5874481201172, "entropy": 0.6147712469100952, "approx_kl": 0.04520468693226576, "clip_fraction": 0.28466796875, "grad_norm": 177.41079330444336, "explained_variance": 0.4859124422073364, "action_std_mean": 0.329109251499176, "optimizer_iterations": 4.0, "lr": 9.868928000000001e-05}
{"step": 69632, "wall_time": 1790760005.2800434, "episodes_completed": 4.0, "mean_episode_reward": 158.4931128025055, "std_episode_reward": 197.84220106888276, "min_episode_reward": 2.0957231521606445, "max_episode_reward": 491.5743103027344, "mean_episode_length": 114.25, "success_rate": 0.25, "collision_rate": 0.75, "out_of_bounds_rate": 0.0, "timeout_rate": 0.0, "policy_loss": 0.038854897022247314, "value_loss": 976.5328979492188, "entropy": 0.6147661209106445, "approx_kl": 0.04980422416701913, "clip_fraction": 0.2647705078125, "grad_norm": 348.22731018066406, "explained_variance": 0.5391445755958557, "action_std_mean": 0.3291078209877014, "optimizer_iterations": 4.0, "lr": 9.864832e-05}
{"step": 71680, "wall_time": 1790760013.6666021, "episodes_completed": 1.0, "mean_episode_reward": 18.40386962890625, "std_episode_reward": 0.0, "min_episode_reward": 18.40386962890625, "max_episode_reward": 18.40386962890625, "mean_episode_length": 7.0, "success_rate": 1.0, "collision_rate": 0.0, "out_of_bounds_rate": 0.0, "timeout_rate": 0.0, "policy_loss": 0.007127901539206505, "value_loss": 704.4774169921875, "entropy": 0.6147595047950745, "approx_kl": 0.014067105483263731, "clip_fraction": 0.1275634765625, "grad_norm": 276.7941436767578, "explained_variance": 0.5474225878715515, "action_std_mean": 0.329109251499176, "optimizer_iterations": 4.0, "lr": 9.860736e-05}
{"step": 73728, "wall_time": 1790760022.0131345, "episodes_completed": 4.0, "mean_episode_reward": 232.14937663078308, "std_episode_reward": 334.96373210837106, "min_episode_reward": -3.4582719802856445, "max_episode_reward": 807.6752319335938, "mean_episode_length": 135.0, "success_rate": 0.75, "collision_rate": 0.0, "out_of_bounds_rate": 0.0, "timeout_rate": 0.25, "policy_loss": 0.011180911213159561, "value_loss": 695.8172149658203, "entropy": 0.6147705316543579, "approx_kl": 0.020947293378412724, "clip_fraction": 0.168212890625, "grad_norm": 217.06586074829102, "explained_variance": 0.5492578744888306, "action_std_mean": 0.3291133642196655, "optimizer_iterations": 4.0, "lr": 9.85664e-05}
{"step": 75776, "wall_time": 1790760030.494845, "episodes_completed": 6.0, "mean_episode_reward": 202.09007420142493, "std_episode_reward": 280.48967992356836, "min_episode_reward": -9.889764785766602, "max_episode_reward": 674.1134033203125, "mean_episode_length": 90.33333333333333, "success_rate": 0.5, "collision_rate": 0.3333333333333333, "out_of_bounds_rate": 0.0, "timeout_rate": 0.16666666666666666, "policy_loss": 0.01784253492951393, "value_loss": 766.7451019287109, "entropy": 0.6148023009300232, "approx_kl": 0.0660303053446114, "clip_fraction": 0.180908203125, "grad_norm": 290.45885467529297, "explained_variance": 0.5315426588058472, "action_std_mean": 0.3291217088699341, "optimizer_iterations": 4.0, "lr": 9.852544e-05}
{"step": 77824, "wall_time": 1790760039.2037218, "episodes_completed": 6.0, "mean_episode_reward": 111.11616809169452, "std_episode_reward": 120.32873316028713, "min_episode_reward": -9.798826217651367, "max_episode_reward": 303.73114013671875, "mean_episode_length": 87.0, "success_rate": 0.3333333333333333, "collision_rate": 0.5, "out_of_bounds_rate": 0.0, "timeout_rate": 0.16666666666666666, "policy_loss": 0.006813226733356714, "value_loss": 1149.4359436035156, "entropy": 0.6148509979248047, "approx_kl": 0.015050950460135937, "clip_fraction": 0.1204833984375, "grad_norm": 346.6907196044922, "explained_variance": 0.5091832876205444, "action_std_mean": 0.32912808656692505, "optimizer_iterations": 4.0, "lr": 9.848448000000001e-05}
{"step": 79872, "wall_time": 1790760047.6771712, "episodes_completed": 5.0, "mean_episode_reward": 202.09169092178345, "std_episode_reward": 230.55890746092183, "min_episode_reward": -1.9882864952087402, "max_episode_reward": 504.28533935546875, "mean_episode_length": 65.6, "success_rate": 0.8, "collision_rate": 0.0, "out_of_bounds_rate": 0.0, "timeout_rate": 0.2, "policy_loss": 0.012046439573168755, "value_loss": 935.8209838867188, "entropy": 0.6148861646652222, "approx_kl": 0.020482526160776615, "clip_fraction": 0.1376953125, "grad_norm": 351.7370300292969, "explained_variance": 0.5446094274520874, "action_std_mean": 0.3291345238685608, "optimizer_iterations": 4.0, "lr": 9.844352e-05}
{"step": 81920, "wall_time": 1790760055.8880653, "episodes_completed": 4.0, "mean_episode_reward": 179.7504963874817, "std_episode_reward": 379.08154743496465, "min_episode_reward": -75.63168334960938, "max_episode_reward": 835.0625, "mean_episode_length": 100.5, "success_rate": 0.25, "collision_rate": 0.75, "out_of_bounds_rate": 0.0, "timeout_rate": 0.0, "policy_loss": 0.018653626553714275, "value_loss": 1052.97021484375, "entropy": 0.6149320304393768, "approx_kl": 0.030611762311309576, "clip_fraction": 0.221435546875, "grad_norm": 354.9165573120117, "explained_variance": 0.5201832056045532, "action_std_mean": 0.32914435863494873, "optimizer_iterations": 4.0, "lr": 9.840256000000001e-05}
{"step": 83968, "wall_time": 1790760064.6894403, "episodes_completed": 1.0, "mean_episode_reward": 307.0606689453125, "std_episode_reward": 0.0, "min_episode_reward": 307.0606689453125, "max_episode_reward": 307.0606689453125, "mean_episode_length": 84.0, "success_rate": 1.0, "collision_rate": 0.0, "out_of_bounds_rate": 0.0, "timeout_rate": 0.0, "policy_loss": 0.014699829276651144, "value_loss": 603.6825714111328, "entropy": 0.6149978041648865, "approx_kl": 0.026351061183959246, "clip_fraction": 0.188232421875, "grad_norm": 227.3785629272461, "explained_variance": 0.5608012676239014, "action_std_mean": 0.32915687561035156, "optimizer_iterations": 4.0, "lr": 9.83616e-05}
{"step": 86016, "wall_time": 1790760073.114984, "episodes_completed": 4.0, "mean_episode_reward": 308.21473547816277, "std_episode_reward": 357.1682140568522, "min_episode_reward": 1.139992356300354, "max_episode_reward": 874.06005859375, "mean_episode_length": 201.5, "success_rate": 0.25, "collision_rate": 0.25, "out_of_bounds_rate": 0.0, "timeout_rate": 0.5, "policy_loss": 0.005790381692349911, "value_loss": 500.2241668701172, "entropy": 0.6150629222393036, "approx_kl": 0.018414814141578972, "clip_fraction": 0.158935546875, "grad_norm": 178.21381378173828, "explained_variance": 0.5568068623542786, "action_std_mean": 0.3291618824005127, "optimizer_iterations": 4.0, "lr": 9.832064000000001e-05}
{"step": 88064, "wall_time": 1790760081.7214768, "episodes_completed": 4.0, "mean_episode_reward": 80.79305243492126, "std_episode_reward": 93.47630491182653, "min_episode_reward": -10.010161399841309, "max_episode_reward": 233.4796600341797, "mean_episode_length": 30.75, "success_rate": 0.5, "collision_rate": 0.5, "out_of_bounds_rate": 0.0, "timeout_rate": 0.0, "policy_loss": 0.01154319103807211, "value_loss": 729.7776947021484, "entropy": 0.6150912344455719, "approx_kl": 0.021898151841014624, "clip_fraction": 0.2205810546875, "grad_norm": 250.4664764404297, "explained_variance": 0.47190505266189575, "action_std_mean": 0.3291711211204529, "optimizer_iterations": 4.0, "lr": 9.827968e-05}
{"step": 90112, "wall_time": 1790760090.3497865, "episodes_completed": 3.0, "mean_episode_reward": 161.90242910385132, "std_episode_reward": 124.91620351837624, "min_episode_reward": -5.240481853485107, "max_episode_reward": 295.0069274902344, "mean_episode_length": 130.0, "success_rate": 0.6666666666666666, "collision_rate": 0.0, "out_of_bounds_rate": 0.0, "timeout_rate": 0.3333333333333333, "policy_loss": 0.031226746737957, "value_loss": 554.0942077636719, "entropy": 0.6151638329029083, "approx_kl": 0.04728448670357466, "clip_fraction": 0.2938232421875, "grad_norm": 246.40686416625977, "explained_variance": 0.4782508611679077, "action_std_mean": 0.3291865587234497, "optimizer_iterations": 4.0, "lr": 9.823872e-05}
{"step": 92160, "wall_time": 1790760098.7961903, "episodes_completed": 7.0, "mean_episode_reward": 171.49947038292885, "std_episode_reward": 188.18172208092534, "min_episode_reward": -0.40013599395751953, "max_episode_reward": 468.6034851074219, "mean_episode_length": 100.85714285714286, "success_rate": 0.42857142857142855, "collision_rate": 0.2857142857142857, "out_of_bounds_rate": 0.0, "timeout_rate": 0.2857142857142857, "policy_loss": 0.021708721294999123, "value_loss": 673.9009552001953, "entropy": 0.6152664422988892, "approx_kl": 0.038709301967173815, "clip_fraction": 0.2044677734375, "grad_norm": 292.3265495300293, "explained_variance": 0.512117862701416, "action_std_mean": 0.3292068839073181, "optimizer_iterations": 4.0, "lr": 9.819776000000001e-05}
{"step": 94208, "wall_time": 1790760107.0593266, "episodes_completed": 8.0, "mean_episode_reward": 180.65144741535187, "std_episode_reward": 186.1053858185044, "min_episode_reward": -10.162101745605469, "max_episode_reward": 550.2109985351562, "mean_episode_length": 71.0, "success_rate": 0.625, "collision_rate": 0.25, "out_of_bounds_rate": 0.0, "timeout_rate": 0.125, "policy_loss": 0.01702551357448101, "value_loss": 666.7151031494141, "entropy": 0.6153934597969055, "approx_kl": 0.0514988899230957, "clip_fraction": 0.1900634765625, "grad_norm": 261.977840423584, "explained_variance": 0.4983299970626831, "action_std_mean": 0.329227089881897, "optimizer_iterations": 4.0, "lr": 9.81568e-05}
{"step": 96256, "wall_time": 1790760115.512622, "episodes_completed": 0.0, "mean_episode_reward": NaN, "std_episode_reward": NaN, "min_episode_reward": NaN, "max_episode_reward": NaN, "mean_episode_length": NaN, "success_rate": NaN, "collision_rate": NaN, "out_of_bounds_rate": NaN, "timeout_rate": NaN, "policy_loss": 0.01721971482038498, "value_loss": 193.60851287841797, "entropy": 0.6155170500278473, "approx_kl": 0.1552191562950611, "clip_fraction": 0.3953857421875, "grad_norm": 186.34054946899414, "explained_variance": 0.5685631036758423, "action_std_mean": 0.32924726605415344, "optimizer_iterations": 4.0, "lr": 9.811584000000001e-05}
{"step": 98304, "wall_time": 1790760123.906699, "episodes_completed": 1.0, "mean_episode_reward": 177.44386291503906, "std_episode_reward": 0.0, "min_episode_reward": 177.44386291503906, "max_episode_reward": 177.44386291503906, "mean_episode_length": 91.0, "success_rate": 1.0, "collision_rate": 0.0, "out_of_bounds_rate": 0.0, "timeout_rate": 0.0, "policy_loss": 0.09749512001872063, "value_loss": 250.40413665771484, "entropy": 0.6156260967254639, "approx_kl": 0.25657104700803757, "clip_fraction": 0.399169921875, "grad_norm": 210.90285682678223, "explained_variance": 0.5066117644309998, "action_std_mean": 0.3292645514011383, "optimizer_iterations": 4.0, "lr": 9.807488e-05}
{"step": 100352, "wall_time": 1790760132.3907673, "episodes_completed": 0.0, "mean_episode_reward": NaN, "std_episode_reward": NaN, "min_episode_reward": NaN, "max_episode_reward": NaN, "mean_episode_length": NaN, "success_rate": NaN, "collision_rate": NaN, "out_of_bounds_rate": NaN, "timeout_rate": NaN, "policy_loss": 0.044513105414807796, "value_loss": 18.223721981048584, "entropy": 0.6157834827899933, "approx_kl": 0.05980878882110119, "clip_fraction": 0.3685302734375, "grad_norm": 110.99574279785156, "explained_variance": 0.8811006546020508, "action_std_mean": 0.329306423664093, "optimizer_iterations": 4.0, "lr": 9.803392e-05}
{"step": 102400, "wall_time": 1790760140.7324553, "episodes_completed": 2.0, "mean_episode_reward": -9.621488213539124, "std_episode_reward": 13.22317922115326, "min_episode_reward": -22.844667434692383, "max_episode_reward": 3.6016910076141357, "mean_episode_length": 42.0, "success_rate": 0.0, "collision_rate": 0.0, "out_of_bounds_rate": 0.0, "timeout_rate": 1.0, "policy_loss": 0.04573781415820122, "value_loss": 361.95606231689453, "entropy": 0.6160146594047546, "approx_kl": 0.13026484102010727, "clip_fraction": 0.4139404296875, "grad_norm": 146.73332023620605, "explained_variance": 0.5771973133087158, "action_std_mean": 0.3293266296386719, "optimizer_iterations": 4.0, "lr": 9.799296e-05}
{"step": 104448, "wall_time": 1790760149.3728855, "episodes_completed": 4.0, "mean_episode_reward": 156.60840445756912, "std_episode_reward": 285.3947411085545, "min_episode_reward": -24.749887466430664, "max_episode_reward": 650.6039428710938, "mean_episode_length": 169.75, "success_rate": 0.25, "collision_rate": 0.25, "out_of_bounds_rate": 0.0, "timeout_rate": 0.5, "policy_loss": 0.017566809430718422, "value_loss": 344.3383102416992, "entropy": 0.6160840392112732, "approx_kl": 0.06897596456110477, "clip_fraction": 0.2960205078125, "grad_norm": 133.02351188659668, "explained_variance": 0.580040693283081, "action_std_mean": 0.32932913303375244, "optimizer_iterations": 4.0, "lr": 9.7952e-05}
{"step": 106496, "wall_time": 1790760157.959512, "episodes_completed": 4.0, "mean_episode_reward": 145.285688996315, "std_episode_reward": 109.38648709057591, "min_episode_reward": -5.136312007904053, "max_episode_reward": 301.9692077636719, "mean_episode_length": 73.0, "success_rate": 0.25, "collision_rate": 0.5, "out_of_bounds_rate": 0.0, "timeout_rate": 0.25, "policy_loss": 0.0458252914249897, "value_loss": 1298.9851684570312, "entropy": 0.6160998642444611, "approx_kl": 0.07152804033830762, "clip_fraction": 0.328125, "grad_norm": 413.4867477416992, "explained_variance": 0.5811073780059814, "action_std_mean": 0.3293336033821106, "optimizer_iterations": 4.0, "lr": 9.791104000000001e-05}
{"step": 108544, "wall_time": 1790760166.205806, "episodes_completed": 4.0, "mean_episode_reward": 262.604665517807, "std_episode_reward": 201.63663984617835, "min_episode_reward": -9.842904090881348, "max_episode_reward": 485.8329162597656, "mean_episode_length": 99.75, "success_rate": 0.5, "collision_rate": 0.5, "out_of_bounds_rate": 0.0, "timeout_rate": 0.0, "policy_loss": 0.016411257907748222, "value_loss": 1034.2230529785156, "entropy": 0.6161367893218994, "approx_kl": 0.025904018664732575, "clip_fraction": 0.1883544921875, "grad_norm": 323.4187698364258, "explained_variance": 0.6018471121788025, "action_std_mean": 0.32934024930000305, "optimizer_iterations": 4.0, "lr": 9.787008e-05}
{"step": 110592, "wall_time": 1790760174.6233838, "episodes_completed": 5.0, "mean_episode_reward": 204.78677768707274, "std_episode_reward": 321.38886476958595, "min_episode_reward": -4.438963890075684, "max_episode_reward": 845.1223754882812, "mean_episode_length": 76.8, "success_rate": 0.8, "collision_rate": 0.0, "out_of_bounds_rate": 0.0, "timeout_rate": 0.2, "policy_loss": 0.006763353245332837, "value_loss": 481.1276092529297, "entropy": 0.616159588098526, "approx_kl": 0.008102871594019234, "clip_fraction": 0.088134765625, "grad_norm": 172.35108184814453, "explained_variance": 0.5794379711151123, "action_std_mean": 0.3293342590332031, "optimizer_iterations": 4.0, "lr": 9.782912000000001e-05}
{"step": 112640, "wall_time": 1790760183.1279423, "episodes_completed": 3.0, "mean_episode_reward": 203.64856624603271, "std_episode_reward": 163.51900306131873, "min_episode_reward": -14.570551872253418, "max_episode_reward": 379.03790283203125, "mean_episode_length": 114.33333333333333, "success_rate": 0.6666666666666666, "collision_rate": 0.3333333333333333, "out_of_bounds_rate": 0.0, "timeout_rate": 0.0, "policy_loss": 0.01902182027697563, "value_loss": 700.4218139648438, "entropy": 0.6161111891269684, "approx_kl": 0.044928360264748335, "clip_fraction": 0.239501953125, "grad_norm": 233.09012985229492, "explained_variance": 0.5135676860809326, "action_std_mean": 0.3293272852897644, "optimizer_iterations": 4.0, "lr": 9.778816e-05}
{"step": 114688, "wall_time": 1790760191.6668344, "episodes_completed": 5.0, "mean_episode_reward": 103.02684245109558, "std_episode_reward": 122.8429988767949, "min_episode_reward": -9.987882614135742, "max_episode_reward": 296.2997741699219, "mean_episode_length": 61.6, "success_rate": 0.4, "collision_rate": 0.4, "out_of_bounds_rate": 0.0, "timeout_rate": 0.2, "policy_loss": 0.00535093666985631, "value_loss": 430.5230712890625, "entropy": 0.6160835027694702, "approx_kl": 0.03309756750240922, "clip_fraction": 0.184814453125, "grad_norm": 173.70355987548828, "explained_variance": 0.5649521946907043, "action_std_mean": 0.3293237090110779, "optimizer_iterations": 4.0, "lr": 9.774720000000001e-05}
{"step": 116736, "wall_time": 1790760199.960305, "episodes_completed": 2.0, "mean_episode_reward": 2.7145733684301376, "std_episode_reward": 2.359276309609413, "min_episode_reward": 0.3552970588207245, "max_episode_reward": 5.073849678039551, "mean_episode_length": 111.0, "success_rate": 0.0, "collision_rate": 0.0, "out_of_bounds_rate": 0.0, "timeout_rate": 1.0, "policy_loss": 0.014241493889130652, "value_loss": 809.1287994384766, "entropy": 0.6160673499107361, "approx_kl": 0.03388918749988079, "clip_fraction": 0.20654296875, "grad_norm": 361.8409957885742, "explained_variance": 0.41452813148498535, "action_std_mean": 0.3293233811855316, "optimizer_iterations": 4.0, "lr": 9.770624e-05}
{"step": 118784, "wall_time": 1790760208.4020324, "episodes_completed": 3.0, "mean_episode_reward": 239.56275177001953, "std_episode_reward": 180.39892152677453, "min_episode_reward": 87.04369354248047, "max_episode_reward": 492.935546875, "mean_episode_length": 105.0, "success_rate": 0.3333333333333333, "collision_rate": 0.6666666666666666, "out_of_bounds_rate": 0.0, "timeout_rate": 0.0, "policy_loss": 0.012823779135942459, "value_loss": 284.7794189453125, "entropy": 0.6160905063152313, "approx_kl": 0.020739687839522958, "clip_fraction": 0.1744384765625, "grad_norm": 296.7042808532715, "explained_variance": 0.4106956720352173, "action_std_mean": 0.32933902740478516, "optimizer_iterations": 4.0, "lr": 9.766528e-05}
{"step": 120832, "wall_time": 1790760216.7839544, "episodes_completed": 2.0, "mean_episode_reward": 447.63243103027344, "std_episode_reward": 258.4086456298828, "min_episode_reward": 189.22378540039062, "max_episode_reward": 706.0410766601562, "mean_episode_length": 146.0, "success_rate": 0.5, "collision_rate": 0.5, "out_of_bounds_rate": 0.0, "timeout_rate": 0.0, "policy_loss": 0.021131592337042093, "value_loss": 492.6357879638672, "entropy": 0.6162335574626923, "approx_kl": 0.04457825981080532, "clip_fraction": 0.2900390625, "grad_norm": 428.85469818115234, "explained_variance": 0.4454130530357361, "action_std_mean": 0.32936811447143555, "optimizer_iterations": 4.0, "lr": 9.762432000000001e-05}
{"step": 122880, "wall_time": 1790760225.076048, "episodes_completed": 3.0, "mean_episode_reward": -4.384123067061107, "std_episode_reward": 4.124081873377153, "min_episode_reward": -9.987062454223633, "max_episode_reward": -0.180020272731781, "mean_episode_length": 77.33333333333333, "success_rate": 0.0, "collision_rate": 0.3333333333333333, "out_of_bounds_rate": 0.0, "timeout_rate": 0.6666666666666666, "policy_loss": 0.03927651472622529, "value_loss": 796.5872497558594, "entropy": 0.6164007186889648, "approx_kl": 0.07493890170007944, "clip_fraction": 0.3052978515625, "grad_norm": 325.10827255249023, "explained_variance": 0.49994874000549316, "action_std_mean": 0.3293912410736084, "optimizer_iterations": 4.0, "lr": 9.758336e-05}
{"step": 124928, "wall_time": 1790760233.61276, "episodes_completed": 1.0, "mean_episode_reward": -2.6999855041503906, "std_episode_reward": 0.0, "min_episode_reward": -2.6999855041503906, "max_episode_reward": -2.6999855041503906, "mean_episode_length": 226.0, "success_rate": 0.0, "collision_rate": 0.0, "out_of_bounds_rate": 0.0, "timeout_rate": 1.0, "policy_loss": 0.011963725090026855, "value_loss": 537.6012725830078, "entropy": 0.6165401637554169, "approx_kl": 0.044345127418637276, "clip_fraction": 0.193115234375, "grad_norm": 216.17427444458008, "explained_variance": 0.5521837472915649, "action_std_mean": 0.32941606640815735, "optimizer_iterations": 4.0, "lr": 9.75424e-05}
{"step": 126976, "wall_time": 1790760242.1174629, "episodes_completed": 2.0, "mean_episode_reward": -4.008692145347595, "std_episode_reward": 6.542455315589905, "min_episode_reward": -10.5511474609375, "max_episode_reward": 2.5337631702423096, "mean_episode_length": 35.5, "success_rate": 0.0, "collision_rate": 0.0, "out_of_bounds_rate": 0.0, "timeout_rate": 1.0, "policy_loss": 0.0028172218007966876, "value_loss": 664.8799591064453, "entropy": 0.6166880130767822, "approx_kl": 0.008473765105009079, "clip_fraction": 0.08935546875, "grad_norm": 255.84406280517578, "explained_variance": 0.5890073776245117, "action_std_mean": 0.3294345736503601, "optimizer_iterations": 4.0, "lr": 9.750144e-05}
{"step": 129024, "wall_time": 1790760250.4465332, "episodes_completed": 4.0, "mean_episode_reward": -2.818692922592163, "std_episode_reward": 49.57282079991442, "min_episode_reward": -76.979736328125, "max_episode_reward": 60.652217864990234, "mean_episode_length": 76.75, "success_rate": 0.5, "collision_rate": 0.25, "out_of_bounds_rate": 0.0, "timeout_rate": 0.25, "policy_loss": 0.005489631090313196, "value_loss": 776.9335327148438, "entropy": 0.6167923808097839, "approx_kl": 0.01708711381070316, "clip_fraction": 0.156005859375, "grad_norm": 286.806640625, "explained_variance": 0.5923935770988464, "action_std_mean": 0.32945215702056885, "optimizer_iterations": 4.0, "lr": 9.746048000000001e-05}
{"step": 131072, "wall_time": 1790760258.6615312, "episodes_completed": 2.0, "mean_episode_reward": 92.81949234008789, "std_episode_reward": 102.8899040222168, "min_episode_reward": -10.070411682128906, "max_episode_reward": 195.7093963623047, "mean_episode_length": 24.0, "success_rate": 0.5, "collision_rate": 0.5, "out_of_bounds_rate": 0.0, "timeout_rate": 0.0, "policy_loss": 0.011482607573270798, "value_loss": 505.2894058227539, "entropy": 0.6169131696224213, "approx_kl": 0.017300539650022984, "clip_fraction": 0.153076171875, "grad_norm": 266.645565032959, "explained_variance": 0.6226168274879456, "action_std_mean": 0.3294770121574402, "optimizer_iterations": 4.0, "lr": 9.741952e-05}
{"step": 133120, "wall_time": 1790760266.9575074, "episodes_completed": 4.0, "mean_episode_reward": 71.77787804603577, "std_episode_reward": 138.73393222043384, "min_episode_reward": -21.89533805847168, "max_episode_reward": 311.3861389160156, "mean_episode_length": 73.0, "success_rate": 0.25, "collision_rate": 0.5, "out_of_bounds_rate": 0.0, "timeout_rate": 0.25, "policy_loss": 0.005784400273114443, "value_loss": 822.2506713867188, "entropy": 0.617074579000473, "approx_kl": 0.008541254792362452, "clip_fraction": 0.0863037109375, "grad_norm": 319.25255584716797, "explained_variance": 0.5679100155830383, "action_std_mean": 0.32950326800346375, "optimizer_iterations": 4.0, "lr": 9.737856000000001e-05}
{"step": 135168, "wall_time": 1790760275.3711264, "episodes_completed": 1.0, "mean_episode_reward": -8.406673431396484, "std_episode_reward": 0.0, "min_episode_reward": -8.406673431396484, "max_episode_reward": -8.406673431396484, "mean_episode_length": 176.0, "success_rate": 0.0, "collision_rate": 0.0, "out_of_bounds_rate": 0.0, "timeout_rate": 1.0, "policy_loss": 0.002875065430998802, "value_loss": 454.24383544921875, "entropy": 0.617218405008316, "approx_kl": 0.012901517562568188, "clip_fraction": 0.1314697265625, "grad_norm": 226.7790756225586, "explained_variance": 0.6026776432991028, "action_std_mean": 0.329521119594574, "optimizer_iterations": 4.0, "lr": 9.733760000000001e-05}
{"step": 137216, "wall_time": 1790760283.708381, "episodes_completed": 1.0, "mean_episode_reward": 314.8760986328125, "std_episode_reward": 0.0, "min_episode_reward": 314.8760986328125, "max_episode_reward": 314.8760986328125, "mean_episode_length": 88.0, "success_rate": 1.0, "collision_rate": 0.0, "out_of_bounds_rate": 0.0, "timeout_rate": 0.0, "policy_loss": 0.0003791111521422863, "value_loss": 771.3516693115234, "entropy": 0.6173105835914612, "approx_kl": 0.010363302833866328, "clip_fraction": 0.1025390625, "grad_norm": 268.6864013671875, "explained_variance": 0.5519905090332031, "action_std_mean": 0.32953473925590515, "optimizer_iterations": 4.0, "lr": 9.729664e-05}
{"step": 139264, "wall_time": 1790760292.2799392, "episodes_completed": 7.0, "mean_episode_reward": 58.488469805036274, "std_episode_reward": 79.45552904617455, "min_episode_reward": -10.188715934753418, "max_episode_reward": 186.31422424316406, "mean_episode_length": 80.57142857142857, "success_rate": 0.42857142857142855, "collision_rate": 0.2857142857142857, "out_of_bounds_rate": 0.0, "timeout_rate": 0.2857142857142857, "policy_loss": 0.0016925409436225891, "value_loss": 401.9389190673828, "entropy": 0.6174038052558899, "approx_kl": 0.016544457990676165, "clip_fraction": 0.0828857421875, "grad_norm": 196.3085479736328, "explained_variance": 0.6025973558425903, "action_std_mean": 0.3295542597770691, "optimizer_iterations": 4.0, "lr": 9.725568000000001e-05}
{"step": 141312, "wall_time": 1790760300.6306815, "episodes_completed": 5.0, "mean_episode_reward": 71.27158288955688, "std_episode_reward": 52.53058938400317, "min_episode_reward": -3.966948986053467, "max_episode_reward": 148.4341278076172, "mean_episode_length": 51.6, "success_rate": 0.6, "collision_rate": 0.2, "out_of_bounds_rate": 0.0, "timeout_rate": 0.2, "policy_loss": 0.009195661172270775, "value_loss": 707.300048828125, "entropy": 0.6175206899642944, "approx_kl": 0.020727717550471425, "clip_fraction": 0.124755859375, "grad_norm": 284.41553115844727, "explained_variance": 0.5840368270874023, "action_std_mean": 0.329569935798645, "optimizer_iterations": 4.0, "lr": 9.721472e-05}
{"step": 143360, "wall_time": 1790760309.102348, "episodes_completed": 4.0, "mean_episode_reward": 364.2289103269577, "std_episode_reward": 366.6936366609802, "min_episode_reward": 2.3373942375183105, "max_episode_reward": 842.3546752929688, "mean_episode_length": 132.25, "success_rate": 0.75, "collision_rate": 0.0, "out_of_bounds_rate": 0.0, "timeout_rate": 0.25, "policy_loss": 0.002544307615607977, "value_loss": 1161.7713623046875, "entropy": 0.6175931990146637, "approx_kl": 0.00868202408310026, "clip_fraction": 0.0693359375, "grad_norm": 374.586669921875, "explained_variance": 0.5921989679336548, "action_std_mean": 0.3295755386352539, "optimizer_iterations": 4.0, "lr": 9.717376e-05}
{"step": 145408, "wall_time": 1790760317.3354914, "episodes_completed": 3.0, "mean_episode_reward": 58.548741380373635, "std_episode_reward": 42.809417025194605, "min_episode_reward": -1.8970955610275269, "max_episode_reward": 91.72036743164062, "mean_episode_length": 53.0, "success_rate": 0.6666666666666666, "collision_rate": 0.0, "out_of_bounds_rate": 0.0, "timeout_rate": 0.3333333333333333, "policy_loss": 0.012340640183538198, "value_loss": 536.5885314941406, "entropy": 0.6176084578037262, "approx_kl": 0.029915234306827188, "clip_fraction": 0.1148681640625, "grad_norm": 220.5912971496582, "explained_variance": 0.6023555994033813, "action_std_mean": 0.3295722007751465, "optimizer_iterations": 4.0, "lr": 9.71328e-05}
{"step": 147456, "wall_time": 1790760325.6002967, "episodes_completed": 6.0, "mean_episode_reward": 145.1539623339971, "std_episode_reward": 142.81324958296764, "min_episode_reward": -9.80491828918457, "max_episode_reward": 336.278564453125, "mean_episode_length": 105.33333333333333, "success_rate": 0.5, "collision_rate": 0.3333333333333333, "out_of_bounds_rate": 0.0, "timeout_rate": 0.16666666666666666, "policy_loss": 0.013891909271478653, "value_loss": 222.78966522216797, "entropy": 0.6175726652145386, "approx_kl": 0.025144761195406318, "clip_fraction": 0.1690673828125, "grad_norm": 153.29561233520508, "explained_variance": 0.6770144104957581, "action_std_mean": 0.32956475019454956, "optimizer_iterations": 4.0, "lr": 9.709184e-05}
{"step": 149504, "wall_time": 1790760334.066321, "episodes_completed": 5.0, "mean_episode_reward": 99.05783023834229, "std_episode_reward": 113.72074133208955, "min_episode_reward": -9.952839851379395, "max_episode_reward": 266.1817932128906, "mean_episode_length": 58.4, "success_rate": 0.6, "collision_rate": 0.4, "out_of_bounds_rate": 0.0, "timeout_rate": 0.0, "policy_loss": 0.01357455039396882, "value_loss": 537.2153015136719, "entropy": 0.6175277829170227, "approx_kl": 0.024960177950561047, "clip_fraction": 0.1988525390625, "grad_norm": 210.26068115234375, "explained_variance": 0.5406657457351685, "action_std_mean": 0.3295550048351288, "optimizer_iterations": 4.0, "lr": 9.705088e-05}
{"step": 151552, "wall_time": 1790760342.495759, "episodes_completed": 9.0, "mean_episode_reward": 121.72599061330159, "std_episode_reward": 208.0725556895529, "min_episode_reward": -9.98389720916748, "max_episode_reward": 665.4196166992188, "mean_episode_length": 72.33333333333333, "success_rate": 0.3333333333333333, "collision_rate": 0.5555555555555556, "out_of_bounds_rate": 0.0, "timeout_rate": 0.1111111111111111, "policy_loss": 0.007831016555428505, "value_loss": 827.568115234375, "entropy": 0.6174583435058594, "approx_kl": 0.037717228289693594, "clip_fraction": 0.171630859375, "grad_norm": 244.7373924255371, "explained_variance": 0.4654422998428345, "action_std_mean": 0.3295431137084961, "optimizer_iterations": 4.0, "lr": 9.700992000000002e-05}
{"step": 153600, "wall_time": 1790760350.730057, "episodes_completed": 6.0, "mean_episode_reward": 187.07484807819128, "std_episode_reward": 222.85974018009196, "min_episode_reward": -3.023502826690674, "max_episode_reward": 511.3114929199219, "mean_episode_length": 57.166666666666664, "success_rate": 0.3333333333333333, "collision_rate": 0.5, "out_of_bounds_rate": 0.0, "timeout_rate": 0.16666666666666666, "policy_loss": 0.008079190389253199, "value_loss": 786.6340026855469, "entropy": 0.6173949539661407, "approx_kl": 0.035288809798657894, "clip_fraction": 0.1041259765625, "grad_norm": 271.4171905517578, "explained_variance": 0.28787481784820557, "action_std_mean": 0.32953622937202454, "optimizer_iterations": 4.0, "lr": 9.696896000000001e-05}
{"step": 155648, "wall_time": 1790760359.0403798, "episodes_completed": 2.0, "mean_episode_reward": 417.1281051635742, "std_episode_reward": 262.83704376220703, "min_episode_reward": 154.2910614013672, "max_episode_reward": 679.9651489257812, "mean_episode_length": 120.5, "success_rate": 1.0, "collision_rate": 0.0, "out_of_bounds_rate": 0.0, "timeout_rate": 0.0, "policy_loss": 0.001070213271304965, "value_loss": 795.6262359619141, "entropy": 0.6173506677150726, "approx_kl": 0.012113865232095122, "clip_fraction": 0.0733642578125, "grad_norm": 260.11707305908203, "explained_variance": 0.3601088523864746, "action_std_mean": 0.3295242488384247, "optimizer_iterations": 4.0, "lr": 9.6928e-05}
{"step": 157696, "wall_time": 1790760367.2238905, "episodes_completed": 2.0, "mean_episode_reward": 141.00625801086426, "std_episode_reward": 115.29937553405762, "min_episode_reward": 25.70688247680664, "max_episode_reward": 256.3056335449219, "mean_episode_length": 115.0, "success_rate": 0.5, "collision_rate": 0.5, "out_of_bounds_rate": 0.0, "timeout_rate": 0.0, "policy_loss": -0.0018386426381766796, "value_loss": 264.8301544189453, "entropy": 0.6172571778297424, "approx_kl": 0.004464457102585584, "clip_fraction": 0.054443359375, "grad_norm": 119.70805835723877, "explained_variance": 0.5351401567459106, "action_std_mean": 0.3295031189918518, "optimizer_iterations": 4.0, "lr": 9.688704000000001e-05}
{"step": 159744, "wall_time": 1790760375.6269968, "episodes_completed": 6.0, "mean_episode_reward": 341.87904500961304, "std_episode_reward": 317.3034485896209, "min_episode_reward": -18.352102279663086, "max_episode_reward": 754.8701171875, "mean_episode_length": 147.0, "success_rate": 0.16666666666666666, "collision_rate": 0.5, "out_of_bounds_rate": 0.0, "timeout_rate": 0.3333333333333333, "policy_loss": 0.006278425455093384, "value_loss": 770.3040313720703, "entropy": 0.6171182692050934, "approx_kl": 0.012488465348724276, "clip_fraction": 0.1209716796875, "grad_norm": 233.87545776367188, "explained_variance": 0.45276618003845215, "action_std_mean": 0.3294811248779297, "optimizer_iterations": 4.0, "lr": 9.684608e-05}
{"step": 161792, "wall_time": 1790760384.0271943, "episodes_completed": 1.0, "mean_episode_reward": -1.2010964155197144, "std_episode_reward": 0.0, "min_episode_reward": -1.2010964155197144, "max_episode_reward": -1.2010964155197144, "mean_episode_length": 19.0, "success_rate": 0.0, "collision_rate": 0.0, "out_of_bounds_rate": 0.0, "timeout_rate": 1.0, "policy_loss": 0.03040885995142162, "value_loss": 1402.8735046386719, "entropy": 0.6170035898685455, "approx_kl": 0.10433398000895977, "clip_fraction": 0.15869140625, "grad_norm": 405.2687454223633, "explained_variance": 0.5182832479476929, "action_std_mean": 0.32946836948394775, "optimizer_iterations": 4.0, "lr": 9.680512e-05}
{"step": 163840, "wall_time": 1790760392.5234606, "episodes_completed": 4.0, "mean_episode_reward": 220.35127545706928, "std_episode_reward": 199.4875376649736, "min_episode_reward": 0.05894093960523605, "max_episode_reward": 536.7877807617188, "mean_episode_length": 91.0, "success_rate": 0.75, "collision_rate": 0.0, "out_of_bounds_rate": 0.0, "timeout_rate": 0.25, "policy_loss": 0.006272036582231522, "value_loss": 1039.2659606933594, "entropy": 0.6169464886188507, "approx_kl": 0.028416567482054234, "clip_fraction": 0.0899658203125, "grad_norm": 315.52378845214844, "explained_variance": 0.5813833475112915, "action_std_mean": 0.32946163415908813, "optimizer_iterations": 4.0, "lr": 9.676416000000001e-05}
{"step": 165888, "wall_time": 1790760401.1466737, "episodes_completed": 5.0, "mean_episode_reward": 67.18097846508026, "std_episode_reward": 122.98414894858283, "min_episode_reward": -9.846912384033203, "max_episode_reward": 310.63909912109375, "mean_episode_length": 46.0, "success_rate": 0.2, "collision_rate": 0.4, "out_of_bounds_rate": 0.0, "timeout_rate": 0.4, "policy_loss": 0.017514143139123917, "value_loss": 834.0873413085938, "entropy": 0.6169236302375793, "approx_kl": 0.028251449810341, "clip_fraction": 0.2161865234375, "grad_norm": 348.4698181152344, "explained_variance": 0.6904793977737427, "action_std_mean": 0.32946765422821045, "optimizer_iterations": 4.0, "lr": 9.67232e-05}
{"step": 167936, "wall_time": 1790760409.458546, "episodes_completed": 4.0, "mean_episode_reward": 382.06167459487915, "std_episode_reward": 365.9644070368347, "min_episode_reward": 11.34766960144043, "max_episode_reward": 783.1699829101562, "mean_episode_length": 107.75, "success_rate": 0.75, "collision_rate": 0.25, "out_of_bounds_rate": 0.0, "timeout_rate": 0.0, "policy_loss": 0.0032541118562221527, "value_loss": 865.7021026611328, "entropy": 0.6169950664043427, "approx_kl": 0.0070790768368169665, "clip_fraction": 0.0869140625, "grad_norm": 285.2615966796875, "explained_variance": 0.6270386576652527, "action_std_mean": 0.3294827938079834, "optimizer_iterations": 4.0, "lr": 9.668224e-05}
{"step": 169984, "wall_time": 1790760418.0832787, "episodes_completed": 4.0, "mean_episode_reward": 149.04255867004395, "std_episode_reward": 179.13767375610317, "min_episode_reward": 14.349334716796875, "max_episode_reward": 453.9684753417969, "mean_episode_length": 97.25, "success_rate": 1.0, "collision_rate": 0.0, "out_of_bounds_rate": 0.0, "timeout_rate": 0.0, "policy_loss": 0.003475068137049675, "value_loss": 948.9965972900391, "entropy": 0.6170877516269684, "approx_kl": 0.017007327172905207, "clip_fraction": 0.05126953125, "grad_norm": 322.1476287841797, "explained_variance": 0.6591571569442749, "action_std_mean": 0.3294990360736847, "optimizer_iterations": 4.0, "lr": 9.664128e-05}
{"step": 172032, "wall_time": 1790760426.4236279, "episodes_completed": 6.0, "mean_episode_reward": 290.6281784127156, "std_episode_reward": 328.7615185989013, "min_episode_reward": -9.167304039001465, "max_episode_reward": 849.21533203125, "mean_episode_length": 147.16666666666666, "success_rate": 0.3333333333333333, "collision_rate": 0.3333333333333333, "out_of_bounds_rate": 0.0, "timeout_rate": 0.3333333333333333, "policy_loss": 0.000458327354863286, "value_loss": 1304.0399169921875, "entropy": 0.617180198431015, "approx_kl": 0.0027008546894649044, "clip_fraction": 0.026123046875, "grad_norm": 412.5009460449219, "explained_variance": 0.6267176866531372, "action_std_mean": 0.3295086622238159, "optimizer_iterations": 4.0, "lr": 9.660032e-05}
{"step": 174080, "wall_time": 1790760434.795625, "episodes_completed": 4.0, "mean_episode_reward": 290.1446580886841, "std_episode_reward": 282.61354220297096, "min_episode_reward": 8.622875213623047, "max_episode_reward": 740.899169921875, "mean_episode_length": 92.5, "success_rate": 0.5, "collision_rate": 0.5, "out_of_bounds_rate": 0.0, "timeout_rate": 0.0, "policy_loss": -0.002662237733602524, "value_loss": 1231.6105651855469, "entropy": 0.6172193288803101, "approx_kl": 0.004755721136461943, "clip_fraction": 0.0394287109375, "grad_norm": 382.1385726928711, "explained_variance": 0.5144850015640259, "action_std_mean": 0.32950901985168457, "optimizer_iterations": 4.0, "lr": 9.655936e-05}
{"step": 176128, "wall_time": 1790760443.379127, "episodes_completed": 6.0, "mean_episode_reward": 372.77151528994244, "std_episode_reward": 274.1326660461669, "min_episode_reward": -2.0506796836853027, "max_episode_reward": 780.8221435546875, "mean_episode_length": 147.66666666666666, "success_rate": 0.5, "collision_rate": 0.3333333333333333, "out_of_bounds_rate": 0.0, "timeout_rate": 0.16666666666666666, "policy_loss": 0.0008043702691793442, "value_loss": 1140.0670166015625, "entropy": 0.6172093451023102, "approx_kl": 0.015273175667971373, "clip_fraction": 0.104736328125, "grad_norm": 362.0204620361328, "explained_variance": 0.4991306662559509, "action_std_mean": 0.32950738072395325, "optimizer_iterations": 4.0, "lr": 9.651840000000001e-05}
{"step": 178176, "wall_time": 1790760451.9649072, "episodes_completed": 1.0, "mean_episode_reward": 174.74172973632812, "std_episode_reward": 0.0, "min_episode_reward": 174.74172973632812, "max_episode_reward": 174.74172973632812, "mean_episode_length": 49.0, "success_rate": 1.0, "collision_rate": 0.0, "out_of_bounds_rate": 0.0, "timeout_rate": 0.0, "policy_loss": 0.009129600133746862, "value_loss": 514.6233978271484, "entropy": 0.6171996891498566, "approx_kl": 0.034164625220000744, "clip_fraction": 0.2105712890625, "grad_norm": 169.2482032775879, "explained_variance": 0.46135419607162476, "action_std_mean": 0.32950299978256226, "optimizer_iterations": 4.0, "lr": 9.647744000000001e-05}
{"step": 180224, "wall_time": 1790760460.5661676, "episodes_completed": 1.0, "mean_episode_reward": 505.7513732910156, "std_episode_reward": 0.0, "min_episode_reward": 505.7513732910156, "max_episode_reward": 505.7513732910156, "mean_episode_length": 147.0, "success_rate": 1.0, "collision_rate": 0.0, "out_of_bounds_rate": 0.0, "timeout_rate": 0.0, "policy_loss": 0.0395033173263073, "value_loss": 287.76497650146484, "entropy": 0.6171967387199402, "approx_kl": 0.08144911378622055, "clip_fraction": 0.22509765625, "grad_norm": 102.95573806762695, "explained_variance": 0.5779706835746765, "action_std_mean": 0.3295167088508606, "optimizer_iterations": 4.0, "lr": 9.643648e-05}
{"step": 182272, "wall_time": 1790760469.2159457, "episodes_completed": 1.0, "mean_episode_reward": 11.211318016052246, "std_episode_reward": 0.0, "min_episode_reward": 11.211318016052246, "max_episode_reward": 11.211318016052246, "mean_episode_length": 222.0, "success_rate": 0.0, "collision_rate": 0.0, "out_of_bounds_rate": 0.0, "timeout_rate": 1.0, "policy_loss": 0.005355342756956816, "value_loss": 291.41455841064453, "entropy": 0.6173280775547028, "approx_kl": 0.015797532629221678, "clip_fraction": 0.1456298828125, "grad_norm": 146.3528881072998, "explained_variance": 0.7056980133056641, "action_std_mean": 0.3295425772666931, "optimizer_iterations": 4.0, "lr": 9.639552000000001e-05}
{"step": 184320, "wall_time": 1790760477.826796, "episodes_completed": 4.0, "mean_episode_reward": 158.89012505114079, "std_episode_reward": 174.8103966641449, "min_episode_reward": -0.27504438161849976, "max_episode_reward": 426.9993896484375, "mean_episode_length": 143.25, "success_rate": 0.0, "collision_rate": 0.5, "out_of_bounds_rate": 0.0, "timeout_rate": 0.5, "policy_loss": 0.006708163768053055, "value_loss": 587.1543884277344, "entropy": 0.6174927055835724, "approx_kl": 0.09285295568406582, "clip_fraction": 0.1341552734375, "grad_norm": 195.07670211791992, "explained_variance": 0.6618775129318237, "action_std_mean": 0.3295738697052002, "optimizer_iterations": 4.0, "lr": 9.635456e-05}
{"step": 186368, "wall_time": 1790760486.1840706, "episodes_completed": 1.0, "mean_episode_reward": 725.2117919921875, "std_episode_reward": 0.0, "min_episode_reward": 725.2117919921875, "max_episode_reward": 725.2117919921875, "mean_episode_length": 196.0, "success_rate": 0.0, "collision_rate": 1.0, "out_of_bounds_rate": 0.0, "timeout_rate": 0.0, "policy_loss": 0.008480935357511044, "value_loss": 885.5587158203125, "entropy": 0.6176879107952118, "approx_kl": 0.016615025233477354, "clip_fraction": 0.15283203125, "grad_norm": 291.1854705810547, "explained_variance": 0.6736302375793457, "action_std_mean": 0.32960572838783264, "optimizer_iterations": 4.0, "lr": 9.63136e-05}
{"step": 188416, "wall_time": 1790760494.6297147, "episodes_completed": 4.0, "mean_episode_reward": 3.4210486635565758, "std_episode_reward": 5.679785960455403, "min_episode_reward": -0.5248639583587646, "max_episode_reward": 13.15127944946289, "mean_episode_length": 118.75, "success_rate": 0.25, "collision_rate": 0.0, "out_of_bounds_rate": 0.0, "timeout_rate": 0.75, "policy_loss": 0.0014623550232499838, "value_loss": 543.6011657714844, "entropy": 0.6178706586360931, "approx_kl": 0.014998366823419929, "clip_fraction": 0.1217041015625, "grad_norm": 222.2999267578125, "explained_variance": 0.6817732453346252, "action_std_mean": 0.32963669300079346, "optimizer_iterations": 4.0, "lr": 9.627264e-05}
{"step": 190464, "wall_time": 1790760502.9922678, "episodes_completed": 1.0, "mean_episode_reward": 12.225614547729492, "std_episode_reward": 0.0, "min_episode_reward": 12.225614547729492, "max_episode_reward": 12.225614547729492, "mean_episode_length": 154.0, "success_rate": 0.0, "collision_rate": 1.0, "out_of_bounds_rate": 0.0, "timeout_rate": 0.0, "policy_loss": 0.012109193950891495, "value_loss": 814.7546081542969, "entropy": 0.6180468499660492, "approx_kl": 0.01976440823636949, "clip_fraction": 0.14013671875, "grad_norm": 268.6869201660156, "explained_variance": 0.6327372789382935, "action_std_mean": 0.32966092228889465, "optimizer_iterations": 4.0, "lr": 9.623168e-05}
{"step": 192512, "wall_time": 1790760511.3208191, "episodes_completed": 5.0, "mean_episode_reward": 150.72393662929534, "std_episode_reward": 229.8258313859254, "min_episode_reward": -0.5544863939285278, "max_episode_reward": 605.1339111328125, "mean_episode_length": 108.6, "success_rate": 0.8, "collision_rate": 0.0, "out_of_bounds_rate": 0.0, "timeout_rate": 0.2, "policy_loss": 0.0005999216809868813, "value_loss": 502.50662994384766, "entropy": 0.6181932687759399, "approx_kl": 0.010947305941954255, "clip_fraction": 0.0841064453125, "grad_norm": 182.71707153320312, "explained_variance": 0.6845329999923706, "action_std_mean": 0.3296878933906555, "optimizer_iterations": 4.0, "lr": 9.619072e-05}
{"step": 194560, "wall_time": 1790760519.661598, "episodes_completed": 1.0, "mean_episode_reward": 234.9461212158203, "std_episode_reward": 0.0, "min_episode_reward": 234.9461212158203, "max_episode_reward": 234.9461212158203, "mean_episode_length": 75.0, "success_rate": 1.0, "collision_rate": 0.0, "out_of_bounds_rate": 0.0, "timeout_rate": 0.0, "policy_loss": 0.006819082889705896, "value_loss": 599.8815765380859, "entropy": 0.618354082107544, "approx_kl": 0.023746267892420292, "clip_fraction": 0.227294921875, "grad_norm": 239.93084716796875, "explained_variance": 0.6611008644104004, "action_std_mean": 0.32971298694610596, "optimizer_iterations": 4.0, "lr": 9.614976e-05}
{"step": 196608, "wall_time": 1790760528.015507, "episodes_completed": 2.0, "mean_episode_reward": 57.967806816101074, "std_episode_reward": 38.07905292510986, "min_episode_reward": 19.88875389099121, "max_episode_reward": 96.04685974121094, "mean_episode_length": 107.5, "success_rate": 0.5, "collision_rate": 0.0, "out_of_bounds_rate": 0.0, "timeout_rate": 0.5, "policy_loss": 0.003998313099145889, "value_loss": 331.13726806640625, "entropy": 0.6184706091880798, "approx_kl": 0.015481519978493452, "clip_fraction": 0.1370849609375, "grad_norm": 144.86693382263184, "explained_variance": 0.6969376802444458, "action_std_mean": 0.32971280813217163, "optimizer_iterations": 4.0, "lr": 9.61088e-05}
{"step": 198656, "wall_time": 1790760536.3786657, "episodes_completed": 1.0, "mean_episode_reward": -12.089425086975098, "std_episode_reward": 0.0, "min_episode_reward": -12.089425086975098, "max_episode_reward": -12.089425086975098, "mean_episode_length": 160.0, "success_rate": 0.0, "collision_rate": 0.0, "out_of_bounds_rate": 0.0, "timeout_rate": 1.0, "policy_loss": 0.01037939265370369, "value_loss": 358.78892517089844, "entropy": 0.6184294819831848, "approx_kl": 0.01437103096395731, "clip_fraction": 0.1141357421875, "grad_norm": 116.81286811828613, "explained_variance": 0.7100460529327393, "action_std_mean": 0.3297048509120941, "optimizer_iterations": 4.0, "lr": 9.606784e-05}
{"step": 200704, "wall_time": 1790760544.662244, "episodes_completed": 5.0, "mean_episode_reward": 97.5657410621643, "std_episode_reward": 147.1372470239678, "min_episode_reward": -32.55595779418945, "max_episode_reward": 350.0321960449219, "mean_episode_length": 89.0, "success_rate": 0.2, "collision_rate": 0.4, "out_of_bounds_rate": 0.0, "timeout_rate": 0.4, "policy_loss": 0.0027354732155799866, "value_loss": 558.7485961914062, "entropy": 0.6183795630931854, "approx_kl": 0.006845351308584213, "clip_fraction": 0.0621337890625, "grad_norm": 207.34342193603516, "explained_variance": 0.7044367790222168, "action_std_mean": 0.3296968936920166, "optimizer_iterations": 4.0, "lr": 9.602688000000001e-05}
{"step": 202752, "wall_time": 1790760552.9780364, "episodes_completed": 1.0, "mean_episode_reward": 584.0899047851562, "std_episode_reward": 0.0, "min_episode_reward": 584.0899047851562, "max_episode_reward": 584.0899047851562, "mean_episode_length": 164.0, "success_rate": 0.0, "collision_rate": 1.0, "out_of_bounds_rate": 0.0, "timeout_rate": 0.0, "policy_loss": 0.005686827003955841, "value_loss": 608.0267181396484, "entropy": 0.6183109879493713, "approx_kl": 0.018706147093325853, "clip_fraction": 0.1094970703125, "grad_norm": 218.39429473876953, "explained_variance": 0.6322037577629089, "action_std_mean": 0.3296756446361542, "optimizer_iterations": 4.0, "lr": 9.598592000000001e-05}
{"step": 204800, "wall_time": 1790760561.3965552, "episodes_completed": 4.0, "mean_episode_reward": 32.5089647769928, "std_episode_reward": 43.11380070818552, "min_episode_reward": -2.5317327976226807, "max_episode_reward": 104.34015655517578, "mean_episode_length": 164.5, "success_rate": 0.0, "collision_rate": 0.5, "out_of_bounds_rate": 0.0, "timeout_rate": 0.5, "policy_loss": 0.006805627606809139, "value_loss": 127.23440361022949, "entropy": 0.6181722581386566, "approx_kl": 0.02155312430113554, "clip_fraction": 0.1573486328125, "grad_norm": 135.98375511169434, "explained_variance": 0.7572817802429199, "action_std_mean": 0.3296636939048767, "optimizer_iterations": 4.0, "lr": 9.594496e-05}
{"step": 206848, "wall_time": 1790760569.8476486, "episodes_completed": 4.0, "mean_episode_reward": 237.50875037908554, "std_episode_reward": 254.4293326397657, "min_episode_reward": -2.192232370376587, "max_episode_reward": 645.1932373046875, "mean_episode_length": 149.75, "success_rate": 0.25, "collision_rate": 0.25, "out_of_bounds_rate": 0.0, "timeout_rate": 0.5, "policy_loss": 0.017831382574513555, "value_loss": 833.3560028076172, "entropy": 0.6181571781635284, "approx_kl": 0.15432828292250633, "clip_fraction": 0.1669921875, "grad_norm": 356.8131866455078, "explained_variance": 0.5735933184623718, "action_std_mean": 0.32966527342796326, "optimizer_iterations": 4.0, "lr": 9.590400000000001e-05}
{"step": 208896, "wall_time": 1790760578.1257246, "episodes_completed": 4.0, "mean_episode_reward": 139.20114016532898, "std_episode_reward": 134.12897534645546, "min_episode_reward": -9.625988960266113, "max_episode_reward": 356.98358154296875, "mean_episode_length": 51.0, "success_rate": 0.25, "collision_rate": 0.75, "out_of_bounds_rate": 0.0, "timeout_rate": 0.0, "policy_loss": 0.008303457405418158, "value_loss": 1015.2371826171875, "entropy": 0.6181405186653137, "approx_kl": 0.014423432294279337, "clip_fraction": 0.131591796875, "grad_norm": 360.21033477783203, "explained_variance": 0.6193963289260864, "action_std_mean": 0.32965558767318726, "optimizer_iterations": 4.0, "lr": 9.586304e-05}
{"step": 210944, "wall_time": 1790760586.279515, "episodes_completed": 4.0, "mean_episode_reward": 76.04220008850098, "std_episode_reward": 86.05905918646555, "min_episode_reward": 19.414051055908203, "max_episode_reward": 224.3502655029297, "mean_episode_length": 100.0, "success_rate": 0.75, "collision_rate": 0.0, "out_of_bounds_rate": 0.0, "timeout_rate": 0.25, "policy_loss": 0.0035829346161335707, "value_loss": 393.2562026977539, "entropy": 0.618084579706192, "approx_kl": 0.023621342610567808, "clip_fraction": 0.114013671875, "grad_norm": 318.52383041381836, "explained_variance": 0.6605290770530701, "action_std_mean": 0.329653263092041, "optimizer_iterations": 4.0, "lr": 9.582208e-05}
{"step": 212992, "wall_time": 1790760594.6099102, "episodes_completed": 7.0, "mean_episode_reward": 91.36676158223834, "std_episode_reward": 190.95436644086288, "min_episode_reward": -28.17157745361328, "max_episode_reward": 541.8878784179688, "mean_episode_length": 90.71428571428571, "success_rate": 0.14285714285714285, "collision_rate": 0.7142857142857143, "out_of_bounds_rate": 0.0, "timeout_rate": 0.14285714285714285, "policy_loss": 0.025009375996887684, "value_loss": 504.8814010620117, "entropy": 0.6180937588214874, "approx_kl": 0.11633313819766045, "clip_fraction": 0.1893310546875, "grad_norm": 425.95135498046875, "explained_variance": 0.6571909189224243, "action_std_mean": 0.3296568989753723, "optimizer_iterations": 4.0, "lr": 9.578112e-05}
{"step": 215040, "wall_time": 1790760602.968169, "episodes_completed": 3.0, "mean_episode_reward": 118.73588339487712, "std_episode_reward": 78.93501757383207, "min_episode_reward": 10.96865177154541, "max_episode_reward": 197.83404541015625, "mean_episode_length": 62.333333333333336, "success_rate": 1.0, "collision_rate": 0.0, "out_of_bounds_rate": 0.0, "timeout_rate": 0.0, "policy_loss": 0.0019841199391521513, "value_loss": 748.8698272705078, "entropy": 0.6181157529354095, "approx_kl": 0.007517250953242183, "clip_fraction": 0.0958251953125, "grad_norm": 431.52318954467773, "explained_variance": 0.584351658821106, "action_std_mean": 0.3296601474285126, "optimizer_iterations": 4.0, "lr": 9.574016e-05}
{"step": 217088, "wall_time": 1790760611.2015069, "episodes_completed": 3.0, "mean_episode_reward": 73.86654472351074, "std_episode_reward": 90.25455453617339, "min_episode_reward": -4.823991775512695, "max_episode_reward": 200.2444305419922, "mean_episode_length": 111.33333333333333, "success_rate": 0.6666666666666666, "collision_rate": 0.0, "out_of_bounds_rate": 0.0, "timeout_rate": 0.3333333333333333, "policy_loss": 0.04172614589333534, "value_loss": 928.6029205322266, "entropy": 0.6181429624557495, "approx_kl": 0.13626250624656677, "clip_fraction": 0.27587890625, "grad_norm": 430.06803131103516, "explained_variance": 0.6182481646537781, "action_std_mean": 0.32966917753219604, "optimizer_iterations": 4.0, "lr": 9.56992e-05}
{"step": 219136, "wall_time": 1790760619.5285187, "episodes_completed": 4.0, "mean_episode_reward": 259.9243984222412, "std_episode_reward": 250.2692302908025, "min_episode_reward": 9.172332763671875, "max_episode_reward": 569.7864990234375, "mean_episode_length": 140.25, "success_rate": 0.75, "collision_rate": 0.25, "out_of_bounds_rate": 0.0, "timeout_rate": 0.0, "policy_loss": 0.010115235578268766, "value_loss": 794.0726623535156, "entropy": 0.6182165741920471, "approx_kl": 0.027221063617616892, "clip_fraction": 0.17724609375, "grad_norm": 294.5284881591797, "explained_variance": 0.6522893905639648, "action_std_mean": 0.3296855688095093, "optimizer_iterations": 4.0, "lr": 9.565824000000001e-05}
{"step": 221184, "wall_time": 1790760627.9339333, "episodes_completed": 2.0, "mean_episode_reward": 480.88247203826904, "std_episode_reward": 507.60641956329346, "min_episode_reward": -26.723947525024414, "max_episode_reward": 988.4888916015625, "mean_episode_length": 226.0, "success_rate": 0.5, "collision_rate": 0.5, "out_of_bounds_rate": 0.0, "timeout_rate": 0.0, "policy_loss": 0.01130283996462822, "value_loss": 493.1692657470703, "entropy": 0.6183216273784637, "approx_kl": 0.03309007268399, "clip_fraction": 0.229248046875, "grad_norm": 298.3260307312012, "explained_variance": 0.6166671514511108, "action_std_mean": 0.3297001123428345, "optimizer_iterations": 4.0, "lr": 9.561728000000001e-05}
{"step": 223232, "wall_time": 1790760636.3132403, "episodes_completed": 1.0, "mean_episode_reward": -2.266266107559204, "std_episode_reward": 0.0, "min_episode_reward": -2.266266107559204, "max_episode_reward": -2.266266107559204, "mean_episode_length": 88.0, "success_rate": 0.0, "collision_rate": 0.0, "out_of_bounds_rate": 0.0, "timeout_rate": 1.0, "policy_loss": 0.0039830636233091354, "value_loss": 434.0329055786133, "entropy": 0.6183829307556152, "approx_kl": 0.013348585227504373, "clip_fraction": 0.148193359375, "grad_norm": 198.0533790588379, "explained_variance": 0.6750564575195312, "action_std_mean": 0.32969820499420166, "optimizer_iterations": 4.0, "lr": 9.557632e-05}
{"step": 225280, "wall_time": 1790760644.6921039, "episodes_completed": 2.0, "mean_episode_reward": -21.76052576303482, "std_episode_reward": 22.828345239162445, "min_episode_reward": -44.588871002197266, "max_episode_reward": 1.0678194761276245, "mean_episode_length": 153.0, "success_rate": 0.0, "collision_rate": 0.5, "out_of_bounds_rate": 0.0, "timeout_rate": 0.5, "policy_loss": 0.006199200404807925, "value_loss": 320.0884017944336, "entropy": 0.6183272004127502, "approx_kl": 0.018682971596717834, "clip_fraction": 0.0927734375, "grad_norm": 169.83462142944336, "explained_variance": 0.6899106502532959, "action_std_mean": 0.32967454195022583, "optimizer_iterations": 4.0, "lr": 9.553536000000001e-05}
{"step": 227328, "wall_time": 1790760653.25408, "episodes_completed": 2.0, "mean_episode_reward": -0.7467255592346191, "std_episode_reward": 1.7312657833099365, "min_episode_reward": -2.4779913425445557, "max_episode_reward": 0.9845402240753174, "mean_episode_length": 57.5, "success_rate": 0.0, "collision_rate": 0.0, "out_of_bounds_rate": 0.0, "timeout_rate": 1.0, "policy_loss": 0.012726650573313236, "value_loss": 517.9283905029297, "entropy": 0.6181374192237854, "approx_kl": 0.06992861069738865, "clip_fraction": 0.1617431640625, "grad_norm": 169.6537208557129, "explained_variance": 0.6415791511535645, "action_std_mean": 0.3296353220939636, "optimizer_iterations": 4.0, "lr": 9.54944e-05}
{"step": 229376, "wall_time": 1790760661.6817052, "episodes_completed": 1.0, "mean_episode_reward": 23.739513397216797, "std_episode_reward": 0.0, "min_episode_reward": 23.739513397216797, "max_episode_reward": 23.739513397216797, "mean_episode_length": 70.0, "success_rate": 1.0, "collision_rate": 0.0, "out_of_bounds_rate": 0.0, "timeout_rate": 0.0, "policy_loss": 0.004859338456299156, "value_loss": 493.1546173095703, "entropy": 0.6179333329200745, "approx_kl": 0.00945483020041138, "clip_fraction": 0.12158203125, "grad_norm": 198.44052124023438, "explained_variance": 0.6489100456237793, "action_std_mean": 0.329614520072937, "optimizer_iterations": 4.0, "lr": 9.545344e-05}
{"step": 231424, "wall_time": 1790760670.190288, "episodes_completed": 3.0, "mean_episode_reward": 15.50104562441508, "std_episode_reward": 24.99617592148666, "min_episode_reward": -7.215512752532959, "max_episode_reward": 50.315277099609375, "mean_episode_length": 112.33333333333333, "success_rate": 0.3333333333333333, "collision_rate": 0.0, "out_of_bounds_rate": 0.0, "timeout_rate": 0.6666666666666666, "policy_loss": 0.0033862004056572914, "value_loss": 474.85218048095703, "entropy": 0.6178299486637115, "approx_kl": 0.00638149498263374, "clip_fraction": 0.0623779296875, "grad_norm": 207.78661727905273, "explained_variance": 0.7019366025924683, "action_std_mean": 0.32959991693496704, "optimizer_iterations": 4.0, "lr": 9.541248000000001e-05}
{"step": 233472, "wall_time": 1790760678.5906234, "episodes_completed": 5.0, "mean_episode_reward": 44.03774070739746, "std_episode_reward": 55.479880803319816, "min_episode_reward": -11.284210205078125, "max_episode_reward": 130.99276733398438, "mean_episode_length": 48.4, "success_rate": 0.6, "collision_rate": 0.2, "out_of_bounds_rate": 0.0, "timeout_rate": 0.2, "policy_loss": 0.0018093464896082878, "value_loss": 595.4344940185547, "entropy": 0.6177323758602142, "approx_kl": 0.010219254065304995, "clip_fraction": 0.0941162109375, "grad_norm": 228.74720764160156, "explained_variance": 0.6890590190887451, "action_std_mean": 0.3295775055885315, "optimizer_iterations": 4.0, "lr": 9.537152e-05}
{"step": 235520, "wall_time": 1790760686.835719, "episodes_completed": 1.0, "mean_episode_reward": 245.78370666503906, "std_episode_reward": 0.0, "min_episode_reward": 245.78370666503906, "max_episode_reward": 245.78370666503906, "mean_episode_length": 60.0, "success_rate": 1.0, "collision_rate": 0.0, "out_of_bounds_rate": 0.0, "timeout_rate": 0.0, "policy_loss": 0.0049703773111104965, "value_loss": 499.94054412841797, "entropy": 0.6175910234451294, "approx_kl": 0.007712454069405794, "clip_fraction": 0.0677490234375, "grad_norm": 302.4216613769531, "explained_variance": 0.5908694267272949, "action_std_mean": 0.32955658435821533, "optimizer_iterations": 4.0, "lr": 9.533056e-05}
{"step": 237568, "wall_time": 1790760695.3042383, "episodes_completed": 5.0, "mean_episode_reward": 96.07801775932312, "std_episode_reward": 180.13861303766438, "min_episode_reward": -9.892908096313477, "max_episode_reward": 454.45440673828125, "mean_episode_length": 98.4, "success_rate": 0.4, "collision_rate": 0.2, "out_of_bounds_rate": 0.0, "timeout_rate": 0.4, "policy_loss": 0.003959529101848602, "value_loss": 314.5170135498047, "entropy": 0.6174724102020264, "approx_kl": 0.010138815501704812, "clip_fraction": 0.085205078125, "grad_norm": 185.9228229522705, "explained_variance": 0.6473105549812317, "action_std_mean": 0.3295382857322693, "optimizer_iterations": 4.0, "lr": 9.52896e-05}
{"step": 239616, "wall_time": 1790760703.675096, "episodes_completed": 2.0, "mean_episode_reward": 263.06424713134766, "std_episode_reward": 248.76753997802734, "min_episode_reward": 14.296707153320312, "max_episode_reward": 511.831787109375, "mean_episode_length": 137.5, "success_rate": 0.0, "collision_rate": 1.0, "out_of_bounds_rate": 0.0, "timeout_rate": 0.0, "policy_loss": 0.02402050979435444, "value_loss": 517.6138610839844, "entropy": 0.6173620223999023, "approx_kl": 0.4349195212125778, "clip_fraction": 0.17431640625, "grad_norm": 152.62859725952148, "explained_variance": 0.5974665880203247, "action_std_mean": 0.32952120900154114, "optimizer_iterations": 4.0, "lr": 9.524864e-05}
{"step": 241664, "wall_time": 1790760712.1706934, "episodes_completed": 2.0, "mean_episode_reward": 103.51347160339355, "std_episode_reward": 100.60382270812988, "min_episode_reward": 2.909648895263672, "max_episode_reward": 204.11729431152344, "mean_episode_length": 187.0, "success_rate": 0.5, "collision_rate": 0.0, "out_of_bounds_rate": 0.0, "timeout_rate": 0.5, "policy_loss": 0.012920187786221504, "value_loss": 196.78896713256836, "entropy": 0.61723792552948, "approx_kl": 0.12058088928461075, "clip_fraction": 0.2392578125, "grad_norm": 101.69198417663574, "explained_variance": 0.7390710115432739, "action_std_mean": 0.32948994636535645, "optimizer_iterations": 4.0, "lr": 9.520768e-05}
{"step": 243712, "wall_time": 1790760720.483444, "episodes_completed": 3.0, "mean_episode_reward": 96.52085200945537, "std_episode_reward": 104.02414590718189, "min_episode_reward": 2.78717303276062, "max_episode_reward": 241.58154296875, "mean_episode_length": 183.33333333333334, "success_rate": 0.3333333333333333, "collision_rate": 0.0, "out_of_bounds_rate": 0.0, "timeout_rate": 0.6666666666666666, "policy_loss": 0.007817139849066734, "value_loss": 152.7072525024414, "entropy": 0.6170438528060913, "approx_kl": 0.04995592311024666, "clip_fraction": 0.250732421875, "grad_norm": 72.03298759460449, "explained_variance": 0.7674890756607056, "action_std_mean": 0.32946065068244934, "optimizer_iterations": 4.0, "lr": 9.516672000000001e-05}
{"step": 245760, "wall_time": 1790760728.8742938, "episodes_completed": 6.0, "mean_episode_reward": 146.12124808629355, "std_episode_reward": 173.95269157686386, "min_episode_reward": 1.726323127746582, "max_episode_reward": 508.04052734375, "mean_episode_length": 110.66666666666667, "success_rate": 0.5, "collision_rate": 0.3333333333333333, "out_of_bounds_rate": 0.0, "timeout_rate": 0.16666666666666666, "policy_loss": 0.01374960970133543, "value_loss": 438.42203521728516, "entropy": 0.6168713569641113, "approx_kl": 0.04997576493769884, "clip_fraction": 0.2529296875, "grad_norm": 174.6378936767578, "explained_variance": 0.6616729497909546, "action_std_mean": 0.3294370174407959, "optimizer_iterations": 4.0, "lr": 9.512576000000001e-05}
{"step": 247808, "wall_time": 1790760737.4796329, "episodes_completed": 0.0, "mean_episode_reward": NaN, "std_episode_reward": NaN, "min_episode_reward": NaN, "max_episode_reward": NaN, "mean_episode_length": NaN, "success_rate": NaN, "collision_rate": NaN, "out_of_bounds_rate": NaN, "timeout_rate": NaN, "policy_loss": 0.021124123595654964, "value_loss": 1170.9288940429688, "entropy": 0.6167708933353424, "approx_kl": 0.04684803122654557, "clip_fraction": 0.2646484375, "grad_norm": 390.8866424560547, "explained_variance": 0.6476593017578125, "action_std_mean": 0.32943040132522583, "optimizer_iterations": 4.0, "lr": 9.50848e-05}
{"step": 249856, "wall_time": 1790760745.9258008, "episodes_completed": 6.0, "mean_episode_reward": 118.33150458335876, "std_episode_reward": 120.84060153900543, "min_episode_reward": -6.134795665740967, "max_episode_reward": 283.0657653808594, "mean_episode_length": 68.0, "success_rate": 0.3333333333333333, "collision_rate": 0.3333333333333333, "out_of_bounds_rate": 0.0, "timeout_rate": 0.3333333333333333, "policy_loss": 0.008183985017240047, "value_loss": 887.4546051025391, "entropy": 0.6167707741260529, "approx_kl": 0.020039393100887537, "clip_fraction": 0.186767578125, "grad_norm": 311.4301071166992, "explained_variance": 0.6648927330970764, "action_std_mean": 0.32943904399871826, "optimizer_iterations": 4.0, "lr": 9.504384000000001e-05}
{"step": 251904, "wall_time": 1790760754.2881575, "episodes_completed": 5.0, "mean_episode_reward": 63.49685288667679, "std_episode_reward": 67.98608321467859, "min_episode_reward": -9.920652389526367, "max_episode_reward": 169.09423828125, "mean_episode_length": 39.0, "success_rate": 0.6, "collision_rate": 0.2, "out_of_bounds_rate": 0.0, "timeout_rate": 0.2, "policy_loss": 0.007054476998746395, "value_loss": 651.0028991699219, "entropy": 0.6168326735496521, "approx_kl": 0.011508854455314577, "clip_fraction": 0.1214599609375, "grad_norm": 259.0331039428711, "explained_variance": 0.68501877784729, "action_std_mean": 0.3294464349746704, "optimizer_iterations": 4.0, "lr": 9.500288e-05}
{"step": 253952, "wall_time": 1790760762.5980117, "episodes_completed": 2.0, "mean_episode_reward": 127.5364761352539, "std_episode_reward": 38.747032165527344, "min_episode_reward": 88.78944396972656, "max_episode_reward": 166.28350830078125, "mean_episode_length": 35.5, "success_rate": 1.0, "collision_rate": 0.0, "out_of_bounds_rate": 0.0, "timeout_rate": 0.0, "policy_loss": 0.0013892576098442078, "value_loss": 794.6266937255859, "entropy": 0.6168642044067383, "approx_kl": 0.008155093295499682, "clip_fraction": 0.0545654296875, "grad_norm": 246.39872360229492, "explained_variance": 0.6655316352844238, "action_std_mean": 0.32944902777671814, "optimizer_iterations": 4.0, "lr": 9.496192e-05}
{"step": 256000, "wall_time": 1790760770.9427059, "episodes_completed": 3.0, "mean_episode_reward": 429.82896931966144, "std_episode_reward": 196.7287382209561, "min_episode_reward": 279.9117736816406, "max_episode_reward": 707.7578125, "mean_episode_length": 151.33333333333334, "success_rate": 0.6666666666666666, "collision_rate": 0.3333333333333333, "out_of_bounds_rate": 0.0, "timeout_rate": 0.0, "policy_loss": 0.01781380921602249, "value_loss": 619.2044067382812, "entropy": 0.6168773770332336, "approx_kl": 0.10859787184745073, "clip_fraction": 0.18798828125, "grad_norm": 263.94261169433594, "explained_variance": 0.6753801107406616, "action_std_mean": 0.3294541537761688, "optimizer_iterations": 4.0, "lr": 9.492096e-05}
{"step": 258048, "wall_time": 1790760779.412036, "episodes_completed": 6.0, "mean_episode_reward": 120.9581262965997, "std_episode_reward": 179.86457063487126, "min_episode_reward": -3.6457958221435547, "max_episode_reward": 453.8691101074219, "mean_episode_length": 112.16666666666667, "success_rate": 0.0, "collision_rate": 0.5, "out_of_bounds_rate": 0.0, "timeout_rate": 0.5, "policy_loss": 0.005787450820207596, "value_loss": 800.0953521728516, "entropy": 0.6169431507587433, "approx_kl": 0.025570029858499765, "clip_fraction": 0.1092529296875, "grad_norm": 252.29602432250977, "explained_variance": 0.6351265907287598, "action_std_mean": 0.32947394251823425, "optimizer_iterations": 4.0, "lr": 9.488e-05}
{"step": 260096, "wall_time": 1790760787.6267285, "episodes_completed": 2.0, "mean_episode_reward": 566.4709625244141, "std_episode_reward": 104.03373718261719, "min_episode_reward": 462.4372253417969, "max_episode_reward": 670.5046997070312, "mean_episode_length": 150.0, "success_rate": 1.0, "collision_rate": 0.0, "out_of_bounds_rate": 0.0, "timeout_rate": 0.0, "policy_loss": -0.0010661284904927015, "value_loss": 882.8076324462891, "entropy": 0.6170605421066284, "approx_kl": 0.009181339060887694, "clip_fraction": 0.0467529296875, "grad_norm": 257.15660858154297, "explained_variance": 0.5927147269248962, "action_std_mean": 0.32948267459869385, "optimizer_iterations": 4.0, "lr": 9.483904000000001e-05}
{"step": 262144, "wall_time": 1790760795.9067216, "episodes_completed": 2.0, "mean_episode_reward": 368.46421951055527, "std_episode_reward": 367.2285905480385, "min_episode_reward": 1.2356289625167847, "max_episode_reward": 735.6928100585938, "mean_episode_length": 223.5, "success_rate": 0.5, "collision_rate": 0.0, "out_of_bounds_rate": 0.0, "timeout_rate": 0.5, "policy_loss": -0.0013042469508945942, "value_loss": 842.3096618652344, "entropy": 0.6170835793018341, "approx_kl": 0.005907967570237815, "clip_fraction": 0.0521240234375, "grad_norm": 258.085147857666, "explained_variance": 0.6273238658905029, "action_std_mean": 0.32948577404022217, "optimizer_iterations": 4.0, "lr": 9.479808e-05}
{"step": 264192, "wall_time": 1790760804.1746554, "episodes_completed": 3.0, "mean_episode_reward": 346.60113525390625, "std_episode_reward": 72.43991249678449, "min_episode_reward": 246.475341796875, "max_episode_reward": 415.4371643066406, "mean_episode_length": 99.33333333333333, "success_rate": 0.3333333333333333, "collision_rate": 0.3333333333333333, "out_of_bounds_rate": 0.0, "timeout_rate": 0.3333333333333333, "policy_loss": 0.007637071423232555, "value_loss": 673.0792846679688, "entropy": 0.6171194314956665, "approx_kl": 0.06711305119097233, "clip_fraction": 0.093017578125, "grad_norm": 232.85711669921875, "explained_variance": 0.6276239156723022, "action_std_mean": 0.329495370388031, "optimizer_iterations": 4.0, "lr": 9.475712000000001e-05}
{"step": 266240, "wall_time": 1790760812.41484, "episodes_completed": 5.0, "mean_episode_reward": 198.7968982219696, "std_episode_reward": 166.31212484731142, "min_episode_reward": -9.865046501159668, "max_episode_reward": 351.48309326171875, "mean_episode_length": 69.4, "success_rate": 0.4, "collision_rate": 0.4, "out_of_bounds_rate": 0.0, "timeout_rate": 0.2, "policy_loss": 0.007582176476716995, "value_loss": 765.8301086425781, "entropy": 0.6171596646308899, "approx_kl": 0.021767531521618366, "clip_fraction": 0.15283203125, "grad_norm": 281.30028533935547, "explained_variance": 0.656853437423706, "action_std_mean": 0.3294922113418579, "optimizer_iterations": 4.0, "lr": 9.471616e-05}
{"step": 268288, "wall_time": 1790760821.0661654, "episodes_completed": 1.0, "mean_episode_reward": 274.6376647949219, "std_episode_reward": 0.0, "min_episode_reward": 274.6376647949219, "max_episode_reward": 274.6376647949219, "mean_episode_length": 89.0, "success_rate": 0.0, "collision_rate": 1.0, "out_of_bounds_rate": 0.0, "timeout_rate": 0.0, "policy_loss": 0.017003845423460007, "value_loss": 244.68227767944336, "entropy": 0.6171181499958038, "approx_kl": 0.04490695893764496, "clip_fraction": 0.215576171875, "grad_norm": 114.64978981018066, "explained_variance": 0.714387059211731, "action_std_mean": 0.3294808864593506, "optimizer_iterations": 4.0, "lr": 9.467520000000001e-05}
{"step": 270336, "wall_time": 1790760829.2982779, "episodes_completed": 3.0, "mean_episode_reward": 5.843879699707031, "std_episode_reward": 3.5962600828425586, "min_episode_reward": 2.3955464363098145, "max_episode_reward": 10.8055419921875, "mean_episode_length": 118.66666666666667, "success_rate": 0.3333333333333333, "collision_rate": 0.0, "out_of_bounds_rate": 0.0, "timeout_rate": 0.6666666666666666, "policy_loss": 0.010160287376493216, "value_loss": 214.9011993408203, "entropy": 0.6170395314693451, "approx_kl": 0.031234643422067165, "clip_fraction": 0.18994140625, "grad_norm": 134.78809356689453, "explained_variance": 0.7534840703010559, "action_std_mean": 0.3294665813446045, "optimizer_iterations": 4.0, "lr": 9.463424e-05}
{"step": 272384, "wall_time": 1790760837.6014988, "episodes_completed": 3.0, "mean_episode_reward": 157.89739878972372, "std_episode_reward": 236.5045837451251, "min_episode_reward": -19.75151824951172, "max_episode_reward": 492.1445007324219, "mean_episode_length": 110.33333333333333, "success_rate": 0.0, "collision_rate": 0.6666666666666666, "out_of_bounds_rate": 0.0, "timeout_rate": 0.3333333333333333, "policy_loss": 0.013351421803236008, "value_loss": 914.5709686279297, "entropy": 0.616969645023346, "approx_kl": 0.03616349631920457, "clip_fraction": 0.1573486328125, "grad_norm": 300.14232635498047, "explained_variance": 0.6705498695373535, "action_std_mean": 0.32945960760116577, "optimizer_iterations": 4.0, "lr": 9.459328e-05}
{"step": 274432, "wall_time": 1790760846.167988, "episodes_completed": 2.0, "mean_episode_reward": 254.6549310684204, "std_episode_reward": 255.81976985931396, "min_episode_reward": -1.1648387908935547, "max_episode_reward": 510.4747009277344, "mean_episode_length": 177.0, "success_rate": 0.5, "collision_rate": 0.0, "out_of_bounds_rate": 0.0, "timeout_rate": 0.5, "policy_loss": 0.011209506541490555, "value_loss": 839.5645751953125, "entropy": 0.6169340908527374, "approx_kl": 0.017228287644684315, "clip_fraction": 0.1287841796875, "grad_norm": 289.2363586425781, "explained_variance": 0.6852086782455444, "action_std_mean": 0.3294506371021271, "optimizer_iterations": 4.0, "lr": 9.455232000000001e-05}
{"step": 276480, "wall_time": 1790760854.5134532, "episodes_completed": 5.0, "mean_episode_reward": 116.74817504882813, "std_episode_reward": 218.56964832176297, "min_episode_reward": -11.955796241760254, "max_episode_reward": 552.2969360351562, "mean_episode_length": 81.0, "success_rate": 0.4, "collision_rate": 0.4, "out_of_bounds_rate": 0.0, "timeout_rate": 0.2, "policy_loss": 0.0021524486364796758, "value_loss": 1006.0723876953125, "entropy": 0.6168644726276398, "approx_kl": 0.006366734276525676, "clip_fraction": 0.056396484375, "grad_norm": 337.5482406616211, "explained_variance": 0.7019866704940796, "action_std_mean": 0.32943594455718994, "optimizer_iterations": 4.0, "lr": 9.451136e-05}
{"step": 278528, "wall_time": 1790760862.9021027, "episodes_completed": 4.0, "mean_episode_reward": 367.3699562549591, "std_episode_reward": 312.5445679382065, "min_episode_reward": -9.905428886413574, "max_episode_reward": 848.9281616210938, "mean_episode_length": 104.25, "success_rate": 0.75, "collision_rate": 0.25, "out_of_bounds_rate": 0.0, "timeout_rate": 0.0, "policy_loss": 0.0006732065230607986, "value_loss": 506.59305572509766, "entropy": 0.6167754530906677, "approx_kl": 0.04091052897274494, "clip_fraction": 0.0634765625, "grad_norm": 157.34650802612305, "explained_variance": 0.6981943845748901, "action_std_mean": 0.3294201195240021, "optimizer_iterations": 4.0, "lr": 9.447040000000001e-05}
{"step": 280576, "wall_time": 1790760871.0578642, "episodes_completed": 1.0, "mean_episode_reward": 132.0419464111328, "std_episode_reward": 0.0, "min_episode_reward": 132.0419464111328, "max_episode_reward": 132.0419464111328, "mean_episode_length": 38.0, "success_rate": 0.0, "collision_rate": 1.0, "out_of_bounds_rate": 0.0, "timeout_rate": 0.0, "policy_loss": -0.001104885246604681, "value_loss": 612.2283325195312, "entropy": 0.6166805028915405, "approx_kl": 0.010327071882784367, "clip_fraction": 0.0557861328125, "grad_norm": 205.73086547851562, "explained_variance": 0.7199684381484985, "action_std_mean": 0.3294038474559784, "optimizer_iterations": 4.0, "lr": 9.442944e-05}
{"step": 282624, "wall_time": 1790760879.341496, "episodes_completed": 6.0, "mean_episode_reward": 105.54899982611339, "std_episode_reward": 163.70674793413204, "min_episode_reward": -9.11149787902832, "max_episode_reward": 451.9718017578125, "mean_episode_length": 106.5, "success_rate": 0.5, "collision_rate": 0.3333333333333333, "out_of_bounds_rate": 0.0, "timeout_rate": 0.16666666666666666, "policy_loss": 0.009281979873776436, "value_loss": 552.111572265625, "entropy": 0.6165765821933746, "approx_kl": 0.019957794807851315, "clip_fraction": 0.1348876953125, "grad_norm": 193.57912063598633, "explained_variance": 0.7137823104858398, "action_std_mean": 0.32938581705093384, "optimizer_iterations": 4.0, "lr": 9.438848e-05}
{"step": 284672, "wall_time": 1790760887.5087402, "episodes_completed": 3.0, "mean_episode_reward": 138.04896515607834, "std_episode_reward": 151.4333678896935, "min_episode_reward": -0.5628289580345154, "max_episode_reward": 348.7344055175781, "mean_episode_length": 121.0, "success_rate": 0.0, "collision_rate": 0.6666666666666666, "out_of_bounds_rate": 0.0, "timeout_rate": 0.3333333333333333, "policy_loss": 0.0010006269440054893, "value_loss": 470.12223052978516, "entropy": 0.6164724826812744, "approx_kl": 0.017534148646518588, "clip_fraction": 0.0760498046875, "grad_norm": 170.55918884277344, "explained_variance": 0.6948680281639099, "action_std_mean": 0.329370379447937, "optimizer_iterations": 4.0, "lr": 9.434752e-05}
{"step": 286720, "wall_time": 1790760895.8628495, "episodes_completed": 8.0, "mean_episode_reward": 145.1095654964447, "std_episode_reward": 136.5951626541099, "min_episode_reward": 3.131241798400879, "max_episode_reward": 406.46868896484375, "mean_episode_length": 80.25, "success_rate": 0.375, "collision_rate": 0.5, "out_of_bounds_rate": 0.0, "timeout_rate": 0.125, "policy_loss": -0.0005683030467480421, "value_loss": 594.4352874755859, "entropy": 0.6163790822029114, "approx_kl": 0.03621109179221094, "clip_fraction": 0.0638427734375, "grad_norm": 200.33649063110352, "explained_variance": 0.6857242584228516, "action_std_mean": 0.3293515145778656, "optimizer_iterations": 4.0, "lr": 9.430656e-05}
{"step": 288768, "wall_time": 1790760904.1371353, "episodes_completed": 4.0, "mean_episode_reward": 504.960253238678, "std_episode_reward": 369.868885972443, "min_episode_reward": -9.923696517944336, "max_episode_reward": 964.8244018554688, "mean_episode_length": 129.25, "success_rate": 0.75, "collision_rate": 0.25, "out_of_bounds_rate": 0.0, "timeout_rate": 0.0, "policy_loss": 0.0062755197286605835, "value_loss": 1071.3106079101562, "entropy": 0.616267591714859, "approx_kl": 0.023040139116346836, "clip_fraction": 0.108154296875, "grad_norm": 307.9422378540039, "explained_variance": 0.621909499168396, "action_std_mean": 0.32933908700942993, "optimizer_iterations": 4.0, "lr": 9.426560000000001e-05}
{"step": 290816, "wall_time": 1790760912.556506, "episodes_completed": 5.0, "mean_episode_reward": 41.58024661540985, "std_episode_reward": 92.16366626284884, "min_episode_reward": -10.199905395507812, "max_episode_reward": 225.76324462890625, "mean_episode_length": 93.2, "success_rate": 0.2, "collision_rate": 0.6, "out_of_bounds_rate": 0.0, "timeout_rate": 0.2, "policy_loss": 0.02796069346368313, "value_loss": 750.6018371582031, "entropy": 0.6161990463733673, "approx_kl": 0.04619141900911927, "clip_fraction": 0.1627197265625, "grad_norm": 238.25249481201172, "explained_variance": 0.674022912979126, "action_std_mean": 0.3293224573135376, "optimizer_iterations": 4.0, "lr": 9.422464e-05}
{"step": 292864, "wall_time": 1790760921.3624876, "episodes_completed": 3.0, "mean_episode_reward": 353.34926732381183, "std_episode_reward": 242.4873140523805, "min_episode_reward": 15.724742889404297, "max_episode_reward": 574.1942749023438, "mean_episode_length": 127.66666666666667, "success_rate": 1.0, "collision_rate": 0.0, "out_of_bounds_rate": 0.0, "timeout_rate": 0.0, "policy_loss": 0.01286232192069292, "value_loss": 638.5750274658203, "entropy": 0.6160680949687958, "approx_kl": 0.07275840733200312, "clip_fraction": 0.1214599609375, "grad_norm": 248.51053619384766, "explained_variance": 0.7325378656387329, "action_std_mean": 0.3292906880378723, "optimizer_iterations": 4.0, "lr": 9.418368000000001e-05}
{"step": 294912, "wall_time": 1790760929.8219156, "episodes_completed": 4.0, "mean_episode_reward": 129.8307847827673, "std_episode_reward": 120.60389125540432, "min_episode_reward": 0.5796889662742615, "max_episode_reward": 259.41143798828125, "mean_episode_length": 105.75, "success_rate": 0.5, "collision_rate": 0.25, "out_of_bounds_rate": 0.0, "timeout_rate": 0.25, "policy_loss": 0.010772485751658678, "value_loss": 372.4944610595703, "entropy": 0.6158607304096222, "approx_kl": 0.03643407113850117, "clip_fraction": 0.1485595703125, "grad_norm": 261.71583557128906, "explained_variance": 0.774972677230835, "action_std_mean": 0.3292562961578369, "optimizer_iterations": 4.0, "lr": 9.414272e-05}
{"step": 296960, "wall_time": 1790760938.2734036, "episodes_completed": 2.0, "mean_episode_reward": 498.0186004638672, "std_episode_reward": 156.06117248535156, "min_episode_reward": 341.9574279785156, "max_episode_reward": 654.0797729492188, "mean_episode_length": 195.5, "success_rate": 0.5, "collision_rate": 0.5, "out_of_bounds_rate": 0.0, "timeout_rate": 0.0, "policy_loss": 0.019863173365592957, "value_loss": 680.8950347900391, "entropy": 0.6156511306762695, "approx_kl": 0.03194776829332113, "clip_fraction": 0.2283935546875, "grad_norm": 276.58978271484375, "explained_variance": 0.7227886319160461, "action_std_mean": 0.32922327518463135, "optimizer_iterations": 4.0, "lr": 9.410176000000001e-05}
{"step": 299008, "wall_time": 1790760946.9919157, "episodes_completed": 1.0, "mean_episode_reward": 2.4384055137634277, "std_episode_reward": 0.0, "min_episode_reward": 2.4384055137634277, "max_episode_reward": 2.4384055137634277, "mean_episode_length": 156.0, "success_rate": 0.0, "collision_rate": 0.0, "out_of_bounds_rate": 0.0, "timeout_rate": 1.0, "policy_loss": -0.0004581790417432785, "value_loss": 837.9235534667969, "entropy": 0.6154679656028748, "approx_kl": 0.008243775460869074, "clip_fraction": 0.06689453125, "grad_norm": 285.97126388549805, "explained_variance": 0.6802892684936523, "action_std_mean": 0.3291935324668884, "optimizer_iterations": 4.0, "lr": 9.40608e-05}
{"step": 301056, "wall_time": 1790760955.4544857, "episodes_completed": 6.0, "mean_episode_reward": 155.3961559534073, "std_episode_reward": 202.09808624804745, "min_episode_reward": -16.544626235961914, "max_episode_reward": 564.4011840820312, "mean_episode_length": 115.33333333333333, "success_rate": 0.6666666666666666, "collision_rate": 0.16666666666666666, "out_of_bounds_rate": 0.0, "timeout_rate": 0.16666666666666666, "policy_loss": 0.0050257304683327675, "value_loss": 707.8081512451172, "entropy": 0.615284651517868, "approx_kl": 0.009128183824941516, "clip_fraction": 0.1019287109375, "grad_norm": 263.878173828125, "explained_variance": 0.6939519643783569, "action_std_mean": 0.32917100191116333, "optimizer_iterations": 4.0, "lr": 9.401984e-05}
{"step": 303104, "wall_time": 1790760963.8845484, "episodes_completed": 1.0, "mean_episode_reward": 190.966796875, "std_episode_reward": 0.0, "min_episode_reward": 190.966796875, "max_episode_reward": 190.966796875, "mean_episode_length": 55.0, "success_rate": 0.0, "collision_rate": 1.0, "out_of_bounds_rate": 0.0, "timeout_rate": 0.0, "policy_loss": 0.0050852857530117035, "value_loss": 1034.0572814941406, "entropy": 0.6151683032512665, "approx_kl": 0.012466742540709674, "clip_fraction": 0.0936279296875, "grad_norm": 340.90779876708984, "explained_variance": 0.6930636167526245, "action_std_mean": 0.32915008068084717, "optimizer_iterations": 4.0, "lr": 9.397888000000001e-05}
{"step": 305152, "wall_time": 1790760972.4253762, "episodes_completed": 5.0, "mean_episode_reward": 319.75591868162155, "std_episode_reward": 275.9269876973906, "min_episode_reward": -15.549701690673828, "max_episode_reward": 600.6844482421875, "mean_episode_length": 114.8, "success_rate": 0.6, "collision_rate": 0.2, "out_of_bounds_rate": 0.0, "timeout_rate": 0.2, "policy_loss": 0.004335751757025719, "value_loss": 794.4810791015625, "entropy": 0.6150274276733398, "approx_kl": 0.02781957620754838, "clip_fraction": 0.09228515625, "grad_norm": 337.2203063964844, "explained_variance": 0.7015746831893921, "action_std_mean": 0.3291247487068176, "optimizer_iterations": 4.0, "lr": 9.393792e-05}
{"step": 307200, "wall_time": 1790760981.1526887, "episodes_completed": 0.0, "mean_episode_reward": NaN, "std_episode_reward": NaN, "min_episode_reward": NaN, "max_episode_reward": NaN, "mean_episode_length": NaN, "success_rate": NaN, "collision_rate": NaN, "out_of_bounds_rate": NaN, "timeout_rate": NaN, "policy_loss": 0.0020725950598716736, "value_loss": 623.192138671875, "entropy": 0.6148793399333954, "approx_kl": 0.011186422489117831, "clip_fraction": 0.0897216796875, "grad_norm": 328.7760810852051, "explained_variance": 0.6652131676673889, "action_std_mean": 0.3291044235229492, "optimizer_iterations": 4.0, "lr": 9.389696e-05}
{"step": 309248, "wall_time": 1790760989.7500188, "episodes_completed": 4.0, "mean_episode_reward": 33.584694147109985, "std_episode_reward": 20.82871812376, "min_episode_reward": 14.976645469665527, "max_episode_reward": 68.55770874023438, "mean_episode_length": 113.25, "success_rate": 0.75, "collision_rate": 0.25, "out_of_bounds_rate": 0.0, "timeout_rate": 0.0, "policy_loss": 0.01441978383809328, "value_loss": 642.6801300048828, "entropy": 0.6147837340831757, "approx_kl": 0.043887254782021046, "clip_fraction": 0.2332763671875, "grad_norm": 222.4073143005371, "explained_variance": 0.6895570755004883, "action_std_mean": 0.329096257686615, "optimizer_iterations": 4.0, "lr": 9.3856e-05}
{"step": 311296, "wall_time": 1790760998.4071403, "episodes_completed": 3.0, "mean_episode_reward": 146.6511635184288, "std_episode_reward": 184.71223860739337, "min_episode_reward": 0.6895669102668762, "max_episode_reward": 407.2467956542969, "mean_episode_length": 128.0, "success_rate": 0.3333333333333333, "collision_rate": 0.3333333333333333, "out_of_bounds_rate": 0.0, "timeout_rate": 0.3333333333333333, "policy_loss": 0.01658441498875618, "value_loss": 1033.6888732910156, "entropy": 0.614748626947403, "approx_kl": 0.033272169064730406, "clip_fraction": 0.2041015625, "grad_norm": 364.3001251220703, "explained_variance": 0.6589908003807068, "action_std_mean": 0.3290943503379822, "optimizer_iterations": 4.0, "lr": 9.381504000000001e-05}
{"step": 313344, "wall_time": 1790761007.2386506, "episodes_completed": 3.0, "mean_episode_reward": 8.51636016368866, "std_episode_reward": 14.599499233824675, "min_episode_reward": -4.583229064941406, "max_episode_reward": 28.887104034423828, "mean_episode_length": 67.0, "success_rate": 0.0, "collision_rate": 0.3333333333333333, "out_of_bounds_rate": 0.0, "timeout_rate": 0.6666666666666666, "policy_loss": 0.027376804500818253, "value_loss": 917.6673889160156, "entropy": 0.6147339940071106, "approx_kl": 0.03989118151366711, "clip_fraction": 0.1412353515625, "grad_norm": 294.63470458984375, "explained_variance": 0.6343408823013306, "action_std_mean": 0.3290833830833435, "optimizer_iterations": 4.0, "lr": 9.377408e-05}
{"step": 315392, "wall_time": 1790761015.5569983, "episodes_completed": 1.0, "mean_episode_reward": 526.6296997070312, "std_episode_reward": 0.0, "min_episode_reward": 526.6296997070312, "max_episode_reward": 526.6296997070312, "mean_episode_length": 216.0, "success_rate": 1.0, "collision_rate": 0.0, "out_of_bounds_rate": 0.0, "timeout_rate": 0.0, "policy_loss": 0.009778012987226248, "value_loss": 385.47330474853516, "entropy": 0.6146138906478882, "approx_kl": 0.02229200699366629, "clip_fraction": 0.1434326171875, "grad_norm": 138.49205780029297, "explained_variance": 0.7203699350357056, "action_std_mean": 0.3290490508079529, "optimizer_iterations": 4.0, "lr": 9.373312000000001e-05}
{"step": 317440, "wall_time": 1790761024.099734, "episodes_completed": 3.0, "mean_episode_reward": 124.4191198348999, "std_episode_reward": 131.5209380529952, "min_episode_reward": -14.413592338562012, "max_episode_reward": 301.0303649902344, "mean_episode_length": 87.33333333333333, "success_rate": 0.0, "collision_rate": 0.6666666666666666, "out_of_bounds_rate": 0.0, "timeout_rate": 0.3333333333333333, "policy_loss": 0.0020983535796403885, "value_loss": 356.9167251586914, "entropy": 0.6143825650215149, "approx_kl": 0.016724463319405913, "clip_fraction": 0.1207275390625, "grad_norm": 130.11945724487305, "explained_variance": 0.7154643535614014, "action_std_mean": 0.3290046155452728, "optimizer_iterations": 4.0, "lr": 9.369216000000001e-05}
{"step": 319488, "wall_time": 1790761032.4796484, "episodes_completed": 3.0, "mean_episode_reward": 404.0454641977946, "std_episode_reward": 276.88802667670177, "min_episode_reward": 13.175760269165039, "max_episode_reward": 619.8794555664062, "mean_episode_length": 109.66666666666667, "success_rate": 1.0, "collision_rate": 0.0, "out_of_bounds_rate": 0.0, "timeout_rate": 0.0, "policy_loss": 0.011317704222165048, "value_loss": 558.0816192626953, "entropy": 0.614116907119751, "approx_kl": 0.10260470770299435, "clip_fraction": 0.144287109375, "grad_norm": 171.37482833862305, "explained_variance": 0.6634047031402588, "action_std_mean": 0.3289696276187897, "optimizer_iterations": 4.0, "lr": 9.36512e-05}
{"step": 321536, "wall_time": 1790761040.7547052, "episodes_completed": 2.0, "mean_episode_reward": 119.92991256713867, "std_episode_reward": 128.04474258422852, "min_episode_reward": -8.114830017089844, "max_episode_reward": 247.9746551513672, "mean_episode_length": 76.5, "success_rate": 0.0, "collision_rate": 1.0, "out_of_bounds_rate": 0.0, "timeout_rate": 0.0, "policy_loss": 0.01066870498470962, "value_loss": 1035.1963806152344, "entropy": 0.6139439046382904, "approx_kl": 0.03551069973036647, "clip_fraction": 0.1055908203125, "grad_norm": 315.92823028564453, "explained_variance": 0.631295382976532, "action_std_mean": 0.3289472460746765, "optimizer_iterations": 4.0, "lr": 9.361024000000001e-05}
{"step": 323584, "wall_time": 1790761049.0805752, "episodes_completed": 4.0, "mean_episode_reward": 53.5678825378418, "std_episode_reward": 83.32656788556388, "min_episode_reward": -10.63115119934082, "max_episode_reward": 196.038330078125, "mean_episode_length": 93.5, "success_rate": 0.25, "collision_rate": 0.25, "out_of_bounds_rate": 0.0, "timeout_rate": 0.5, "policy_loss": 0.0072275674901902676, "value_loss": 1094.5858764648438, "entropy": 0.6138083934783936, "approx_kl": 0.04942666459828615, "clip_fraction": 0.1380615234375, "grad_norm": 349.9254684448242, "explained_variance": 0.6309051513671875, "action_std_mean": 0.32891929149627686, "optimizer_iterations": 4.0, "lr": 9.356928e-05}
{"step": 325632, "wall_time": 1790761057.5093822, "episodes_completed": 4.0, "mean_episode_reward": 278.1424304842949, "std_episode_reward": 289.2125098166479, "min_episode_reward": 2.5992019176483154, "max_episode_reward": 762.7402954101562, "mean_episode_length": 87.25, "success_rate": 0.5, "collision_rate": 0.25, "out_of_bounds_rate": 0.0, "timeout_rate": 0.25, "policy_loss": 0.001700475811958313, "value_loss": 1369.4808349609375, "entropy": 0.6136403977870941, "approx_kl": 0.06984361726790667, "clip_fraction": 0.0697021484375, "grad_norm": 435.1802978515625, "explained_variance": 0.6020067930221558, "action_std_mean": 0.3288988769054413, "optimizer_iterations": 4.0, "lr": 9.352832e-05}
{"step": 327680, "wall_time": 1790761065.881471, "episodes_completed": 5.0, "mean_episode_reward": 22.20194282531738, "std_episode_reward": 25.206788138803386, "min_episode_reward": -9.910514831542969, "max_episode_reward": 67.14667510986328, "mean_episode_length": 44.8, "success_rate": 0.6, "collision_rate": 0.4, "out_of_bounds_rate": 0.0, "timeout_rate": 0.0, "policy_loss": 0.01959226932376623, "value_loss": 984.6964721679688, "entropy": 0.6135469079017639, "approx_kl": 0.07068453449755907, "clip_fraction": 0.23779296875, "grad_norm": 309.90357971191406, "explained_variance": 0.46098989248275757, "action_std_mean": 0.328887403011322, "optimizer_iterations": 4.0, "lr": 9.348736e-05}
{"step": 329728, "wall_time": 1790761074.4276137, "episodes_completed": 0.0, "mean_episode_reward": NaN, "std_episode_reward": NaN, "min_episode_reward": NaN, "max_episode_reward": NaN, "mean_episode_length": NaN, "success_rate": NaN, "collision_rate": NaN, "out_of_bounds_rate": NaN, "timeout_rate": NaN, "policy_loss": 0.012530937790870667, "value_loss": 460.5551071166992, "entropy": 0.6134966611862183, "approx_kl": 0.05635660048574209, "clip_fraction": 0.291748046875, "grad_norm": 269.25683975219727, "explained_variance": 0.6115301847457886, "action_std_mean": 0.3288854658603668, "optimizer_iterations": 4.0, "lr": 9.34464e-05}
{"step": 331776, "wall_time": 1790761082.7059546, "episodes_completed": 0.0, "mean_episode_reward": NaN, "std_episode_reward": NaN, "min_episode_reward": NaN, "max_episode_reward": NaN, "mean_episode_length": NaN, "success_rate": NaN, "collision_rate": NaN, "out_of_bounds_rate": NaN, "timeout_rate": NaN, "policy_loss": 0.019851233810186386, "value_loss": 309.0694885253906, "entropy": 0.6134891211986542, "approx_kl": 0.029935794416815042, "clip_fraction": 0.246826171875, "grad_norm": 193.20095825195312, "explained_variance": 0.6900731325149536, "action_std_mean": 0.3288835287094116, "optimizer_iterations": 4.0, "lr": 9.340544e-05}
{"step": 333824, "wall_time": 1790761090.9341407, "episodes_completed": 2.0, "mean_episode_reward": 7.3906097412109375, "std_episode_reward": 4.479640960693359, "min_episode_reward": 2.910968780517578, "max_episode_reward": 11.870250701904297, "mean_episode_length": 137.5, "success_rate": 0.0, "collision_rate": 0.0, "out_of_bounds_rate": 0.0, "timeout_rate": 1.0, "policy_loss": 0.009005401283502579, "value_loss": 280.6347198486328, "entropy": 0.6134763658046722, "approx_kl": 0.028799366671591997, "clip_fraction": 0.2305908203125, "grad_norm": 146.79704666137695, "explained_variance": 0.7102926969528198, "action_std_mean": 0.3288753926753998, "optimizer_iterations": 4.0, "lr": 9.336448e-05}
{"step": 335872, "wall_time": 1790761099.1219218, "episodes_completed": 4.0, "mean_episode_reward": 148.1821967959404, "std_episode_reward": 233.51859114470687, "min_episode_reward": -22.103450775146484, "max_episode_reward": 548.4806518554688, "mean_episode_length": 102.0, "success_rate": 0.5, "collision_rate": 0.25, "out_of_bounds_rate": 0.0, "timeout_rate": 0.25, "policy_loss": 0.02642989531159401, "value_loss": 743.3629150390625, "entropy": 0.6134253144264221, "approx_kl": 0.04403601121157408, "clip_fraction": 0.2652587890625, "grad_norm": 299.4101028442383, "explained_variance": 0.6910954713821411, "action_std_mean": 0.3288777768611908, "optimizer_iterations": 4.0, "lr": 9.332352000000001e-05}
{"step": 337920, "wall_time": 1790761107.3269026, "episodes_completed": 2.0, "mean_episode_reward": 84.8668885231018, "std_episode_reward": 82.15749502182007, "min_episode_reward": 2.7093935012817383, "max_episode_reward": 167.02438354492188, "mean_episode_length": 104.0, "success_rate": 0.5, "collision_rate": 0.0, "out_of_bounds_rate": 0.0, "timeout_rate": 0.5, "policy_loss": 0.027547581121325493, "value_loss": 774.9188385009766, "entropy": 0.6134857535362244, "approx_kl": 0.08729930501431227, "clip_fraction": 0.180419921875, "grad_norm": 258.99650955200195, "explained_variance": 0.734891951084137, "action_std_mean": 0.32889556884765625, "optimizer_iterations": 4.0, "lr": 9.328256e-05}
{"step": 339968, "wall_time": 1790761115.7889588, "episodes_completed": 6.0, "mean_episode_reward": 51.854165544112526, "std_episode_reward": 127.45549712504459, "min_episode_reward": -14.702099800109863, "max_episode_reward": 336.56640625, "mean_episode_length": 76.33333333333333, "success_rate": 0.16666666666666666, "collision_rate": 0.3333333333333333, "out_of_bounds_rate": 0.0, "timeout_rate": 0.5, "policy_loss": 0.004632704658433795, "value_loss": 1067.4598388671875, "entropy": 0.6135801672935486, "approx_kl": 0.05353060970082879, "clip_fraction": 0.1231689453125, "grad_norm": 339.88671875, "explained_variance": 0.6459159851074219, "action_std_mean": 0.3289030194282532, "optimizer_iterations": 4.0, "lr": 9.324160000000001e-05}
{"step": 342016, "wall_time": 1790761124.238716, "episodes_completed": 3.0, "mean_episode_reward": 242.2531763712565, "std_episode_reward": 197.08229749268364, "min_episode_reward": 39.61412811279297, "max_episode_reward": 509.29901123046875, "mean_episode_length": 102.66666666666667, "success_rate": 0.6666666666666666, "collision_rate": 0.3333333333333333, "out_of_bounds_rate": 0.0, "timeout_rate": 0.0, "policy_loss": 0.007834399119019508, "value_loss": 894.0033111572266, "entropy": 0.6135953664779663, "approx_kl": 0.01792280375957489, "clip_fraction": 0.143798828125, "grad_norm": 274.2230529785156, "explained_variance": 0.6125176548957825, "action_std_mean": 0.3289009928703308, "optimizer_iterations": 4.0, "lr": 9.320064e-05}
{"step": 344064, "wall_time": 1790761132.5096345, "episodes_completed": 2.0, "mean_episode_reward": 285.81221771240234, "std_episode_reward": 54.478309631347656, "min_episode_reward": 231.3339080810547, "max_episode_reward": 340.29052734375, "mean_episode_length": 136.0, "success_rate": 1.0, "collision_rate": 0.0, "out_of_bounds_rate": 0.0, "timeout_rate": 0.0, "policy_loss": 0.0005198615835979581, "value_loss": 733.4431610107422, "entropy": 0.6135998964309692, "approx_kl": 0.00970393541501835, "clip_fraction": 0.0843505859375, "grad_norm": 210.5714340209961, "explained_variance": 0.6499108076095581, "action_std_mean": 0.3289114236831665, "optimizer_iterations": 4.0, "lr": 9.315968e-05}
{"step": 346112, "wall_time": 1790761140.8428812, "episodes_completed": 1.0, "mean_episode_reward": -1.8153178691864014, "std_episode_reward": 0.0, "min_episode_reward": -1.8153178691864014, "max_episode_reward": -1.8153178691864014, "mean_episode_length": 10.0, "success_rate": 0.0, "collision_rate": 0.0, "out_of_bounds_rate": 0.0, "timeout_rate": 1.0, "policy_loss": 0.02870343253016472, "value_loss": 984.9296417236328, "entropy": 0.6136792302131653, "approx_kl": 0.23841564916074276, "clip_fraction": 0.1824951171875, "grad_norm": 335.0811309814453, "explained_variance": 0.6749830842018127, "action_std_mean": 0.3289220929145813, "optimizer_iterations": 4.0, "lr": 9.311872000000001e-05}
{"step": 348160, "wall_time": 1790761149.3267446, "episodes_completed": 6.0, "mean_episode_reward": 76.13062318166097, "std_episode_reward": 110.91304176119877, "min_episode_reward": -15.386957168579102, "max_episode_reward": 279.9714660644531, "mean_episode_length": 96.0, "success_rate": 0.5, "collision_rate": 0.3333333333333333, "out_of_bounds_rate": 0.0, "timeout_rate": 0.16666666666666666, "policy_loss": 0.010998408310115337, "value_loss": 521.6107482910156, "entropy": 0.613743394613266, "approx_kl": 0.354186724871397, "clip_fraction": 0.1722412109375, "grad_norm": 204.11322402954102, "explained_variance": 0.7408174872398376, "action_std_mean": 0.32893311977386475, "optimizer_iterations": 4.0, "lr": 9.307776e-05}
{"step": 350208, "wall_time": 1790761157.6153605, "episodes_completed": 2.0, "mean_episode_reward": 50.35766792297363, "std_episode_reward": 44.95602989196777, "min_episode_reward": 5.401638031005859, "max_episode_reward": 95.3136978149414, "mean_episode_length": 91.0, "success_rate": 0.5, "collision_rate": 0.0, "out_of_bounds_rate": 0.0, "timeout_rate": 0.5, "policy_loss": 0.011921963654458523, "value_loss": 1067.0848693847656, "entropy": 0.6138119995594025, "approx_kl": 0.04728284664452076, "clip_fraction": 0.1143798828125, "grad_norm": 336.10518646240234, "explained_variance": 0.7202026844024658, "action_std_mean": 0.32894545793533325, "optimizer_iterations": 4.0, "lr": 9.30368e-05}
{"step": 352256, "wall_time": 1790761166.5210292, "episodes_completed": 2.0, "mean_episode_reward": 297.4440622329712, "std_episode_reward": 282.1571340560913, "min_episode_reward": 15.286928176879883, "max_episode_reward": 579.6011962890625, "mean_episode_length": 83.0, "success_rate": 1.0, "collision_rate": 0.0, "out_of_bounds_rate": 0.0, "timeout_rate": 0.0, "policy_loss": 0.017425821162760258, "value_loss": 449.88806915283203, "entropy": 0.6138822436332703, "approx_kl": 0.05645453371107578, "clip_fraction": 0.2366943359375, "grad_norm": 207.27789688110352, "explained_variance": 0.735629677772522, "action_std_mean": 0.3289527893066406, "optimizer_iterations": 4.0, "lr": 9.299584e-05}
{"step": 354304, "wall_time": 1790761176.3113637, "episodes_completed": 3.0, "mean_episode_reward": 277.4793472190698, "std_episode_reward": 384.3822537607332, "min_episode_reward": -0.04395964741706848, "max_episode_reward": 821.0374755859375, "mean_episode_length": 126.66666666666667, "success_rate": 0.6666666666666666, "collision_rate": 0.0, "out_of_bounds_rate": 0.0, "timeout_rate": 0.3333333333333333, "policy_loss": 0.00575336255133152, "value_loss": 371.5653305053711, "entropy": 0.6139146983623505, "approx_kl": 0.01247024443000555, "clip_fraction": 0.105224609375, "grad_norm": 112.49227714538574, "explained_variance": 0.7590915560722351, "action_std_mean": 0.32895123958587646, "optimizer_iterations": 4.0, "lr": 9.295488e-05}
{"step": 356352, "wall_time": 1790761185.5182827, "episodes_completed": 2.0, "mean_episode_reward": -3.9976606369018555, "std_episode_reward": 6.0210418701171875, "min_episode_reward": -10.018702507019043, "max_episode_reward": 2.023381233215332, "mean_episode_length": 67.5, "success_rate": 0.0, "collision_rate": 0.5, "out_of_bounds_rate": 0.0, "timeout_rate": 0.5, "policy_loss": 0.003300186712294817, "value_loss": 988.8090972900391, "entropy": 0.613893985748291, "approx_kl": 0.007748606964014471, "clip_fraction": 0.0794677734375, "grad_norm": 302.9597473144531, "explained_variance": 0.7100623846054077, "action_std_mean": 0.3289528787136078, "optimizer_iterations": 4.0, "lr": 9.291392e-05}
{"step": 358400, "wall_time": 1790761194.0216424, "episodes_completed": 4.0, "mean_episode_reward": 40.42666816711426, "std_episode_reward": 34.23103556143077, "min_episode_reward": -4.882698059082031, "max_episode_reward": 88.18684387207031, "mean_episode_length": 110.0, "success_rate": 0.25, "collision_rate": 0.75, "out_of_bounds_rate": 0.0, "timeout_rate": 0.0, "policy_loss": 0.018477681325748563, "value_loss": 785.2282409667969, "entropy": 0.6139296591281891, "approx_kl": 0.295844241976738, "clip_fraction": 0.1072998046875, "grad_norm": 286.8713912963867, "explained_variance": 0.7285174131393433, "action_std_mean": 0.3289622366428375, "optimizer_iterations": 4.0, "lr": 9.287296000000001e-05}
{"step": 360448, "wall_time": 1790761202.6492805, "episodes_completed": 7.0, "mean_episode_reward": 112.09538397831577, "std_episode_reward": 110.15770758377602, "min_episode_reward": -19.800003051757812, "max_episode_reward": 270.5869445800781, "mean_episode_length": 97.14285714285714, "success_rate": 0.2857142857142857, "collision_rate": 0.42857142857142855, "out_of_bounds_rate": 0.0, "timeout_rate": 0.2857142857142857, "policy_loss": 0.04410712048411369, "value_loss": 684.970703125, "entropy": 0.6139890849590302, "approx_kl": 0.19209039211273193, "clip_fraction": 0.247802734375, "grad_norm": 330.11537170410156, "explained_variance": 0.7450524568557739, "action_std_mean": 0.32897448539733887, "optimizer_iterations": 4.0, "lr": 9.283200000000001e-05}
{"step": 362496, "wall_time": 1790761212.45765, "episodes_completed": 4.0, "mean_episode_reward": 221.87719750404358, "std_episode_reward": 164.98752528253354, "min_episode_reward": 11.695923805236816, "max_episode_reward": 388.5450439453125, "mean_episode_length": 86.25, "success_rate": 0.75, "collision_rate": 0.25, "out_of_bounds_rate": 0.0, "timeout_rate": 0.0, "policy_loss": 0.021067673340439796, "value_loss": 882.9436798095703, "entropy": 0.6140870153903961, "approx_kl": 0.08254064619541168, "clip_fraction": 0.198974609375, "grad_norm": 319.35018157958984, "explained_variance": 0.6494607925415039, "action_std_mean": 0.3289978802204132, "optimizer_iterations": 4.0, "lr": 9.279104e-05}
{"step": 364544, "wall_time": 1790761221.9984527, "episodes_completed": 5.0, "mean_episode_reward": 360.33538284301756, "std_episode_reward": 192.6776276751347, "min_episode_reward": 19.261600494384766, "max_episode_reward": 580.0184936523438, "mean_episode_length": 125.4, "success_rate": 1.0, "collision_rate": 0.0, "out_of_bounds_rate": 0.0, "timeout_rate": 0.0, "policy_loss": 0.03249139664694667, "value_loss": 855.6126098632812, "entropy": 0.6142188906669617, "approx_kl": 0.19488263130187988, "clip_fraction": 0.228515625, "grad_norm": 377.06671142578125, "explained_variance": 0.6143207550048828, "action_std_mean": 0.32900843024253845, "optimizer_iterations": 4.0, "lr": 9.275008000000001e-05}
{"step": 366592, "wall_time": 1790761230.4884357, "episodes_completed": 3.0, "mean_episode_reward": 406.58555603027344, "std_episode_reward": 274.682612572853, "min_episode_reward": 156.7542266845703, "max_episode_reward": 789.1134033203125, "mean_episode_length": 147.66666666666666, "success_rate": 0.6666666666666666, "collision_rate": 0.3333333333333333, "out_of_bounds_rate": 0.0, "timeout_rate": 0.0, "policy_loss": 0.02360837860032916, "value_loss": 990.1154174804688, "entropy": 0.6142553091049194, "approx_kl": 0.03120279498398304, "clip_fraction": 0.1995849609375, "grad_norm": 424.4852600097656, "explained_variance": 0.5243408679962158, "action_std_mean": 0.32901230454444885, "optimizer_iterations": 4.0, "lr": 9.270912e-05}
{"step": 368640, "wall_time": 1790761238.8421664, "episodes_completed": 2.0, "mean_episode_reward": 324.6119861602783, "std_episode_reward": 361.65150260925293, "min_episode_reward": -37.03951644897461, "max_episode_reward": 686.2634887695312, "mean_episode_length": 117.0, "success_rate": 0.5, "collision_rate": 0.5, "out_of_bounds_rate": 0.0, "timeout_rate": 0.0, "policy_loss": 0.00714762881398201, "value_loss": 940.9691009521484, "entropy": 0.6142734587192535, "approx_kl": 0.06704122573137283, "clip_fraction": 0.135986328125, "grad_norm": 408.3378677368164, "explained_variance": 0.5800461173057556, "action_std_mean": 0.32900768518447876, "optimizer_iterations": 4.0, "lr": 9.266816e-05}
{"step": 370688, "wall_time": 1790761247.2222524, "episodes_completed": 3.0, "mean_episode_reward": 15.073664466540018, "std_episode_reward": 28.292715254976752, "min_episode_reward": -10.04420280456543, "max_episode_reward": 54.60547637939453, "mean_episode_length": 17.333333333333332, "success_rate": 0.3333333333333333, "collision_rate": 0.3333333333333333, "out_of_bounds_rate": 0.0, "timeout_rate": 0.3333333333333333, "policy_loss": 0.007823547348380089, "value_loss": 774.2288970947266, "entropy": 0.6142208874225616, "approx_kl": 0.012430416652932763, "clip_fraction": 0.1314697265625, "grad_norm": 320.29345321655273, "explained_variance": 0.6506528854370117, "action_std_mean": 0.3289986252784729, "optimizer_iterations": 4.0, "lr": 9.26272e-05}
{"step": 372736, "wall_time": 1790761255.522014, "episodes_completed": 5.0, "mean_episode_reward": 65.79771267175674, "std_episode_reward": 76.99786765762127, "min_episode_reward": -0.5940067172050476, "max_episode_reward": 203.5242156982422, "mean_episode_length": 130.6, "success_rate": 0.6, "collision_rate": 0.2, "out_of_bounds_rate": 0.0, "timeout_rate": 0.2, "policy_loss": 0.008656691061332822, "value_loss": 577.0594329833984, "entropy": 0.6141827702522278, "approx_kl": 0.12450799904763699, "clip_fraction": 0.054443359375, "grad_norm": 329.5643310546875, "explained_variance": 0.6818377375602722, "action_std_mean": 0.3289986848831177, "optimizer_iterations": 4.0, "lr": 9.258624e-05}
{"step": 374784, "wall_time": 1790761263.9320993, "episodes_completed": 3.0, "mean_episode_reward": 266.39081319173175, "std_episode_reward": 159.91168800983306, "min_episode_reward": 75.08494567871094, "max_episode_reward": 466.49072265625, "mean_episode_length": 127.66666666666667, "success_rate": 1.0, "collision_rate": 0.0, "out_of_bounds_rate": 0.0, "timeout_rate": 0.0, "policy_loss": 0.0044887433759868145, "value_loss": 1062.9960632324219, "entropy": 0.6142070293426514, "approx_kl": 0.03519742493517697, "clip_fraction": 0.1265869140625, "grad_norm": 397.3644332885742, "explained_variance": 0.5486598014831543, "action_std_mean": 0.329009085893631, "optimizer_iterations": 4.0, "lr": 9.254528e-05}
{"step": 376832, "wall_time": 1790761272.338434, "episodes_completed": 5.0, "mean_episode_reward": 236.80383927822112, "std_episode_reward": 336.73960347194145, "min_episode_reward": -12.081999778747559, "max_episode_reward": 867.517822265625, "mean_episode_length": 116.2, "success_rate": 0.6, "collision_rate": 0.2, "out_of_bounds_rate": 0.0, "timeout_rate": 0.2, "policy_loss": 0.01145046902820468, "value_loss": 1206.1574096679688, "entropy": 0.614293098449707, "approx_kl": 0.03367085102945566, "clip_fraction": 0.1519775390625, "grad_norm": 391.6878356933594, "explained_variance": 0.6075283885002136, "action_std_mean": 0.3290293216705322, "optimizer_iterations": 4.0, "lr": 9.250432e-05}
{"step": 378880, "wall_time": 1790761280.9213545, "episodes_completed": 4.0, "mean_episode_reward": 219.42449283599854, "std_episode_reward": 189.90979316465828, "min_episode_reward": 43.41751480102539, "max_episode_reward": 540.0166625976562, "mean_episode_length": 70.25, "success_rate": 0.75, "collision_rate": 0.25, "out_of_bounds_rate": 0.0, "timeout_rate": 0.0, "policy_loss": 0.017639807425439358, "value_loss": 882.4316558837891, "entropy": 0.6144235730171204, "approx_kl": 0.043727586045861244, "clip_fraction": 0.2110595703125, "grad_norm": 323.6600799560547, "explained_variance": 0.589377760887146, "action_std_mean": 0.3290538787841797, "optimizer_iterations": 4.0, "lr": 9.246336e-05}
{"step": 380928, "wall_time": 1790761289.6308076, "episodes_completed": 4.0, "mean_episode_reward": 181.22128009796143, "std_episode_reward": 168.09654178810572, "min_episode_reward": 9.809574127197266, "max_episode_reward": 457.90545654296875, "mean_episode_length": 122.25, "success_rate": 0.5, "collision_rate": 0.25, "out_of_bounds_rate": 0.0, "timeout_rate": 0.25, "policy_loss": 0.02320443093776703, "value_loss": 736.0032348632812, "entropy": 0.6145915985107422, "approx_kl": 0.06430786941200495, "clip_fraction": 0.26123046875, "grad_norm": 276.00653076171875, "explained_variance": 0.6057897806167603, "action_std_mean": 0.3290875554084778, "optimizer_iterations": 4.0, "lr": 9.24224e-05}
{"step": 382976, "wall_time": 1790761298.2494628, "episodes_completed": 1.0, "mean_episode_reward": 550.8265380859375, "std_episode_reward": 0.0, "min_episode_reward": 550.8265380859375, "max_episode_reward": 550.8265380859375, "mean_episode_length": 143.0, "success_rate": 1.0, "collision_rate": 0.0, "out_of_bounds_rate": 0.0, "timeout_rate": 0.0, "policy_loss": 0.01798982499167323, "value_loss": 890.7512817382812, "entropy": 0.6147967875003815, "approx_kl": 0.03603529278188944, "clip_fraction": 0.2156982421875, "grad_norm": 392.3212661743164, "explained_variance": 0.6193559169769287, "action_std_mean": 0.3291192948818207, "optimizer_iterations": 4.0, "lr": 9.238144000000001e-05}
{"step": 385024, "wall_time": 1790761306.6960182, "episodes_completed": 3.0, "mean_episode_reward": 3.0652079582214355, "std_episode_reward": 6.786804573178907, "min_episode_reward": -3.6336004734039307, "max_episode_reward": 12.367388725280762, "mean_episode_length": 105.66666666666667, "success_rate": 0.3333333333333333, "collision_rate": 0.0, "out_of_bounds_rate": 0.0, "timeout_rate": 0.6666666666666666, "policy_loss": 0.015108291991055012, "value_loss": 406.7047348022461, "entropy": 0.6149675250053406, "approx_kl": 0.029850903898477554, "clip_fraction": 0.2144775390625, "grad_norm": 241.10316467285156, "explained_variance": 0.7190630435943604, "action_std_mean": 0.32914024591445923, "optimizer_iterations": 4.0, "lr": 9.234048e-05}
{"step": 387072, "wall_time": 1790761315.2977207, "episodes_completed": 0.0, "mean_episode_reward": NaN, "std_episode_reward": NaN, "min_episode_reward": NaN, "max_episode_reward": NaN, "mean_episode_length": NaN, "success_rate": NaN, "collision_rate": NaN, "out_of_bounds_rate": NaN, "timeout_rate": NaN, "policy_loss": 0.01846734806895256, "value_loss": 625.3250885009766, "entropy": 0.6150788962841034, "approx_kl": 0.030741797760128975, "clip_fraction": 0.1912841796875, "grad_norm": 258.5611915588379, "explained_variance": 0.7070726156234741, "action_std_mean": 0.32916051149368286, "optimizer_iterations": 4.0, "lr": 9.229952e-05}
{"step": 389120, "wall_time": 1790761324.1297462, "episodes_completed": 2.0, "mean_episode_reward": 238.1585629582405, "std_episode_reward": 239.1629702448845, "min_episode_reward": -1.004407286643982, "max_episode_reward": 477.321533203125, "mean_episode_length": 209.5, "success_rate": 0.5, "collision_rate": 0.0, "out_of_bounds_rate": 0.0, "timeout_rate": 0.5, "policy_loss": 0.008844293653964996, "value_loss": 496.6518020629883, "entropy": 0.6152074038982391, "approx_kl": 0.02896216604858637, "clip_fraction": 0.1400146484375, "grad_norm": 199.0674591064453, "explained_variance": 0.7190167903900146, "action_std_mean": 0.3291848301887512, "optimizer_iterations": 4.0, "lr": 9.225856000000001e-05}
{"step": 391168, "wall_time": 1790761332.5134375, "episodes_completed": 3.0, "mean_episode_reward": 114.64345439523458, "std_episode_reward": 161.34921684482038, "min_episode_reward": -0.031657807528972626, "max_episode_reward": 342.82470703125, "mean_episode_length": 47.666666666666664, "success_rate": 0.3333333333333333, "collision_rate": 0.0, "out_of_bounds_rate": 0.0, "timeout_rate": 0.6666666666666666, "policy_loss": 0.012454910203814507, "value_loss": 549.5051116943359, "entropy": 0.6153669953346252, "approx_kl": 0.015718453330919147, "clip_fraction": 0.12744140625, "grad_norm": 219.89912033081055, "explained_variance": 0.7496261596679688, "action_std_mean": 0.32921552658081055, "optimizer_iterations": 4.0, "lr": 9.22176e-05}
{"step": 393216, "wall_time": 1790761340.946078, "episodes_completed": 4.0, "mean_episode_reward": 121.75939800590277, "std_episode_reward": 130.92376322812245, "min_episode_reward": -12.49381160736084, "max_episode_reward": 287.58123779296875, "mean_episode_length": 70.0, "success_rate": 0.5, "collision_rate": 0.25, "out_of_bounds_rate": 0.0, "timeout_rate": 0.25, "policy_loss": 0.013821180909872055, "value_loss": 445.4869079589844, "entropy": 0.6155328452587128, "approx_kl": 0.020776095101609826, "clip_fraction": 0.158203125, "grad_norm": 313.88734436035156, "explained_variance": 0.7852686047554016, "action_std_mean": 0.32923540472984314, "optimizer_iterations": 4.0, "lr": 9.217664e-05}
{"step": 395264, "wall_time": 1790761349.3888958, "episodes_completed": 5.0, "mean_episode_reward": 36.460563850402835, "std_episode_reward": 74.80253896250638, "min_episode_reward": -16.622501373291016, "max_episode_reward": 181.0607147216797, "mean_episode_length": 81.4, "success_rate": 0.4, "collision_rate": 0.2, "out_of_bounds_rate": 0.0, "timeout_rate": 0.4, "policy_loss": 0.009982918156310916, "value_loss": 282.7950134277344, "entropy": 0.615647941827774, "approx_kl": 0.033789800480008125, "clip_fraction": 0.153076171875, "grad_norm": 190.66859817504883, "explained_variance": 0.7849374413490295, "action_std_mean": 0.32925641536712646, "optimizer_iterations": 4.0, "lr": 9.213568e-05}
{"step": 397312, "wall_time": 1790761357.8728998, "episodes_completed": 4.0, "mean_episode_reward": 156.62365244328976, "std_episode_reward": 264.494555980817, "min_episode_reward": -8.053357124328613, "max_episode_reward": 614.3701782226562, "mean_episode_length": 107.0, "success_rate": 0.5, "collision_rate": 0.25, "out_of_bounds_rate": 0.0, "timeout_rate": 0.25, "policy_loss": 0.005907507613301277, "value_loss": 546.2071990966797, "entropy": 0.6157722473144531, "approx_kl": 0.019814498722553253, "clip_fraction": 0.185546875, "grad_norm": 272.8347816467285, "explained_variance": 0.7250160574913025, "action_std_mean": 0.3292713165283203, "optimizer_iterations": 4.0, "lr": 9.209472e-05}
{"step": 399360, "wall_time": 1790761366.3154452, "episodes_completed": 3.0, "mean_episode_reward": 302.73286120096844, "std_episode_reward": 266.1160480196698, "min_episode_reward": -10.020990371704102, "max_episode_reward": 640.39794921875, "mean_episode_length": 85.66666666666667, "success_rate": 0.6666666666666666, "collision_rate": 0.3333333333333333, "out_of_bounds_rate": 0.0, "timeout_rate": 0.0, "policy_loss": 0.01319405809044838, "value_loss": 881.3720245361328, "entropy": 0.6158462762832642, "approx_kl": 0.03282389882951975, "clip_fraction": 0.1646728515625, "grad_norm": 362.7675018310547, "explained_variance": 0.7230843305587769, "action_std_mean": 0.3292824327945709, "optimizer_iterations": 4.0, "lr": 9.205376e-05}
{"step": 401408, "wall_time": 1790761374.8456914, "episodes_completed": 1.0, "mean_episode_reward": 7.922276973724365, "std_episode_reward": 0.0, "min_episode_reward": 7.922276973724365, "max_episode_reward": 7.922276973724365, "mean_episode_length": 222.0, "success_rate": 0.0, "collision_rate": 0.0, "out_of_bounds_rate": 0.0, "timeout_rate": 1.0, "policy_loss": 0.004693213850259781, "value_loss": 890.9723510742188, "entropy": 0.6159281134605408, "approx_kl": 0.008201305638067424, "clip_fraction": 0.08203125, "grad_norm": 296.65374755859375, "explained_variance": 0.7558677196502686, "action_std_mean": 0.3292965888977051, "optimizer_iterations": 4.0, "lr": 9.201280000000001e-05}
{"step": 403456, "wall_time": 1790761383.329243, "episodes_completed": 3.0, "mean_episode_reward": 190.7584686676661, "std_episode_reward": 159.78796870006005, "min_episode_reward": 1.015518307685852, "max_episode_reward": 391.9149475097656, "mean_episode_length": 88.33333333333333, "success_rate": 0.6666666666666666, "collision_rate": 0.0, "out_of_bounds_rate": 0.0, "timeout_rate": 0.3333333333333333, "policy_loss": 0.02684500627219677, "value_loss": 713.3676452636719, "entropy": 0.6159926652908325, "approx_kl": 0.05165131064131856, "clip_fraction": 0.20849609375, "grad_norm": 263.0650634765625, "explained_variance": 0.7591881155967712, "action_std_mean": 0.32929444313049316, "optimizer_iterations": 4.0, "lr": 9.197184000000001e-05}
{"step": 405504, "wall_time": 1790761391.7496753, "episodes_completed": 2.0, "mean_episode_reward": 437.15123558044434, "std_episode_reward": 444.70496559143066, "min_episode_reward": -7.553730010986328, "max_episode_reward": 881.856201171875, "mean_episode_length": 129.0, "success_rate": 0.5, "collision_rate": 0.0, "out_of_bounds_rate": 0.0, "timeout_rate": 0.5, "policy_loss": 0.02659743744879961, "value_loss": 706.2266845703125, "entropy": 0.6159568130970001, "approx_kl": 0.07786505296826363, "clip_fraction": 0.20703125, "grad_norm": 281.6683464050293, "explained_variance": 0.7665575742721558, "action_std_mean": 0.3292904496192932, "optimizer_iterations": 4.0, "lr": 9.193088e-05}
{"step": 407552, "wall_time": 1790761400.1565223, "episodes_completed": 4.0, "mean_episode_reward": 85.30829153209925, "std_episode_reward": 142.87076033224548, "min_episode_reward": -9.955962181091309, "max_episode_reward": 332.13140869140625, "mean_episode_length": 67.75, "success_rate": 0.5, "collision_rate": 0.25, "out_of_bounds_rate": 0.0, "timeout_rate": 0.25, "policy_loss": 0.010108084417879581, "value_loss": 826.1859893798828, "entropy": 0.6159524917602539, "approx_kl": 0.025462552555836737, "clip_fraction": 0.1331787109375, "grad_norm": 283.2069625854492, "explained_variance": 0.7844889760017395, "action_std_mean": 0.3292877972126007, "optimizer_iterations": 4.0, "lr": 9.188992000000001e-05}
{"step": 409600, "wall_time": 1790761408.6509123, "episodes_completed": 6.0, "mean_episode_reward": 266.2154409041007, "std_episode_reward": 264.71113663207353, "min_episode_reward": -0.31478753685951233, "max_episode_reward": 611.5708618164062, "mean_episode_length": 103.33333333333333, "success_rate": 0.6666666666666666, "collision_rate": 0.0, "out_of_bounds_rate": 0.0, "timeout_rate": 0.3333333333333333, "policy_loss": 0.039440548920538276, "value_loss": 1126.9997863769531, "entropy": 0.6159273684024811, "approx_kl": 0.15155263431370258, "clip_fraction": 0.23193359375, "grad_norm": 462.0667495727539, "explained_variance": 0.7219866514205933, "action_std_mean": 0.3292843699455261, "optimizer_iterations": 4.0, "lr": 9.184896e-05}
{"step": 411648, "wall_time": 1790761417.2176301, "episodes_completed": 9.0, "mean_episode_reward": 75.29177077611287, "std_episode_reward": 158.6858803646951, "min_episode_reward": -13.585875511169434, "max_episode_reward": 454.94329833984375, "mean_episode_length": 60.77777777777778, "success_rate": 0.3333333333333333, "collision_rate": 0.5555555555555556, "out_of_bounds_rate": 0.0, "timeout_rate": 0.1111111111111111, "policy_loss": 0.006433926522731781, "value_loss": 1015.8204193115234, "entropy": 0.6159312725067139, "approx_kl": 0.017711718915961683, "clip_fraction": 0.10546875, "grad_norm": 362.04490661621094, "explained_variance": 0.7285917401313782, "action_std_mean": 0.3292907476425171, "optimizer_iterations": 4.0, "lr": 9.1808e-05}
{"step": 413696, "wall_time": 1790761425.6703289, "episodes_completed": 4.0, "mean_episode_reward": 54.71927809715271, "std_episode_reward": 53.52017014235727, "min_episode_reward": -9.922141075134277, "max_episode_reward": 126.35905456542969, "mean_episode_length": 61.25, "success_rate": 0.5, "collision_rate": 0.5, "out_of_bounds_rate": 0.0, "timeout_rate": 0.0, "policy_loss": 0.0024646930396556854, "value_loss": 1024.8532104492188, "entropy": 0.6159822642803192, "approx_kl": 0.009606398642063141, "clip_fraction": 0.0689697265625, "grad_norm": 326.6689758300781, "explained_variance": 0.7396752834320068, "action_std_mean": 0.32930225133895874, "optimizer_iterations": 4.0, "lr": 9.176704000000001e-05}
{"step": 415744, "wall_time": 1790761434.142068, "episodes_completed": 3.0, "mean_episode_reward": 23.56265163421631, "std_episode_reward": 10.009350490712722, "min_episode_reward": 10.602818489074707, "max_episode_reward": 34.973358154296875, "mean_episode_length": 64.0, "success_rate": 1.0, "collision_rate": 0.0, "out_of_bounds_rate": 0.0, "timeout_rate": 0.0, "policy_loss": 0.003882385790348053, "value_loss": 528.64892578125, "entropy": 0.616061806678772, "approx_kl": 0.009928893065080047, "clip_fraction": 0.091064453125, "grad_norm": 243.46970748901367, "explained_variance": 0.7359710335731506, "action_std_mean": 0.32931745052337646, "optimizer_iterations": 4.0, "lr": 9.172608e-05}
{"step": 417792, "wall_time": 1790761442.5446796, "episodes_completed": 2.0, "mean_episode_reward": 261.9212875366211, "std_episode_reward": 128.8063735961914, "min_episode_reward": 133.1149139404297, "max_episode_reward": 390.7276611328125, "mean_episode_length": 84.0, "success_rate": 1.0, "collision_rate": 0.0, "out_of_bounds_rate": 0.0, "timeout_rate": 0.0, "policy_loss": 0.0008889660239219666, "value_loss": 438.0888214111328, "entropy": 0.6161497831344604, "approx_kl": 0.005963290925137699, "clip_fraction": 0.071044921875, "grad_norm": 195.67702865600586, "explained_variance": 0.740626871585846, "action_std_mean": 0.3293307423591614, "optimizer_iterations": 4.0, "lr": 9.168512e-05}
{"step": 419840, "wall_time": 1790761450.995344, "episodes_completed": 2.0, "mean_episode_reward": 90.28386688232422, "std_episode_reward": 119.36176300048828, "min_episode_reward": -29.077896118164062, "max_episode_reward": 209.6456298828125, "mean_episode_length": 94.5, "success_rate": 0.5, "collision_rate": 0.5, "out_of_bounds_rate": 0.0, "timeout_rate": 0.0, "policy_loss": 0.0012328438460826874, "value_loss": 230.39230728149414, "entropy": 0.6162466108798981, "approx_kl": 0.012727793538942933, "clip_fraction": 0.127197265625, "grad_norm": 128.25835990905762, "explained_variance": 0.7918397784233093, "action_std_mean": 0.32936161756515503, "optimizer_iterations": 4.0, "lr": 9.164416e-05}
{"step": 421888, "wall_time": 1790761459.400066, "episodes_completed": 3.0, "mean_episode_reward": 151.3211701363325, "std_episode_reward": 216.94594429207, "min_episode_reward": -4.3266448974609375, "max_episode_reward": 458.1180725097656, "mean_episode_length": 200.33333333333334, "success_rate": 0.3333333333333333, "collision_rate": 0.0, "out_of_bounds_rate": 0.0, "timeout_rate": 0.6666666666666666, "policy_loss": 0.0046650293515995145, "value_loss": 442.9065246582031, "entropy": 0.6164966523647308, "approx_kl": 0.018161871004849672, "clip_fraction": 0.115478515625, "grad_norm": 218.91930389404297, "explained_variance": 0.7691805362701416, "action_std_mean": 0.32940995693206787, "optimizer_iterations": 4.0, "lr": 9.16032e-05}
{"step": 423936, "wall_time": 1790761467.8620021, "episodes_completed": 6.0, "mean_episode_reward": 146.83254500230154, "std_episode_reward": 216.8454630055349, "min_episode_reward": -1.2484185695648193, "max_episode_reward": 620.9471435546875, "mean_episode_length": 129.0, "success_rate": 0.5, "collision_rate": 0.16666666666666666, "out_of_bounds_rate": 0.0, "timeout_rate": 0.3333333333333333, "policy_loss": 0.012012716382741928, "value_loss": 728.0699768066406, "entropy": 0.6167701184749603, "approx_kl": 0.07983811758458614, "clip_fraction": 0.183349609375, "grad_norm": 291.57902908325195, "explained_variance": 0.7297368049621582, "action_std_mean": 0.32944542169570923, "optimizer_iterations": 4.0, "lr": 9.156224e-05}
{"step": 425984, "wall_time": 1790761476.2906728, "episodes_completed": 3.0, "mean_episode_reward": 336.061882297198, "std_episode_reward": 358.34938120128123, "min_episode_reward": 1.3147515058517456, "max_episode_reward": 832.9497680664062, "mean_episode_length": 179.66666666666666, "success_rate": 0.3333333333333333, "collision_rate": 0.3333333333333333, "out_of_bounds_rate": 0.0, "timeout_rate": 0.3333333333333333, "policy_loss": 0.015834844205528498, "value_loss": 429.83557891845703, "entropy": 0.616958498954773, "approx_kl": 0.043329608626663685, "clip_fraction": 0.20263671875, "grad_norm": 279.88337326049805, "explained_variance": 0.7551335692405701, "action_std_mean": 0.3294717073440552, "optimizer_iterations": 4.0, "lr": 9.152128000000001e-05}
{"step": 428032, "wall_time": 1790761484.6809223, "episodes_completed": 3.0, "mean_episode_reward": 274.5342067082723, "std_episode_reward": 227.29498338024624, "min_episode_reward": 7.876774787902832, "max_episode_reward": 563.3134765625, "mean_episode_length": 138.66666666666666, "success_rate": 0.0, "collision_rate": 0.6666666666666666, "out_of_bounds_rate": 0.0, "timeout_rate": 0.3333333333333333, "policy_loss": 0.03221912123262882, "value_loss": 566.9115600585938, "entropy": 0.6171098351478577, "approx_kl": 0.07844642177224159, "clip_fraction": 0.2230224609375, "grad_norm": 307.97043228149414, "explained_variance": 0.7421555519104004, "action_std_mean": 0.32949334383010864, "optimizer_iterations": 4.0, "lr": 9.148032000000001e-05}
{"step": 430080, "wall_time": 1790761493.1051896, "episodes_completed": 8.0, "mean_episode_reward": 122.917160987854, "std_episode_reward": 327.6657519058298, "min_episode_reward": -11.321748733520508, "max_episode_reward": 989.2420654296875, "mean_episode_length": 78.25, "success_rate": 0.25, "collision_rate": 0.75, "out_of_bounds_rate": 0.0, "timeout_rate": 0.0, "policy_loss": 0.012760022655129433, "value_loss": 1097.3454895019531, "entropy": 0.6172133088111877, "approx_kl": 0.04404884343966842, "clip_fraction": 0.166748046875, "grad_norm": 392.09960174560547, "explained_variance": 0.6815419793128967, "action_std_mean": 0.3295004367828369, "optimizer_iterations": 4.0, "lr": 9.143936e-05}
{"step": 432128, "wall_time": 1790761501.5874465, "episodes_completed": 5.0, "mean_episode_reward": 143.33396911621094, "std_episode_reward": 91.03395386840123, "min_episode_reward": 38.48323440551758, "max_episode_reward": 267.8394470214844, "mean_episode_length": 66.8, "success_rate": 0.6, "collision_rate": 0.4, "out_of_bounds_rate": 0.0, "timeout_rate": 0.0, "policy_loss": 0.008254600805230439, "value_loss": 701.6498870849609, "entropy": 0.6172351241111755, "approx_kl": 0.015351496753282845, "clip_fraction": 0.1043701171875, "grad_norm": 355.6773567199707, "explained_variance": 0.6807756423950195, "action_std_mean": 0.3295022249221802, "optimizer_iterations": 4.0, "lr": 9.139840000000001e-05}
{"step": 434176, "wall_time": 1790761510.0848997, "episodes_completed": 0.0, "mean_episode_reward": NaN, "std_episode_reward": NaN, "min_episode_reward": NaN, "max_episode_reward": NaN, "mean_episode_length": NaN, "success_rate": NaN, "collision_rate": NaN, "out_of_bounds_rate": NaN, "timeout_rate": NaN, "policy_loss": 0.00690130889415741, "value_loss": 804.3541412353516, "entropy": 0.6172469854354858, "approx_kl": 0.01138285524211824, "clip_fraction": 0.135986328125, "grad_norm": 279.40684509277344, "explained_variance": 0.7087382078170776, "action_std_mean": 0.32950451970100403, "optimizer_iterations": 4.0, "lr": 9.135744e-05}
{"step": 436224, "wall_time": 1790761518.677021, "episodes_completed": 5.0, "mean_episode_reward": 258.55160484313967, "std_episode_reward": 221.1328475617474, "min_episode_reward": 6.215435028076172, "max_episode_reward": 592.447509765625, "mean_episode_length": 101.4, "success_rate": 0.6, "collision_rate": 0.2, "out_of_bounds_rate": 0.0, "timeout_rate": 0.2, "policy_loss": 0.006687200628221035, "value_loss": 857.6831207275391, "entropy": 0.6172538101673126, "approx_kl": 0.017834090860560536, "clip_fraction": 0.13232421875, "grad_norm": 279.5976867675781, "explained_variance": 0.7202289700508118, "action_std_mean": 0.3295024633407593, "optimizer_iterations": 4.0, "lr": 9.131648e-05}
{"step": 438272, "wall_time": 1790761527.371459, "episodes_completed": 8.0, "mean_episode_reward": 232.11176893487573, "std_episode_reward": 194.65417945461388, "min_episode_reward": -8.453847885131836, "max_episode_reward": 580.718994140625, "mean_episode_length": 114.75, "success_rate": 0.625, "collision_rate": 0.25, "out_of_bounds_rate": 0.0, "timeout_rate": 0.125, "policy_loss": 0.01194759737700224, "value_loss": 850.5337677001953, "entropy": 0.6172353327274323, "approx_kl": 0.059702372178435326, "clip_fraction": 0.124267578125, "grad_norm": 361.3602752685547, "explained_variance": 0.7001099586486816, "action_std_mean": 0.32950127124786377, "optimizer_iterations": 4.0, "lr": 9.127552e-05}
{"step": 440320, "wall_time": 1790761536.0201042, "episodes_completed": 0.0, "mean_episode_reward": NaN, "std_episode_reward": NaN, "min_episode_reward": NaN, "max_episode_reward": NaN, "mean_episode_length": NaN, "success_rate": NaN, "collision_rate": NaN, "out_of_bounds_rate": NaN, "timeout_rate": NaN, "policy_loss": 0.008701629936695099, "value_loss": 807.4695892333984, "entropy": 0.6172342896461487, "approx_kl": 0.0512786190956831, "clip_fraction": 0.140380859375, "grad_norm": 327.68201446533203, "explained_variance": 0.7207688093185425, "action_std_mean": 0.32949942350387573, "optimizer_iterations": 4.0, "lr": 9.123456e-05}
{"step": 442368, "wall_time": 1790761544.4018195, "episodes_completed": 2.0, "mean_episode_reward": 14.598838806152344, "std_episode_reward": 39.24365234375, "min_episode_reward": -24.644813537597656, "max_episode_reward": 53.842491149902344, "mean_episode_length": 50.0, "success_rate": 0.0, "collision_rate": 0.5, "out_of_bounds_rate": 0.0, "timeout_rate": 0.5, "policy_loss": 0.011224462650716305, "value_loss": 555.4119567871094, "entropy": 0.6172291040420532, "approx_kl": 0.040384938940405846, "clip_fraction": 0.21142578125, "grad_norm": 249.9312286376953, "explained_variance": 0.6950953006744385, "action_std_mean": 0.3295047879219055, "optimizer_iterations": 4.0, "lr": 9.119360000000001e-05}
{"step": 444416, "wall_time": 1790761553.0163965, "episodes_completed": 1.0, "mean_episode_reward": 16.74211883544922, "std_episode_reward": 0.0, "min_episode_reward": 16.74211883544922, "max_episode_reward": 16.74211883544922, "mean_episode_length": 68.0, "success_rate": 1.0, "collision_rate": 0.0, "out_of_bounds_rate": 0.0, "timeout_rate": 0.0, "policy_loss": 0.02770378068089485, "value_loss": 433.7529067993164, "entropy": 0.6172956228256226, "approx_kl": 0.04100752342492342, "clip_fraction": 0.2381591796875, "grad_norm": 272.64625549316406, "explained_variance": 0.7652638554573059, "action_std_mean": 0.3295266628265381, "optimizer_iterations": 4.0, "lr": 9.115264e-05}
{"step": 446464, "wall_time": 1790761561.5456274, "episodes_completed": 4.0, "mean_episode_reward": 184.78486156463623, "std_episode_reward": 204.12150365807508, "min_episode_reward": 4.402801513671875, "max_episode_reward": 506.710205078125, "mean_episode_length": 137.0, "success_rate": 0.75, "collision_rate": 0.25, "out_of_bounds_rate": 0.0, "timeout_rate": 0.0, "policy_loss": 0.03650282043963671, "value_loss": 278.5664367675781, "entropy": 0.617482602596283, "approx_kl": 0.07602870836853981, "clip_fraction": 0.35986328125, "grad_norm": 213.96685791015625, "explained_variance": 0.791059672832489, "action_std_mean": 0.3295729160308838, "optimizer_iterations": 4.0, "lr": 9.111168000000001e-05}
{"step": 448512, "wall_time": 1790761570.0233319, "episodes_completed": 5.0, "mean_episode_reward": 233.80566177368163, "std_episode_reward": 283.42729256897223, "min_episode_reward": -2.424846887588501, "max_episode_reward": 682.2328491210938, "mean_episode_length": 146.8, "success_rate": 0.6, "collision_rate": 0.0, "out_of_bounds_rate": 0.0, "timeout_rate": 0.4, "policy_loss": 0.02772100269794464, "value_loss": 623.3137969970703, "entropy": 0.6178002059459686, "approx_kl": 0.04007550701498985, "clip_fraction": 0.2593994140625, "grad_norm": 273.1176071166992, "explained_variance": 0.7828578948974609, "action_std_mean": 0.3296221196651459, "optimizer_iterations": 4.0, "lr": 9.107072e-05}
{"step": 450560, "wall_time": 1790761578.5472379, "episodes_completed": 6.0, "mean_episode_reward": 400.1033998131752, "std_episode_reward": 396.19300416790804, "min_episode_reward": -1.7329708337783813, "max_episode_reward": 851.4227905273438, "mean_episode_length": 158.0, "success_rate": 0.6666666666666666, "collision_rate": 0.0, "out_of_bounds_rate": 0.0, "timeout_rate": 0.3333333333333333, "policy_loss": 0.0016150828450918198, "value_loss": 1354.15673828125, "entropy": 0.6180553734302521, "approx_kl": 0.0060447214636951685, "clip_fraction": 0.05859375, "grad_norm": 463.75311279296875, "explained_variance": 0.7271803617477417, "action_std_mean": 0.3296511173248291, "optimizer_iterations": 4.0, "lr": 9.102976000000001e-05}
{"step": 452608, "wall_time": 1790761587.2409313, "episodes_completed": 4.0, "mean_episode_reward": 308.2461684346199, "std_episode_reward": 188.56118614795838, "min_episode_reward": -2.1674258708953857, "max_episode_reward": 488.82855224609375, "mean_episode_length": 163.5, "success_rate": 0.75, "collision_rate": 0.0, "out_of_bounds_rate": 0.0, "timeout_rate": 0.25, "policy_loss": 0.015216786414384842, "value_loss": 794.5400543212891, "entropy": 0.6181877553462982, "approx_kl": 0.02889556111767888, "clip_fraction": 0.191650390625, "grad_norm": 775.2256164550781, "explained_variance": 0.7252334356307983, "action_std_mean": 0.3296605348587036, "optimizer_iterations": 4.0, "lr": 9.09888e-05}
{"step": 454656, "wall_time": 1790761595.8530128, "episodes_completed": 5.0, "mean_episode_reward": 165.8021390914917, "std_episode_reward": 158.09795189747905, "min_episode_reward": -9.930245399475098, "max_episode_reward": 353.59234619140625, "mean_episode_length": 60.2, "success_rate": 0.8, "collision_rate": 0.2, "out_of_bounds_rate": 0.0, "timeout_rate": 0.0, "policy_loss": 0.008501376956701279, "value_loss": 641.7146759033203, "entropy": 0.6182194948196411, "approx_kl": 0.19324348121881485, "clip_fraction": 0.15283203125, "grad_norm": 286.7052879333496, "explained_variance": 0.7429625988006592, "action_std_mean": 0.32966262102127075, "optimizer_iterations": 4.0, "lr": 9.094784e-05}
{"step": 456704, "wall_time": 1790761604.3484073, "episodes_completed": 5.0, "mean_episode_reward": 33.12906455993652, "std_episode_reward": 87.61970592437665, "min_episode_reward": -111.55516052246094, "max_episode_reward": 147.4955596923828, "mean_episode_length": 53.6, "success_rate": 0.6, "collision_rate": 0.4, "out_of_bounds_rate": 0.0, "timeout_rate": 0.0, "policy_loss": 0.027260211063548923, "value_loss": 1114.075927734375, "entropy": 0.6182153224945068, "approx_kl": 0.03595540998503566, "clip_fraction": 0.146484375, "grad_norm": 358.0624465942383, "explained_variance": 0.6323715448379517, "action_std_mean": 0.3296557068824768, "optimizer_iterations": 4.0, "lr": 9.090688000000001e-05}
{"step": 458752, "wall_time": 1790761613.0284538, "episodes_completed": 0.0, "mean_episode_reward": NaN, "std_episode_reward": NaN, "min_episode_reward": NaN, "max_episode_reward": NaN, "mean_episode_length": NaN, "success_rate": NaN, "collision_rate": NaN, "out_of_bounds_rate": NaN, "timeout_rate": NaN, "policy_loss": 0.00751749612390995, "value_loss": 935.0148468017578, "entropy": 0.6181712746620178, "approx_kl": 0.01423942728433758, "clip_fraction": 0.1318359375, "grad_norm": 340.75726318359375, "explained_variance": 0.682485818862915, "action_std_mean": 0.32965195178985596, "optimizer_iterations": 4.0, "lr": 9.086592e-05}
{"step": 460800, "wall_time": 1790761621.4766343, "episodes_completed": 1.0, "mean_episode_reward": 138.06785583496094, "std_episode_reward": 0.0, "min_episode_reward": 138.06785583496094, "max_episode_reward": 138.06785583496094, "mean_episode_length": 44.0, "success_rate": 1.0, "collision_rate": 0.0, "out_of_bounds_rate": 0.0, "timeout_rate": 0.0, "policy_loss": 0.012482022866606712, "value_loss": 452.7760314941406, "entropy": 0.6181904077529907, "approx_kl": 0.052685944363474846, "clip_fraction": 0.19189453125, "grad_norm": 205.26424407958984, "explained_variance": 0.7482930421829224, "action_std_mean": 0.32967081665992737, "optimizer_iterations": 4.0, "lr": 9.082496000000001e-05}
{"step": 462848, "wall_time": 1790761629.91916, "episodes_completed": 3.0, "mean_episode_reward": 3.636370892326037, "std_episode_reward": 4.993459121418825, "min_episode_reward": -0.23400022089481354, "max_episode_reward": 10.68693733215332, "mean_episode_length": 83.0, "success_rate": 0.0, "collision_rate": 0.3333333333333333, "out_of_bounds_rate": 0.0, "timeout_rate": 0.6666666666666666, "policy_loss": 0.009554620832204819, "value_loss": 300.6873016357422, "entropy": 0.6183106601238251, "approx_kl": 0.0313326558098197, "clip_fraction": 0.2381591796875, "grad_norm": 198.01171875, "explained_variance": 0.7615615725517273, "action_std_mean": 0.3296799957752228, "optimizer_iterations": 4.0, "lr": 9.0784e-05}
{"step": 464896, "wall_time": 1790761638.3897417, "episodes_completed": 3.0, "mean_episode_reward": 377.6943868001302, "std_episode_reward": 246.81604900415044, "min_episode_reward": 181.3951416015625, "max_episode_reward": 725.7984008789062, "mean_episode_length": 161.0, "success_rate": 0.3333333333333333, "collision_rate": 0.6666666666666666, "out_of_bounds_rate": 0.0, "timeout_rate": 0.0, "policy_loss": 0.010833684355020523, "value_loss": 331.2044448852539, "entropy": 0.6183215081691742, "approx_kl": 0.020736459642648697, "clip_fraction": 0.1094970703125, "grad_norm": 258.76647567749023, "explained_variance": 0.7489719986915588, "action_std_mean": 0.32967787981033325, "optimizer_iterations": 4.0, "lr": 9.074304e-05}
{"step": 466944, "wall_time": 1790761647.2813156, "episodes_completed": 8.0, "mean_episode_reward": 142.47111201286316, "std_episode_reward": 236.31418622402157, "min_episode_reward": -9.883617401123047, "max_episode_reward": 625.6700439453125, "mean_episode_length": 105.875, "success_rate": 0.25, "collision_rate": 0.5, "out_of_bounds_rate": 0.0, "timeout_rate": 0.25, "policy_loss": 0.00723922299221158, "value_loss": 457.3041000366211, "entropy": 0.6183112263679504, "approx_kl": 0.029286737786605954, "clip_fraction": 0.1024169921875, "grad_norm": 260.29000091552734, "explained_variance": 0.7575893998146057, "action_std_mean": 0.32967764139175415, "optimizer_iterations": 4.0, "lr": 9.070208e-05}
{"step": 468992, "wall_time": 1790761655.851804, "episodes_completed": 7.0, "mean_episode_reward": 60.517201457704815, "std_episode_reward": 82.10162064548786, "min_episode_reward": -43.499916076660156, "max_episode_reward": 191.22154235839844, "mean_episode_length": 61.857142857142854, "success_rate": 0.14285714285714285, "collision_rate": 0.5714285714285714, "out_of_bounds_rate": 0.0, "timeout_rate": 0.2857142857142857, "policy_loss": 0.020568234845995903, "value_loss": 1063.6615905761719, "entropy": 0.6183102428913116, "approx_kl": 0.08794226497411728, "clip_fraction": 0.2135009765625, "grad_norm": 523.8691787719727, "explained_variance": 0.6736127138137817, "action_std_mean": 0.32967638969421387, "optimizer_iterations": 4.0, "lr": 9.066112e-05}
{"step": 471040, "wall_time": 1790761664.2870429, "episodes_completed": 7.0, "mean_episode_reward": 208.7379356111799, "std_episode_reward": 218.636523546283, "min_episode_reward": 11.898146629333496, "max_episode_reward": 614.9297485351562, "mean_episode_length": 70.57142857142857, "success_rate": 0.7142857142857143, "collision_rate": 0.2857142857142857, "out_of_bounds_rate": 0.0, "timeout_rate": 0.0, "policy_loss": 0.03377454727888107, "value_loss": 671.8683929443359, "entropy": 0.618285745382309, "approx_kl": 0.059929510578513145, "clip_fraction": 0.18603515625, "grad_norm": 334.56819915771484, "explained_variance": 0.7291734218597412, "action_std_mean": 0.3296588063240051, "optimizer_iterations": 4.0, "lr": 9.062016e-05}
{"step": 473088, "wall_time": 1790761672.9614103, "episodes_completed": 7.0, "mean_episode_reward": 198.0844009944371, "std_episode_reward": 226.56291862752408, "min_episode_reward": -10.034249305725098, "max_episode_reward": 660.68408203125, "mean_episode_length": 80.14285714285714, "success_rate": 0.5714285714285714, "collision_rate": 0.2857142857142857, "out_of_bounds_rate": 0.0, "timeout_rate": 0.14285714285714285, "policy_loss": 0.05511282756924629, "value_loss": 607.3302001953125, "entropy": 0.6181445419788361, "approx_kl": 0.22758781537413597, "clip_fraction": 0.380126953125, "grad_norm": 514.9188232421875, "explained_variance": 0.7466118335723877, "action_std_mean": 0.3296416997909546, "optimizer_iterations": 4.0, "lr": 9.05792e-05}
{"step": 475136, "wall_time": 1790761681.7110791, "episodes_completed": 5.0, "mean_episode_reward": 73.21990127563477, "std_episode_reward": 122.30964728921094, "min_episode_reward": -34.4021110534668, "max_episode_reward": 312.6905212402344, "mean_episode_length": 71.0, "success_rate": 0.6, "collision_rate": 0.4, "out_of_bounds_rate": 0.0, "timeout_rate": 0.0, "policy_loss": 0.020324445329606533, "value_loss": 812.1669464111328, "entropy": 0.6180747747421265, "approx_kl": 0.202249925583601, "clip_fraction": 0.2340087890625, "grad_norm": 355.5691680908203, "explained_variance": 0.7133938670158386, "action_std_mean": 0.32963138818740845, "optimizer_iterations": 4.0, "lr": 9.053824000000001e-05}
{"step": 477184, "wall_time": 1790761690.3444672, "episodes_completed": 2.0, "mean_episode_reward": 88.1473617553711, "std_episode_reward": 203.93836212158203, "min_episode_reward": -115.79100036621094, "max_episode_reward": 292.0857238769531, "mean_episode_length": 161.5, "success_rate": 0.5, "collision_rate": 0.0, "out_of_bounds_rate": 0.0, "timeout_rate": 0.5, "policy_loss": 0.0571388341486454, "value_loss": 284.96588134765625, "entropy": 0.6180215179920197, "approx_kl": 0.18213029205799103, "clip_fraction": 0.456298828125, "grad_norm": 675.8272933959961, "explained_variance": 0.7434864640235901, "action_std_mean": 0.329633891582489, "optimizer_iterations": 4.0, "lr": 9.049728e-05}
{"step": 479232, "wall_time": 1790761698.6782274, "episodes_completed": 3.0, "mean_episode_reward": 8.721407572428385, "std_episode_reward": 15.946506650493419, "min_episode_reward": -13.343039512634277, "max_episode_reward": 23.791791915893555, "mean_episode_length": 161.66666666666666, "success_rate": 0.3333333333333333, "collision_rate": 0.6666666666666666, "out_of_bounds_rate": 0.0, "timeout_rate": 0.0, "policy_loss": 0.016826814971864223, "value_loss": 198.77524185180664, "entropy": 0.6181033253669739, "approx_kl": 0.08684494905173779, "clip_fraction": 0.2987060546875, "grad_norm": 456.79613876342773, "explained_variance": 0.7691798210144043, "action_std_mean": 0.3296673893928528, "optimizer_iterations": 4.0, "lr": 9.045632000000001e-05}
{"step": 481280, "wall_time": 1790761707.3192053, "episodes_completed": 0.0, "mean_episode_reward": NaN, "std_episode_reward": NaN, "min_episode_reward": NaN, "max_episode_reward": NaN, "mean_episode_length": NaN, "success_rate": NaN, "collision_rate": NaN, "out_of_bounds_rate": NaN, "timeout_rate": NaN, "policy_loss": 0.04853535816073418, "value_loss": 663.4123992919922, "entropy": 0.6183587610721588, "approx_kl": 0.20505096018314362, "clip_fraction": 0.327880859375, "grad_norm": 586.1307640075684, "explained_variance": 0.6771700382232666, "action_std_mean": 0.32971638441085815, "optimizer_iterations": 4.0, "lr": 9.041536e-05}
{"step": 483328, "wall_time": 1790761716.074982, "episodes_completed": 7.0, "mean_episode_reward": 100.2653704615576, "std_episode_reward": 106.39145800819738, "min_episode_reward": -6.186171531677246, "max_episode_reward": 238.58206176757812, "mean_episode_length": 60.42857142857143, "success_rate": 0.7142857142857143, "collision_rate": 0.14285714285714285, "out_of_bounds_rate": 0.0, "timeout_rate": 0.14285714285714285, "policy_loss": 0.01582463923841715, "value_loss": 371.2201843261719, "entropy": 0.6186347901821136, "approx_kl": 0.026390820275992155, "clip_fraction": 0.19140625, "grad_norm": 388.52985763549805, "explained_variance": 0.7479742765426636, "action_std_mean": 0.3297494947910309, "optimizer_iterations": 4.0, "lr": 9.03744e-05}
{"step": 485376, "wall_time": 1790761724.5679245, "episodes_completed": 6.0, "mean_episode_reward": 53.810858726501465, "std_episode_reward": 113.76080442898902, "min_episode_reward": -29.21962547302246, "max_episode_reward": 304.2309875488281, "mean_episode_length": 120.66666666666667, "success_rate": 0.16666666666666666, "collision_rate": 0.5, "out_of_bounds_rate": 0.0, "timeout_rate": 0.3333333333333333, "policy_loss": 0.011441974900662899, "value_loss": 191.36074447631836, "entropy": 0.6187563836574554, "approx_kl": 0.038199545349925756, "clip_fraction": 0.2222900390625, "grad_norm": 235.66393089294434, "explained_variance": 0.7803462743759155, "action_std_mean": 0.32974115014076233, "optimizer_iterations": 4.0, "lr": 9.033344000000001e-05}
{"step": 487424, "wall_time": 1790761732.9199722, "episodes_completed": 5.0, "mean_episode_reward": 148.3670179128647, "std_episode_reward": 130.83884882861528, "min_episode_reward": -10.003233909606934, "max_episode_reward": 291.50030517578125, "mean_episode_length": 71.4, "success_rate": 0.6, "collision_rate": 0.2, "out_of_bounds_rate": 0.0, "timeout_rate": 0.2, "policy_loss": 0.020995046943426132, "value_loss": 1042.5960388183594, "entropy": 0.6186451613903046, "approx_kl": 0.03300451394170523, "clip_fraction": 0.18896484375, "grad_norm": 412.9129867553711, "explained_variance": 0.6529054045677185, "action_std_mean": 0.32972267270088196, "optimizer_iterations": 4.0, "lr": 9.029248e-05}
{"step": 489472, "wall_time": 1790761741.5885785, "episodes_completed": 3.0, "mean_episode_reward": 317.1172129313151, "std_episode_reward": 169.42542061735824, "min_episode_reward": 108.19206237792969, "max_episode_reward": 523.1680297851562, "mean_episode_length": 122.0, "success_rate": 0.6666666666666666, "collision_rate": 0.3333333333333333, "out_of_bounds_rate": 0.0, "timeout_rate": 0.0, "policy_loss": 0.01477957982569933, "value_loss": 738.0805816650391, "entropy": 0.6185579299926758, "approx_kl": 0.03202253580093384, "clip_fraction": 0.17041015625, "grad_norm": 411.7471694946289, "explained_variance": 0.6387122869491577, "action_std_mean": 0.3297117054462433, "optimizer_iterations": 4.0, "lr": 9.025152e-05}
{"step": 491520, "wall_time": 1790761749.9292316, "episodes_completed": 3.0, "mean_episode_reward": 64.36524089177449, "std_episode_reward": 89.73998606217778, "min_episode_reward": -3.953604221343994, "max_episode_reward": 191.149169921875, "mean_episode_length": 88.66666666666667, "success_rate": 0.0, "collision_rate": 0.6666666666666666, "out_of_bounds_rate": 0.0, "timeout_rate": 0.3333333333333333, "policy_loss": 0.006271988502703607, "value_loss": 693.2029113769531, "entropy": 0.6185072660446167, "approx_kl": 0.03427490871399641, "clip_fraction": 0.125, "grad_norm": 348.47595596313477, "explained_variance": 0.7163764238357544, "action_std_mean": 0.32970890402793884, "optimizer_iterations": 4.0, "lr": 9.021056e-05}
{"step": 493568, "wall_time": 1790761758.4259017, "episodes_completed": 4.0, "mean_episode_reward": 151.9983835220337, "std_episode_reward": 91.36316031611328, "min_episode_reward": 61.82637023925781, "max_episode_reward": 268.3072814941406, "mean_episode_length": 97.75, "success_rate": 0.5, "collision_rate": 0.5, "out_of_bounds_rate": 0.0, "timeout_rate": 0.0, "policy_loss": 0.0037258341908454895, "value_loss": 709.5001525878906, "entropy": 0.6185121536254883, "approx_kl": 0.011814489029347897, "clip_fraction": 0.0947265625, "grad_norm": 330.53955459594727, "explained_variance": 0.7275015711784363, "action_std_mean": 0.32971906661987305, "optimizer_iterations": 4.0, "lr": 9.016960000000001e-05}
{"step": 495616, "wall_time": 1790761766.817827, "episodes_completed": 5.0, "mean_episode_reward": 286.7689850330353, "std_episode_reward": 238.56558103750618, "min_episode_reward": -2.974583148956299, "max_episode_reward": 521.3375244140625, "mean_episode_length": 114.4, "success_rate": 0.4, "collision_rate": 0.2, "out_of_bounds_rate": 0.0, "timeout_rate": 0.4, "policy_loss": 0.003967019729316235, "value_loss": 971.8493041992188, "entropy": 0.6186091899871826, "approx_kl": 0.1406104825437069, "clip_fraction": 0.1204833984375, "grad_norm": 549.1056137084961, "explained_variance": 0.738167405128479, "action_std_mean": 0.3297397494316101, "optimizer_iterations": 4.0, "lr": 9.012864e-05}
{"step": 497664, "wall_time": 1790761775.041688, "episodes_completed": 4.0, "mean_episode_reward": 284.08116602897644, "std_episode_reward": 303.5617004326423, "min_episode_reward": 11.7354154586792, "max_episode_reward": 797.5177001953125, "mean_episode_length": 78.5, "success_rate": 0.75, "collision_rate": 0.25, "out_of_bounds_rate": 0.0, "timeout_rate": 0.0, "policy_loss": 0.0009574852883815765, "value_loss": 1184.7377014160156, "entropy": 0.6187189519405365, "approx_kl": 0.015082031022757292, "clip_fraction": 0.057861328125, "grad_norm": 401.2784194946289, "explained_variance": 0.7348951101303101, "action_std_mean": 0.32974928617477417, "optimizer_iterations": 4.0, "lr": 9.008768000000001e-05}
{"step": 499712, "wall_time": 1790761783.4885333, "episodes_completed": 8.0, "mean_episode_reward": 154.31610830128193, "std_episode_reward": 147.3847215239623, "min_episode_reward": -9.845030784606934, "max_episode_reward": 403.2865905761719, "mean_episode_length": 54.5, "success_rate": 0.375, "collision_rate": 0.5, "out_of_bounds_rate": 0.0, "timeout_rate": 0.125, "policy_loss": 0.013562312349677086, "value_loss": 1187.5324096679688, "entropy": 0.6187398731708527, "approx_kl": 0.057190800085663795, "clip_fraction": 0.106201171875, "grad_norm": 427.2078399658203, "explained_variance": 0.7052744626998901, "action_std_mean": 0.32974380254745483, "optimizer_iterations": 4.0, "lr": 9.004672000000001e-05}
{"step": 501760, "wall_time": 1790761791.905031, "episodes_completed": 5.0, "mean_episode_reward": 241.2767250776291, "std_episode_reward": 212.58077517742908, "min_episode_reward": -0.627139687538147, "max_episode_reward": 564.51708984375, "mean_episode_length": 95.0, "success_rate": 0.2, "collision_rate": 0.6, "out_of_bounds_rate": 0.0, "timeout_rate": 0.2, "policy_loss": 0.010472871363162994, "value_loss": 1089.9098510742188, "entropy": 0.6186980307102203, "approx_kl": 0.047077739611268044, "clip_fraction": 0.149169921875, "grad_norm": 380.7274398803711, "explained_variance": 0.7173612117767334, "action_std_mean": 0.3297378420829773, "optimizer_iterations": 4.0, "lr": 9.000576e-05}
{"step": 503808, "wall_time": 1790761800.5236363, "episodes_completed": 0.0, "mean_episode_reward": NaN, "std_episode_reward": NaN, "min_episode_reward": NaN, "max_episode_reward": NaN, "mean_episode_length": NaN, "success_rate": NaN, "collision_rate": NaN, "out_of_bounds_rate": NaN, "timeout_rate": NaN, "policy_loss": 0.008207738632336259, "value_loss": 619.3548126220703, "entropy": 0.6186673939228058, "approx_kl": 0.014342951588332653, "clip_fraction": 0.1175537109375, "grad_norm": 327.5576858520508, "explained_variance": 0.7537650465965271, "action_std_mean": 0.3297300338745117, "optimizer_iterations": 4.0, "lr": 8.996480000000001e-05}
{"step": 505856, "wall_time": 1790761809.050046, "episodes_completed": 3.0, "mean_episode_reward": -42.35524368286133, "std_episode_reward": 9.737420994560436, "min_episode_reward": -51.335811614990234, "max_episode_reward": -28.824047088623047, "mean_episode_length": 122.33333333333333, "success_rate": 0.0, "collision_rate": 0.6666666666666666, "out_of_bounds_rate": 0.0, "timeout_rate": 0.3333333333333333, "policy_loss": 0.03616301715373993, "value_loss": 452.65071868896484, "entropy": 0.6185851693153381, "approx_kl": 0.05325594684109092, "clip_fraction": 0.187255859375, "grad_norm": 203.47336196899414, "explained_variance": 0.7021265029907227, "action_std_mean": 0.3297043442726135, "optimizer_iterations": 4.0, "lr": 8.992384e-05}
{"step": 507904, "wall_time": 1790761817.441119, "episodes_completed": 3.0, "mean_episode_reward": 8.060599327087402, "std_episode_reward": 8.583152170270875, "min_episode_reward": -4.076072692871094, "max_episode_reward": 14.306828498840332, "mean_episode_length": 110.0, "success_rate": 0.6666666666666666, "collision_rate": 0.0, "out_of_bounds_rate": 0.0, "timeout_rate": 0.3333333333333333, "policy_loss": 0.029154554940760136, "value_loss": 770.4883575439453, "entropy": 0.6184121966362, "approx_kl": 0.04754509590566158, "clip_fraction": 0.22314453125, "grad_norm": 345.9119110107422, "explained_variance": 0.739425539970398, "action_std_mean": 0.3296821713447571, "optimizer_iterations": 4.0, "lr": 8.988288e-05}
{"step": 509952, "wall_time": 1790761825.7428102, "episodes_completed": 4.0, "mean_episode_reward": 34.30937695503235, "std_episode_reward": 41.83280346108004, "min_episode_reward": -10.318848609924316, "max_episode_reward": 102.89865112304688, "mean_episode_length": 122.25, "success_rate": 0.75, "collision_rate": 0.25, "out_of_bounds_rate": 0.0, "timeout_rate": 0.0, "policy_loss": 0.013622619211673737, "value_loss": 691.76513671875, "entropy": 0.6183038651943207, "approx_kl": 0.027580567402765155, "clip_fraction": 0.165771484375, "grad_norm": 321.8123016357422, "explained_variance": 0.7041030526161194, "action_std_mean": 0.3296656012535095, "optimizer_iterations": 4.0, "lr": 8.984192e-05}
{"step": 512000, "wall_time": 1790761834.1329741, "episodes_completed": 0.0, "mean_episode_reward": NaN, "std_episode_reward": NaN, "min_episode_reward": NaN, "max_episode_reward": NaN, "mean_episode_length": NaN, "success_rate": NaN, "collision_rate": NaN, "out_of_bounds_rate": NaN, "timeout_rate": NaN, "policy_loss": 0.02094619581475854, "value_loss": 911.6648712158203, "entropy": 0.6182161867618561, "approx_kl": 0.02752684708684683, "clip_fraction": 0.19775390625, "grad_norm": 383.5112762451172, "explained_variance": 0.7050510048866272, "action_std_mean": 0.3296630382537842, "optimizer_iterations": 4.0, "lr": 8.980096e-05}
{"step": 514048, "wall_time": 1790761842.528846, "episodes_completed": 7.0, "mean_episode_reward": 78.59786910670144, "std_episode_reward": 107.51616666506506, "min_episode_reward": -9.990036010742188, "max_episode_reward": 297.3924865722656, "mean_episode_length": 51.857142857142854, "success_rate": 0.5714285714285714, "collision_rate": 0.2857142857142857, "out_of_bounds_rate": 0.0, "timeout_rate": 0.14285714285714285, "policy_loss": 0.024654287844896317, "value_loss": 785.4398345947266, "entropy": 0.6182490885257721, "approx_kl": 0.10083734802901745, "clip_fraction": 0.19970703125, "grad_norm": 422.9131622314453, "explained_variance": 0.7318128347396851, "action_std_mean": 0.32967841625213623, "optimizer_iterations": 4.0, "lr": 8.976e-05}
{"step": 516096, "wall_time": 1790761851.0758898, "episodes_completed": 6.0, "mean_episode_reward": 242.04628292719522, "std_episode_reward": 235.45689079561782, "min_episode_reward": 8.824965476989746, "max_episode_reward": 569.1737670898438, "mean_episode_length": 105.0, "success_rate": 0.6666666666666666, "collision_rate": 0.3333333333333333, "out_of_bounds_rate": 0.0, "timeout_rate": 0.0, "policy_loss": 0.002113478258252144, "value_loss": 860.0859832763672, "entropy": 0.6183511912822723, "approx_kl": 0.006388627691194415, "clip_fraction": 0.0672607421875, "grad_norm": 357.1832580566406, "explained_variance": 0.7383830547332764, "action_std_mean": 0.3296924829483032, "optimizer_iterations": 4.0, "lr": 8.971904e-05}
{"step": 518144, "wall_time": 1790761859.3549433, "episodes_completed": 6.0, "mean_episode_reward": 226.9631190697352, "std_episode_reward": 327.4890992186774, "min_episode_reward": -9.886134147644043, "max_episode_reward": 870.7098388671875, "mean_episode_length": 100.83333333333333, "success_rate": 0.5, "collision_rate": 0.3333333333333333, "out_of_bounds_rate": 0.0, "timeout_rate": 0.16666666666666666, "policy_loss": 0.0019895900040864944, "value_loss": 1161.4959106445312, "entropy": 0.6184252202510834, "approx_kl": 0.010753846727311611, "clip_fraction": 0.1123046875, "grad_norm": 367.4600067138672, "explained_variance": 0.7256914377212524, "action_std_mean": 0.3297031819820404, "optimizer_iterations": 4.0, "lr": 8.967808000000001e-05}
{"step": 520192, "wall_time": 1790761867.4875104, "episodes_completed": 4.0, "mean_episode_reward": 267.0683403015137, "std_episode_reward": 365.544592241889, "min_episode_reward": -42.27534484863281, "max_episode_reward": 889.9127197265625, "mean_episode_length": 136.75, "success_rate": 0.5, "collision_rate": 0.5, "out_of_bounds_rate": 0.0, "timeout_rate": 0.0, "policy_loss": 0.014719703234732151, "value_loss": 544.5898284912109, "entropy": 0.6184993982315063, "approx_kl": 0.05723614478483796, "clip_fraction": 0.13916015625, "grad_norm": 274.7534713745117, "explained_variance": 0.7277165651321411, "action_std_mean": 0.32972002029418945, "optimizer_iterations": 4.0, "lr": 8.963712e-05}
{"step": 522240, "wall_time": 1790761875.8387918, "episodes_completed": 3.0, "mean_episode_reward": 102.88193706671397, "std_episode_reward": 77.04083745644537, "min_episode_reward": 1.5903531312942505, "max_episode_reward": 188.28326416015625, "mean_episode_length": 59.666666666666664, "success_rate": 0.6666666666666666, "collision_rate": 0.0, "out_of_bounds_rate": 0.0, "timeout_rate": 0.3333333333333333, "policy_loss": 0.016714010387659073, "value_loss": 757.2810363769531, "entropy": 0.6186382472515106, "approx_kl": 0.03410002030432224, "clip_fraction": 0.1187744140625, "grad_norm": 374.3257141113281, "explained_variance": 0.7326114177703857, "action_std_mean": 0.3297528624534607, "optimizer_iterations": 4.0, "lr": 8.959616000000001e-05}
{"step": 524288, "wall_time": 1790761884.0938153, "episodes_completed": 3.0, "mean_episode_reward": 161.43458938598633, "std_episode_reward": 126.57921911794611, "min_episode_reward": -10.201908111572266, "max_episode_reward": 291.2884216308594, "mean_episode_length": 138.0, "success_rate": 0.3333333333333333, "collision_rate": 0.6666666666666666, "out_of_bounds_rate": 0.0, "timeout_rate": 0.0, "policy_loss": 0.020009005442261696, "value_loss": 566.8333587646484, "entropy": 0.6188417077064514, "approx_kl": 0.040035989601165056, "clip_fraction": 0.1881103515625, "grad_norm": 476.4519386291504, "explained_variance": 0.7187954783439636, "action_std_mean": 0.3297801911830902, "optimizer_iterations": 4.0, "lr": 8.95552e-05}
{"step": 526336, "wall_time": 1790761892.392031, "episodes_completed": 3.0, "mean_episode_reward": 11.995784282684326, "std_episode_reward": 17.27021418831676, "min_episode_reward": -5.180359363555908, "max_episode_reward": 35.6213264465332, "mean_episode_length": 68.66666666666667, "success_rate": 0.3333333333333333, "collision_rate": 0.3333333333333333, "out_of_bounds_rate": 0.0, "timeout_rate": 0.3333333333333333, "policy_loss": 0.003141702152788639, "value_loss": 1026.7240600585938, "entropy": 0.6189815104007721, "approx_kl": 0.010754492366686463, "clip_fraction": 0.1214599609375, "grad_norm": 390.5310287475586, "explained_variance": 0.7278105020523071, "action_std_mean": 0.32979798316955566, "optimizer_iterations": 4.0, "lr": 8.951424e-05}
{"step": 528384, "wall_time": 1790761900.8070054, "episodes_completed": 2.0, "mean_episode_reward": 85.17604637145996, "std_episode_reward": 71.58376502990723, "min_episode_reward": 13.592281341552734, "max_episode_reward": 156.7598114013672, "mean_episode_length": 56.5, "success_rate": 0.5, "collision_rate": 0.5, "out_of_bounds_rate": 0.0, "timeout_rate": 0.0, "policy_loss": 0.005586141487583518, "value_loss": 538.9101867675781, "entropy": 0.619076132774353, "approx_kl": 0.02204629289917648, "clip_fraction": 0.1761474609375, "grad_norm": 229.59294891357422, "explained_variance": 0.7702300548553467, "action_std_mean": 0.3298138976097107, "optimizer_iterations": 4.0, "lr": 8.947328000000001e-05}
{"step": 530432, "wall_time": 1790761909.1596768, "episodes_completed": 2.0, "mean_episode_reward": -1.2698590755462646, "std_episode_reward": 3.3214681148529053, "min_episode_reward": -4.59132719039917, "max_episode_reward": 2.0516090393066406, "mean_episode_length": 147.5, "success_rate": 0.0, "collision_rate": 0.0, "out_of_bounds_rate": 0.0, "timeout_rate": 1.0, "policy_loss": 0.0013789217919111252, "value_loss": 463.86133575439453, "entropy": 0.6191614866256714, "approx_kl": 0.011890935711562634, "clip_fraction": 0.0794677734375, "grad_norm": 242.31146621704102, "explained_variance": 0.751094400882721, "action_std_mean": 0.32981929183006287, "optimizer_iterations": 4.0, "lr": 8.943232e-05}
{"step": 532480, "wall_time": 1790761917.2055395, "episodes_completed": 3.0, "mean_episode_reward": 183.02997207641602, "std_episode_reward": 197.0372560391631, "min_episode_reward": 12.67203140258789, "max_episode_reward": 459.17791748046875, "mean_episode_length": 61.666666666666664, "success_rate": 1.0, "collision_rate": 0.0, "out_of_bounds_rate": 0.0, "timeout_rate": 0.0, "policy_loss": 0.010252716951072216, "value_loss": 725.1975860595703, "entropy": 0.6191786229610443, "approx_kl": 0.031123544787988067, "clip_fraction": 0.153076171875, "grad_norm": 282.8973197937012, "explained_variance": 0.7517281770706177, "action_std_mean": 0.329825222492218, "optimizer_iterations": 4.0, "lr": 8.939136e-05}
{"step": 534528, "wall_time": 1790761924.5552366, "episodes_completed": 1.0, "mean_episode_reward": 672.5572509765625, "std_episode_reward": 0.0, "min_episode_reward": 672.5572509765625, "max_episode_reward": 672.5572509765625, "mean_episode_length": 249.0, "success_rate": 1.0, "collision_rate": 0.0, "out_of_bounds_rate": 0.0, "timeout_rate": 0.0, "policy_loss": 0.008983041276223958, "value_loss": 556.2774810791016, "entropy": 0.6192139685153961, "approx_kl": 0.022767189424484968, "clip_fraction": 0.171875, "grad_norm": 213.42119216918945, "explained_variance": 0.7717174887657166, "action_std_mean": 0.3298252820968628, "optimizer_iterations": 4.0, "lr": 8.93504e-05}
{"step": 536576, "wall_time": 1790761931.7398002, "episodes_completed": 3.0, "mean_episode_reward": 231.0846105441451, "std_episode_reward": 325.1717996143723, "min_episode_reward": -0.11548756808042526, "max_episode_reward": 690.9446411132812, "mean_episode_length": 176.0, "success_rate": 0.3333333333333333, "collision_rate": 0.0, "out_of_bounds_rate": 0.0, "timeout_rate": 0.6666666666666666, "policy_loss": 0.004060258448589593, "value_loss": 428.81846618652344, "entropy": 0.619205892086029, "approx_kl": 0.010409847367554903, "clip_fraction": 0.0985107421875, "grad_norm": 331.2883110046387, "explained_variance": 0.7853093147277832, "action_std_mean": 0.32982850074768066, "optimizer_iterations": 4.0, "lr": 8.930944e-05}
{"step": 538624, "wall_time": 1790761939.08584, "episodes_completed": 4.0, "mean_episode_reward": 65.40174846351147, "std_episode_reward": 120.9443132609898, "min_episode_reward": -10.859199523925781, "max_episode_reward": 274.7703552246094, "mean_episode_length": 117.5, "success_rate": 0.25, "collision_rate": 0.25, "out_of_bounds_rate": 0.0, "timeout_rate": 0.5, "policy_loss": 0.002132553607225418, "value_loss": 525.5147552490234, "entropy": 0.6192421913146973, "approx_kl": 0.007584808161482215, "clip_fraction": 0.0509033203125, "grad_norm": 421.2664451599121, "explained_variance": 0.7607150673866272, "action_std_mean": 0.3298353850841522, "optimizer_iterations": 4.0, "lr": 8.926848e-05}
{"step": 540672, "wall_time": 1790761946.2995927, "episodes_completed": 1.0, "mean_episode_reward": 489.7992248535156, "std_episode_reward": 0.0, "min_episode_reward": 489.7992248535156, "max_episode_reward": 489.7992248535156, "mean_episode_length": 159.0, "success_rate": 1.0, "collision_rate": 0.0, "out_of_bounds_rate": 0.0, "timeout_rate": 0.0, "policy_loss": 0.005088957026600838, "value_loss": 770.2739868164062, "entropy": 0.6192628443241119, "approx_kl": 0.01088069670367986, "clip_fraction": 0.1224365234375, "grad_norm": 305.8027038574219, "explained_variance": 0.7827766537666321, "action_std_mean": 0.32983583211898804, "optimizer_iterations": 4.0, "lr": 8.922752000000001e-05}
{"step": 542720, "wall_time": 1790761953.4951067, "episodes_completed": 2.0, "mean_episode_reward": 128.99525451660156, "std_episode_reward": 155.88047790527344, "min_episode_reward": -26.885223388671875, "max_episode_reward": 284.875732421875, "mean_episode_length": 62.5, "success_rate": 0.5, "collision_rate": 0.5, "out_of_bounds_rate": 0.0, "timeout_rate": 0.0, "policy_loss": 0.008407343178987503, "value_loss": 414.5423812866211, "entropy": 0.6192738711833954, "approx_kl": 0.027968519367277622, "clip_fraction": 0.158203125, "grad_norm": 176.44118881225586, "explained_variance": 0.7862769961357117, "action_std_mean": 0.3298385739326477, "optimizer_iterations": 4.0, "lr": 8.918656000000001e-05}
{"step": 544768, "wall_time": 1790761960.7287822, "episodes_completed": 3.0, "mean_episode_reward": 151.2046693166097, "std_episode_reward": 169.70556830502892, "min_episode_reward": -10.017980575561523, "max_episode_reward": 385.7816162109375, "mean_episode_length": 162.0, "success_rate": 0.3333333333333333, "collision_rate": 0.6666666666666666, "out_of_bounds_rate": 0.0, "timeout_rate": 0.0, "policy_loss": 0.0075551532208919525, "value_loss": 280.64440155029297, "entropy": 0.6192691028118134, "approx_kl": 0.014144500251859426, "clip_fraction": 0.080322265625, "grad_norm": 142.0179500579834, "explained_variance": 0.8301799297332764, "action_std_mean": 0.32982975244522095, "optimizer_iterations": 4.0, "lr": 8.91456e-05}
{"step": 546816, "wall_time": 1790761967.8553395, "episodes_completed": 2.0, "mean_episode_reward": 360.3126106262207, "std_episode_reward": 255.30085372924805, "min_episode_reward": 105.01175689697266, "max_episode_reward": 615.6134643554688, "mean_episode_length": 128.0, "success_rate": 1.0, "collision_rate": 0.0, "out_of_bounds_rate": 0.0, "timeout_rate": 0.0, "policy_loss": 0.008529677288606763, "value_loss": 292.4642028808594, "entropy": 0.6192040145397186, "approx_kl": 0.04030876234173775, "clip_fraction": 0.201904296875, "grad_norm": 178.91358757019043, "explained_variance": 0.8185100555419922, "action_std_mean": 0.3298312723636627, "optimizer_iterations": 4.0, "lr": 8.910464000000001e-05}
{"step": 548864, "wall_time": 1790761975.0751913, "episodes_completed": 7.0, "mean_episode_reward": 66.02669311421258, "std_episode_reward": 164.22489892602118, "min_episode_reward": -72.99547576904297, "max_episode_reward": 457.8562927246094, "mean_episode_length": 118.57142857142857, "success_rate": 0.0, "collision_rate": 0.5714285714285714, "out_of_bounds_rate": 0.0, "timeout_rate": 0.42857142857142855, "policy_loss": 0.009776992839761078, "value_loss": 301.0801239013672, "entropy": 0.6192612648010254, "approx_kl": 0.014371885219588876, "clip_fraction": 0.1212158203125, "grad_norm": 245.24663543701172, "explained_variance": 0.8230328559875488, "action_std_mean": 0.32984089851379395, "optimizer_iterations": 4.0, "lr": 8.906368e-05}
{"step": 550912, "wall_time": 1790761982.202487, "episodes_completed": 6.0, "mean_episode_reward": 252.30055236816406, "std_episode_reward": 221.22426149296, "min_episode_reward": 4.522431373596191, "max_episode_reward": 552.6680297851562, "mean_episode_length": 107.33333333333333, "success_rate": 0.6666666666666666, "collision_rate": 0.16666666666666666, "out_of_bounds_rate": 0.0, "timeout_rate": 0.16666666666666666, "policy_loss": 0.013908188324421644, "value_loss": 866.1982116699219, "entropy": 0.6192858219146729, "approx_kl": 0.09467133693397045, "clip_fraction": 0.181884765625, "grad_norm": 431.69444274902344, "explained_variance": 0.7540542483329773, "action_std_mean": 0.32983556389808655, "optimizer_iterations": 4.0, "lr": 8.902272e-05}
{"step": 552960, "wall_time": 1790761989.502433, "episodes_completed": 2.0, "mean_episode_reward": 370.88136291503906, "std_episode_reward": 59.80802917480469, "min_episode_reward": 311.0733337402344, "max_episode_reward": 430.68939208984375, "mean_episode_length": 172.5, "success_rate": 1.0, "collision_rate": 0.0, "out_of_bounds_rate": 0.0, "timeout_rate": 0.0, "policy_loss": 0.010712726041674614, "value_loss": 649.7355651855469, "entropy": 0.61924147605896, "approx_kl": 0.03155616484582424, "clip_fraction": 0.1707763671875, "grad_norm": 413.9942321777344, "explained_variance": 0.7518997192382812, "action_std_mean": 0.3298298716545105, "optimizer_iterations": 4.0, "lr": 8.898176e-05}
{"step": 555008, "wall_time": 1790761996.710193, "episodes_completed": 5.0, "mean_episode_reward": 191.63236885070802, "std_episode_reward": 237.89082996030712, "min_episode_reward": -39.62590789794922, "max_episode_reward": 558.2469482421875, "mean_episode_length": 97.2, "success_rate": 0.4, "collision_rate": 0.6, "out_of_bounds_rate": 0.0, "timeout_rate": 0.0, "policy_loss": 0.018203606829047203, "value_loss": 1025.8019714355469, "entropy": 0.619221568107605, "approx_kl": 0.04054136527702212, "clip_fraction": 0.14794921875, "grad_norm": 352.1654586791992, "explained_variance": 0.7217563390731812, "action_std_mean": 0.3298287093639374, "optimizer_iterations": 4.0, "lr": 8.89408e-05}
{"step": 557056, "wall_time": 1790762004.0115688, "episodes_completed": 4.0, "mean_episode_reward": 345.2196482568979, "std_episode_reward": 344.75460026581396, "min_episode_reward": 0.5353923439979553, "max_episode_reward": 871.369384765625, "mean_episode_length": 159.75, "success_rate": 0.25, "collision_rate": 0.5, "out_of_bounds_rate": 0.0, "timeout_rate": 0.25, "policy_loss": 0.0720723308622837, "value_loss": 1026.4945678710938, "entropy": 0.619207113981247, "approx_kl": 0.19260752573609352, "clip_fraction": 0.303955078125, "grad_norm": 759.5941009521484, "explained_variance": 0.6308634877204895, "action_std_mean": 0.329820454120636, "optimizer_iterations": 4.0, "lr": 8.889984e-05}
{"step": 559104, "wall_time": 1790762011.220379, "episodes_completed": 6.0, "mean_episode_reward": 190.8722070058187, "std_episode_reward": 209.3358653882362, "min_episode_reward": -8.339643478393555, "max_episode_reward": 568.3322143554688, "mean_episode_length": 63.833333333333336, "success_rate": 0.5, "collision_rate": 0.5, "out_of_bounds_rate": 0.0, "timeout_rate": 0.0, "policy_loss": 0.010870285332202911, "value_loss": 1412.1197814941406, "entropy": 0.6191249191761017, "approx_kl": 0.013208160176873207, "clip_fraction": 0.1402587890625, "grad_norm": 525.6924514770508, "explained_variance": 0.5378881692886353, "action_std_mean": 0.3298029899597168, "optimizer_iterations": 4.0, "lr": 8.885888e-05}
{"step": 561152, "wall_time": 1790762018.305565, "episodes_completed": 12.0, "mean_episode_reward": 179.7261108557383, "std_episode_reward": 220.03277301436447, "min_episode_reward": -20.271883010864258, "max_episode_reward": 700.6799926757812, "mean_episode_length": 71.75, "success_rate": 0.5, "collision_rate": 0.4166666666666667, "out_of_bounds_rate": 0.0, "timeout_rate": 0.08333333333333333, "policy_loss": -0.00102609908208251, "value_loss": 1287.3339233398438, "entropy": 0.6190308928489685, "approx_kl": 0.0036080972640775144, "clip_fraction": 0.0291748046875, "grad_norm": 449.8175964355469, "explained_variance": 0.6875084638595581, "action_std_mean": 0.3297951817512512, "optimizer_iterations": 4.0, "lr": 8.881792e-05}
{"step": 563200, "wall_time": 1790762025.5099835, "episodes_completed": 0.0, "mean_episode_reward": NaN, "std_episode_reward": NaN, "min_episode_reward": NaN, "max_episode_reward": NaN, "mean_episode_length": NaN, "success_rate": NaN, "collision_rate": NaN, "out_of_bounds_rate": NaN, "timeout_rate": NaN, "policy_loss": 0.0009290182497352362, "value_loss": 1364.8387145996094, "entropy": 0.6190131306648254, "approx_kl": 0.01855145813897252, "clip_fraction": 0.055419921875, "grad_norm": 539.1116638183594, "explained_variance": 0.7074745893478394, "action_std_mean": 0.32980024814605713, "optimizer_iterations": 4.0, "lr": 8.877696e-05}
{"step": 565248, "wall_time": 1790762032.8003666, "episodes_completed": 6.0, "mean_episode_reward": 293.0050772031148, "std_episode_reward": 254.37407310700902, "min_episode_reward": -23.84021759033203, "max_episode_reward": 679.5586547851562, "mean_episode_length": 119.16666666666667, "success_rate": 0.6666666666666666, "collision_rate": 0.3333333333333333, "out_of_bounds_rate": 0.0, "timeout_rate": 0.0, "policy_loss": 0.008854941464960575, "value_loss": 1153.1988525390625, "entropy": 0.619052916765213, "approx_kl": 0.01383230066858232, "clip_fraction": 0.066162109375, "grad_norm": 466.11353302001953, "explained_variance": 0.7157416939735413, "action_std_mean": 0.3298074007034302, "optimizer_iterations": 4.0, "lr": 8.873600000000001e-05}
{"step": 567296, "wall_time": 1790762039.9640872, "episodes_completed": 5.0, "mean_episode_reward": 296.449632358551, "std_episode_reward": 349.6672580755946, "min_episode_reward": 4.3806328773498535, "max_episode_reward": 933.0204467773438, "mean_episode_length": 103.0, "success_rate": 0.4, "collision_rate": 0.4, "out_of_bounds_rate": 0.0, "timeout_rate": 0.2, "policy_loss": 0.02404750417917967, "value_loss": 1322.2639465332031, "entropy": 0.6190969347953796, "approx_kl": 0.1085030660033226, "clip_fraction": 0.1778564453125, "grad_norm": 775.6661834716797, "explained_variance": 0.5666621923446655, "action_std_mean": 0.3298162817955017, "optimizer_iterations": 4.0, "lr": 8.869504e-05}
{"step": 569344, "wall_time": 1790762047.0940661, "episodes_completed": 2.0, "mean_episode_reward": 438.0861473083496, "std_episode_reward": 310.74203872680664, "min_episode_reward": 127.34410858154297, "max_episode_reward": 748.8281860351562, "mean_episode_length": 152.0, "success_rate": 1.0, "collision_rate": 0.0, "out_of_bounds_rate": 0.0, "timeout_rate": 0.0, "policy_loss": 0.011517964769154787, "value_loss": 495.92598724365234, "entropy": 0.6191453039646149, "approx_kl": 0.03732271399348974, "clip_fraction": 0.149169921875, "grad_norm": 1051.7985305786133, "explained_variance": 0.7418614625930786, "action_std_mean": 0.32982128858566284, "optimizer_iterations": 4.0, "lr": 8.865408e-05}
{"step": 571392, "wall_time": 1790762054.2663317, "episodes_completed": 5.0, "mean_episode_reward": 57.58482106924057, "std_episode_reward": 117.11126264998374, "min_episode_reward": -10.107484817504883, "max_episode_reward": 290.9526672363281, "mean_episode_length": 85.4, "success_rate": 0.2, "collision_rate": 0.6, "out_of_bounds_rate": 0.0, "timeout_rate": 0.2, "policy_loss": 0.04009720589965582, "value_loss": 657.2213134765625, "entropy": 0.6191660165786743, "approx_kl": 0.11046933010220528, "clip_fraction": 0.3316650390625, "grad_norm": 450.0449638366699, "explained_variance": 0.7275799512863159, "action_std_mean": 0.329825222492218, "optimizer_iterations": 4.0, "lr": 8.861312000000001e-05}
{"step": 573440, "wall_time": 1790762061.5313475, "episodes_completed": 2.0, "mean_episode_reward": 316.8802738189697, "std_episode_reward": 258.487829208374, "min_episode_reward": 58.3924446105957, "max_episode_reward": 575.3681030273438, "mean_episode_length": 178.0, "success_rate": 1.0, "collision_rate": 0.0, "out_of_bounds_rate": 0.0, "timeout_rate": 0.0, "policy_loss": 0.007754112593829632, "value_loss": 389.72168731689453, "entropy": 0.6192109286785126, "approx_kl": 0.025485223159193993, "clip_fraction": 0.1517333984375, "grad_norm": 416.31772232055664, "explained_variance": 0.7749382257461548, "action_std_mean": 0.3298425078392029, "optimizer_iterations": 4.0, "lr": 8.857216e-05}
{"step": 575488, "wall_time": 1790762068.8467252, "episodes_completed": 3.0, "mean_episode_reward": 132.93612162272134, "std_episode_reward": 83.53308319335149, "min_episode_reward": 24.557662963867188, "max_episode_reward": 227.8346405029297, "mean_episode_length": 91.33333333333333, "success_rate": 1.0, "collision_rate": 0.0, "out_of_bounds_rate": 0.0, "timeout_rate": 0.0, "policy_loss": 0.007946178317070007, "value_loss": 485.68727111816406, "entropy": 0.619338184595108, "approx_kl": 0.016622263006865978, "clip_fraction": 0.1182861328125, "grad_norm": 406.66429138183594, "explained_variance": 0.7724418640136719, "action_std_mean": 0.3298676609992981, "optimizer_iterations": 4.0, "lr": 8.85312e-05}
{"step": 577536, "wall_time": 1790762075.9823492, "episodes_completed": 7.0, "mean_episode_reward": 167.8909125328064, "std_episode_reward": 194.213224700569, "min_episode_reward": -1.3237261772155762, "max_episode_reward": 536.8283081054688, "mean_episode_length": 125.57142857142857, "success_rate": 0.7142857142857143, "collision_rate": 0.0, "out_of_bounds_rate": 0.0, "timeout_rate": 0.2857142857142857, "policy_loss": 0.004673412069678307, "value_loss": 276.2937469482422, "entropy": 0.6194792687892914, "approx_kl": 0.010666379472240806, "clip_fraction": 0.0657958984375, "grad_norm": 288.8610038757324, "explained_variance": 0.825509250164032, "action_std_mean": 0.32988086342811584, "optimizer_iterations": 4.0, "lr": 8.849024e-05}
{"step": 579584, "wall_time": 1790762083.203726, "episodes_completed": 5.0, "mean_episode_reward": 155.59180196523667, "std_episode_reward": 141.5978199798973, "min_episode_reward": -2.868166446685791, "max_episode_reward": 328.0248107910156, "mean_episode_length": 99.0, "success_rate": 0.4, "collision_rate": 0.4, "out_of_bounds_rate": 0.0, "timeout_rate": 0.2, "policy_loss": 0.0072490982711315155, "value_loss": 656.8185577392578, "entropy": 0.6195095479488373, "approx_kl": 0.02221000858116895, "clip_fraction": 0.1112060546875, "grad_norm": 407.64282989501953, "explained_variance": 0.7510479688644409, "action_std_mean": 0.32987451553344727, "optimizer_iterations": 4.0, "lr": 8.844928e-05}
{"step": 581632, "wall_time": 1790762090.3037436, "episodes_completed": 10.0, "mean_episode_reward": 171.17582848072053, "std_episode_reward": 278.53453647785364, "min_episode_reward": -9.950591087341309, "max_episode_reward": 884.7569580078125, "mean_episode_length": 83.6, "success_rate": 0.4, "collision_rate": 0.5, "out_of_bounds_rate": 0.0, "timeout_rate": 0.1, "policy_loss": 0.0032197311520576477, "value_loss": 1128.1403503417969, "entropy": 0.6194617450237274, "approx_kl": 0.010686675668694079, "clip_fraction": 0.08837890625, "grad_norm": 383.8883590698242, "explained_variance": 0.7187185287475586, "action_std_mean": 0.3298708200454712, "optimizer_iterations": 4.0, "lr": 8.840832e-05}
{"step": 583680, "wall_time": 1790762097.3441105, "episodes_completed": 2.0, "mean_episode_reward": 21.861326217651367, "std_episode_reward": 48.94602394104004, "min_episode_reward": -27.084697723388672, "max_episode_reward": 70.8073501586914, "mean_episode_length": 32.0, "success_rate": 0.0, "collision_rate": 1.0, "out_of_bounds_rate": 0.0, "timeout_rate": 0.0, "policy_loss": 0.0006387364119291306, "value_loss": 851.4358825683594, "entropy": 0.6194336116313934, "approx_kl": 0.00494746386539191, "clip_fraction": 0.061279296875, "grad_norm": 329.23292541503906, "explained_variance": 0.7404811382293701, "action_std_mean": 0.32985803484916687, "optimizer_iterations": 4.0, "lr": 8.836736000000001e-05}
{"step": 585728, "wall_time": 1790762104.4771805, "episodes_completed": 1.0, "mean_episode_reward": 12.214143753051758, "std_episode_reward": 0.0, "min_episode_reward": 12.214143753051758, "max_episode_reward": 12.214143753051758, "mean_episode_length": 135.0, "success_rate": 1.0, "collision_rate": 0.0, "out_of_bounds_rate": 0.0, "timeout_rate": 0.0, "policy_loss": 0.005547086708247662, "value_loss": 292.31417083740234, "entropy": 0.619312584400177, "approx_kl": 0.01831233035773039, "clip_fraction": 0.126220703125, "grad_norm": 160.74991416931152, "explained_variance": 0.7880080938339233, "action_std_mean": 0.329829603433609, "optimizer_iterations": 4.0, "lr": 8.832640000000001e-05}
{"step": 587776, "wall_time": 1790762111.6820138, "episodes_completed": 4.0, "mean_episode_reward": 135.09761667251587, "std_episode_reward": 128.9769437830457, "min_episode_reward": -18.246572494506836, "max_episode_reward": 324.53955078125, "mean_episode_length": 81.75, "success_rate": 0.5, "collision_rate": 0.5, "out_of_bounds_rate": 0.0, "timeout_rate": 0.0, "policy_loss": 0.0053036023164168, "value_loss": 200.79744720458984, "entropy": 0.6191445887088776, "approx_kl": 0.024391548009589314, "clip_fraction": 0.1824951171875, "grad_norm": 101.7260799407959, "explained_variance": 0.8347880244255066, "action_std_mean": 0.3298117518424988, "optimizer_iterations": 4.0, "lr": 8.828544e-05}
{"step": 589824, "wall_time": 1790762118.8498302, "episodes_completed": 4.0, "mean_episode_reward": 135.2414972782135, "std_episode_reward": 163.89584008298033, "min_episode_reward": -18.90191650390625, "max_episode_reward": 386.49163818359375, "mean_episode_length": 153.0, "success_rate": 0.25, "collision_rate": 0.75, "out_of_bounds_rate": 0.0, "timeout_rate": 0.0, "policy_loss": 0.009213406592607498, "value_loss": 172.40951919555664, "entropy": 0.6190429329872131, "approx_kl": 0.040528437588363886, "clip_fraction": 0.1485595703125, "grad_norm": 149.51999378204346, "explained_variance": 0.8208732604980469, "action_std_mean": 0.3297796845436096, "optimizer_iterations": 4.0, "lr": 8.824448000000001e-05}
{"step": 591872, "wall_time": 1790762125.9602363, "episodes_completed": 3.0, "mean_episode_reward": 66.46515528361003, "std_episode_reward": 184.2604963168216, "min_episode_reward": -105.35653686523438, "max_episode_reward": 322.0400085449219, "mean_episode_length": 127.33333333333333, "success_rate": 0.3333333333333333, "collision_rate": 0.3333333333333333, "out_of_bounds_rate": 0.0, "timeout_rate": 0.3333333333333333, "policy_loss": 0.02752208337187767, "value_loss": 353.82765197753906, "entropy": 0.6187891066074371, "approx_kl": 0.07849052734673023, "clip_fraction": 0.301513671875, "grad_norm": 241.391508102417, "explained_variance": 0.8136599659919739, "action_std_mean": 0.32974082231521606, "optimizer_iterations": 4.0, "lr": 8.820352e-05}
{"step": 593920, "wall_time": 1790762133.1156394, "episodes_completed": 5.0, "mean_episode_reward": 51.65571187138558, "std_episode_reward": 107.54249442385654, "min_episode_reward": -10.086490631103516, "max_episode_reward": 266.5804443359375, "mean_episode_length": 130.0, "success_rate": 0.2, "collision_rate": 0.2, "out_of_bounds_rate": 0.0, "timeout_rate": 0.6, "policy_loss": 0.006302493624389172, "value_loss": 521.1497344970703, "entropy": 0.6186086237430573, "approx_kl": 0.014133761171251535, "clip_fraction": 0.149658203125, "grad_norm": 197.91981887817383, "explained_variance": 0.8148171901702881, "action_std_mean": 0.32971930503845215, "optimizer_iterations": 4.0, "lr": 8.816256e-05}
{"step": 595968, "wall_time": 1790762140.261113, "episodes_completed": 10.0, "mean_episode_reward": 150.4920192360878, "std_episode_reward": 164.4393071921349, "min_episode_reward": -25.609394073486328, "max_episode_reward": 413.02734375, "mean_episode_length": 74.2, "success_rate": 0.5, "collision_rate": 0.4, "out_of_bounds_rate": 0.0, "timeout_rate": 0.1, "policy_loss": 0.00907541299238801, "value_loss": 1085.3234252929688, "entropy": 0.6184769868850708, "approx_kl": 0.02709713438525796, "clip_fraction": 0.193359375, "grad_norm": 376.7791442871094, "explained_variance": 0.7341543436050415, "action_std_mean": 0.3296968936920166, "optimizer_iterations": 4.0, "lr": 8.812160000000001e-05}
{"step": 598016, "wall_time": 1790762147.4899523, "episodes_completed": 3.0, "mean_episode_reward": 237.7588907877604, "std_episode_reward": 232.89282940800803, "min_episode_reward": 39.63213348388672, "max_episode_reward": 564.6773681640625, "mean_episode_length": 75.33333333333333, "success_rate": 0.6666666666666666, "collision_rate": 0.3333333333333333, "out_of_bounds_rate": 0.0, "timeout_rate": 0.0, "policy_loss": 0.01970086805522442, "value_loss": 1085.6912841796875, "entropy": 0.618363618850708, "approx_kl": 0.03373760497197509, "clip_fraction": 0.1263427734375, "grad_norm": 397.11256408691406, "explained_variance": 0.6983239650726318, "action_std_mean": 0.3296858072280884, "optimizer_iterations": 4.0, "lr": 8.808064e-05}
{"step": 600064, "wall_time": 1790762154.7595556, "episodes_completed": 5.0, "mean_episode_reward": 212.79632110595702, "std_episode_reward": 186.28886061019165, "min_episode_reward": -39.89232635498047, "max_episode_reward": 454.2698059082031, "mean_episode_length": 92.8, "success_rate": 0.8, "collision_rate": 0.2, "out_of_bounds_rate": 0.0, "timeout_rate": 0.0, "policy_loss": 0.007491884753108025, "value_loss": 813.3135986328125, "entropy": 0.6183008849620819, "approx_kl": 0.015645548817701638, "clip_fraction": 0.0809326171875, "grad_norm": 273.3328857421875, "explained_variance": 0.7407203912734985, "action_std_mean": 0.329670786857605, "optimizer_iterations": 4.0, "lr": 8.803968000000001e-05}
{"step": 602112, "wall_time": 1790762161.9939876, "episodes_completed": 1.0, "mean_episode_reward": 11.945146560668945, "std_episode_reward": 0.0, "min_episode_reward": 11.945146560668945, "max_episode_reward": 11.945146560668945, "mean_episode_length": 148.0, "success_rate": 0.0, "collision_rate": 1.0, "out_of_bounds_rate": 0.0, "timeout_rate": 0.0, "policy_loss": 0.007854146882891655, "value_loss": 339.03894805908203, "entropy": 0.6181923151016235, "approx_kl": 0.03553718468174338, "clip_fraction": 0.2508544921875, "grad_norm": 307.12964248657227, "explained_variance": 0.7846300005912781, "action_std_mean": 0.32964956760406494, "optimizer_iterations": 4.0, "lr": 8.799872e-05}
{"step": 604160, "wall_time": 1790762169.2385712, "episodes_completed": 3.0, "mean_episode_reward": 124.68652872741222, "std_episode_reward": 184.32495704283082, "min_episode_reward": -11.17215347290039, "max_episode_reward": 385.28228759765625, "mean_episode_length": 123.0, "success_rate": 0.0, "collision_rate": 0.6666666666666666, "out_of_bounds_rate": 0.0, "timeout_rate": 0.3333333333333333, "policy_loss": 0.020635110675357282, "value_loss": 457.8608856201172, "entropy": 0.6180760860443115, "approx_kl": 0.027901437133550644, "clip_fraction": 0.197021484375, "grad_norm": 267.0232048034668, "explained_variance": 0.7815631628036499, "action_std_mean": 0.329634428024292, "optimizer_iterations": 4.0, "lr": 8.795776e-05}
{"step": 606208, "wall_time": 1790762176.4765759, "episodes_completed": 5.0, "mean_episode_reward": 276.6850238800049, "std_episode_reward": 213.48137827575988, "min_episode_reward": 23.914682388305664, "max_episode_reward": 575.75, "mean_episode_length": 89.2, "success_rate": 0.4, "collision_rate": 0.6, "out_of_bounds_rate": 0.0, "timeout_rate": 0.0, "policy_loss": 0.005435414612293243, "value_loss": 670.2068481445312, "entropy": 0.6179836690425873, "approx_kl": 0.0126955839805305, "clip_fraction": 0.0947265625, "grad_norm": 339.07008361816406, "explained_variance": 0.7532641291618347, "action_std_mean": 0.32961413264274597, "optimizer_iterations": 4.0, "lr": 8.79168e-05}
{"step": 608256, "wall_time": 1790762183.7927372, "episodes_completed": 2.0, "mean_episode_reward": 7.733732223510742, "std_episode_reward": 5.589943885803223, "min_episode_reward": 2.1437883377075195, "max_episode_reward": 13.323676109313965, "mean_episode_length": 108.0, "success_rate": 0.0, "collision_rate": 0.5, "out_of_bounds_rate": 0.0, "timeout_rate": 0.5, "policy_loss": 9.36165452003479e-05, "value_loss": 477.0074996948242, "entropy": 0.6178715229034424, "approx_kl": 0.006224889890290797, "clip_fraction": 0.07470703125, "grad_norm": 260.0707893371582, "explained_variance": 0.7438655495643616, "action_std_mean": 0.3296077251434326, "optimizer_iterations": 4.0, "lr": 8.787584e-05}
{"step": 610304, "wall_time": 1790762191.050922, "episodes_completed": 4.0, "mean_episode_reward": 95.76123537123203, "std_episode_reward": 141.70947184185616, "min_episode_reward": 0.4115625023841858, "max_episode_reward": 340.5279235839844, "mean_episode_length": 96.0, "success_rate": 0.5, "collision_rate": 0.25, "out_of_bounds_rate": 0.0, "timeout_rate": 0.25, "policy_loss": 0.0017503686249256134, "value_loss": 669.820556640625, "entropy": 0.6178308129310608, "approx_kl": 0.007228161033708602, "clip_fraction": 0.0823974609375, "grad_norm": 270.36365127563477, "explained_variance": 0.753570556640625, "action_std_mean": 0.3295884132385254, "optimizer_iterations": 4.0, "lr": 8.783488000000001e-05}
{"step": 612352, "wall_time": 1790762198.1446629, "episodes_completed": 7.0, "mean_episode_reward": 169.29627798071928, "std_episode_reward": 266.41445916361585, "min_episode_reward": -9.993124008178711, "max_episode_reward": 769.4645385742188, "mean_episode_length": 82.14285714285714, "success_rate": 0.2857142857142857, "collision_rate": 0.42857142857142855, "out_of_bounds_rate": 0.0, "timeout_rate": 0.2857142857142857, "policy_loss": 0.005622104741632938, "value_loss": 1415.205078125, "entropy": 0.6176984906196594, "approx_kl": 0.006846209522336721, "clip_fraction": 0.07763671875, "grad_norm": 435.47930908203125, "explained_variance": 0.6311858296394348, "action_std_mean": 0.329572856426239, "optimizer_iterations": 4.0, "lr": 8.779392e-05}
{"step": 614400, "wall_time": 1790762205.320736, "episodes_completed": 3.0, "mean_episode_reward": 247.93017482757568, "std_episode_reward": 241.6433430216067, "min_episode_reward": -9.94800090789795, "max_episode_reward": 571.0634765625, "mean_episode_length": 93.66666666666667, "success_rate": 0.6666666666666666, "collision_rate": 0.3333333333333333, "out_of_bounds_rate": 0.0, "timeout_rate": 0.0, "policy_loss": 0.007167059928178787, "value_loss": 1003.5767059326172, "entropy": 0.6176510155200958, "approx_kl": 0.010692433104850352, "clip_fraction": 0.114990234375, "grad_norm": 460.58192443847656, "explained_variance": 0.5821477174758911, "action_std_mean": 0.32957708835601807, "optimizer_iterations": 4.0, "lr": 8.775296000000001e-05}
{"step": 616448, "wall_time": 1790762212.56876, "episodes_completed": 4.0, "mean_episode_reward": 267.55199190974236, "std_episode_reward": 319.8368164979749, "min_episode_reward": 1.0210322141647339, "max_episode_reward": 805.3108520507812, "mean_episode_length": 105.5, "success_rate": 0.5, "collision_rate": 0.25, "out_of_bounds_rate": 0.0, "timeout_rate": 0.25, "policy_loss": -0.00023845001123845577, "value_loss": 440.3506546020508, "entropy": 0.6177020967006683, "approx_kl": 0.00986250361893326, "clip_fraction": 0.1019287109375, "grad_norm": 477.03589630126953, "explained_variance": 0.7392655611038208, "action_std_mean": 0.3295888900756836, "optimizer_iterations": 4.0, "lr": 8.7712e-05}
{"step": 618496, "wall_time": 1790762219.738348, "episodes_completed": 5.0, "mean_episode_reward": 24.96375060081482, "std_episode_reward": 73.50076672740879, "min_episode_reward": -81.8821029663086, "max_episode_reward": 121.70731353759766, "mean_episode_length": 69.8, "success_rate": 0.4, "collision_rate": 0.4, "out_of_bounds_rate": 0.0, "timeout_rate": 0.2, "policy_loss": 0.01769960136152804, "value_loss": 326.1992645263672, "entropy": 0.617778867483139, "approx_kl": 0.033659991808235645, "clip_fraction": 0.253662109375, "grad_norm": 435.3901824951172, "explained_variance": 0.8162967562675476, "action_std_mean": 0.32960599660873413, "optimizer_iterations": 4.0, "lr": 8.767104000000001e-05}
{"step": 620544, "wall_time": 1790762226.8952491, "episodes_completed": 6.0, "mean_episode_reward": 108.42676957448323, "std_episode_reward": 137.45941916484517, "min_episode_reward": -22.405012130737305, "max_episode_reward": 347.5628662109375, "mean_episode_length": 36.833333333333336, "success_rate": 0.5, "collision_rate": 0.5, "out_of_bounds_rate": 0.0, "timeout_rate": 0.0, "policy_loss": 0.010347459465265274, "value_loss": 898.4125213623047, "entropy": 0.6178862154483795, "approx_kl": 0.028441445901989937, "clip_fraction": 0.1759033203125, "grad_norm": 388.55944061279297, "explained_variance": 0.755529522895813, "action_std_mean": 0.32961708307266235, "optimizer_iterations": 4.0, "lr": 8.763008e-05}
{"step": 622592, "wall_time": 1790762234.158519, "episodes_completed": 5.0, "mean_episode_reward": 190.15784237384796, "std_episode_reward": 285.70752301975585, "min_episode_reward": -28.75269889831543, "max_episode_reward": 749.0850830078125, "mean_episode_length": 115.8, "success_rate": 0.2, "collision_rate": 0.6, "out_of_bounds_rate": 0.0, "timeout_rate": 0.2, "policy_loss": 0.0034147650003433228, "value_loss": 728.6654510498047, "entropy": 0.6179150938987732, "approx_kl": 0.030449654208496213, "clip_fraction": 0.08984375, "grad_norm": 297.56048583984375, "explained_variance": 0.7656815648078918, "action_std_mean": 0.3296114206314087, "optimizer_iterations": 4.0, "lr": 8.758912e-05}
{"step": 624640, "wall_time": 1790762241.254326, "episodes_completed": 7.0, "mean_episode_reward": 177.26622312409538, "std_episode_reward": 199.14733925160962, "min_episode_reward": -4.983859062194824, "max_episode_reward": 562.79931640625, "mean_episode_length": 121.28571428571429, "success_rate": 0.5714285714285714, "collision_rate": 0.14285714285714285, "out_of_bounds_rate": 0.0, "timeout_rate": 0.2857142857142857, "policy_loss": 0.004146561026573181, "value_loss": 878.1746978759766, "entropy": 0.6178783476352692, "approx_kl": 0.015540533000603318, "clip_fraction": 0.0888671875, "grad_norm": 341.41207122802734, "explained_variance": 0.7711824178695679, "action_std_mean": 0.3296073079109192, "optimizer_iterations": 4.0, "lr": 8.754816000000001e-05}
{"step": 626688, "wall_time": 1790762248.3159535, "episodes_completed": 8.0, "mean_episode_reward": 212.60690593719482, "std_episode_reward": 162.3854018351309, "min_episode_reward": -34.396888732910156, "max_episode_reward": 494.5323486328125, "mean_episode_length": 96.25, "success_rate": 0.25, "collision_rate": 0.75, "out_of_bounds_rate": 0.0, "timeout_rate": 0.0, "policy_loss": 0.0018092542886734009, "value_loss": 1138.9900207519531, "entropy": 0.6178459227085114, "approx_kl": 0.006771083222702146, "clip_fraction": 0.048095703125, "grad_norm": 434.7153015136719, "explained_variance": 0.7111595869064331, "action_std_mean": 0.3295966386795044, "optimizer_iterations": 4.0, "lr": 8.75072e-05}
{"step": 628736, "wall_time": 1790762255.4960203, "episodes_completed": 4.0, "mean_episode_reward": 278.96105098724365, "std_episode_reward": 149.20171172196788, "min_episode_reward": 24.17751693725586, "max_episode_reward": 404.49041748046875, "mean_episode_length": 167.75, "success_rate": 0.5, "collision_rate": 0.5, "out_of_bounds_rate": 0.0, "timeout_rate": 0.0, "policy_loss": 0.016860916279256344, "value_loss": 866.9314880371094, "entropy": 0.6177797019481659, "approx_kl": 0.02240110468119383, "clip_fraction": 0.17626953125, "grad_norm": 480.45628356933594, "explained_variance": 0.7424412965774536, "action_std_mean": 0.3295876383781433, "optimizer_iterations": 4.0, "lr": 8.746624000000001e-05}
{"step": 630784, "wall_time": 1790762262.6416318, "episodes_completed": 2.0, "mean_episode_reward": 76.65830612182617, "std_episode_reward": 97.3284797668457, "min_episode_reward": -20.67017364501953, "max_episode_reward": 173.98678588867188, "mean_episode_length": 118.0, "success_rate": 0.5, "collision_rate": 0.5, "out_of_bounds_rate": 0.0, "timeout_rate": 0.0, "policy_loss": 0.003723597154021263, "value_loss": 744.84619140625, "entropy": 0.6177292168140411, "approx_kl": 0.01755411911290139, "clip_fraction": 0.0709228515625, "grad_norm": 349.3916778564453, "explained_variance": 0.8030943870544434, "action_std_mean": 0.32957619428634644, "optimizer_iterations": 4.0, "lr": 8.742528e-05}
{"step": 632832, "wall_time": 1790762269.8430855, "episodes_completed": 5.0, "mean_episode_reward": 109.81135749816895, "std_episode_reward": 129.03684007151563, "min_episode_reward": -13.019084930419922, "max_episode_reward": 333.4006652832031, "mean_episode_length": 121.8, "success_rate": 0.8, "collision_rate": 0.2, "out_of_bounds_rate": 0.0, "timeout_rate": 0.0, "policy_loss": 0.011814641766250134, "value_loss": 559.9059143066406, "entropy": 0.617656946182251, "approx_kl": 0.03393606189638376, "clip_fraction": 0.1556396484375, "grad_norm": 267.75342178344727, "explained_variance": 0.802782416343689, "action_std_mean": 0.3295689821243286, "optimizer_iterations": 4.0, "lr": 8.738432000000001e-05}
{"step": 634880, "wall_time": 1790762276.9076235, "episodes_completed": 4.0, "mean_episode_reward": 350.60014286637306, "std_episode_reward": 319.27207810654363, "min_episode_reward": 1.416547417640686, "max_episode_reward": 696.5736083984375, "mean_episode_length": 159.0, "success_rate": 0.75, "collision_rate": 0.0, "out_of_bounds_rate": 0.0, "timeout_rate": 0.25, "policy_loss": 0.005117377266287804, "value_loss": 1078.5121765136719, "entropy": 0.6176271736621857, "approx_kl": 0.010493176174350083, "clip_fraction": 0.107666015625, "grad_norm": 405.93367767333984, "explained_variance": 0.7776864767074585, "action_std_mean": 0.3295644521713257, "optimizer_iterations": 4.0, "lr": 8.734336e-05}
{"step": 636928, "wall_time": 1790762284.0655794, "episodes_completed": 1.0, "mean_episode_reward": 364.6933898925781, "std_episode_reward": 0.0, "min_episode_reward": 364.6933898925781, "max_episode_reward": 364.6933898925781, "mean_episode_length": 112.0, "success_rate": 1.0, "collision_rate": 0.0, "out_of_bounds_rate": 0.0, "timeout_rate": 0.0, "policy_loss": -0.001697611529380083, "value_loss": 543.0024261474609, "entropy": 0.617614358663559, "approx_kl": 0.00559522066032514, "clip_fraction": 0.0750732421875, "grad_norm": 218.71728134155273, "explained_variance": 0.8017213344573975, "action_std_mean": 0.32957082986831665, "optimizer_iterations": 4.0, "lr": 8.730240000000001e-05}
{"step": 638976, "wall_time": 1790762291.1695676, "episodes_completed": 5.0, "mean_episode_reward": 56.8382986664772, "std_episode_reward": 87.20167995185331, "min_episode_reward": 0.35773158073425293, "max_episode_reward": 229.10275268554688, "mean_episode_length": 99.4, "success_rate": 0.6, "collision_rate": 0.0, "out_of_bounds_rate": 0.0, "timeout_rate": 0.4, "policy_loss": 0.001880840165540576, "value_loss": 678.254638671875, "entropy": 0.617662250995636, "approx_kl": 0.010668261209502816, "clip_fraction": 0.1070556640625, "grad_norm": 277.3406066894531, "explained_variance": 0.7919553518295288, "action_std_mean": 0.3295738399028778, "optimizer_iterations": 4.0, "lr": 8.726144000000001e-05}
{"step": 641024, "wall_time": 1790762298.3154733, "episodes_completed": 3.0, "mean_episode_reward": 292.3720251719157, "std_episode_reward": 307.9482246589324, "min_episode_reward": -8.42243766784668, "max_episode_reward": 715.514892578125, "mean_episode_length": 162.0, "success_rate": 0.3333333333333333, "collision_rate": 0.6666666666666666, "out_of_bounds_rate": 0.0, "timeout_rate": 0.0, "policy_loss": 0.015452570281922817, "value_loss": 526.4085235595703, "entropy": 0.6176663935184479, "approx_kl": 0.020055898348800838, "clip_fraction": 0.1419677734375, "grad_norm": 305.97499084472656, "explained_variance": 0.767573356628418, "action_std_mean": 0.32957127690315247, "optimizer_iterations": 4.0, "lr": 8.722048e-05}
{"step": 643072, "wall_time": 1790762305.5942664, "episodes_completed": 3.0, "mean_episode_reward": 43.138648668924965, "std_episode_reward": 37.476924935361794, "min_episode_reward": 9.509045600891113, "max_episode_reward": 95.42974090576172, "mean_episode_length": 36.666666666666664, "success_rate": 0.3333333333333333, "collision_rate": 0.6666666666666666, "out_of_bounds_rate": 0.0, "timeout_rate": 0.0, "policy_loss": 0.032201552763581276, "value_loss": 1015.4859924316406, "entropy": 0.6176507771015167, "approx_kl": 0.15551579929888248, "clip_fraction": 0.1785888671875, "grad_norm": 485.98487091064453, "explained_variance": 0.6963009834289551, "action_std_mean": 0.3295748233795166, "optimizer_iterations": 4.0, "lr": 8.717952000000001e-05}
{"step": 645120, "wall_time": 1790762312.8497193, "episodes_completed": 6.0, "mean_episode_reward": 93.23971315224965, "std_episode_reward": 143.1171976980382, "min_episode_reward": -9.985664367675781, "max_episode_reward": 403.85345458984375, "mean_episode_length": 66.66666666666667, "success_rate": 0.3333333333333333, "collision_rate": 0.5, "out_of_bounds_rate": 0.0, "timeout_rate": 0.16666666666666666, "policy_loss": 0.021208060905337334, "value_loss": 362.1901168823242, "entropy": 0.6176968216896057, "approx_kl": 0.03465456981211901, "clip_fraction": 0.162841796875, "grad_norm": 556.0155296325684, "explained_variance": 0.7701197266578674, "action_std_mean": 0.32958775758743286, "optimizer_iterations": 4.0, "lr": 8.713856e-05}
{"step": 647168, "wall_time": 1790762320.0023425, "episodes_completed": 3.0, "mean_episode_reward": 489.4586868286133, "std_episode_reward": 385.38758266283486, "min_episode_reward": -23.142433166503906, "max_episode_reward": 906.11962890625, "mean_episode_length": 184.33333333333334, "success_rate": 0.6666666666666666, "collision_rate": 0.3333333333333333, "out_of_bounds_rate": 0.0, "timeout_rate": 0.0, "policy_loss": 0.025132592767477036, "value_loss": 986.3322448730469, "entropy": 0.6177759766578674, "approx_kl": 0.02674417942762375, "clip_fraction": 0.174560546875, "grad_norm": 582.9809646606445, "explained_variance": 0.6961522102355957, "action_std_mean": 0.3295963406562805, "optimizer_iterations": 4.0, "lr": 8.70976e-05}
{"step": 649216, "wall_time": 1790762327.2645855, "episodes_completed": 2.0, "mean_episode_reward": 567.4594879150391, "std_episode_reward": 198.1864471435547, "min_episode_reward": 369.2730407714844, "max_episode_reward": 765.6459350585938, "mean_episode_length": 166.0, "success_rate": 1.0, "collision_rate": 0.0, "out_of_bounds_rate": 0.0, "timeout_rate": 0.0, "policy_loss": 0.00748325465247035, "value_loss": 825.1514892578125, "entropy": 0.6178089380264282, "approx_kl": 0.009467121097259223, "clip_fraction": 0.1060791015625, "grad_norm": 605.1826934814453, "explained_variance": 0.7099588513374329, "action_std_mean": 0.3295995593070984, "optimizer_iterations": 4.0, "lr": 8.705664e-05}
{"step": 651264, "wall_time": 1790762334.4070892, "episodes_completed": 8.0, "mean_episode_reward": 91.7386600477621, "std_episode_reward": 209.75380649418514, "min_episode_reward": -10.007465362548828, "max_episode_reward": 641.5672607421875, "mean_episode_length": 54.75, "success_rate": 0.25, "collision_rate": 0.5, "out_of_bounds_rate": 0.0, "timeout_rate": 0.25, "policy_loss": 0.01534332800656557, "value_loss": 737.3230285644531, "entropy": 0.617834746837616, "approx_kl": 0.05520424619317055, "clip_fraction": 0.1827392578125, "grad_norm": 513.0054092407227, "explained_variance": 0.695782482624054, "action_std_mean": 0.32960814237594604, "optimizer_iterations": 4.0, "lr": 8.701568e-05}
{"step": 653312, "wall_time": 1790762341.561541, "episodes_completed": 2.0, "mean_episode_reward": 235.44141006469727, "std_episode_reward": 306.2216148376465, "min_episode_reward": -70.78020477294922, "max_episode_reward": 541.6630249023438, "mean_episode_length": 172.0, "success_rate": 0.5, "collision_rate": 0.5, "out_of_bounds_rate": 0.0, "timeout_rate": 0.0, "policy_loss": 0.008637361228466034, "value_loss": 1218.7694091796875, "entropy": 0.6179033517837524, "approx_kl": 0.012104997411370277, "clip_fraction": 0.124267578125, "grad_norm": 479.83258056640625, "explained_variance": 0.753023624420166, "action_std_mean": 0.32962244749069214, "optimizer_iterations": 4.0, "lr": 8.697472e-05}
{"step": 655360, "wall_time": 1790762348.9018247, "episodes_completed": 4.0, "mean_episode_reward": 135.34964418411255, "std_episode_reward": 168.51260335756572, "min_episode_reward": -9.987722396850586, "max_episode_reward": 421.1512145996094, "mean_episode_length": 67.0, "success_rate": 0.0, "collision_rate": 1.0, "out_of_bounds_rate": 0.0, "timeout_rate": 0.0, "policy_loss": 0.018038677982985973, "value_loss": 723.0830078125, "entropy": 0.6179991662502289, "approx_kl": 0.023491306230425835, "clip_fraction": 0.199462890625, "grad_norm": 566.0470657348633, "explained_variance": 0.7636135816574097, "action_std_mean": 0.3296419382095337, "optimizer_iterations": 4.0, "lr": 8.693376e-05}
{"step": 657408, "wall_time": 1790762356.157966, "episodes_completed": 2.0, "mean_episode_reward": 333.72835969924927, "std_episode_reward": 343.08804655075073, "min_episode_reward": -9.359686851501465, "max_episode_reward": 676.81640625, "mean_episode_length": 137.0, "success_rate": 0.5, "collision_rate": 0.5, "out_of_bounds_rate": 0.0, "timeout_rate": 0.0, "policy_loss": -0.00022577866911888123, "value_loss": 883.4924621582031, "entropy": 0.6181113421916962, "approx_kl": 0.008990823989734054, "clip_fraction": 0.08642578125, "grad_norm": 301.0001907348633, "explained_variance": 0.8008740544319153, "action_std_mean": 0.32965531945228577, "optimizer_iterations": 4.0, "lr": 8.689280000000001e-05}
{"step": 659456, "wall_time": 1790762363.3546975, "episodes_completed": 6.0, "mean_episode_reward": 214.3093244532744, "std_episode_reward": 247.74995810285145, "min_episode_reward": 0.9213725924491882, "max_episode_reward": 694.3673706054688, "mean_episode_length": 98.83333333333333, "success_rate": 0.6666666666666666, "collision_rate": 0.16666666666666666, "out_of_bounds_rate": 0.0, "timeout_rate": 0.16666666666666666, "policy_loss": 0.013873549178242683, "value_loss": 685.0373840332031, "entropy": 0.618159681558609, "approx_kl": 0.01837117737159133, "clip_fraction": 0.1319580078125, "grad_norm": 303.98278427124023, "explained_variance": 0.7929017543792725, "action_std_mean": 0.3296526074409485, "optimizer_iterations": 4.0, "lr": 8.685184e-05}
{"step": 661504, "wall_time": 1790762370.4443173, "episodes_completed": 6.0, "mean_episode_reward": 70.61752223968506, "std_episode_reward": 112.29683928789493, "min_episode_reward": -5.196136474609375, "max_episode_reward": 315.19366455078125, "mean_episode_length": 88.16666666666667, "success_rate": 0.6666666666666666, "collision_rate": 0.0, "out_of_bounds_rate": 0.0, "timeout_rate": 0.3333333333333333, "policy_loss": 0.02445632661692798, "value_loss": 1194.4384460449219, "entropy": 0.6181218028068542, "approx_kl": 0.030459102243185043, "clip_fraction": 0.1962890625, "grad_norm": 564.049674987793, "explained_variance": 0.7016527056694031, "action_std_mean": 0.3296447694301605, "optimizer_iterations": 4.0, "lr": 8.681088000000001e-05}
{"step": 663552, "wall_time": 1790762377.6749732, "episodes_completed": 7.0, "mean_episode_reward": 274.75415229797363, "std_episode_reward": 249.92036621192787, "min_episode_reward": 15.739629745483398, "max_episode_reward": 778.6715087890625, "mean_episode_length": 88.42857142857143, "success_rate": 0.7142857142857143, "collision_rate": 0.2857142857142857, "out_of_bounds_rate": 0.0, "timeout_rate": 0.0, "policy_loss": 0.011963041499257088, "value_loss": 1542.12060546875, "entropy": 0.6180923283100128, "approx_kl": 0.015107592102140188, "clip_fraction": 0.1572265625, "grad_norm": 629.8983383178711, "explained_variance": 0.5095179080963135, "action_std_mean": 0.32964369654655457, "optimizer_iterations": 4.0, "lr": 8.676992e-05}
{"step": 665600, "wall_time": 1790762384.856746, "episodes_completed": 8.0, "mean_episode_reward": 164.71315848827362, "std_episode_reward": 216.54587037338442, "min_episode_reward": -10.192184448242188, "max_episode_reward": 679.1043701171875, "mean_episode_length": 57.5, "success_rate": 0.5, "collision_rate": 0.5, "out_of_bounds_rate": 0.0, "timeout_rate": 0.0, "policy_loss": 0.00973789393901825, "value_loss": 1625.0508117675781, "entropy": 0.6180806457996368, "approx_kl": 0.01979662454687059, "clip_fraction": 0.1287841796875, "grad_norm": 576.3750152587891, "explained_variance": 0.5603188276290894, "action_std_mean": 0.3296366333961487, "optimizer_iterations": 4.0, "lr": 8.672896e-05}
{"step": 667648, "wall_time": 1790762392.0550961, "episodes_completed": 3.0, "mean_episode_reward": 154.2607905069987, "std_episode_reward": 163.50766311671, "min_episode_reward": -9.969207763671875, "max_episode_reward": 377.3492431640625, "mean_episode_length": 175.66666666666666, "success_rate": 0.3333333333333333, "collision_rate": 0.3333333333333333, "out_of_bounds_rate": 0.0, "timeout_rate": 0.3333333333333333, "policy_loss": 0.00821615755558014, "value_loss": 1182.0516662597656, "entropy": 0.6180254220962524, "approx_kl": 0.010235052090138197, "clip_fraction": 0.0933837890625, "grad_norm": 587.5481567382812, "explained_variance": 0.6309670209884644, "action_std_mean": 0.3296244144439697, "optimizer_iterations": 4.0, "lr": 8.668800000000001e-05}
{"step": 669696, "wall_time": 1790762399.2552955, "episodes_completed": 5.0, "mean_episode_reward": 360.0372993469238, "std_episode_reward": 304.15920418904994, "min_episode_reward": -9.974315643310547, "max_episode_reward": 806.8236694335938, "mean_episode_length": 137.8, "success_rate": 0.4, "collision_rate": 0.6, "out_of_bounds_rate": 0.0, "timeout_rate": 0.0, "policy_loss": 0.007034003734588623, "value_loss": 1205.9813232421875, "entropy": 0.6179355382919312, "approx_kl": 0.01223734486848116, "clip_fraction": 0.107666015625, "grad_norm": 406.94620513916016, "explained_variance": 0.7343581914901733, "action_std_mean": 0.32960546016693115, "optimizer_iterations": 4.0, "lr": 8.664704e-05}
{"step": 671744, "wall_time": 1790762406.458217, "episodes_completed": 5.0, "mean_episode_reward": 81.80042896270751, "std_episode_reward": 94.74625809309755, "min_episode_reward": -10.189085960388184, "max_episode_reward": 229.5819091796875, "mean_episode_length": 89.8, "success_rate": 0.4, "collision_rate": 0.6, "out_of_bounds_rate": 0.0, "timeout_rate": 0.0, "policy_loss": 0.003124922513961792, "value_loss": 490.8141174316406, "entropy": 0.6178078055381775, "approx_kl": 0.04443904850631952, "clip_fraction": 0.126708984375, "grad_norm": 319.98290634155273, "explained_variance": 0.7919759154319763, "action_std_mean": 0.32958120107650757, "optimizer_iterations": 4.0, "lr": 8.660608e-05}
{"step": 673792, "wall_time": 1790762413.6783595, "episodes_completed": 4.0, "mean_episode_reward": 97.34655356407166, "std_episode_reward": 89.52858969795011, "min_episode_reward": 6.882308006286621, "max_episode_reward": 238.75912475585938, "mean_episode_length": 119.5, "success_rate": 0.25, "collision_rate": 0.75, "out_of_bounds_rate": 0.0, "timeout_rate": 0.0, "policy_loss": 0.007047425955533981, "value_loss": 960.0542755126953, "entropy": 0.6176730096340179, "approx_kl": 0.025202563032507896, "clip_fraction": 0.17919921875, "grad_norm": 420.21492767333984, "explained_variance": 0.7941784262657166, "action_std_mean": 0.3295680284500122, "optimizer_iterations": 4.0, "lr": 8.656512000000002e-05}
{"step": 675840, "wall_time": 1790762420.7838986, "episodes_completed": 5.0, "mean_episode_reward": 216.08041813373566, "std_episode_reward": 189.48289366523426, "min_episode_reward": 0.9337946176528931, "max_episode_reward": 508.7225036621094, "mean_episode_length": 138.2, "success_rate": 0.6, "collision_rate": 0.2, "out_of_bounds_rate": 0.0, "timeout_rate": 0.2, "policy_loss": 0.006551289930939674, "value_loss": 860.4113159179688, "entropy": 0.6176275908946991, "approx_kl": 0.009447860880754888, "clip_fraction": 0.10888671875, "grad_norm": 351.58995056152344, "explained_variance": 0.7803546786308289, "action_std_mean": 0.32956743240356445, "optimizer_iterations": 4.0, "lr": 8.652416000000001e-05}
{"step": 677888, "wall_time": 1790762427.9281092, "episodes_completed": 9.0, "mean_episode_reward": 210.24299812316895, "std_episode_reward": 243.8959859997584, "min_episode_reward": -9.90931510925293, "max_episode_reward": 650.85009765625, "mean_episode_length": 90.77777777777777, "success_rate": 0.5555555555555556, "collision_rate": 0.4444444444444444, "out_of_bounds_rate": 0.0, "timeout_rate": 0.0, "policy_loss": 0.006188751198351383, "value_loss": 892.6184844970703, "entropy": 0.6176246106624603, "approx_kl": 0.053763311356306076, "clip_fraction": 0.0931396484375, "grad_norm": 434.3646240234375, "explained_variance": 0.7125345468521118, "action_std_mean": 0.32956331968307495, "optimizer_iterations": 4.0, "lr": 8.64832e-05}
{"step": 679936, "wall_time": 1790762435.0861611, "episodes_completed": 2.0, "mean_episode_reward": 12.802785396575928, "std_episode_reward": 2.561034679412842, "min_episode_reward": 10.241750717163086, "max_episode_reward": 15.36382007598877, "mean_episode_length": 75.5, "success_rate": 0.0, "collision_rate": 0.5, "out_of_bounds_rate": 0.0, "timeout_rate": 0.5, "policy_loss": 0.02406851330306381, "value_loss": 1153.5535278320312, "entropy": 0.6175773739814758, "approx_kl": 0.16476418729871511, "clip_fraction": 0.1297607421875, "grad_norm": 514.7952117919922, "explained_variance": 0.7338770627975464, "action_std_mean": 0.3295496106147766, "optimizer_iterations": 4.0, "lr": 8.644224000000001e-05}
{"step": 681984, "wall_time": 1790762442.2305894, "episodes_completed": 0.0, "mean_episode_reward": NaN, "std_episode_reward": NaN, "min_episode_reward": NaN, "max_episode_reward": NaN, "mean_episode_length": NaN, "success_rate": NaN, "collision_rate": NaN, "out_of_bounds_rate": NaN, "timeout_rate": NaN, "policy_loss": 0.0022799521684646606, "value_loss": 720.5355224609375, "entropy": 0.6174903213977814, "approx_kl": 0.005230062466580421, "clip_fraction": 0.0604248046875, "grad_norm": 275.73608779907227, "explained_variance": 0.8002055883407593, "action_std_mean": 0.329536497592926, "optimizer_iterations": 4.0, "lr": 8.640128000000001e-05}
{"step": 684032, "wall_time": 1790762449.501356, "episodes_completed": 3.0, "mean_episode_reward": 19.70703379313151, "std_episode_reward": 27.98386322771193, "min_episode_reward": -11.484231948852539, "max_episode_reward": 56.397064208984375, "mean_episode_length": 81.33333333333333, "success_rate": 0.6666666666666666, "collision_rate": 0.3333333333333333, "out_of_bounds_rate": 0.0, "timeout_rate": 0.0, "policy_loss": 0.0001377561129629612, "value_loss": 484.13338470458984, "entropy": 0.6174330711364746, "approx_kl": 0.007299066754058003, "clip_fraction": 0.0858154296875, "grad_norm": 212.33407974243164, "explained_variance": 0.8276314735412598, "action_std_mean": 0.32953163981437683, "optimizer_iterations": 4.0, "lr": 8.636032e-05}
{"step": 686080, "wall_time": 1790762456.745702, "episodes_completed": 5.0, "mean_episode_reward": 206.7126393556595, "std_episode_reward": 202.6095612985558, "min_episode_reward": -4.374249458312988, "max_episode_reward": 545.5574951171875, "mean_episode_length": 125.0, "success_rate": 0.2, "collision_rate": 0.6, "out_of_bounds_rate": 0.0, "timeout_rate": 0.2, "policy_loss": -0.0009829355985857546, "value_loss": 892.7899780273438, "entropy": 0.6173956394195557, "approx_kl": 0.0039916521636769176, "clip_fraction": 0.0362548828125, "grad_norm": 373.82542419433594, "explained_variance": 0.7763155698776245, "action_std_mean": 0.3295213580131531, "optimizer_iterations": 4.0, "lr": 8.631936000000001e-05}
{"step": 688128, "wall_time": 1790762463.885724, "episodes_completed": 7.0, "mean_episode_reward": 174.29250526428223, "std_episode_reward": 261.5984247988731, "min_episode_reward": -9.800512313842773, "max_episode_reward": 759.0364379882812, "mean_episode_length": 72.28571428571429, "success_rate": 0.2857142857142857, "collision_rate": 0.5714285714285714, "out_of_bounds_rate": 0.0, "timeout_rate": 0.14285714285714285, "policy_loss": 0.0023867879062891006, "value_loss": 1069.2911682128906, "entropy": 0.6173183917999268, "approx_kl": 0.042685916647315025, "clip_fraction": 0.063720703125, "grad_norm": 400.0397415161133, "explained_variance": 0.7439241409301758, "action_std_mean": 0.32950812578201294, "optimizer_iterations": 4.0, "lr": 8.62784e-05}
{"step": 690176, "wall_time": 1790762470.9824636, "episodes_completed": 3.0, "mean_episode_reward": -2.079743802547455, "std_episode_reward": 21.62003600783014, "min_episode_reward": -29.537675857543945, "max_episode_reward": 23.297630310058594, "mean_episode_length": 147.66666666666666, "success_rate": 0.3333333333333333, "collision_rate": 0.3333333333333333, "out_of_bounds_rate": 0.0, "timeout_rate": 0.3333333333333333, "policy_loss": 0.001260196790099144, "value_loss": 659.9831695556641, "entropy": 0.617246150970459, "approx_kl": 0.011195185710676014, "clip_fraction": 0.0614013671875, "grad_norm": 607.2247123718262, "explained_variance": 0.7281310558319092, "action_std_mean": 0.3295014202594757, "optimizer_iterations": 4.0, "lr": 8.623744e-05}
{"step": 692224, "wall_time": 1790762478.153315, "episodes_completed": 4.0, "mean_episode_reward": -2.356174945831299, "std_episode_reward": 13.233016375861116, "min_episode_reward": -10.137290000915527, "max_episode_reward": 20.563587188720703, "mean_episode_length": 45.0, "success_rate": 0.25, "collision_rate": 0.75, "out_of_bounds_rate": 0.0, "timeout_rate": 0.0, "policy_loss": 0.006593762198463082, "value_loss": 636.2849578857422, "entropy": 0.6172209978103638, "approx_kl": 0.02948737982660532, "clip_fraction": 0.1280517578125, "grad_norm": 736.2241897583008, "explained_variance": 0.7278780341148376, "action_std_mean": 0.3294992446899414, "optimizer_iterations": 4.0, "lr": 8.619648e-05}
{"step": 694272, "wall_time": 1790762485.108165, "episodes_completed": 6.0, "mean_episode_reward": 100.61681191126506, "std_episode_reward": 150.83278660248104, "min_episode_reward": -9.844476699829102, "max_episode_reward": 423.6482238769531, "mean_episode_length": 74.5, "success_rate": 0.6666666666666666, "collision_rate": 0.3333333333333333, "out_of_bounds_rate": 0.0, "timeout_rate": 0.0, "policy_loss": 0.004682344384491444, "value_loss": 339.8517608642578, "entropy": 0.61720010638237, "approx_kl": 0.01362413028255105, "clip_fraction": 0.11376953125, "grad_norm": 293.53941345214844, "explained_variance": 0.830613911151886, "action_std_mean": 0.3294913172721863, "optimizer_iterations": 4.0, "lr": 8.615552e-05}
{"step": 696320, "wall_time": 1790762492.0830727, "episodes_completed": 2.0, "mean_episode_reward": 458.0809688568115, "std_episode_reward": 466.2191410064697, "min_episode_reward": -8.138172149658203, "max_episode_reward": 924.3001098632812, "mean_episode_length": 235.5, "success_rate": 0.5, "collision_rate": 0.5, "out_of_bounds_rate": 0.0, "timeout_rate": 0.0, "policy_loss": 0.0033855672227218747, "value_loss": 559.6394195556641, "entropy": 0.6171315610408783, "approx_kl": 0.009243762353435159, "clip_fraction": 0.107177734375, "grad_norm": 219.98737335205078, "explained_variance": 0.7869781255722046, "action_std_mean": 0.329478919506073, "optimizer_iterations": 4.0, "lr": 8.611456e-05}
{"step": 698368, "wall_time": 1790762499.3112497, "episodes_completed": 1.0, "mean_episode_reward": 10.791474342346191, "std_episode_reward": 0.0, "min_episode_reward": 10.791474342346191, "max_episode_reward": 10.791474342346191, "mean_episode_length": 110.0, "success_rate": 1.0, "collision_rate": 0.0, "out_of_bounds_rate": 0.0, "timeout_rate": 0.0, "policy_loss": 0.012439747340977192, "value_loss": 650.3002014160156, "entropy": 0.617069661617279, "approx_kl": 0.021018632454797626, "clip_fraction": 0.1717529296875, "grad_norm": 294.40431213378906, "explained_variance": 0.8038380146026611, "action_std_mean": 0.32947444915771484, "optimizer_iterations": 4.0, "lr": 8.60736e-05}
{"step": 700416, "wall_time": 1790762506.3489044, "episodes_completed": 7.0, "mean_episode_reward": 147.48320574845587, "std_episode_reward": 237.18092427907322, "min_episode_reward": -9.918753623962402, "max_episode_reward": 685.30126953125, "mean_episode_length": 116.42857142857143, "success_rate": 0.5714285714285714, "collision_rate": 0.14285714285714285, "out_of_bounds_rate": 0.0, "timeout_rate": 0.2857142857142857, "policy_loss": 0.00585012324154377, "value_loss": 732.7514495849609, "entropy": 0.6170656383037567, "approx_kl": 0.03847486665472388, "clip_fraction": 0.1534423828125, "grad_norm": 269.83251190185547, "explained_variance": 0.787992000579834, "action_std_mean": 0.32947981357574463, "optimizer_iterations": 4.0, "lr": 8.603264e-05}
{"step": 702464, "wall_time": 1790762513.4790401, "episodes_completed": 4.0, "mean_episode_reward": 218.43034029006958, "std_episode_reward": 202.50643227264234, "min_episode_reward": 16.179155349731445, "max_episode_reward": 555.9865112304688, "mean_episode_length": 131.25, "success_rate": 1.0, "collision_rate": 0.0, "out_of_bounds_rate": 0.0, "timeout_rate": 0.0, "policy_loss": 0.009697046130895615, "value_loss": 566.3940734863281, "entropy": 0.617091566324234, "approx_kl": 0.04485695296898484, "clip_fraction": 0.13818359375, "grad_norm": 319.2206230163574, "explained_variance": 0.7869225740432739, "action_std_mean": 0.3294762372970581, "optimizer_iterations": 4.0, "lr": 8.599168e-05}
{"step": 704512, "wall_time": 1790762520.6846387, "episodes_completed": 4.0, "mean_episode_reward": 266.68664741516113, "std_episode_reward": 214.57664024717212, "min_episode_reward": 7.003318786621094, "max_episode_reward": 590.1817626953125, "mean_episode_length": 120.5, "success_rate": 0.25, "collision_rate": 0.75, "out_of_bounds_rate": 0.0, "timeout_rate": 0.0, "policy_loss": 0.005726450122892857, "value_loss": 788.6267852783203, "entropy": 0.617041826248169, "approx_kl": 0.018074498511850834, "clip_fraction": 0.1485595703125, "grad_norm": 459.72023010253906, "explained_variance": 0.7380025386810303, "action_std_mean": 0.3294629454612732, "optimizer_iterations": 4.0, "lr": 8.595072000000001e-05}
{"step": 706560, "wall_time": 1790762527.8548098, "episodes_completed": 4.0, "mean_episode_reward": 39.60228252410889, "std_episode_reward": 84.68665803964822, "min_episode_reward": -41.51704406738281, "max_episode_reward": 170.6753692626953, "mean_episode_length": 108.0, "success_rate": 0.25, "collision_rate": 0.75, "out_of_bounds_rate": 0.0, "timeout_rate": 0.0, "policy_loss": 0.007450364530086517, "value_loss": 659.7691040039062, "entropy": 0.6169585585594177, "approx_kl": 0.01836266927421093, "clip_fraction": 0.1771240234375, "grad_norm": 343.43456268310547, "explained_variance": 0.7729030251502991, "action_std_mean": 0.329450786113739, "optimizer_iterations": 4.0, "lr": 8.590976e-05}
{"step": 708608, "wall_time": 1790762535.072964, "episodes_completed": 4.0, "mean_episode_reward": 231.0954248905182, "std_episode_reward": 219.57684876482492, "min_episode_reward": -9.223807334899902, "max_episode_reward": 474.7029113769531, "mean_episode_length": 139.25, "success_rate": 0.5, "collision_rate": 0.5, "out_of_bounds_rate": 0.0, "timeout_rate": 0.0, "policy_loss": 0.022041282150894403, "value_loss": 491.2269515991211, "entropy": 0.6169189512729645, "approx_kl": 0.03308895789086819, "clip_fraction": 0.2576904296875, "grad_norm": 283.1493721008301, "explained_variance": 0.7865931987762451, "action_std_mean": 0.32945752143859863, "optimizer_iterations": 4.0, "lr": 8.58688e-05}
{"step": 710656, "wall_time": 1790762542.2613945, "episodes_completed": 4.0, "mean_episode_reward": 291.0468945503235, "std_episode_reward": 286.7867127414342, "min_episode_reward": -12.743488311767578, "max_episode_reward": 625.7632446289062, "mean_episode_length": 97.0, "success_rate": 0.5, "collision_rate": 0.5, "out_of_bounds_rate": 0.0, "timeout_rate": 0.0, "policy_loss": 0.004172575660049915, "value_loss": 506.41053009033203, "entropy": 0.6169881224632263, "approx_kl": 0.0490126118529588, "clip_fraction": 0.1241455078125, "grad_norm": 290.93748474121094, "explained_variance": 0.7800314426422119, "action_std_mean": 0.3294672966003418, "optimizer_iterations": 4.0, "lr": 8.582784000000001e-05}
{"step": 712704, "wall_time": 1790762549.4716022, "episodes_completed": 3.0, "mean_episode_reward": 7.867011219263077, "std_episode_reward": 26.048115582164012, "min_episode_reward": -19.687454223632812, "max_episode_reward": 42.817813873291016, "mean_episode_length": 115.0, "success_rate": 0.3333333333333333, "collision_rate": 0.3333333333333333, "out_of_bounds_rate": 0.0, "timeout_rate": 0.3333333333333333, "policy_loss": 0.003917112946510315, "value_loss": 419.25750732421875, "entropy": 0.6170232892036438, "approx_kl": 0.021842271089553833, "clip_fraction": 0.1826171875, "grad_norm": 164.52097702026367, "explained_variance": 0.798840343952179, "action_std_mean": 0.32946136593818665, "optimizer_iterations": 4.0, "lr": 8.578688e-05}
{"step": 714752, "wall_time": 1790762556.5786505, "episodes_completed": 2.0, "mean_episode_reward": 118.08967971801758, "std_episode_reward": 36.04343795776367, "min_episode_reward": 82.0462417602539, "max_episode_reward": 154.13311767578125, "mean_episode_length": 69.5, "success_rate": 1.0, "collision_rate": 0.0, "out_of_bounds_rate": 0.0, "timeout_rate": 0.0, "policy_loss": 0.031224642880260944, "value_loss": 396.2721252441406, "entropy": 0.6169491112232208, "approx_kl": 0.13103050366044044, "clip_fraction": 0.326416015625, "grad_norm": 747.4342041015625, "explained_variance": 0.7998347878456116, "action_std_mean": 0.3294478952884674, "optimizer_iterations": 4.0, "lr": 8.574592e-05}
{"step": 716800, "wall_time": 1790762563.7154942, "episodes_completed": 11.0, "mean_episode_reward": 129.94999506256798, "std_episode_reward": 162.11846112561153, "min_episode_reward": -36.59165573120117, "max_episode_reward": 385.1867980957031, "mean_episode_length": 88.0, "success_rate": 0.2727272727272727, "collision_rate": 0.5454545454545454, "out_of_bounds_rate": 0.0, "timeout_rate": 0.18181818181818182, "policy_loss": 0.014663199428468943, "value_loss": 552.8068237304688, "entropy": 0.616861879825592, "approx_kl": 0.026807491667568684, "clip_fraction": 0.1864013671875, "grad_norm": 254.58230209350586, "explained_variance": 0.8083587884902954, "action_std_mean": 0.32942837476730347, "optimizer_iterations": 4.0, "lr": 8.570496e-05}
{"step": 718848, "wall_time": 1790762570.8584132, "episodes_completed": 5.0, "mean_episode_reward": 335.0599815368652, "std_episode_reward": 334.8679981700595, "min_episode_reward": -22.010211944580078, "max_episode_reward": 960.746337890625, "mean_episode_length": 124.8, "success_rate": 0.6, "collision_rate": 0.4, "out_of_bounds_rate": 0.0, "timeout_rate": 0.0, "policy_loss": 0.034768193028867245, "value_loss": 1045.8077392578125, "entropy": 0.6167234778404236, "approx_kl": 0.07421022653579712, "clip_fraction": 0.3289794921875, "grad_norm": 432.7554244995117, "explained_variance": 0.7542226910591125, "action_std_mean": 0.32940560579299927, "optimizer_iterations": 4.0, "lr": 8.566400000000001e-05}
{"step": 720896, "wall_time": 1790762578.012233, "episodes_completed": 5.0, "mean_episode_reward": 264.39395065307616, "std_episode_reward": 241.72051163542233, "min_episode_reward": 16.844043731689453, "max_episode_reward": 642.2979125976562, "mean_episode_length": 88.8, "success_rate": 0.6, "collision_rate": 0.4, "out_of_bounds_rate": 0.0, "timeout_rate": 0.0, "policy_loss": 0.004357313271611929, "value_loss": 635.5056457519531, "entropy": 0.6165825128555298, "approx_kl": 0.013650940731167793, "clip_fraction": 0.1317138671875, "grad_norm": 251.19102096557617, "explained_variance": 0.7867176532745361, "action_std_mean": 0.32937896251678467, "optimizer_iterations": 4.0, "lr": 8.562304e-05}
{"step": 722944, "wall_time": 1790762585.1863031, "episodes_completed": 7.0, "mean_episode_reward": 48.23997899464199, "std_episode_reward": 68.63588250137373, "min_episode_reward": -10.047272682189941, "max_episode_reward": 201.7505340576172, "mean_episode_length": 66.57142857142857, "success_rate": 0.42857142857142855, "collision_rate": 0.42857142857142855, "out_of_bounds_rate": 0.0, "timeout_rate": 0.14285714285714285, "policy_loss": 0.009729905053973198, "value_loss": 857.88818359375, "entropy": 0.6164193451404572, "approx_kl": 0.021622068248689175, "clip_fraction": 0.1339111328125, "grad_norm": 307.6802673339844, "explained_variance": 0.7503326535224915, "action_std_mean": 0.32935774326324463, "optimizer_iterations": 4.0, "lr": 8.558208000000001e-05}
{"step": 724992, "wall_time": 1790762592.3454108, "episodes_completed": 6.0, "mean_episode_reward": 290.43666593233746, "std_episode_reward": 224.00903030712956, "min_episode_reward": -1.340888500213623, "max_episode_reward": 627.5594482421875, "mean_episode_length": 148.83333333333334, "success_rate": 0.5, "collision_rate": 0.3333333333333333, "out_of_bounds_rate": 0.0, "timeout_rate": 0.16666666666666666, "policy_loss": 0.010218145325779915, "value_loss": 991.8186340332031, "entropy": 0.6163286566734314, "approx_kl": 0.024526916444301605, "clip_fraction": 0.1378173828125, "grad_norm": 436.568359375, "explained_variance": 0.7864345908164978, "action_std_mean": 0.32935142517089844, "optimizer_iterations": 4.0, "lr": 8.554112000000001e-05}
{"step": 727040, "wall_time": 1790762599.5570908, "episodes_completed": 5.0, "mean_episode_reward": 229.8292709350586, "std_episode_reward": 266.81615357313586, "min_episode_reward": -192.72653198242188, "max_episode_reward": 550.8755493164062, "mean_episode_length": 102.6, "success_rate": 0.8, "collision_rate": 0.2, "out_of_bounds_rate": 0.0, "timeout_rate": 0.0, "policy_loss": 0.00029448792338371277, "value_loss": 940.4355010986328, "entropy": 0.6162989437580109, "approx_kl": 0.046845308504998684, "clip_fraction": 0.095947265625, "grad_norm": 1812.6412048339844, "explained_variance": 0.749579668045044, "action_std_mean": 0.32934802770614624, "optimizer_iterations": 4.0, "lr": 8.550016e-05}
{"step": 729088, "wall_time": 1790762606.6499107, "episodes_completed": 7.0, "mean_episode_reward": 120.52095890045166, "std_episode_reward": 230.23213080686043, "min_episode_reward": -21.991294860839844, "max_episode_reward": 668.87646484375, "mean_episode_length": 93.28571428571429, "success_rate": 0.42857142857142855, "collision_rate": 0.42857142857142855, "out_of_bounds_rate": 0.0, "timeout_rate": 0.14285714285714285, "policy_loss": 0.01052195904776454, "value_loss": 1486.4234619140625, "entropy": 0.6162767112255096, "approx_kl": 0.03337418474256992, "clip_fraction": 0.1405029296875, "grad_norm": 594.3459930419922, "explained_variance": 0.7366015911102295, "action_std_mean": 0.32934314012527466, "optimizer_iterations": 4.0, "lr": 8.545920000000001e-05}
{"step": 731136, "wall_time": 1790762613.8292398, "episodes_completed": 7.0, "mean_episode_reward": 137.2936090060643, "std_episode_reward": 145.41267160070456, "min_episode_reward": -10.004652976989746, "max_episode_reward": 317.3771057128906, "mean_episode_length": 74.0, "success_rate": 0.5714285714285714, "collision_rate": 0.42857142857142855, "out_of_bounds_rate": 0.0, "timeout_rate": 0.0, "policy_loss": 0.005537454038858414, "value_loss": 1208.3965759277344, "entropy": 0.6162424087524414, "approx_kl": 0.03379051201045513, "clip_fraction": 0.105224609375, "grad_norm": 464.54691314697266, "explained_variance": 0.7187805771827698, "action_std_mean": 0.3293376564979553, "optimizer_iterations": 4.0, "lr": 8.541824e-05}
{"step": 733184, "wall_time": 1790762621.1068134, "episodes_completed": 6.0, "mean_episode_reward": 207.16178266207376, "std_episode_reward": 286.4658100190239, "min_episode_reward": -190.89483642578125, "max_episode_reward": 603.8596801757812, "mean_episode_length": 93.16666666666667, "success_rate": 0.3333333333333333, "collision_rate": 0.6666666666666666, "out_of_bounds_rate": 0.0, "timeout_rate": 0.0, "policy_loss": 0.008315103128552437, "value_loss": 806.2946166992188, "entropy": 0.6162144541740417, "approx_kl": 0.02607204718515277, "clip_fraction": 0.1649169921875, "grad_norm": 343.5593490600586, "explained_variance": 0.7742829322814941, "action_std_mean": 0.32933586835861206, "optimizer_iterations": 4.0, "lr": 8.537728e-05}
{"step": 735232, "wall_time": 1790762628.3092847, "episodes_completed": 4.0, "mean_episode_reward": 151.61583709716797, "std_episode_reward": 170.84954472059238, "min_episode_reward": -9.987245559692383, "max_episode_reward": 420.40362548828125, "mean_episode_length": 51.0, "success_rate": 0.5, "collision_rate": 0.5, "out_of_bounds_rate": 0.0, "timeout_rate": 0.0, "policy_loss": 0.0208034235984087, "value_loss": 641.4161682128906, "entropy": 0.616207093000412, "approx_kl": 0.02409397205337882, "clip_fraction": 0.1666259765625, "grad_norm": 382.72172927856445, "explained_variance": 0.7983405590057373, "action_std_mean": 0.3293350338935852, "optimizer_iterations": 4.0, "lr": 8.533632e-05}
{"step": 737280, "wall_time": 1790762635.3694332, "episodes_completed": 4.0, "mean_episode_reward": 43.07409858703613, "std_episode_reward": 56.079012894820764, "min_episode_reward": -18.068950653076172, "max_episode_reward": 131.07676696777344, "mean_episode_length": 73.75, "success_rate": 0.25, "collision_rate": 0.75, "out_of_bounds_rate": 0.0, "timeout_rate": 0.0, "policy_loss": 0.014716481789946556, "value_loss": 435.4418182373047, "entropy": 0.6162128448486328, "approx_kl": 0.029758161399513483, "clip_fraction": 0.1212158203125, "grad_norm": 539.5131568908691, "explained_variance": 0.7810318470001221, "action_std_mean": 0.3293381929397583, "optimizer_iterations": 4.0, "lr": 8.529536e-05}
{"step": 739328, "wall_time": 1790762642.5580928, "episodes_completed": 6.0, "mean_episode_reward": 109.07984507083893, "std_episode_reward": 149.09785767184366, "min_episode_reward": -10.00861930847168, "max_episode_reward": 350.0558776855469, "mean_episode_length": 80.16666666666667, "success_rate": 0.6666666666666666, "collision_rate": 0.16666666666666666, "out_of_bounds_rate": 0.0, "timeout_rate": 0.16666666666666666, "policy_loss": 0.02915381919592619, "value_loss": 510.2751159667969, "entropy": 0.6162376701831818, "approx_kl": 0.030235213227570057, "clip_fraction": 0.15380859375, "grad_norm": 1101.578269958496, "explained_variance": 0.7621710896492004, "action_std_mean": 0.32934218645095825, "optimizer_iterations": 4.0, "lr": 8.52544e-05}
{"step": 741376, "wall_time": 1790762649.610372, "episodes_completed": 4.0, "mean_episode_reward": 229.94642448425293, "std_episode_reward": 79.43664567207186, "min_episode_reward": 118.05297088623047, "max_episode_reward": 334.3999938964844, "mean_episode_length": 97.25, "success_rate": 0.75, "collision_rate": 0.25, "out_of_bounds_rate": 0.0, "timeout_rate": 0.0, "policy_loss": 0.009350812062621117, "value_loss": 362.52925872802734, "entropy": 0.6162707805633545, "approx_kl": 0.011117499379906803, "clip_fraction": 0.10009765625, "grad_norm": 372.07682037353516, "explained_variance": 0.8350917100906372, "action_std_mean": 0.32935217022895813, "optimizer_iterations": 4.0, "lr": 8.521344e-05}
{"step": 743424, "wall_time": 1790762656.6596854, "episodes_completed": 5.0, "mean_episode_reward": 179.9009246826172, "std_episode_reward": 263.2100474109144, "min_episode_reward": -26.020156860351562, "max_episode_reward": 690.2223510742188, "mean_episode_length": 101.4, "success_rate": 0.6, "collision_rate": 0.4, "out_of_bounds_rate": 0.0, "timeout_rate": 0.0, "policy_loss": 0.00774514302611351, "value_loss": 409.10292053222656, "entropy": 0.6163494288921356, "approx_kl": 0.018773073330521584, "clip_fraction": 0.19970703125, "grad_norm": 665.4576110839844, "explained_variance": 0.8048865795135498, "action_std_mean": 0.3293657600879669, "optimizer_iterations": 4.0, "lr": 8.517248e-05}
{"step": 745472, "wall_time": 1790762663.8038359, "episodes_completed": 5.0, "mean_episode_reward": 356.72560729980466, "std_episode_reward": 245.26308942575986, "min_episode_reward": 80.34913635253906, "max_episode_reward": 813.0652465820312, "mean_episode_length": 134.2, "success_rate": 0.4, "collision_rate": 0.4, "out_of_bounds_rate": 0.0, "timeout_rate": 0.2, "policy_loss": 0.0030068103224039078, "value_loss": 648.7203826904297, "entropy": 0.6164355278015137, "approx_kl": 0.007263174979016185, "clip_fraction": 0.0760498046875, "grad_norm": 686.5645904541016, "explained_variance": 0.8133177161216736, "action_std_mean": 0.32938069105148315, "optimizer_iterations": 4.0, "lr": 8.513152e-05}
{"step": 747520, "wall_time": 1790762670.9426, "episodes_completed": 6.0, "mean_episode_reward": 201.54285462697348, "std_episode_reward": 199.2226929671493, "min_episode_reward": 15.683748245239258, "max_episode_reward": 625.0941772460938, "mean_episode_length": 92.0, "success_rate": 0.3333333333333333, "collision_rate": 0.6666666666666666, "out_of_bounds_rate": 0.0, "timeout_rate": 0.0, "policy_loss": 0.011716498993337154, "value_loss": 1041.9029846191406, "entropy": 0.6165109574794769, "approx_kl": 0.027469415217638016, "clip_fraction": 0.0745849609375, "grad_norm": 448.0864791870117, "explained_variance": 0.7963588237762451, "action_std_mean": 0.329383909702301, "optimizer_iterations": 4.0, "lr": 8.509056000000001e-05}
{"step": 749568, "wall_time": 1790762678.1520667, "episodes_completed": 4.0, "mean_episode_reward": 229.80728244781494, "std_episode_reward": 185.6162370161868, "min_episode_reward": -9.36233139038086, "max_episode_reward": 498.66864013671875, "mean_episode_length": 75.0, "success_rate": 0.5, "collision_rate": 0.5, "out_of_bounds_rate": 0.0, "timeout_rate": 0.0, "policy_loss": 0.0014848483260720968, "value_loss": 1169.3969116210938, "entropy": 0.6164820492267609, "approx_kl": 0.0022255884832702577, "clip_fraction": 0.021484375, "grad_norm": 431.72652435302734, "explained_variance": 0.7621586322784424, "action_std_mean": 0.32936662435531616, "optimizer_iterations": 4.0, "lr": 8.50496e-05}
{"step": 751616, "wall_time": 1790762685.310002, "episodes_completed": 6.0, "mean_episode_reward": 337.1594435373942, "std_episode_reward": 229.58005357376732, "min_episode_reward": 53.59926223754883, "max_episode_reward": 673.7791137695312, "mean_episode_length": 117.16666666666667, "success_rate": 0.6666666666666666, "collision_rate": 0.3333333333333333, "out_of_bounds_rate": 0.0, "timeout_rate": 0.0, "policy_loss": 0.0040199533104896545, "value_loss": 994.9402465820312, "entropy": 0.6163425445556641, "approx_kl": 0.0055382149876095355, "clip_fraction": 0.0440673828125, "grad_norm": 423.4711608886719, "explained_variance": 0.7690197229385376, "action_std_mean": 0.3293348550796509, "optimizer_iterations": 4.0, "lr": 8.500864e-05}
{"step": 753664, "wall_time": 1790762692.5696387, "episodes_completed": 1.0, "mean_episode_reward": 16.4053955078125, "std_episode_reward": 0.0, "min_episode_reward": 16.4053955078125, "max_episode_reward": 16.4053955078125, "mean_episode_length": 57.0, "success_rate": 0.0, "collision_rate": 1.0, "out_of_bounds_rate": 0.0, "timeout_rate": 0.0, "policy_loss": 0.0054615456610918045, "value_loss": 733.8724822998047, "entropy": 0.6161466836929321, "approx_kl": 0.00767206063028425, "clip_fraction": 0.0721435546875, "grad_norm": 375.5121040344238, "explained_variance": 0.7840360999107361, "action_std_mean": 0.3293079733848572, "optimizer_iterations": 4.0, "lr": 8.496768000000001e-05}
{"step": 755712, "wall_time": 1790762699.776643, "episodes_completed": 4.0, "mean_episode_reward": 254.29689407348633, "std_episode_reward": 222.19661878994745, "min_episode_reward": -20.160171508789062, "max_episode_reward": 584.70263671875, "mean_episode_length": 164.25, "success_rate": 0.5, "collision_rate": 0.5, "out_of_bounds_rate": 0.0, "timeout_rate": 0.0, "policy_loss": 0.006920443847775459, "value_loss": 489.05628204345703, "entropy": 0.6160052418708801, "approx_kl": 0.012262237723916769, "clip_fraction": 0.1090087890625, "grad_norm": 296.30250549316406, "explained_variance": 0.8087460398674011, "action_std_mean": 0.3292887806892395, "optimizer_iterations": 4.0, "lr": 8.492672e-05}
{"step": 757760, "wall_time": 1790762707.0555272, "episodes_completed": 3.0, "mean_episode_reward": 458.7246907552083, "std_episode_reward": 235.8433886557722, "min_episode_reward": 161.26943969726562, "max_episode_reward": 738.11767578125, "mean_episode_length": 152.0, "success_rate": 0.3333333333333333, "collision_rate": 0.6666666666666666, "out_of_bounds_rate": 0.0, "timeout_rate": 0.0, "policy_loss": 0.011524333152920008, "value_loss": 661.6634368896484, "entropy": 0.6159106492996216, "approx_kl": 0.01711753918789327, "clip_fraction": 0.17431640625, "grad_norm": 424.7841796875, "explained_variance": 0.800535261631012, "action_std_mean": 0.32928547263145447, "optimizer_iterations": 4.0, "lr": 8.488576e-05}
{"step": 759808, "wall_time": 1790762714.379818, "episodes_completed": 10.0, "mean_episode_reward": 193.2434794127941, "std_episode_reward": 267.91008472926256, "min_episode_reward": -16.961223602294922, "max_episode_reward": 893.0147705078125, "mean_episode_length": 97.7, "success_rate": 0.1, "collision_rate": 0.8, "out_of_bounds_rate": 0.0, "timeout_rate": 0.1, "policy_loss": 0.019209742080420256, "value_loss": 1266.9718322753906, "entropy": 0.6159296333789825, "approx_kl": 0.03714949544519186, "clip_fraction": 0.1795654296875, "grad_norm": 537.2841949462891, "explained_variance": 0.7096902132034302, "action_std_mean": 0.32929372787475586, "optimizer_iterations": 4.0, "lr": 8.48448e-05}
{"step": 761856, "wall_time": 1790762721.483431, "episodes_completed": 9.0, "mean_episode_reward": 261.9052545759413, "std_episode_reward": 276.1155977148764, "min_episode_reward": -9.877824783325195, "max_episode_reward": 984.5668334960938, "mean_episode_length": 76.88888888888889, "success_rate": 0.6666666666666666, "collision_rate": 0.3333333333333333, "out_of_bounds_rate": 0.0, "timeout_rate": 0.0, "policy_loss": 0.002623786684125662, "value_loss": 1216.3988037109375, "entropy": 0.6159809529781342, "approx_kl": 0.024275479721836746, "clip_fraction": 0.064453125, "grad_norm": 621.9335861206055, "explained_variance": 0.6056383848190308, "action_std_mean": 0.32930225133895874, "optimizer_iterations": 4.0, "lr": 8.480384e-05}
{"step": 763904, "wall_time": 1790762728.639607, "episodes_completed": 8.0, "mean_episode_reward": 169.2404299378395, "std_episode_reward": 189.9847759040263, "min_episode_reward": -9.914379119873047, "max_episode_reward": 498.9698181152344, "mean_episode_length": 62.5, "success_rate": 0.375, "collision_rate": 0.625, "out_of_bounds_rate": 0.0, "timeout_rate": 0.0, "policy_loss": -0.0009185224771499634, "value_loss": 1236.950927734375, "entropy": 0.616016685962677, "approx_kl": 0.007443168840836734, "clip_fraction": 0.057861328125, "grad_norm": 417.30684661865234, "explained_variance": 0.7561013698577881, "action_std_mean": 0.3293001055717468, "optimizer_iterations": 4.0, "lr": 8.476288e-05}
{"step": 765952, "wall_time": 1790762735.8709257, "episodes_completed": 5.0, "mean_episode_reward": 435.95343017578125, "std_episode_reward": 212.92691513805784, "min_episode_reward": 56.86114501953125, "max_episode_reward": 676.4299926757812, "mean_episode_length": 124.8, "success_rate": 0.8, "collision_rate": 0.2, "out_of_bounds_rate": 0.0, "timeout_rate": 0.0, "policy_loss": 0.0004984121769666672, "value_loss": 1464.4769897460938, "entropy": 0.6159705221652985, "approx_kl": 0.004201893083518371, "clip_fraction": 0.0416259765625, "grad_norm": 480.9214324951172, "explained_variance": 0.7785422801971436, "action_std_mean": 0.3292843699455261, "optimizer_iterations": 4.0, "lr": 8.472192000000001e-05}
{"step": 768000, "wall_time": 1790762743.034717, "episodes_completed": 7.0, "mean_episode_reward": 116.76392882210868, "std_episode_reward": 126.7888754356673, "min_episode_reward": -13.010702133178711, "max_episode_reward": 303.886474609375, "mean_episode_length": 88.57142857142857, "success_rate": 0.5714285714285714, "collision_rate": 0.42857142857142855, "out_of_bounds_rate": 0.0, "timeout_rate": 0.0, "policy_loss": 0.017291782423853874, "value_loss": 660.7641296386719, "entropy": 0.6158759593963623, "approx_kl": 0.031528990250080824, "clip_fraction": 0.2022705078125, "grad_norm": 285.5064010620117, "explained_variance": 0.841260552406311, "action_std_mean": 0.32927170395851135, "optimizer_iterations": 4.0, "lr": 8.468096000000001e-05}
{"step": 770048, "wall_time": 1790762750.18755, "episodes_completed": 7.0, "mean_episode_reward": 200.2532433782305, "std_episode_reward": 214.47236312793876, "min_episode_reward": -55.39482116699219, "max_episode_reward": 542.2678833007812, "mean_episode_length": 131.0, "success_rate": 0.2857142857142857, "collision_rate": 0.5714285714285714, "out_of_bounds_rate": 0.0, "timeout_rate": 0.14285714285714285, "policy_loss": 0.002949911169707775, "value_loss": 499.08152770996094, "entropy": 0.6157962679862976, "approx_kl": 0.009075101464986801, "clip_fraction": 0.08837890625, "grad_norm": 180.45337295532227, "explained_variance": 0.8253592848777771, "action_std_mean": 0.32924988865852356, "optimizer_iterations": 4.0, "lr": 8.464e-05}
{"step": 772096, "wall_time": 1790762757.3842688, "episodes_completed": 1.0, "mean_episode_reward": 520.0684204101562, "std_episode_reward": 0.0, "min_episode_reward": 520.0684204101562, "max_episode_reward": 520.0684204101562, "mean_episode_length": 186.0, "success_rate": 1.0, "collision_rate": 0.0, "out_of_bounds_rate": 0.0, "timeout_rate": 0.0, "policy_loss": 0.015820381930097938, "value_loss": 626.9392852783203, "entropy": 0.6156286001205444, "approx_kl": 0.03410544525831938, "clip_fraction": 0.1402587890625, "grad_norm": 340.90135955810547, "explained_variance": 0.8369003534317017, "action_std_mean": 0.32921820878982544, "optimizer_iterations": 4.0, "lr": 8.459904000000001e-05}
{"step": 774144, "wall_time": 1790762764.6253066, "episodes_completed": 2.0, "mean_episode_reward": 39.701711654663086, "std_episode_reward": 60.29467964172363, "min_episode_reward": -20.592967987060547, "max_episode_reward": 99.99639129638672, "mean_episode_length": 142.5, "success_rate": 0.5, "collision_rate": 0.5, "out_of_bounds_rate": 0.0, "timeout_rate": 0.0, "policy_loss": 0.001798529177904129, "value_loss": 691.2679901123047, "entropy": 0.6154573559761047, "approx_kl": 0.010277001303620636, "clip_fraction": 0.07177734375, "grad_norm": 254.01572799682617, "explained_variance": 0.8266816139221191, "action_std_mean": 0.3291971683502197, "optimizer_iterations": 4.0, "lr": 8.455808e-05}
{"step": 776192, "wall_time": 1790762771.7399514, "episodes_completed": 4.0, "mean_episode_reward": 195.06322264671326, "std_episode_reward": 308.21112108148344, "min_episode_reward": -15.88798713684082, "max_episode_reward": 726.9559326171875, "mean_episode_length": 83.25, "success_rate": 0.5, "collision_rate": 0.5, "out_of_bounds_rate": 0.0, "timeout_rate": 0.0, "policy_loss": 0.0042741671204566956, "value_loss": 246.76976013183594, "entropy": 0.6153380572795868, "approx_kl": 0.010982081992551684, "clip_fraction": 0.0775146484375, "grad_norm": 733.6501502990723, "explained_variance": 0.8616129159927368, "action_std_mean": 0.32917889952659607, "optimizer_iterations": 4.0, "lr": 8.451712e-05}
{"step": 778240, "wall_time": 1790762778.9505608, "episodes_completed": 3.0, "mean_episode_reward": 51.28143489360809, "std_episode_reward": 84.47072906825636, "min_episode_reward": -15.688752174377441, "max_episode_reward": 170.4356689453125, "mean_episode_length": 235.0, "success_rate": 0.0, "collision_rate": 0.6666666666666666, "out_of_bounds_rate": 0.0, "timeout_rate": 0.3333333333333333, "policy_loss": 0.007242566905915737, "value_loss": 244.62632751464844, "entropy": 0.6152527332305908, "approx_kl": 0.015263057313859463, "clip_fraction": 0.1328125, "grad_norm": 200.81063652038574, "explained_variance": 0.8532803058624268, "action_std_mean": 0.32917872071266174, "optimizer_iterations": 4.0, "lr": 8.447616e-05}
{"step": 780288, "wall_time": 1790762786.1919982, "episodes_completed": 4.0, "mean_episode_reward": 270.571692943573, "std_episode_reward": 289.7170154723391, "min_episode_reward": 11.681111335754395, "max_episode_reward": 714.297119140625, "mean_episode_length": 95.25, "success_rate": 1.0, "collision_rate": 0.0, "out_of_bounds_rate": 0.0, "timeout_rate": 0.0, "policy_loss": 0.008487160317599773, "value_loss": 809.3658447265625, "entropy": 0.6152907907962799, "approx_kl": 0.021420687437057495, "clip_fraction": 0.1929931640625, "grad_norm": 339.09422302246094, "explained_variance": 0.8087369203567505, "action_std_mean": 0.3291882574558258, "optimizer_iterations": 4.0, "lr": 8.44352e-05}
{"step": 782336, "wall_time": 1790762793.2795918, "episodes_completed": 5.0, "mean_episode_reward": 139.47231349945068, "std_episode_reward": 228.38101642412957, "min_episode_reward": -5.425299644470215, "max_episode_reward": 588.8052978515625, "mean_episode_length": 124.2, "success_rate": 0.6, "collision_rate": 0.0, "out_of_bounds_rate": 0.0, "timeout_rate": 0.4, "policy_loss": 0.007988149300217628, "value_loss": 857.9122009277344, "entropy": 0.6153609156608582, "approx_kl": 0.012457534670829773, "clip_fraction": 0.0977783203125, "grad_norm": 514.6671447753906, "explained_variance": 0.7888646721839905, "action_std_mean": 0.32920292019844055, "optimizer_iterations": 4.0, "lr": 8.439424000000001e-05}
{"step": 784384, "wall_time": 1790762800.3064609, "episodes_completed": 4.0, "mean_episode_reward": 150.29850316047668, "std_episode_reward": 110.08130723422964, "min_episode_reward": 13.10234546661377, "max_episode_reward": 319.622314453125, "mean_episode_length": 94.5, "success_rate": 0.5, "collision_rate": 0.5, "out_of_bounds_rate": 0.0, "timeout_rate": 0.0, "policy_loss": 0.005783088505268097, "value_loss": 647.9098663330078, "entropy": 0.6154685914516449, "approx_kl": 0.014654823346063495, "clip_fraction": 0.1064453125, "grad_norm": 819.3541297912598, "explained_variance": 0.717017412185669, "action_std_mean": 0.3292248249053955, "optimizer_iterations": 4.0, "lr": 8.435328e-05}
{"step": 786432, "wall_time": 1790762807.3782072, "episodes_completed": 1.0, "mean_episode_reward": 541.9547729492188, "std_episode_reward": 0.0, "min_episode_reward": 541.9547729492188, "max_episode_reward": 541.9547729492188, "mean_episode_length": 197.0, "success_rate": 1.0, "collision_rate": 0.0, "out_of_bounds_rate": 0.0, "timeout_rate": 0.0, "policy_loss": 0.015400171279907227, "value_loss": 688.7555389404297, "entropy": 0.6155994236469269, "approx_kl": 0.035608197562396526, "clip_fraction": 0.179931640625, "grad_norm": 919.7371444702148, "explained_variance": 0.7029955387115479, "action_std_mean": 0.3292340040206909, "optimizer_iterations": 4.0, "lr": 8.431232e-05}
{"step": 788480, "wall_time": 1790762814.3476503, "episodes_completed": 2.0, "mean_episode_reward": 59.34054183959961, "std_episode_reward": 31.962398529052734, "min_episode_reward": 27.378143310546875, "max_episode_reward": 91.30294036865234, "mean_episode_length": 45.5, "success_rate": 1.0, "collision_rate": 0.0, "out_of_bounds_rate": 0.0, "timeout_rate": 0.0, "policy_loss": 0.024978763423860073, "value_loss": 762.8002014160156, "entropy": 0.6155958473682404, "approx_kl": 0.02567415521480143, "clip_fraction": 0.0931396484375, "grad_norm": 785.7928314208984, "explained_variance": 0.7337160110473633, "action_std_mean": 0.329222172498703, "optimizer_iterations": 4.0, "lr": 8.427136e-05}
{"step": 790528, "wall_time": 1790762821.344738, "episodes_completed": 5.0, "mean_episode_reward": 131.04013051986695, "std_episode_reward": 167.3356788923574, "min_episode_reward": -3.8758270740509033, "max_episode_reward": 416.6162109375, "mean_episode_length": 142.2, "success_rate": 0.6, "collision_rate": 0.0, "out_of_bounds_rate": 0.0, "timeout_rate": 0.4, "policy_loss": 0.004639209248125553, "value_loss": 416.1314010620117, "entropy": 0.6155228018760681, "approx_kl": 0.007759857981000096, "clip_fraction": 0.066650390625, "grad_norm": 713.3553276062012, "explained_variance": 0.7745263576507568, "action_std_mean": 0.32921141386032104, "optimizer_iterations": 4.0, "lr": 8.42304e-05}
{"step": 792576, "wall_time": 1790762828.4467008, "episodes_completed": 3.0, "mean_episode_reward": 464.51861063639325, "std_episode_reward": 288.9412395110801, "min_episode_reward": 82.92710876464844, "max_episode_reward": 781.8904418945312, "mean_episode_length": 208.66666666666666, "success_rate": 0.3333333333333333, "collision_rate": 0.3333333333333333, "out_of_bounds_rate": 0.0, "timeout_rate": 0.3333333333333333, "policy_loss": 0.005369116552174091, "value_loss": 634.6746673583984, "entropy": 0.6154614686965942, "approx_kl": 0.008884895592927933, "clip_fraction": 0.09326171875, "grad_norm": 785.0379371643066, "explained_variance": 0.753951907157898, "action_std_mean": 0.3292000889778137, "optimizer_iterations": 4.0, "lr": 8.418944e-05}
{"step": 794624, "wall_time": 1790762835.7414813, "episodes_completed": 4.0, "mean_episode_reward": 137.10554993152618, "std_episode_reward": 188.07516189395778, "min_episode_reward": 5.969432353973389, "max_episode_reward": 459.8277282714844, "mean_episode_length": 152.5, "success_rate": 0.5, "collision_rate": 0.0, "out_of_bounds_rate": 0.0, "timeout_rate": 0.5, "policy_loss": -0.00022659637033939362, "value_loss": 677.5962524414062, "entropy": 0.6153987050056458, "approx_kl": 0.003232973860576749, "clip_fraction": 0.036865234375, "grad_norm": 519.6405754089355, "explained_variance": 0.7474765181541443, "action_std_mean": 0.3291926980018616, "optimizer_iterations": 4.0, "lr": 8.414848e-05}
{"step": 796672, "wall_time": 1790762842.7941878, "episodes_completed": 2.0, "mean_episode_reward": -14.484027624130249, "std_episode_reward": 16.18992257118225, "min_episode_reward": -30.6739501953125, "max_episode_reward": 1.705894947052002, "mean_episode_length": 134.0, "success_rate": 0.0, "collision_rate": 0.5, "out_of_bounds_rate": 0.0, "timeout_rate": 0.5, "policy_loss": 0.0063287788070738316, "value_loss": 752.9787292480469, "entropy": 0.6153639256954193, "approx_kl": 0.011478741653263569, "clip_fraction": 0.0926513671875, "grad_norm": 374.63220977783203, "explained_variance": 0.7842012047767639, "action_std_mean": 0.3291851580142975, "optimizer_iterations": 4.0, "lr": 8.410752000000001e-05}
{"step": 798720, "wall_time": 1790762849.8230872, "episodes_completed": 6.0, "mean_episode_reward": 156.79139614105225, "std_episode_reward": 175.84333583780594, "min_episode_reward": 14.834054946899414, "max_episode_reward": 481.43817138671875, "mean_episode_length": 98.66666666666667, "success_rate": 0.6666666666666666, "collision_rate": 0.3333333333333333, "out_of_bounds_rate": 0.0, "timeout_rate": 0.0, "policy_loss": 0.0052801413694396615, "value_loss": 581.8723297119141, "entropy": 0.6152986884117126, "approx_kl": 0.00826085836160928, "clip_fraction": 0.0635986328125, "grad_norm": 272.10892486572266, "explained_variance": 0.7783411145210266, "action_std_mean": 0.32916486263275146, "optimizer_iterations": 4.0, "lr": 8.406656e-05}
{"step": 800768, "wall_time": 1790762856.9531994, "episodes_completed": 7.0, "mean_episode_reward": 182.2577976499285, "std_episode_reward": 359.76428150072064, "min_episode_reward": -314.07598876953125, "max_episode_reward": 855.173828125, "mean_episode_length": 94.71428571428571, "success_rate": 0.7142857142857143, "collision_rate": 0.2857142857142857, "out_of_bounds_rate": 0.0, "timeout_rate": 0.0, "policy_loss": 0.010162394493818283, "value_loss": 1296.3164978027344, "entropy": 0.6151620745658875, "approx_kl": 0.011172102415002882, "clip_fraction": 0.084228515625, "grad_norm": 950.8242645263672, "explained_variance": 0.7386997938156128, "action_std_mean": 0.32914191484451294, "optimizer_iterations": 4.0, "lr": 8.402560000000001e-05}
{"step": 802816, "wall_time": 1790762864.2353172, "episodes_completed": 6.0, "mean_episode_reward": 402.48590842882794, "std_episode_reward": 283.4836441808657, "min_episode_reward": -5.376884937286377, "max_episode_reward": 699.5614624023438, "mean_episode_length": 158.83333333333334, "success_rate": 0.6666666666666666, "collision_rate": 0.16666666666666666, "out_of_bounds_rate": 0.0, "timeout_rate": 0.16666666666666666, "policy_loss": 0.005560846999287605, "value_loss": 935.4474334716797, "entropy": 0.6150350272655487, "approx_kl": 0.010782811266835779, "clip_fraction": 0.1138916015625, "grad_norm": 356.30010986328125, "explained_variance": 0.7804005146026611, "action_std_mean": 0.3291236162185669, "optimizer_iterations": 4.0, "lr": 8.398464e-05}
{"step": 804864, "wall_time": 1790762871.4017959, "episodes_completed": 1.0, "mean_episode_reward": 1.722900629043579, "std_episode_reward": 0.0, "min_episode_reward": 1.722900629043579, "max_episode_reward": 1.722900629043579, "mean_episode_length": 200.0, "success_rate": 0.0, "collision_rate": 0.0, "out_of_bounds_rate": 0.0, "timeout_rate": 1.0, "policy_loss": 0.002785569056868553, "value_loss": 647.3377380371094, "entropy": 0.6149533092975616, "approx_kl": 0.00834418903104961, "clip_fraction": 0.1072998046875, "grad_norm": 350.8775825500488, "explained_variance": 0.8272925019264221, "action_std_mean": 0.3291175365447998, "optimizer_iterations": 4.0, "lr": 8.394368e-05}
{"step": 806912, "wall_time": 1790762878.6679344, "episodes_completed": 6.0, "mean_episode_reward": 190.15471243858337, "std_episode_reward": 194.0751553116814, "min_episode_reward": -9.80870532989502, "max_episode_reward": 464.1559143066406, "mean_episode_length": 89.66666666666667, "success_rate": 0.5, "collision_rate": 0.5, "out_of_bounds_rate": 0.0, "timeout_rate": 0.0, "policy_loss": 0.00139869365375489, "value_loss": 419.7605438232422, "entropy": 0.614955484867096, "approx_kl": 0.007064483128488064, "clip_fraction": 0.086181640625, "grad_norm": 197.76405715942383, "explained_variance": 0.8531590700149536, "action_std_mean": 0.32912778854370117, "optimizer_iterations": 4.0, "lr": 8.390272000000001e-05}
{"step": 808960, "wall_time": 1790762885.9681976, "episodes_completed": 6.0, "mean_episode_reward": 357.16401561101276, "std_episode_reward": 299.46993111052285, "min_episode_reward": 11.148621559143066, "max_episode_reward": 737.6932983398438, "mean_episode_length": 148.33333333333334, "success_rate": 0.5, "collision_rate": 0.5, "out_of_bounds_rate": 0.0, "timeout_rate": 0.0, "policy_loss": 0.0012706778943538666, "value_loss": 570.8183898925781, "entropy": 0.6150088012218475, "approx_kl": 0.006541453883983195, "clip_fraction": 0.0413818359375, "grad_norm": 210.8440055847168, "explained_variance": 0.8282414078712463, "action_std_mean": 0.32912254333496094, "optimizer_iterations": 4.0, "lr": 8.386176e-05}
{"step": 811008, "wall_time": 1790762893.207395, "episodes_completed": 8.0, "mean_episode_reward": 157.4964983165264, "std_episode_reward": 180.06348988680918, "min_episode_reward": -17.91758155822754, "max_episode_reward": 471.60772705078125, "mean_episode_length": 106.75, "success_rate": 0.5, "collision_rate": 0.375, "out_of_bounds_rate": 0.0, "timeout_rate": 0.125, "policy_loss": 0.00711239711381495, "value_loss": 595.5864868164062, "entropy": 0.6149812638759613, "approx_kl": 0.01154218369629234, "clip_fraction": 0.1142578125, "grad_norm": 315.01517486572266, "explained_variance": 0.8207613825798035, "action_std_mean": 0.32913124561309814, "optimizer_iterations": 4.0, "lr": 8.382080000000001e-05}
{"step": 813056, "wall_time": 1790762900.427889, "episodes_completed": 7.0, "mean_episode_reward": 156.60306024551392, "std_episode_reward": 150.74600848318613, "min_episode_reward": -9.196252822875977, "max_episode_reward": 356.69915771484375, "mean_episode_length": 73.42857142857143, "success_rate": 0.2857142857142857, "collision_rate": 0.7142857142857143, "out_of_bounds_rate": 0.0, "timeout_rate": 0.0, "policy_loss": 0.021645108237862587, "value_loss": 914.7087860107422, "entropy": 0.6150882840156555, "approx_kl": 0.028286535292863846, "clip_fraction": 0.181884765625, "grad_norm": 562.1929016113281, "explained_variance": 0.7481558322906494, "action_std_mean": 0.3291558623313904, "optimizer_iterations": 4.0, "lr": 8.377984e-05}
{"step": 815104, "wall_time": 1790762907.706365, "episodes_completed": 6.0, "mean_episode_reward": 171.3409594297409, "std_episode_reward": 167.5097842152504, "min_episode_reward": -1.23712158203125, "max_episode_reward": 415.1353454589844, "mean_episode_length": 97.66666666666667, "success_rate": 0.3333333333333333, "collision_rate": 0.3333333333333333, "out_of_bounds_rate": 0.0, "timeout_rate": 0.3333333333333333, "policy_loss": 0.007486199960112572, "value_loss": 1451.8521728515625, "entropy": 0.6152374744415283, "approx_kl": 0.007580079953186214, "clip_fraction": 0.067626953125, "grad_norm": 505.03399658203125, "explained_variance": 0.7293186187744141, "action_std_mean": 0.3291738033294678, "optimizer_iterations": 4.0, "lr": 8.373888000000001e-05}
{"step": 817152, "wall_time": 1790762914.82173, "episodes_completed": 4.0, "mean_episode_reward": 329.5525245666504, "std_episode_reward": 201.8881519439184, "min_episode_reward": 38.704864501953125, "max_episode_reward": 526.037353515625, "mean_episode_length": 111.0, "success_rate": 0.75, "collision_rate": 0.25, "out_of_bounds_rate": 0.0, "timeout_rate": 0.0, "policy_loss": 0.004862283589318395, "value_loss": 1049.9048461914062, "entropy": 0.6153279542922974, "approx_kl": 0.01859575673006475, "clip_fraction": 0.1431884765625, "grad_norm": 742.1869812011719, "explained_variance": 0.7675719857215881, "action_std_mean": 0.3291837275028229, "optimizer_iterations": 4.0, "lr": 8.369792e-05}
{"step": 819200, "wall_time": 1790762921.922938, "episodes_completed": 7.0, "mean_episode_reward": 83.02387428283691, "std_episode_reward": 76.62180699147714, "min_episode_reward": -27.103273391723633, "max_episode_reward": 172.5545196533203, "mean_episode_length": 90.0, "success_rate": 0.7142857142857143, "collision_rate": 0.2857142857142857, "out_of_bounds_rate": 0.0, "timeout_rate": 0.0, "policy_loss": 0.0005480250692926347, "value_loss": 922.0564422607422, "entropy": 0.6153750717639923, "approx_kl": 0.004772043786942959, "clip_fraction": 0.0438232421875, "grad_norm": 332.3170700073242, "explained_variance": 0.7528473734855652, "action_std_mean": 0.32918792963027954, "optimizer_iterations": 4.0, "lr": 8.365696000000001e-05}
{"step": 821248, "wall_time": 1790762929.1817842, "episodes_completed": 10.0, "mean_episode_reward": 168.0204195022583, "std_episode_reward": 252.7855800749043, "min_episode_reward": -17.75832748413086, "max_episode_reward": 825.4541015625, "mean_episode_length": 88.4, "success_rate": 0.5, "collision_rate": 0.5, "out_of_bounds_rate": 0.0, "timeout_rate": 0.0, "policy_loss": 0.006519302725791931, "value_loss": 921.7713012695312, "entropy": 0.6153846979141235, "approx_kl": 0.008635971695184708, "clip_fraction": 0.0859375, "grad_norm": 464.78614807128906, "explained_variance": 0.6913579106330872, "action_std_mean": 0.3291791081428528, "optimizer_iterations": 4.0, "lr": 8.361600000000001e-05}
{"step": 823296, "wall_time": 1790762936.4545357, "episodes_completed": 6.0, "mean_episode_reward": 231.5235597292582, "std_episode_reward": 292.0103348956891, "min_episode_reward": -9.446280479431152, "max_episode_reward": 776.4920654296875, "mean_episode_length": 124.16666666666667, "success_rate": 0.6666666666666666, "collision_rate": 0.3333333333333333, "out_of_bounds_rate": 0.0, "timeout_rate": 0.0, "policy_loss": 0.005299137905240059, "value_loss": 831.8492431640625, "entropy": 0.6152988076210022, "approx_kl": 0.010948710492812097, "clip_fraction": 0.1090087890625, "grad_norm": 409.9859161376953, "explained_variance": 0.7559373378753662, "action_std_mean": 0.3291589021682739, "optimizer_iterations": 4.0, "lr": 8.357504e-05}
{"step": 825344, "wall_time": 1790762943.6030354, "episodes_completed": 9.0, "mean_episode_reward": 285.96260166168213, "std_episode_reward": 269.48725157396143, "min_episode_reward": -9.795456886291504, "max_episode_reward": 726.7593383789062, "mean_episode_length": 87.11111111111111, "success_rate": 0.6666666666666666, "collision_rate": 0.3333333333333333, "out_of_bounds_rate": 0.0, "timeout_rate": 0.0, "policy_loss": 0.00749062979593873, "value_loss": 1144.24755859375, "entropy": 0.615177571773529, "approx_kl": 0.013373039197176695, "clip_fraction": 0.1326904296875, "grad_norm": 433.9723663330078, "explained_variance": 0.7313386797904968, "action_std_mean": 0.32914361357688904, "optimizer_iterations": 4.0, "lr": 8.353408000000001e-05}
{"step": 827392, "wall_time": 1790762950.8254662, "episodes_completed": 5.0, "mean_episode_reward": 561.7780677795411, "std_episode_reward": 321.45331349322583, "min_episode_reward": 16.729297637939453, "max_episode_reward": 898.71728515625, "mean_episode_length": 185.2, "success_rate": 0.4, "collision_rate": 0.6, "out_of_bounds_rate": 0.0, "timeout_rate": 0.0, "policy_loss": 0.012925254181027412, "value_loss": 1040.9290466308594, "entropy": 0.6150994598865509, "approx_kl": 0.016163968248292804, "clip_fraction": 0.1180419921875, "grad_norm": 451.1537170410156, "explained_variance": 0.780672013759613, "action_std_mean": 0.32913053035736084, "optimizer_iterations": 4.0, "lr": 8.349312e-05}
{"step": 829440, "wall_time": 1790762957.9989102, "episodes_completed": 2.0, "mean_episode_reward": 393.234335899353, "std_episode_reward": 409.466103553772, "min_episode_reward": -16.231767654418945, "max_episode_reward": 802.700439453125, "mean_episode_length": 121.5, "success_rate": 0.0, "collision_rate": 1.0, "out_of_bounds_rate": 0.0, "timeout_rate": 0.0, "policy_loss": 0.014202989696059376, "value_loss": 1359.9846496582031, "entropy": 0.6150156557559967, "approx_kl": 0.02767288126051426, "clip_fraction": 0.16015625, "grad_norm": 448.7197952270508, "explained_variance": 0.7552449703216553, "action_std_mean": 0.3291172385215759, "optimizer_iterations": 4.0, "lr": 8.345216e-05}
{"step": 831488, "wall_time": 1790762965.2376566, "episodes_completed": 3.0, "mean_episode_reward": 208.32670720418295, "std_episode_reward": 264.7451364660289, "min_episode_reward": 17.62018394470215, "max_episode_reward": 582.7108764648438, "mean_episode_length": 105.66666666666667, "success_rate": 0.6666666666666666, "collision_rate": 0.3333333333333333, "out_of_bounds_rate": 0.0, "timeout_rate": 0.0, "policy_loss": 0.024336636997759342, "value_loss": 483.88733673095703, "entropy": 0.6149259507656097, "approx_kl": 0.11620532535016537, "clip_fraction": 0.1884765625, "grad_norm": 274.45962142944336, "explained_variance": 0.7977261543273926, "action_std_mean": 0.32909730076789856, "optimizer_iterations": 4.0, "lr": 8.34112e-05}
{"step": 833536, "wall_time": 1790762972.3508458, "episodes_completed": 6.0, "mean_episode_reward": 139.45928729573885, "std_episode_reward": 217.70401425588463, "min_episode_reward": -6.355740547180176, "max_episode_reward": 604.6514282226562, "mean_episode_length": 81.16666666666667, "success_rate": 0.3333333333333333, "collision_rate": 0.5, "out_of_bounds_rate": 0.0, "timeout_rate": 0.16666666666666666, "policy_loss": 0.014022166840732098, "value_loss": 453.40708923339844, "entropy": 0.6147926151752472, "approx_kl": 0.03769649798050523, "clip_fraction": 0.119140625, "grad_norm": 295.9940757751465, "explained_variance": 0.7915838956832886, "action_std_mean": 0.3290683627128601, "optimizer_iterations": 4.0, "lr": 8.337024e-05}
{"step": 835584, "wall_time": 1790762979.540077, "episodes_completed": 4.0, "mean_episode_reward": 209.3094517737627, "std_episode_reward": 377.456460740696, "min_episode_reward": -22.8824405670166, "max_episode_reward": 862.90625, "mean_episode_length": 152.0, "success_rate": 0.5, "collision_rate": 0.25, "out_of_bounds_rate": 0.0, "timeout_rate": 0.25, "policy_loss": 0.011956308037042618, "value_loss": 810.5785369873047, "entropy": 0.6145961284637451, "approx_kl": 0.024825934320688248, "clip_fraction": 0.1343994140625, "grad_norm": 548.7359085083008, "explained_variance": 0.6824646592140198, "action_std_mean": 0.32904213666915894, "optimizer_iterations": 4.0, "lr": 8.332928e-05}
{"step": 837632, "wall_time": 1790762986.5910954, "episodes_completed": 5.0, "mean_episode_reward": 236.28727607727052, "std_episode_reward": 138.63627797399252, "min_episode_reward": -10.501760482788086, "max_episode_reward": 354.373046875, "mean_episode_length": 114.6, "success_rate": 0.4, "collision_rate": 0.6, "out_of_bounds_rate": 0.0, "timeout_rate": 0.0, "policy_loss": 0.005215708399191499, "value_loss": 758.2354736328125, "entropy": 0.6144893169403076, "approx_kl": 0.020086387870833278, "clip_fraction": 0.1279296875, "grad_norm": 506.83038330078125, "explained_variance": 0.6486838459968567, "action_std_mean": 0.32903558015823364, "optimizer_iterations": 4.0, "lr": 8.328832e-05}
{"step": 839680, "wall_time": 1790762993.6541421, "episodes_completed": 3.0, "mean_episode_reward": 117.65240761637688, "std_episode_reward": 116.44441217298248, "min_episode_reward": 0.33284083008766174, "max_episode_reward": 276.3923645019531, "mean_episode_length": 59.666666666666664, "success_rate": 0.0, "collision_rate": 0.6666666666666666, "out_of_bounds_rate": 0.0, "timeout_rate": 0.3333333333333333, "policy_loss": 0.012394089018926024, "value_loss": 946.2906646728516, "entropy": 0.6144764423370361, "approx_kl": 0.013795374194160104, "clip_fraction": 0.1068115234375, "grad_norm": 348.02352142333984, "explained_variance": 0.7517098188400269, "action_std_mean": 0.32903558015823364, "optimizer_iterations": 4.0, "lr": 8.324736000000001e-05}
{"step": 841728, "wall_time": 1790763000.7711573, "episodes_completed": 6.0, "mean_episode_reward": 67.58365933100383, "std_episode_reward": 110.85517725714588, "min_episode_reward": 9.037548065185547, "max_episode_reward": 314.9620666503906, "mean_episode_length": 88.16666666666667, "success_rate": 0.5, "collision_rate": 0.5, "out_of_bounds_rate": 0.0, "timeout_rate": 0.0, "policy_loss": 0.004627881571650505, "value_loss": 668.7782897949219, "entropy": 0.6144686043262482, "approx_kl": 0.012782225385308266, "clip_fraction": 0.107421875, "grad_norm": 279.0921630859375, "explained_variance": 0.7812249660491943, "action_std_mean": 0.32902953028678894, "optimizer_iterations": 4.0, "lr": 8.32064e-05}
{"step": 843776, "wall_time": 1790763008.023173, "episodes_completed": 6.0, "mean_episode_reward": 150.4992462793986, "std_episode_reward": 110.31710486615087, "min_episode_reward": -10.134363174438477, "max_episode_reward": 312.5289306640625, "mean_episode_length": 78.5, "success_rate": 0.6666666666666666, "collision_rate": 0.3333333333333333, "out_of_bounds_rate": 0.0, "timeout_rate": 0.0, "policy_loss": 0.01413661241531372, "value_loss": 383.2251510620117, "entropy": 0.6144326329231262, "approx_kl": 0.029812028631567955, "clip_fraction": 0.1754150390625, "grad_norm": 565.8233947753906, "explained_variance": 0.8471412062644958, "action_std_mean": 0.3290266692638397, "optimizer_iterations": 4.0, "lr": 8.316544000000001e-05}
{"step": 845824, "wall_time": 1790763015.19649, "episodes_completed": 2.0, "mean_episode_reward": 122.88952970504761, "std_episode_reward": 112.93107271194458, "min_episode_reward": 9.958456993103027, "max_episode_reward": 235.8206024169922, "mean_episode_length": 74.0, "success_rate": 1.0, "collision_rate": 0.0, "out_of_bounds_rate": 0.0, "timeout_rate": 0.0, "policy_loss": 0.0043332274071872234, "value_loss": 538.9131164550781, "entropy": 0.6144209802150726, "approx_kl": 0.011155625572428107, "clip_fraction": 0.1158447265625, "grad_norm": 226.6917495727539, "explained_variance": 0.8543421030044556, "action_std_mean": 0.3290194571018219, "optimizer_iterations": 4.0, "lr": 8.312448e-05}
{"step": 847872, "wall_time": 1790763022.3891509, "episodes_completed": 8.0, "mean_episode_reward": 124.4153911639005, "std_episode_reward": 188.77458989571136, "min_episode_reward": -10.018024444580078, "max_episode_reward": 499.0236511230469, "mean_episode_length": 84.125, "success_rate": 0.5, "collision_rate": 0.375, "out_of_bounds_rate": 0.0, "timeout_rate": 0.125, "policy_loss": 0.011921810917556286, "value_loss": 422.29212951660156, "entropy": 0.6143530607223511, "approx_kl": 0.024908506777137518, "clip_fraction": 0.1229248046875, "grad_norm": 405.8737258911133, "explained_variance": 0.8230214715003967, "action_std_mean": 0.32900309562683105, "optimizer_iterations": 4.0, "lr": 8.308352e-05}
{"step": 849920, "wall_time": 1790763029.5849385, "episodes_completed": 7.0, "mean_episode_reward": 108.39179308073861, "std_episode_reward": 140.18990955524418, "min_episode_reward": -2.433685541152954, "max_episode_reward": 325.46453857421875, "mean_episode_length": 89.0, "success_rate": 0.2857142857142857, "collision_rate": 0.42857142857142855, "out_of_bounds_rate": 0.0, "timeout_rate": 0.2857142857142857, "policy_loss": 0.0061019416898489, "value_loss": 779.0663146972656, "entropy": 0.6142438054084778, "approx_kl": 0.007639162475243211, "clip_fraction": 0.0728759765625, "grad_norm": 503.3465270996094, "explained_variance": 0.7828378677368164, "action_std_mean": 0.3289855122566223, "optimizer_iterations": 4.0, "lr": 8.304256000000001e-05}
{"step": 851968, "wall_time": 1790763036.776022, "episodes_completed": 11.0, "mean_episode_reward": 280.23764194141734, "std_episode_reward": 254.9798392557076, "min_episode_reward": -10.08110237121582, "max_episode_reward": 798.8870849609375, "mean_episode_length": 95.9090909090909, "success_rate": 0.2727272727272727, "collision_rate": 0.7272727272727273, "out_of_bounds_rate": 0.0, "timeout_rate": 0.0, "policy_loss": 0.001651938073337078, "value_loss": 1031.49462890625, "entropy": 0.6141513884067535, "approx_kl": 0.013767092779744416, "clip_fraction": 0.05712890625, "grad_norm": 618.9049987792969, "explained_variance": 0.7555067539215088, "action_std_mean": 0.3289754390716553, "optimizer_iterations": 4.0, "lr": 8.30016e-05}
{"step": 854016, "wall_time": 1790763044.00252, "episodes_completed": 4.0, "mean_episode_reward": 101.99663066864014, "std_episode_reward": 195.80559599080613, "min_episode_reward": -26.77068328857422, "max_episode_reward": 440.60986328125, "mean_episode_length": 68.75, "success_rate": 0.0, "collision_rate": 1.0, "out_of_bounds_rate": 0.0, "timeout_rate": 0.0, "policy_loss": 0.005131521262228489, "value_loss": 1519.108154296875, "entropy": 0.6140971183776855, "approx_kl": 0.02229493227787316, "clip_fraction": 0.0457763671875, "grad_norm": 583.7146224975586, "explained_variance": 0.6983641386032104, "action_std_mean": 0.32896748185157776, "optimizer_iterations": 4.0, "lr": 8.296064e-05}
{"step": 856064, "wall_time": 1790763051.2543762, "episodes_completed": 6.0, "mean_episode_reward": 179.3175914287567, "std_episode_reward": 235.15161467251036, "min_episode_reward": 4.1173272132873535, "max_episode_reward": 641.4888305664062, "mean_episode_length": 79.83333333333333, "success_rate": 0.6666666666666666, "collision_rate": 0.16666666666666666, "out_of_bounds_rate": 0.0, "timeout_rate": 0.16666666666666666, "policy_loss": 0.0017221071757376194, "value_loss": 1084.7895202636719, "entropy": 0.614044576883316, "approx_kl": 0.005359105416573584, "clip_fraction": 0.0340576171875, "grad_norm": 503.8343505859375, "explained_variance": 0.7058519124984741, "action_std_mean": 0.3289570212364197, "optimizer_iterations": 4.0, "lr": 8.291968000000002e-05}
{"step": 858112, "wall_time": 1790763058.3704143, "episodes_completed": 5.0, "mean_episode_reward": 242.93542938232423, "std_episode_reward": 143.7113727765036, "min_episode_reward": 21.210182189941406, "max_episode_reward": 408.12371826171875, "mean_episode_length": 131.4, "success_rate": 1.0, "collision_rate": 0.0, "out_of_bounds_rate": 0.0, "timeout_rate": 0.0, "policy_loss": 0.006546664051711559, "value_loss": 1404.9134826660156, "entropy": 0.6139761507511139, "approx_kl": 0.013579115737229586, "clip_fraction": 0.12109375, "grad_norm": 617.6610641479492, "explained_variance": 0.7657660245895386, "action_std_mean": 0.328946053981781, "optimizer_iterations": 4.0, "lr": 8.287872000000001e-05}
{"step": 860160, "wall_time": 1790763065.4769578, "episodes_completed": 5.0, "mean_episode_reward": 251.35159225463866, "std_episode_reward": 152.7367294721292, "min_episode_reward": 12.513683319091797, "max_episode_reward": 478.05755615234375, "mean_episode_length": 85.4, "success_rate": 1.0, "collision_rate": 0.0, "out_of_bounds_rate": 0.0, "timeout_rate": 0.0, "policy_loss": 0.002425102051347494, "value_loss": 1288.524658203125, "entropy": 0.6139165163040161, "approx_kl": 0.0044938865466974676, "clip_fraction": 0.0396728515625, "grad_norm": 652.720573425293, "explained_variance": 0.6890055537223816, "action_std_mean": 0.3289380669593811, "optimizer_iterations": 4.0, "lr": 8.283776e-05}
{"step": 862208, "wall_time": 1790763072.668963, "episodes_completed": 6.0, "mean_episode_reward": 225.20329729715982, "std_episode_reward": 172.98410723421733, "min_episode_reward": -19.767131805419922, "max_episode_reward": 404.7586364746094, "mean_episode_length": 121.33333333333333, "success_rate": 0.6666666666666666, "collision_rate": 0.3333333333333333, "out_of_bounds_rate": 0.0, "timeout_rate": 0.0, "policy_loss": 0.0025833765976130962, "value_loss": 737.9481964111328, "entropy": 0.6138691902160645, "approx_kl": 0.01808446430368349, "clip_fraction": 0.060546875, "grad_norm": 674.9295196533203, "explained_variance": 0.7177169322967529, "action_std_mean": 0.32893115282058716, "optimizer_iterations": 4.0, "lr": 8.279680000000001e-05}
{"step": 864256, "wall_time": 1790763079.777208, "episodes_completed": 5.0, "mean_episode_reward": 319.6468635559082, "std_episode_reward": 288.5708244849002, "min_episode_reward": 46.70843505859375, "max_episode_reward": 781.5769653320312, "mean_episode_length": 96.6, "success_rate": 0.0, "collision_rate": 1.0, "out_of_bounds_rate": 0.0, "timeout_rate": 0.0, "policy_loss": 0.007533106952905655, "value_loss": 704.6527404785156, "entropy": 0.6138220131397247, "approx_kl": 0.013291770941577852, "clip_fraction": 0.0704345703125, "grad_norm": 864.0743179321289, "explained_variance": 0.7253809571266174, "action_std_mean": 0.3289182186126709, "optimizer_iterations": 4.0, "lr": 8.275584000000001e-05}
{"step": 866304, "wall_time": 1790763086.8578289, "episodes_completed": 3.0, "mean_episode_reward": 602.6849670410156, "std_episode_reward": 259.97971760698476, "min_episode_reward": 310.9322204589844, "max_episode_reward": 942.3251953125, "mean_episode_length": 227.33333333333334, "success_rate": 0.6666666666666666, "collision_rate": 0.3333333333333333, "out_of_bounds_rate": 0.0, "timeout_rate": 0.0, "policy_loss": 0.0031001316383481026, "value_loss": 472.7408981323242, "entropy": 0.6137283742427826, "approx_kl": 0.0162806436419487, "clip_fraction": 0.0625, "grad_norm": 670.9704895019531, "explained_variance": 0.7786309123039246, "action_std_mean": 0.3289032578468323, "optimizer_iterations": 4.0, "lr": 8.271488e-05}
{"step": 868352, "wall_time": 1790763093.9705126, "episodes_completed": 5.0, "mean_episode_reward": 197.28639392852784, "std_episode_reward": 236.21174067677205, "min_episode_reward": -9.800004005432129, "max_episode_reward": 595.6242065429688, "mean_episode_length": 88.2, "success_rate": 0.2, "collision_rate": 0.8, "out_of_bounds_rate": 0.0, "timeout_rate": 0.0, "policy_loss": 0.0075493305921554565, "value_loss": 448.4493865966797, "entropy": 0.6136286556720734, "approx_kl": 0.03813826572149992, "clip_fraction": 0.132568359375, "grad_norm": 217.81122207641602, "explained_variance": 0.8264349699020386, "action_std_mean": 0.3288794159889221, "optimizer_iterations": 4.0, "lr": 8.267392000000001e-05}
{"step": 870400, "wall_time": 1790763101.1589708, "episodes_completed": 4.0, "mean_episode_reward": 273.2315855026245, "std_episode_reward": 334.63820042784397, "min_episode_reward": -24.241893768310547, "max_episode_reward": 824.0179443359375, "mean_episode_length": 144.5, "success_rate": 0.5, "collision_rate": 0.5, "out_of_bounds_rate": 0.0, "timeout_rate": 0.0, "policy_loss": -5.01071335747838e-05, "value_loss": 433.6929397583008, "entropy": 0.6134581863880157, "approx_kl": 0.004664625506848097, "clip_fraction": 0.0491943359375, "grad_norm": 243.04808044433594, "explained_variance": 0.8163777589797974, "action_std_mean": 0.32884299755096436, "optimizer_iterations": 4.0, "lr": 8.263296e-05}
{"step": 872448, "wall_time": 1790763108.2836244, "episodes_completed": 4.0, "mean_episode_reward": 135.15225452184677, "std_episode_reward": 156.59580686943025, "min_episode_reward": -1.7263116836547852, "max_episode_reward": 381.30548095703125, "mean_episode_length": 73.0, "success_rate": 0.25, "collision_rate": 0.5, "out_of_bounds_rate": 0.0, "timeout_rate": 0.25, "policy_loss": 0.003157605417072773, "value_loss": 1036.3244934082031, "entropy": 0.6132148206233978, "approx_kl": 0.011202322435565293, "clip_fraction": 0.0728759765625, "grad_norm": 439.8539810180664, "explained_variance": 0.7789325714111328, "action_std_mean": 0.3287985324859619, "optimizer_iterations": 4.0, "lr": 8.2592e-05}
{"step": 874496, "wall_time": 1790763115.3815305, "episodes_completed": 7.0, "mean_episode_reward": 228.52696437495095, "std_episode_reward": 204.42647833306012, "min_episode_reward": 1.3563607931137085, "max_episode_reward": 672.6126708984375, "mean_episode_length": 96.85714285714286, "success_rate": 0.42857142857142855, "collision_rate": 0.42857142857142855, "out_of_bounds_rate": 0.0, "timeout_rate": 0.14285714285714285, "policy_loss": 0.023391195572912693, "value_loss": 880.8563537597656, "entropy": 0.6129662692546844, "approx_kl": 0.02852175827138126, "clip_fraction": 0.1793212890625, "grad_norm": 377.88157653808594, "explained_variance": 0.7767736911773682, "action_std_mean": 0.3287679851055145, "optimizer_iterations": 4.0, "lr": 8.255104e-05}
{"step": 876544, "wall_time": 1790763122.5855126, "episodes_completed": 6.0, "mean_episode_reward": 374.21760900815326, "std_episode_reward": 264.81836981431184, "min_episode_reward": -5.785311222076416, "max_episode_reward": 764.1707153320312, "mean_episode_length": 111.16666666666667, "success_rate": 0.0, "collision_rate": 0.8333333333333334, "out_of_bounds_rate": 0.0, "timeout_rate": 0.16666666666666666, "policy_loss": 0.0027138767763972282, "value_loss": 1366.3359069824219, "entropy": 0.6128067076206207, "approx_kl": 0.006965078297071159, "clip_fraction": 0.0670166015625, "grad_norm": 436.59952545166016, "explained_variance": 0.7334775924682617, "action_std_mean": 0.3287431299686432, "optimizer_iterations": 4.0, "lr": 8.251008e-05}
{"step": 878592, "wall_time": 1790763129.7008684, "episodes_completed": 7.0, "mean_episode_reward": 213.40717097691126, "std_episode_reward": 149.03171880940286, "min_episode_reward": -15.394416809082031, "max_episode_reward": 417.60345458984375, "mean_episode_length": 84.57142857142857, "success_rate": 0.5714285714285714, "collision_rate": 0.42857142857142855, "out_of_bounds_rate": 0.0, "timeout_rate": 0.0, "policy_loss": -0.0013550757430493832, "value_loss": 1117.4832763671875, "entropy": 0.6126643419265747, "approx_kl": 0.005025208753068, "clip_fraction": 0.031494140625, "grad_norm": 443.60387420654297, "explained_variance": 0.7304753065109253, "action_std_mean": 0.32872503995895386, "optimizer_iterations": 4.0, "lr": 8.246912e-05}
{"step": 880640, "wall_time": 1790763136.8241394, "episodes_completed": 6.0, "mean_episode_reward": 220.81713326772055, "std_episode_reward": 252.899776699755, "min_episode_reward": 17.444950103759766, "max_episode_reward": 764.7623291015625, "mean_episode_length": 108.5, "success_rate": 0.8333333333333334, "collision_rate": 0.16666666666666666, "out_of_bounds_rate": 0.0, "timeout_rate": 0.0, "policy_loss": 0.0031435745768249035, "value_loss": 904.196044921875, "entropy": 0.612573504447937, "approx_kl": 0.0309144607745111, "clip_fraction": 0.074951171875, "grad_norm": 387.10501861572266, "explained_variance": 0.7472140789031982, "action_std_mean": 0.3287157118320465, "optimizer_iterations": 4.0, "lr": 8.242816e-05}
{"step": 882688, "wall_time": 1790763144.0900788, "episodes_completed": 6.0, "mean_episode_reward": 204.40644418696562, "std_episode_reward": 154.84528828803093, "min_episode_reward": 0.06333324313163757, "max_episode_reward": 439.78497314453125, "mean_episode_length": 106.0, "success_rate": 0.16666666666666666, "collision_rate": 0.6666666666666666, "out_of_bounds_rate": 0.0, "timeout_rate": 0.16666666666666666, "policy_loss": 0.010607589036226273, "value_loss": 953.3636932373047, "entropy": 0.6125204265117645, "approx_kl": 0.015286963665857911, "clip_fraction": 0.1414794921875, "grad_norm": 654.0553588867188, "explained_variance": 0.5836408138275146, "action_std_mean": 0.3287024199962616, "optimizer_iterations": 4.0, "lr": 8.23872e-05}
{"step": 884736, "wall_time": 1790763151.3296084, "episodes_completed": 7.0, "mean_episode_reward": 155.0933039528983, "std_episode_reward": 160.9730476874124, "min_episode_reward": -10.125407218933105, "max_episode_reward": 389.2975769042969, "mean_episode_length": 46.142857142857146, "success_rate": 0.2857142857142857, "collision_rate": 0.7142857142857143, "out_of_bounds_rate": 0.0, "timeout_rate": 0.0, "policy_loss": 0.0011343546211719513, "value_loss": 1187.8025817871094, "entropy": 0.6124288439750671, "approx_kl": 0.008736662566661835, "clip_fraction": 0.0673828125, "grad_norm": 532.9981918334961, "explained_variance": 0.5661934018135071, "action_std_mean": 0.32869279384613037, "optimizer_iterations": 4.0, "lr": 8.234624e-05}
{"step": 886784, "wall_time": 1790763158.4842281, "episodes_completed": 6.0, "mean_episode_reward": 203.7983214855194, "std_episode_reward": 238.82082962085093, "min_episode_reward": -3.4349474906921387, "max_episode_reward": 657.7059326171875, "mean_episode_length": 103.5, "success_rate": 0.6666666666666666, "collision_rate": 0.3333333333333333, "out_of_bounds_rate": 0.0, "timeout_rate": 0.0, "policy_loss": 0.003167100250720978, "value_loss": 1112.8514709472656, "entropy": 0.6123860478401184, "approx_kl": 0.004984144470654428, "clip_fraction": 0.0587158203125, "grad_norm": 682.205924987793, "explained_variance": 0.6638562679290771, "action_std_mean": 0.32868289947509766, "optimizer_iterations": 4.0, "lr": 8.230528000000001e-05}
{"step": 888832, "wall_time": 1790763165.7458262, "episodes_completed": 9.0, "mean_episode_reward": 193.7763917711046, "std_episode_reward": 201.48454570743615, "min_episode_reward": -6.102961540222168, "max_episode_reward": 660.6792602539062, "mean_episode_length": 74.11111111111111, "success_rate": 0.6666666666666666, "collision_rate": 0.3333333333333333, "out_of_bounds_rate": 0.0, "timeout_rate": 0.0, "policy_loss": 0.005661057308316231, "value_loss": 943.0548858642578, "entropy": 0.612327516078949, "approx_kl": 0.014726039138622582, "clip_fraction": 0.075439453125, "grad_norm": 543.0520324707031, "explained_variance": 0.6377233266830444, "action_std_mean": 0.3286852538585663, "optimizer_iterations": 4.0, "lr": 8.226432e-05}
{"step": 890880, "wall_time": 1790763173.0720701, "episodes_completed": 6.0, "mean_episode_reward": 186.59636624654135, "std_episode_reward": 105.9519136222711, "min_episode_reward": 0.7113609313964844, "max_episode_reward": 319.5528259277344, "mean_episode_length": 98.33333333333333, "success_rate": 0.5, "collision_rate": 0.5, "out_of_bounds_rate": 0.0, "timeout_rate": 0.0, "policy_loss": 0.0016949186101555824, "value_loss": 391.9015197753906, "entropy": 0.6123878359794617, "approx_kl": 0.006096830009482801, "clip_fraction": 0.052978515625, "grad_norm": 691.2145385742188, "explained_variance": 0.7487006187438965, "action_std_mean": 0.32869645953178406, "optimizer_iterations": 4.0, "lr": 8.222336e-05}
{"step": 892928, "wall_time": 1790763180.4100204, "episodes_completed": 2.0, "mean_episode_reward": 604.9713134765625, "std_episode_reward": 26.0888671875, "min_episode_reward": 578.8824462890625, "max_episode_reward": 631.0601806640625, "mean_episode_length": 162.0, "success_rate": 0.5, "collision_rate": 0.5, "out_of_bounds_rate": 0.0, "timeout_rate": 0.0, "policy_loss": 0.020375356078147888, "value_loss": 512.8027191162109, "entropy": 0.6124304234981537, "approx_kl": 0.04702037386596203, "clip_fraction": 0.2161865234375, "grad_norm": 818.3745193481445, "explained_variance": 0.7419906854629517, "action_std_mean": 0.3286978006362915, "optimizer_iterations": 4.0, "lr": 8.218240000000001e-05}
{"step": 894976, "wall_time": 1790763187.776161, "episodes_completed": 1.0, "mean_episode_reward": 486.3013000488281, "std_episode_reward": 0.0, "min_episode_reward": 486.3013000488281, "max_episode_reward": 486.3013000488281, "mean_episode_length": 147.0, "success_rate": 1.0, "collision_rate": 0.0, "out_of_bounds_rate": 0.0, "timeout_rate": 0.0, "policy_loss": 0.012663009110838175, "value_loss": 479.88282775878906, "entropy": 0.6124280691146851, "approx_kl": 0.0320469755679369, "clip_fraction": 0.2181396484375, "grad_norm": 599.0020065307617, "explained_variance": 0.810053825378418, "action_std_mean": 0.32869672775268555, "optimizer_iterations": 4.0, "lr": 8.214144e-05}
{"step": 897024, "wall_time": 1790763195.1499045, "episodes_completed": 3.0, "mean_episode_reward": 552.4417215983073, "std_episode_reward": 214.17542576806932, "min_episode_reward": 297.0622253417969, "max_episode_reward": 821.1727905273438, "mean_episode_length": 174.33333333333334, "success_rate": 0.6666666666666666, "collision_rate": 0.3333333333333333, "out_of_bounds_rate": 0.0, "timeout_rate": 0.0, "policy_loss": 0.009244795888662338, "value_loss": 564.0567474365234, "entropy": 0.6124149858951569, "approx_kl": 0.02026167092844844, "clip_fraction": 0.1756591796875, "grad_norm": 384.6206283569336, "explained_variance": 0.8303643465042114, "action_std_mean": 0.32868677377700806, "optimizer_iterations": 4.0, "lr": 8.210048e-05}
{"step": 899072, "wall_time": 1790763202.367173, "episodes_completed": 5.0, "mean_episode_reward": 401.73912811279297, "std_episode_reward": 298.48699745478655, "min_episode_reward": -18.94499969482422, "max_episode_reward": 862.121826171875, "mean_episode_length": 149.2, "success_rate": 0.8, "collision_rate": 0.2, "out_of_bounds_rate": 0.0, "timeout_rate": 0.0, "policy_loss": 0.03293691948056221, "value_loss": 621.6098175048828, "entropy": 0.612339586019516, "approx_kl": 0.05887369625270367, "clip_fraction": 0.240478515625, "grad_norm": 519.1612243652344, "explained_variance": 0.8329459428787231, "action_std_mean": 0.32867732644081116, "optimizer_iterations": 4.0, "lr": 8.205952e-05}
{"step": 901120, "wall_time": 1790763209.5308123, "episodes_completed": 7.0, "mean_episode_reward": 203.11799825940813, "std_episode_reward": 202.016539542955, "min_episode_reward": -9.872145652770996, "max_episode_reward": 492.2480773925781, "mean_episode_length": 93.71428571428571, "success_rate": 0.42857142857142855, "collision_rate": 0.5714285714285714, "out_of_bounds_rate": 0.0, "timeout_rate": 0.0, "policy_loss": -0.0001012787688523531, "value_loss": 838.7533111572266, "entropy": 0.6123033165931702, "approx_kl": 0.0061246976256370544, "clip_fraction": 0.060791015625, "grad_norm": 362.09342193603516, "explained_variance": 0.8186925053596497, "action_std_mean": 0.32867303490638733, "optimizer_iterations": 4.0, "lr": 8.201856e-05}
{"step": 903168, "wall_time": 1790763216.8207803, "episodes_completed": 9.0, "mean_episode_reward": 275.30893907282086, "std_episode_reward": 310.8129915394338, "min_episode_reward": -10.079520225524902, "max_episode_reward": 724.6707763671875, "mean_episode_length": 114.22222222222223, "success_rate": 0.4444444444444444, "collision_rate": 0.3333333333333333, "out_of_bounds_rate": 0.0, "timeout_rate": 0.2222222222222222, "policy_loss": 0.01650426723062992, "value_loss": 1094.0355224609375, "entropy": 0.6122714877128601, "approx_kl": 0.02472979878075421, "clip_fraction": 0.1666259765625, "grad_norm": 442.0624237060547, "explained_variance": 0.7697640061378479, "action_std_mean": 0.3286655843257904, "optimizer_iterations": 4.0, "lr": 8.19776e-05}
{"step": 905216, "wall_time": 1790763224.2131445, "episodes_completed": 5.0, "mean_episode_reward": 457.5791520357132, "std_episode_reward": 272.62634626686025, "min_episode_reward": -1.272178053855896, "max_episode_reward": 802.9492797851562, "mean_episode_length": 158.0, "success_rate": 0.8, "collision_rate": 0.0, "out_of_bounds_rate": 0.0, "timeout_rate": 0.2, "policy_loss": 0.0023111123591661453, "value_loss": 1428.7776184082031, "entropy": 0.6122359931468964, "approx_kl": 0.0048789180582389235, "clip_fraction": 0.047607421875, "grad_norm": 621.8396224975586, "explained_variance": 0.6452814340591431, "action_std_mean": 0.328664094209671, "optimizer_iterations": 4.0, "lr": 8.193664000000001e-05}
{"step": 907264, "wall_time": 1790763231.3770518, "episodes_completed": 3.0, "mean_episode_reward": 262.9631093343099, "std_episode_reward": 41.070505660769605, "min_episode_reward": 207.58338928222656, "max_episode_reward": 305.81854248046875, "mean_episode_length": 74.66666666666667, "success_rate": 0.6666666666666666, "collision_rate": 0.3333333333333333, "out_of_bounds_rate": 0.0, "timeout_rate": 0.0, "policy_loss": 0.0008766716346144676, "value_loss": 1575.2929382324219, "entropy": 0.6122410297393799, "approx_kl": 0.007159265864174813, "clip_fraction": 0.089599609375, "grad_norm": 591.5601196289062, "explained_variance": 0.6033797264099121, "action_std_mean": 0.3286662995815277, "optimizer_iterations": 4.0, "lr": 8.189568000000001e-05}
{"step": 909312, "wall_time": 1790763238.5367975, "episodes_completed": 4.0, "mean_episode_reward": 479.892822265625, "std_episode_reward": 166.7100747964853, "min_episode_reward": 225.35699462890625, "max_episode_reward": 679.4124145507812, "mean_episode_length": 137.0, "success_rate": 0.5, "collision_rate": 0.5, "out_of_bounds_rate": 0.0, "timeout_rate": 0.0, "policy_loss": 0.006704993196763098, "value_loss": 1036.7332458496094, "entropy": 0.6122653186321259, "approx_kl": 0.008126326836645603, "clip_fraction": 0.0860595703125, "grad_norm": 440.44788360595703, "explained_variance": 0.7262043952941895, "action_std_mean": 0.3286778926849365, "optimizer_iterations": 4.0, "lr": 8.185472e-05}
{"step": 911360, "wall_time": 1790763245.7816584, "episodes_completed": 7.0, "mean_episode_reward": 202.41874313354492, "std_episode_reward": 115.5509813466324, "min_episode_reward": 19.55801010131836, "max_episode_reward": 352.33441162109375, "mean_episode_length": 77.0, "success_rate": 0.5714285714285714, "collision_rate": 0.42857142857142855, "out_of_bounds_rate": 0.0, "timeout_rate": 0.0, "policy_loss": 0.011584950087126344, "value_loss": 808.6557922363281, "entropy": 0.6123663783073425, "approx_kl": 0.046201569959521294, "clip_fraction": 0.0889892578125, "grad_norm": 387.7981643676758, "explained_variance": 0.7579635977745056, "action_std_mean": 0.32870006561279297, "optimizer_iterations": 4.0, "lr": 8.181376000000001e-05}
{"step": 913408, "wall_time": 1790763252.9822035, "episodes_completed": 5.0, "mean_episode_reward": 118.1989933013916, "std_episode_reward": 110.82901767566244, "min_episode_reward": -6.510309219360352, "max_episode_reward": 261.5205993652344, "mean_episode_length": 93.0, "success_rate": 0.8, "collision_rate": 0.2, "out_of_bounds_rate": 0.0, "timeout_rate": 0.0, "policy_loss": 0.005589917302131653, "value_loss": 696.4089965820312, "entropy": 0.6124997437000275, "approx_kl": 0.01565161719918251, "clip_fraction": 0.124267578125, "grad_norm": 445.35886001586914, "explained_variance": 0.8288058042526245, "action_std_mean": 0.3287179172039032, "optimizer_iterations": 4.0, "lr": 8.17728e-05}
{"step": 915456, "wall_time": 1790763260.2286086, "episodes_completed": 10.0, "mean_episode_reward": 133.43413257598877, "std_episode_reward": 126.80137144528321, "min_episode_reward": -9.983546257019043, "max_episode_reward": 365.3038024902344, "mean_episode_length": 53.5, "success_rate": 0.6, "collision_rate": 0.4, "out_of_bounds_rate": 0.0, "timeout_rate": 0.0, "policy_loss": 0.007407531142234802, "value_loss": 718.3383331298828, "entropy": 0.6125992238521576, "approx_kl": 0.016591079416684806, "clip_fraction": 0.04541015625, "grad_norm": 414.2152976989746, "explained_variance": 0.7866447567939758, "action_std_mean": 0.3287353515625, "optimizer_iterations": 4.0, "lr": 8.173184e-05}
{"step": 917504, "wall_time": 1790763267.4538748, "episodes_completed": 6.0, "mean_episode_reward": 310.6906598409017, "std_episode_reward": 251.8524756889217, "min_episode_reward": -33.620521545410156, "max_episode_reward": 791.389892578125, "mean_episode_length": 151.33333333333334, "success_rate": 0.8333333333333334, "collision_rate": 0.16666666666666666, "out_of_bounds_rate": 0.0, "timeout_rate": 0.0, "policy_loss": 0.002439456060528755, "value_loss": 674.9809112548828, "entropy": 0.6127145886421204, "approx_kl": 0.003821863530902192, "clip_fraction": 0.0406494140625, "grad_norm": 369.51329040527344, "explained_variance": 0.8172388076782227, "action_std_mean": 0.32875335216522217, "optimizer_iterations": 4.0, "lr": 8.169088e-05}
{"step": 919552, "wall_time": 1790763274.751736, "episodes_completed": 8.0, "mean_episode_reward": 248.59560456871986, "std_episode_reward": 210.93068875501208, "min_episode_reward": -2.7333199977874756, "max_episode_reward": 589.317138671875, "mean_episode_length": 85.75, "success_rate": 0.5, "collision_rate": 0.375, "out_of_bounds_rate": 0.0, "timeout_rate": 0.125, "policy_loss": 0.0037483181804418564, "value_loss": 720.6740112304688, "entropy": 0.6127936244010925, "approx_kl": 0.007111655781045556, "clip_fraction": 0.0555419921875, "grad_norm": 342.0293426513672, "explained_variance": 0.797593355178833, "action_std_mean": 0.32875463366508484, "optimizer_iterations": 4.0, "lr": 8.164992e-05}
{"step": 921600, "wall_time": 1790763281.9633048, "episodes_completed": 5.0, "mean_episode_reward": 184.84548797607422, "std_episode_reward": 160.11330229190042, "min_episode_reward": 24.130226135253906, "max_episode_reward": 453.5846862792969, "mean_episode_length": 81.4, "success_rate": 0.8, "collision_rate": 0.2, "out_of_bounds_rate": 0.0, "timeout_rate": 0.0, "policy_loss": 0.004052384989336133, "value_loss": 828.2656402587891, "entropy": 0.6127763092517853, "approx_kl": 0.010343621484935284, "clip_fraction": 0.0872802734375, "grad_norm": 350.68448638916016, "explained_variance": 0.8256266117095947, "action_std_mean": 0.3287496566772461, "optimizer_iterations": 4.0, "lr": 8.160896e-05}
{"step": 923648, "wall_time": 1790763289.0977068, "episodes_completed": 2.0, "mean_episode_reward": 334.0179994106293, "std_episode_reward": 335.7360899448395, "min_episode_reward": -1.718090534210205, "max_episode_reward": 669.7540893554688, "mean_episode_length": 134.5, "success_rate": 0.5, "collision_rate": 0.0, "out_of_bounds_rate": 0.0, "timeout_rate": 0.5, "policy_loss": 0.0013511721044778824, "value_loss": 823.6903381347656, "entropy": 0.6127349138259888, "approx_kl": 0.007600035984069109, "clip_fraction": 0.046630859375, "grad_norm": 387.6876449584961, "explained_variance": 0.821058988571167, "action_std_mean": 0.3287387788295746, "optimizer_iterations": 4.0, "lr": 8.1568e-05}
{"step": 925696, "wall_time": 1790763296.3103123, "episodes_completed": 5.0, "mean_episode_reward": 96.57608985900879, "std_episode_reward": 99.07801178763752, "min_episode_reward": 15.487680435180664, "max_episode_reward": 284.92071533203125, "mean_episode_length": 46.2, "success_rate": 0.8, "collision_rate": 0.2, "out_of_bounds_rate": 0.0, "timeout_rate": 0.0, "policy_loss": 0.0005276805022731423, "value_loss": 852.3237152099609, "entropy": 0.6126602590084076, "approx_kl": 0.007598807686008513, "clip_fraction": 0.060546875, "grad_norm": 321.9562530517578, "explained_variance": 0.8134808540344238, "action_std_mean": 0.32872474193573, "optimizer_iterations": 4.0, "lr": 8.152704e-05}
{"step": 927744, "wall_time": 1790763303.5088758, "episodes_completed": 8.0, "mean_episode_reward": 216.15699258446693, "std_episode_reward": 208.67648571207044, "min_episode_reward": -9.871221542358398, "max_episode_reward": 537.7115478515625, "mean_episode_length": 105.5, "success_rate": 0.625, "collision_rate": 0.25, "out_of_bounds_rate": 0.0, "timeout_rate": 0.125, "policy_loss": -5.279248580336571e-05, "value_loss": 552.4493255615234, "entropy": 0.6125651597976685, "approx_kl": 0.003457418759353459, "clip_fraction": 0.04150390625, "grad_norm": 285.5680236816406, "explained_variance": 0.8422412872314453, "action_std_mean": 0.3287075161933899, "optimizer_iterations": 4.0, "lr": 8.148608e-05}
{"step": 929792, "wall_time": 1790763310.6656678, "episodes_completed": 8.0, "mean_episode_reward": 268.67516458034515, "std_episode_reward": 296.50659566048034, "min_episode_reward": -10.042075157165527, "max_episode_reward": 703.6591186523438, "mean_episode_length": 92.75, "success_rate": 0.625, "collision_rate": 0.375, "out_of_bounds_rate": 0.0, "timeout_rate": 0.0, "policy_loss": -0.0005117710679769516, "value_loss": 866.7969207763672, "entropy": 0.6124538481235504, "approx_kl": 0.004316650738473982, "clip_fraction": 0.0321044921875, "grad_norm": 348.86087799072266, "explained_variance": 0.8302465677261353, "action_std_mean": 0.3286895751953125, "optimizer_iterations": 4.0, "lr": 8.144512e-05}
{"step": 931840, "wall_time": 1790763317.7474306, "episodes_completed": 12.0, "mean_episode_reward": 168.15107236305872, "std_episode_reward": 162.38698703119297, "min_episode_reward": -9.979296684265137, "max_episode_reward": 554.7064819335938, "mean_episode_length": 56.333333333333336, "success_rate": 0.6666666666666666, "collision_rate": 0.25, "out_of_bounds_rate": 0.0, "timeout_rate": 0.08333333333333333, "policy_loss": 0.0007521668449044228, "value_loss": 802.2358093261719, "entropy": 0.6123469173908234, "approx_kl": 0.00660535111092031, "clip_fraction": 0.04931640625, "grad_norm": 329.2476119995117, "explained_variance": 0.8201712965965271, "action_std_mean": 0.32866960763931274, "optimizer_iterations": 4.0, "lr": 8.140416e-05}
{"step": 933888, "wall_time": 1790763324.9819436, "episodes_completed": 9.0, "mean_episode_reward": 181.19922298855252, "std_episode_reward": 171.98119865065541, "min_episode_reward": -14.830368041992188, "max_episode_reward": 480.58612060546875, "mean_episode_length": 63.888888888888886, "success_rate": 0.5555555555555556, "collision_rate": 0.3333333333333333, "out_of_bounds_rate": 0.0, "timeout_rate": 0.1111111111111111, "policy_loss": -0.0002359403297305107, "value_loss": 1342.828125, "entropy": 0.6122055351734161, "approx_kl": 0.0035577439848566428, "clip_fraction": 0.036376953125, "grad_norm": 825.0394134521484, "explained_variance": 0.7322251796722412, "action_std_mean": 0.328643798828125, "optimizer_iterations": 4.0, "lr": 8.13632e-05}
{"step": 935936, "wall_time": 1790763332.209494, "episodes_completed": 3.0, "mean_episode_reward": 314.2586275736491, "std_episode_reward": 400.00180128571924, "min_episode_reward": -22.174976348876953, "max_episode_reward": 876.3173828125, "mean_episode_length": 196.66666666666666, "success_rate": 0.6666666666666666, "collision_rate": 0.3333333333333333, "out_of_bounds_rate": 0.0, "timeout_rate": 0.0, "policy_loss": -0.0004976466298103333, "value_loss": 839.5215301513672, "entropy": 0.6120575666427612, "approx_kl": 0.004855486215092242, "clip_fraction": 0.047607421875, "grad_norm": 419.6546173095703, "explained_variance": 0.7767860889434814, "action_std_mean": 0.32862505316734314, "optimizer_iterations": 4.0, "lr": 8.132224000000001e-05}
{"step": 937984, "wall_time": 1790763339.3475158, "episodes_completed": 5.0, "mean_episode_reward": 292.53068568110467, "std_episode_reward": 297.98823869670275, "min_episode_reward": 0.18264898657798767, "max_episode_reward": 824.08203125, "mean_episode_length": 104.2, "success_rate": 0.4, "collision_rate": 0.4, "out_of_bounds_rate": 0.0, "timeout_rate": 0.2, "policy_loss": 0.007820520433597267, "value_loss": 1477.3250732421875, "entropy": 0.6119724214076996, "approx_kl": 0.015540407737717032, "clip_fraction": 0.0958251953125, "grad_norm": 569.4251327514648, "explained_variance": 0.744896650314331, "action_std_mean": 0.3286198079586029, "optimizer_iterations": 4.0, "lr": 8.128128e-05}
{"step": 940032, "wall_time": 1790763346.5846164, "episodes_completed": 8.0, "mean_episode_reward": 228.30736207962036, "std_episode_reward": 264.27887892571124, "min_episode_reward": -13.593544006347656, "max_episode_reward": 747.0844116210938, "mean_episode_length": 78.5, "success_rate": 0.875, "collision_rate": 0.125, "out_of_bounds_rate": 0.0, "timeout_rate": 0.0, "policy_loss": 0.0017194557003676891, "value_loss": 997.0611877441406, "entropy": 0.6119719445705414, "approx_kl": 0.0051575497491285205, "clip_fraction": 0.02978515625, "grad_norm": 391.25960540771484, "explained_variance": 0.8016714453697205, "action_std_mean": 0.3286290764808655, "optimizer_iterations": 4.0, "lr": 8.124032e-05}
{"step": 942080, "wall_time": 1790763353.7867916, "episodes_completed": 7.0, "mean_episode_reward": 175.17002391815186, "std_episode_reward": 172.43510299657487, "min_episode_reward": -10.13316535949707, "max_episode_reward": 497.2188720703125, "mean_episode_length": 70.42857142857143, "success_rate": 0.42857142857142855, "collision_rate": 0.5714285714285714, "out_of_bounds_rate": 0.0, "timeout_rate": 0.0, "policy_loss": 0.0014265072531998158, "value_loss": 692.6548919677734, "entropy": 0.6120120584964752, "approx_kl": 0.0090564985293895, "clip_fraction": 0.0614013671875, "grad_norm": 269.44317626953125, "explained_variance": 0.8302744626998901, "action_std_mean": 0.32862260937690735, "optimizer_iterations": 4.0, "lr": 8.119936e-05}
{"step": 944128, "wall_time": 1790763361.0671234, "episodes_completed": 7.0, "mean_episode_reward": 312.5417604446411, "std_episode_reward": 270.4477421575105, "min_episode_reward": 0.4210472106933594, "max_episode_reward": 834.2889404296875, "mean_episode_length": 112.71428571428571, "success_rate": 0.5714285714285714, "collision_rate": 0.2857142857142857, "out_of_bounds_rate": 0.0, "timeout_rate": 0.14285714285714285, "policy_loss": 0.0016799485310912132, "value_loss": 1180.4384765625, "entropy": 0.6119285225868225, "approx_kl": 0.053019567392766476, "clip_fraction": 0.1070556640625, "grad_norm": 478.6028823852539, "explained_variance": 0.8117291927337646, "action_std_mean": 0.3286055624485016, "optimizer_iterations": 4.0, "lr": 8.11584e-05}
{"step": 946176, "wall_time": 1790763368.2973404, "episodes_completed": 3.0, "mean_episode_reward": 49.20999558766683, "std_episode_reward": 76.77426715003664, "min_episode_reward": -10.075516700744629, "max_episode_reward": 157.62681579589844, "mean_episode_length": 20.0, "success_rate": 0.3333333333333333, "collision_rate": 0.6666666666666666, "out_of_bounds_rate": 0.0, "timeout_rate": 0.0, "policy_loss": 0.010052438825368881, "value_loss": 1358.3735961914062, "entropy": 0.6118270456790924, "approx_kl": 0.009757013875059783, "clip_fraction": 0.0965576171875, "grad_norm": 459.13819885253906, "explained_variance": 0.7602412700653076, "action_std_mean": 0.32859089970588684, "optimizer_iterations": 4.0, "lr": 8.111744e-05}
{"step": 948224, "wall_time": 1790763375.5876358, "episodes_completed": 11.0, "mean_episode_reward": 234.18563283573496, "std_episode_reward": 278.2824830459436, "min_episode_reward": -9.806774139404297, "max_episode_reward": 806.5913696289062, "mean_episode_length": 72.72727272727273, "success_rate": 0.6363636363636364, "collision_rate": 0.36363636363636365, "out_of_bounds_rate": 0.0, "timeout_rate": 0.0, "policy_loss": 0.013453517109155655, "value_loss": 981.8707122802734, "entropy": 0.6117580533027649, "approx_kl": 0.018674162216484547, "clip_fraction": 0.1502685546875, "grad_norm": 420.3529357910156, "explained_variance": 0.7589385509490967, "action_std_mean": 0.3285873532295227, "optimizer_iterations": 4.0, "lr": 8.107648000000001e-05}
{"step": 950272, "wall_time": 1790763382.931521, "episodes_completed": 10.0, "mean_episode_reward": 169.41736240386962, "std_episode_reward": 231.65167407345203, "min_episode_reward": -12.651571273803711, "max_episode_reward": 740.7192993164062, "mean_episode_length": 84.2, "success_rate": 0.4, "collision_rate": 0.5, "out_of_bounds_rate": 0.0, "timeout_rate": 0.1, "policy_loss": 0.010155755910091102, "value_loss": 683.6676025390625, "entropy": 0.611764132976532, "approx_kl": 0.01724151778034866, "clip_fraction": 0.1368408203125, "grad_norm": 387.47643280029297, "explained_variance": 0.7427343726158142, "action_std_mean": 0.328599750995636, "optimizer_iterations": 4.0, "lr": 8.103552000000001e-05}
{"step": 952320, "wall_time": 1790763390.2044587, "episodes_completed": 5.0, "mean_episode_reward": 206.88932361602784, "std_episode_reward": 249.7262288018703, "min_episode_reward": -7.402205467224121, "max_episode_reward": 675.9196166992188, "mean_episode_length": 73.8, "success_rate": 0.4, "collision_rate": 0.6, "out_of_bounds_rate": 0.0, "timeout_rate": 0.0, "policy_loss": 0.007741282228380442, "value_loss": 691.6149139404297, "entropy": 0.6118766367435455, "approx_kl": 0.011064426333177835, "clip_fraction": 0.0863037109375, "grad_norm": 565.9993362426758, "explained_variance": 0.6870976090431213, "action_std_mean": 0.32862094044685364, "optimizer_iterations": 4.0, "lr": 8.099456e-05}
{"step": 954368, "wall_time": 1790763397.5511024, "episodes_completed": 5.0, "mean_episode_reward": 136.67825679779054, "std_episode_reward": 170.52969121509693, "min_episode_reward": -10.516108512878418, "max_episode_reward": 429.6241760253906, "mean_episode_length": 120.8, "success_rate": 0.2, "collision_rate": 0.8, "out_of_bounds_rate": 0.0, "timeout_rate": 0.0, "policy_loss": 0.016850465908646584, "value_loss": 1100.4403381347656, "entropy": 0.6119954586029053, "approx_kl": 0.02659659832715988, "clip_fraction": 0.1436767578125, "grad_norm": 1144.55078125, "explained_variance": 0.6999427676200867, "action_std_mean": 0.328632652759552, "optimizer_iterations": 4.0, "lr": 8.095360000000001e-05}
{"step": 956416, "wall_time": 1790763404.6550863, "episodes_completed": 7.0, "mean_episode_reward": 307.793502671378, "std_episode_reward": 217.59254000323898, "min_episode_reward": -9.906388282775879, "max_episode_reward": 672.6802978515625, "mean_episode_length": 94.14285714285714, "success_rate": 0.7142857142857143, "collision_rate": 0.2857142857142857, "out_of_bounds_rate": 0.0, "timeout_rate": 0.0, "policy_loss": -0.0012117880396544933, "value_loss": 938.0456085205078, "entropy": 0.6120564937591553, "approx_kl": 0.009907551109790802, "clip_fraction": 0.0567626953125, "grad_norm": 371.71551513671875, "explained_variance": 0.7943368554115295, "action_std_mean": 0.32864296436309814, "optimizer_iterations": 4.0, "lr": 8.091264e-05}
{"step": 958464, "wall_time": 1790763411.8506258, "episodes_completed": 6.0, "mean_episode_reward": 228.38601144154867, "std_episode_reward": 302.1591643944995, "min_episode_reward": -17.250648498535156, "max_episode_reward": 786.3804321289062, "mean_episode_length": 97.16666666666667, "success_rate": 0.5, "collision_rate": 0.5, "out_of_bounds_rate": 0.0, "timeout_rate": 0.0, "policy_loss": 0.006482180207967758, "value_loss": 920.17919921875, "entropy": 0.6121183037757874, "approx_kl": 0.012496266746893525, "clip_fraction": 0.0947265625, "grad_norm": 493.5975875854492, "explained_variance": 0.7601715922355652, "action_std_mean": 0.32865190505981445, "optimizer_iterations": 4.0, "lr": 8.087168e-05}
{"step": 960512, "wall_time": 1790763419.089299, "episodes_completed": 5.0, "mean_episode_reward": 261.83435401916506, "std_episode_reward": 157.94170773878727, "min_episode_reward": -9.878385543823242, "max_episode_reward": 433.8367919921875, "mean_episode_length": 89.6, "success_rate": 0.8, "collision_rate": 0.2, "out_of_bounds_rate": 0.0, "timeout_rate": 0.0, "policy_loss": 0.009777333587408066, "value_loss": 519.1396942138672, "entropy": 0.6121754050254822, "approx_kl": 0.17415541410446167, "clip_fraction": 0.14013671875, "grad_norm": 475.577205657959, "explained_variance": 0.8542336225509644, "action_std_mean": 0.32866132259368896, "optimizer_iterations": 4.0, "lr": 8.083072e-05}
{"step": 962560, "wall_time": 1790763426.421288, "episodes_completed": 5.0, "mean_episode_reward": 130.00242545604706, "std_episode_reward": 194.74503555777332, "min_episode_reward": -6.675886154174805, "max_episode_reward": 506.612060546875, "mean_episode_length": 134.4, "success_rate": 0.2, "collision_rate": 0.6, "out_of_bounds_rate": 0.0, "timeout_rate": 0.2, "policy_loss": 0.0013809604570269585, "value_loss": 904.8987121582031, "entropy": 0.6122304499149323, "approx_kl": 0.005065166769782081, "clip_fraction": 0.054443359375, "grad_norm": 335.47906494140625, "explained_variance": 0.8368242383003235, "action_std_mean": 0.32867270708084106, "optimizer_iterations": 4.0, "lr": 8.078976e-05}
{"step": 964608, "wall_time": 1790763433.6001768, "episodes_completed": 8.0, "mean_episode_reward": 163.53819108009338, "std_episode_reward": 179.62549442364323, "min_episode_reward": -7.899288177490234, "max_episode_reward": 544.6654663085938, "mean_episode_length": 78.5, "success_rate": 0.5, "collision_rate": 0.5, "out_of_bounds_rate": 0.0, "timeout_rate": 0.0, "policy_loss": -0.00077839195728302, "value_loss": 1020.5291290283203, "entropy": 0.6123067736625671, "approx_kl": 0.003841330442810431, "clip_fraction": 0.0367431640625, "grad_norm": 448.900390625, "explained_variance": 0.7876008152961731, "action_std_mean": 0.32868534326553345, "optimizer_iterations": 4.0, "lr": 8.074880000000001e-05}
{"step": 966656, "wall_time": 1790763440.7293317, "episodes_completed": 3.0, "mean_episode_reward": 195.01001993815103, "std_episode_reward": 119.50333892135687, "min_episode_reward": 84.82284545898438, "max_episode_reward": 361.0795593261719, "mean_episode_length": 104.0, "success_rate": 1.0, "collision_rate": 0.0, "out_of_bounds_rate": 0.0, "timeout_rate": 0.0, "policy_loss": 0.012526222039014101, "value_loss": 971.9235076904297, "entropy": 0.6123742759227753, "approx_kl": 0.017246824456378818, "clip_fraction": 0.1602783203125, "grad_norm": 369.2665252685547, "explained_variance": 0.8476760387420654, "action_std_mean": 0.3286992311477661, "optimizer_iterations": 4.0, "lr": 8.070784e-05}
{"step": 968704, "wall_time": 1790763447.9333973, "episodes_completed": 2.0, "mean_episode_reward": 434.4969024658203, "std_episode_reward": 263.4945526123047, "min_episode_reward": 171.00234985351562, "max_episode_reward": 697.991455078125, "mean_episode_length": 134.0, "success_rate": 1.0, "collision_rate": 0.0, "out_of_bounds_rate": 0.0, "timeout_rate": 0.0, "policy_loss": 0.009796224534511566, "value_loss": 892.1943054199219, "entropy": 0.6124666035175323, "approx_kl": 0.02580291125923395, "clip_fraction": 0.09033203125, "grad_norm": 344.5026092529297, "explained_variance": 0.8502281308174133, "action_std_mean": 0.32871079444885254, "optimizer_iterations": 4.0, "lr": 8.066688e-05}
{"step": 970752, "wall_time": 1790763455.0637844, "episodes_completed": 5.0, "mean_episode_reward": 209.7085739135742, "std_episode_reward": 181.50925582049717, "min_episode_reward": 93.34307861328125, "max_episode_reward": 570.7451171875, "mean_episode_length": 93.4, "success_rate": 0.2, "collision_rate": 0.8, "out_of_bounds_rate": 0.0, "timeout_rate": 0.0, "policy_loss": 0.004812473664060235, "value_loss": 703.7019348144531, "entropy": 0.6125288307666779, "approx_kl": 0.03736760746687651, "clip_fraction": 0.1025390625, "grad_norm": 257.0765609741211, "explained_variance": 0.823204755783081, "action_std_mean": 0.32872703671455383, "optimizer_iterations": 4.0, "lr": 8.062592e-05}
{"step": 972800, "wall_time": 1790763462.1841147, "episodes_completed": 5.0, "mean_episode_reward": 227.51345553398133, "std_episode_reward": 190.15659030670415, "min_episode_reward": -0.680349588394165, "max_episode_reward": 505.3562316894531, "mean_episode_length": 94.4, "success_rate": 0.4, "collision_rate": 0.4, "out_of_bounds_rate": 0.0, "timeout_rate": 0.2, "policy_loss": 0.0003188536502420902, "value_loss": 763.9455261230469, "entropy": 0.612649530172348, "approx_kl": 0.005731014418415725, "clip_fraction": 0.0540771484375, "grad_norm": 489.4741516113281, "explained_variance": 0.8024708032608032, "action_std_mean": 0.3287461996078491, "optimizer_iterations": 4.0, "lr": 8.058496e-05}
{"step": 974848, "wall_time": 1790763469.3108854, "episodes_completed": 10.0, "mean_episode_reward": 144.49615650177003, "std_episode_reward": 161.07959452540507, "min_episode_reward": -10.040576934814453, "max_episode_reward": 515.64453125, "mean_episode_length": 74.0, "success_rate": 0.6, "collision_rate": 0.2, "out_of_bounds_rate": 0.0, "timeout_rate": 0.2, "policy_loss": 0.004707776824943721, "value_loss": 622.968505859375, "entropy": 0.6127276122570038, "approx_kl": 0.015551640884950757, "clip_fraction": 0.047119140625, "grad_norm": 336.2829895019531, "explained_variance": 0.8344398140907288, "action_std_mean": 0.3287483751773834, "optimizer_iterations": 4.0, "lr": 8.054399999999999e-05}
{"step": 976896, "wall_time": 1790763476.5720885, "episodes_completed": 7.0, "mean_episode_reward": 151.94201592036657, "std_episode_reward": 132.38773816772382, "min_episode_reward": -10.050600051879883, "max_episode_reward": 330.6258239746094, "mean_episode_length": 47.714285714285715, "success_rate": 0.2857142857142857, "collision_rate": 0.7142857142857143, "out_of_bounds_rate": 0.0, "timeout_rate": 0.0, "policy_loss": 0.005233659641817212, "value_loss": 972.6370086669922, "entropy": 0.6127409040927887, "approx_kl": 0.009527046699076891, "clip_fraction": 0.0762939453125, "grad_norm": 347.29749298095703, "explained_variance": 0.7700673341751099, "action_std_mean": 0.3287579417228699, "optimizer_iterations": 4.0, "lr": 8.050304e-05}
{"step": 978944, "wall_time": 1790763483.837531, "episodes_completed": 8.0, "mean_episode_reward": 157.83287459611893, "std_episode_reward": 195.5294105295684, "min_episode_reward": -12.720346450805664, "max_episode_reward": 616.2166137695312, "mean_episode_length": 94.875, "success_rate": 0.375, "collision_rate": 0.5, "out_of_bounds_rate": 0.0, "timeout_rate": 0.125, "policy_loss": 0.005797270685434341, "value_loss": 1142.8399047851562, "entropy": 0.6128269135951996, "approx_kl": 0.012404977576807141, "clip_fraction": 0.0684814453125, "grad_norm": 462.1138610839844, "explained_variance": 0.697106659412384, "action_std_mean": 0.32877349853515625, "optimizer_iterations": 4.0, "lr": 8.046208000000001e-05}
{"step": 980992, "wall_time": 1790763491.0028923, "episodes_completed": 8.0, "mean_episode_reward": 287.0137963294983, "std_episode_reward": 223.83593101515956, "min_episode_reward": -9.921260833740234, "max_episode_reward": 639.05078125, "mean_episode_length": 83.875, "success_rate": 0.625, "collision_rate": 0.375, "out_of_bounds_rate": 0.0, "timeout_rate": 0.0, "policy_loss": 0.018136045895516872, "value_loss": 1250.5385131835938, "entropy": 0.6129019856452942, "approx_kl": 0.02814405271783471, "clip_fraction": 0.12841796875, "grad_norm": 597.3649597167969, "explained_variance": 0.5096923112869263, "action_std_mean": 0.3287774920463562, "optimizer_iterations": 4.0, "lr": 8.042112e-05}
{"step": 983040, "wall_time": 1790763498.3165822, "episodes_completed": 6.0, "mean_episode_reward": 369.235876083374, "std_episode_reward": 346.75412487838526, "min_episode_reward": 15.43539047241211, "max_episode_reward": 953.7513427734375, "mean_episode_length": 112.0, "success_rate": 0.6666666666666666, "collision_rate": 0.3333333333333333, "out_of_bounds_rate": 0.0, "timeout_rate": 0.0, "policy_loss": 0.00406400952488184, "value_loss": 1113.7399291992188, "entropy": 0.6128993630409241, "approx_kl": 0.020597904454916716, "clip_fraction": 0.1334228515625, "grad_norm": 523.7166442871094, "explained_variance": 0.6751996278762817, "action_std_mean": 0.3287699818611145, "optimizer_iterations": 4.0, "lr": 8.038016000000001e-05}
{"step": 985088, "wall_time": 1790763505.6559594, "episodes_completed": 4.0, "mean_episode_reward": 395.48631477355957, "std_episode_reward": 274.69436086606146, "min_episode_reward": 16.92823028564453, "max_episode_reward": 711.0625, "mean_episode_length": 128.0, "success_rate": 0.25, "collision_rate": 0.75, "out_of_bounds_rate": 0.0, "timeout_rate": 0.0, "policy_loss": 0.003606890211813152, "value_loss": 770.9738006591797, "entropy": 0.6128358244895935, "approx_kl": 0.003825377789326012, "clip_fraction": 0.0384521484375, "grad_norm": 568.4943923950195, "explained_variance": 0.7754957675933838, "action_std_mean": 0.3287549316883087, "optimizer_iterations": 4.0, "lr": 8.03392e-05}
{"step": 987136, "wall_time": 1790763512.9121306, "episodes_completed": 5.0, "mean_episode_reward": 179.32040462493896, "std_episode_reward": 159.78285187836605, "min_episode_reward": 10.843810081481934, "max_episode_reward": 374.3470458984375, "mean_episode_length": 56.0, "success_rate": 0.6, "collision_rate": 0.4, "out_of_bounds_rate": 0.0, "timeout_rate": 0.0, "policy_loss": 0.004086668021045625, "value_loss": 930.9212799072266, "entropy": 0.6127438545227051, "approx_kl": 0.007942016003653407, "clip_fraction": 0.060791015625, "grad_norm": 443.0110549926758, "explained_variance": 0.807221531867981, "action_std_mean": 0.32873988151550293, "optimizer_iterations": 4.0, "lr": 8.029824e-05}
{"step": 989184, "wall_time": 1790763520.1572022, "episodes_completed": 6.0, "mean_episode_reward": 317.85264078776044, "std_episode_reward": 279.577011556419, "min_episode_reward": -17.814434051513672, "max_episode_reward": 707.94482421875, "mean_episode_length": 115.16666666666667, "success_rate": 0.3333333333333333, "collision_rate": 0.6666666666666666, "out_of_bounds_rate": 0.0, "timeout_rate": 0.0, "policy_loss": 0.0037680636160075665, "value_loss": 775.3981170654297, "entropy": 0.6126661002635956, "approx_kl": 0.006655833451077342, "clip_fraction": 0.0701904296875, "grad_norm": 488.60562896728516, "explained_variance": 0.8123415112495422, "action_std_mean": 0.3287322223186493, "optimizer_iterations": 4.0, "lr": 8.025728000000001e-05}
{"step": 991232, "wall_time": 1790763527.3734477, "episodes_completed": 9.0, "mean_episode_reward": 139.45340336693658, "std_episode_reward": 253.71921710523318, "min_episode_reward": -25.770172119140625, "max_episode_reward": 820.8391723632812, "mean_episode_length": 78.88888888888889, "success_rate": 0.3333333333333333, "collision_rate": 0.6666666666666666, "out_of_bounds_rate": 0.0, "timeout_rate": 0.0, "policy_loss": 0.009059322997927666, "value_loss": 707.667724609375, "entropy": 0.6126244962215424, "approx_kl": 0.009921063086949289, "clip_fraction": 0.10205078125, "grad_norm": 380.05210876464844, "explained_variance": 0.816737174987793, "action_std_mean": 0.32872068881988525, "optimizer_iterations": 4.0, "lr": 8.021632e-05}
{"step": 993280, "wall_time": 1790763534.5081122, "episodes_completed": 3.0, "mean_episode_reward": 493.56887833277386, "std_episode_reward": 353.4588030536081, "min_episode_reward": 4.335175037384033, "max_episode_reward": 826.9971923828125, "mean_episode_length": 217.0, "success_rate": 0.0, "collision_rate": 0.6666666666666666, "out_of_bounds_rate": 0.0, "timeout_rate": 0.3333333333333333, "policy_loss": 0.006579117849469185, "value_loss": 816.887939453125, "entropy": 0.6125393807888031, "approx_kl": 0.00953344302251935, "clip_fraction": 0.093994140625, "grad_norm": 489.93458557128906, "explained_variance": 0.7984529733657837, "action_std_mean": 0.3287077248096466, "optimizer_iterations": 4.0, "lr": 8.017536000000001e-05}
{"step": 995328, "wall_time": 1790763541.5967817, "episodes_completed": 4.0, "mean_episode_reward": 282.74562406539917, "std_episode_reward": 287.35487054400977, "min_episode_reward": 26.14174461364746, "max_episode_reward": 739.76904296875, "mean_episode_length": 92.75, "success_rate": 0.75, "collision_rate": 0.25, "out_of_bounds_rate": 0.0, "timeout_rate": 0.0, "policy_loss": 0.004115003161132336, "value_loss": 1084.0078430175781, "entropy": 0.612469494342804, "approx_kl": 0.011012442933861166, "clip_fraction": 0.114013671875, "grad_norm": 510.6755065917969, "explained_variance": 0.7930882573127747, "action_std_mean": 0.3286961615085602, "optimizer_iterations": 4.0, "lr": 8.01344e-05}
{"step": 997376, "wall_time": 1790763548.861265, "episodes_completed": 3.0, "mean_episode_reward": 305.54038365681964, "std_episode_reward": 202.28663583422414, "min_episode_reward": 19.660640716552734, "max_episode_reward": 457.66741943359375, "mean_episode_length": 94.66666666666667, "success_rate": 1.0, "collision_rate": 0.0, "out_of_bounds_rate": 0.0, "timeout_rate": 0.0, "policy_loss": 0.0016847457736730576, "value_loss": 908.4179077148438, "entropy": 0.6123791337013245, "approx_kl": 0.005579132062848657, "clip_fraction": 0.0665283203125, "grad_norm": 334.63441467285156, "explained_variance": 0.8479713797569275, "action_std_mean": 0.32867157459259033, "optimizer_iterations": 4.0, "lr": 8.009344000000001e-05}
{"step": 999424, "wall_time": 1790763556.026902, "episodes_completed": 7.0, "mean_episode_reward": 49.124310220990864, "std_episode_reward": 69.75937453088052, "min_episode_reward": -22.003387451171875, "max_episode_reward": 206.12481689453125, "mean_episode_length": 83.0, "success_rate": 0.2857142857142857, "collision_rate": 0.7142857142857143, "out_of_bounds_rate": 0.0, "timeout_rate": 0.0, "policy_loss": 0.012421868741512299, "value_loss": 344.70835876464844, "entropy": 0.6122426092624664, "approx_kl": 0.016514034708961844, "clip_fraction": 0.124267578125, "grad_norm": 275.0230827331543, "explained_variance": 0.8365997672080994, "action_std_mean": 0.3286712169647217, "optimizer_iterations": 4.0, "lr": 8.005248e-05}
{"step": 1001472, "wall_time": 1790763563.1961036, "episodes_completed": 6.0, "mean_episode_reward": 129.2630374034246, "std_episode_reward": 201.1632899672584, "min_episode_reward": -23.706024169921875, "max_episode_reward": 538.6141357421875, "mean_episode_length": 90.5, "success_rate": 0.3333333333333333, "collision_rate": 0.5, "out_of_bounds_rate": 0.0, "timeout_rate": 0.16666666666666666, "policy_loss": 0.0046213772147893906, "value_loss": 1048.1849365234375, "entropy": 0.6123295724391937, "approx_kl": 0.01476801815442741, "clip_fraction": 0.1334228515625, "grad_norm": 452.96168518066406, "explained_variance": 0.7806196808815002, "action_std_mean": 0.32869482040405273, "optimizer_iterations": 4.0, "lr": 8.001152000000001e-05}
{"step": 1003520, "wall_time": 1790763570.3112438, "episodes_completed": 6.0, "mean_episode_reward": 437.0170364379883, "std_episode_reward": 276.879013158688, "min_episode_reward": 209.08245849609375, "max_episode_reward": 945.239501953125, "mean_episode_length": 121.5, "success_rate": 0.5, "collision_rate": 0.5, "out_of_bounds_rate": 0.0, "timeout_rate": 0.0, "policy_loss": 0.01269441656768322, "value_loss": 1095.8009033203125, "entropy": 0.6124598383903503, "approx_kl": 0.03355668461881578, "clip_fraction": 0.1416015625, "grad_norm": 440.2274932861328, "explained_variance": 0.7515115737915039, "action_std_mean": 0.32870709896087646, "optimizer_iterations": 4.0, "lr": 7.997056000000001e-05}
{"step": 1005568, "wall_time": 1790763577.5955675, "episodes_completed": 9.0, "mean_episode_reward": 123.66254740291171, "std_episode_reward": 165.54962492710462, "min_episode_reward": -3.599936008453369, "max_episode_reward": 449.73712158203125, "mean_episode_length": 71.33333333333333, "success_rate": 0.4444444444444444, "collision_rate": 0.4444444444444444, "out_of_bounds_rate": 0.0, "timeout_rate": 0.1111111111111111, "policy_loss": 0.008476583287119865, "value_loss": 563.5627899169922, "entropy": 0.6124891042709351, "approx_kl": 0.02148869214579463, "clip_fraction": 0.1671142578125, "grad_norm": 487.8293113708496, "explained_variance": 0.7662349939346313, "action_std_mean": 0.3286953866481781, "optimizer_iterations": 4.0, "lr": 7.99296e-05}
{"step": 1007616, "wall_time": 1790763584.7395477, "episodes_completed": 4.0, "mean_episode_reward": 245.95756912231445, "std_episode_reward": 382.88498159109844, "min_episode_reward": -11.55782699584961, "max_episode_reward": 907.8118896484375, "mean_episode_length": 89.5, "success_rate": 0.5, "collision_rate": 0.5, "out_of_bounds_rate": 0.0, "timeout_rate": 0.0, "policy_loss": 0.02813345566391945, "value_loss": 1026.7184143066406, "entropy": 0.6123766303062439, "approx_kl": 0.06683347746729851, "clip_fraction": 0.2174072265625, "grad_norm": 468.0634765625, "explained_variance": 0.7519123554229736, "action_std_mean": 0.32867366075515747, "optimizer_iterations": 4.0, "lr": 7.988864000000001e-05}
{"step": 1009664, "wall_time": 1790763592.0179048, "episodes_completed": 3.0, "mean_episode_reward": 270.7931311925252, "std_episode_reward": 333.2151968263183, "min_episode_reward": -5.22359561920166, "max_episode_reward": 739.57275390625, "mean_episode_length": 108.0, "success_rate": 0.3333333333333333, "collision_rate": 0.6666666666666666, "out_of_bounds_rate": 0.0, "timeout_rate": 0.0, "policy_loss": 0.005542774684727192, "value_loss": 832.2675323486328, "entropy": 0.6122439205646515, "approx_kl": 0.028022147016599774, "clip_fraction": 0.15185546875, "grad_norm": 340.0292205810547, "explained_variance": 0.7915136814117432, "action_std_mean": 0.3286454677581787, "optimizer_iterations": 4.0, "lr": 7.984768e-05}
{"step": 1011712, "wall_time": 1790763599.2878299, "episodes_completed": 4.0, "mean_episode_reward": 149.52002811431885, "std_episode_reward": 119.09174830649202, "min_episode_reward": -10.08895492553711, "max_episode_reward": 325.9046630859375, "mean_episode_length": 83.5, "success_rate": 0.5, "collision_rate": 0.5, "out_of_bounds_rate": 0.0, "timeout_rate": 0.0, "policy_loss": 0.009526532143354416, "value_loss": 499.9243621826172, "entropy": 0.6120526492595673, "approx_kl": 0.013244964415207505, "clip_fraction": 0.1290283203125, "grad_norm": 314.97137451171875, "explained_variance": 0.8399707674980164, "action_std_mean": 0.32860952615737915, "optimizer_iterations": 4.0, "lr": 7.980672e-05}
{"step": 1013760, "wall_time": 1790763606.5257974, "episodes_completed": 6.0, "mean_episode_reward": 188.39601771036783, "std_episode_reward": 218.82263181610577, "min_episode_reward": -5.941549301147461, "max_episode_reward": 583.2828369140625, "mean_episode_length": 160.66666666666666, "success_rate": 0.5, "collision_rate": 0.5, "out_of_bounds_rate": 0.0, "timeout_rate": 0.0, "policy_loss": 0.010261228308081627, "value_loss": 620.9812774658203, "entropy": 0.6118423640727997, "approx_kl": 0.0160364736802876, "clip_fraction": 0.1236572265625, "grad_norm": 307.2561340332031, "explained_variance": 0.8415202498435974, "action_std_mean": 0.32857781648635864, "optimizer_iterations": 4.0, "lr": 7.976576e-05}
{"step": 1015808, "wall_time": 1790763613.6609962, "episodes_completed": 6.0, "mean_episode_reward": 209.42165406545004, "std_episode_reward": 255.68084649276392, "min_episode_reward": -8.354086875915527, "max_episode_reward": 701.717529296875, "mean_episode_length": 103.33333333333333, "success_rate": 0.3333333333333333, "collision_rate": 0.5, "out_of_bounds_rate": 0.0, "timeout_rate": 0.16666666666666666, "policy_loss": 0.023124161642044783, "value_loss": 1226.69384765625, "entropy": 0.6116581857204437, "approx_kl": 0.05720936693251133, "clip_fraction": 0.17724609375, "grad_norm": 718.0299911499023, "explained_variance": 0.7388801574707031, "action_std_mean": 0.3285522758960724, "optimizer_iterations": 4.0, "lr": 7.97248e-05}
{"step": 1017856, "wall_time": 1790763620.843235, "episodes_completed": 6.0, "mean_episode_reward": 158.98967186609903, "std_episode_reward": 267.14564794596254, "min_episode_reward": -10.018976211547852, "max_episode_reward": 733.0228881835938, "mean_episode_length": 119.33333333333333, "success_rate": 0.3333333333333333, "collision_rate": 0.6666666666666666, "out_of_bounds_rate": 0.0, "timeout_rate": 0.0, "policy_loss": 0.013266954571008682, "value_loss": 673.6536712646484, "entropy": 0.6115354299545288, "approx_kl": 0.022023417986929417, "clip_fraction": 0.146484375, "grad_norm": 289.63620376586914, "explained_variance": 0.8209640383720398, "action_std_mean": 0.3285406827926636, "optimizer_iterations": 4.0, "lr": 7.968384e-05}
{"step": 1019904, "wall_time": 1790763628.1323402, "episodes_completed": 4.0, "mean_episode_reward": 182.33211135864258, "std_episode_reward": 204.84187464012888, "min_episode_reward": 9.539508819580078, "max_episode_reward": 520.4988403320312, "mean_episode_length": 147.0, "success_rate": 0.75, "collision_rate": 0.25, "out_of_bounds_rate": 0.0, "timeout_rate": 0.0, "policy_loss": -9.970832616090775e-05, "value_loss": 1142.37353515625, "entropy": 0.6114692091941833, "approx_kl": 0.0030118127760943025, "clip_fraction": 0.028564453125, "grad_norm": 386.78089141845703, "explained_variance": 0.7789744138717651, "action_std_mean": 0.32852497696876526, "optimizer_iterations": 4.0, "lr": 7.964288e-05}
{"step": 1021952, "wall_time": 1790763635.2654169, "episodes_completed": 4.0, "mean_episode_reward": 221.27433586120605, "std_episode_reward": 207.09501568084661, "min_episode_reward": 66.0145263671875, "max_episode_reward": 577.7616577148438, "mean_episode_length": 110.25, "success_rate": 0.75, "collision_rate": 0.25, "out_of_bounds_rate": 0.0, "timeout_rate": 0.0, "policy_loss": 0.0010152030736207962, "value_loss": 1151.5698547363281, "entropy": 0.6113564372062683, "approx_kl": 0.0029776905721519142, "clip_fraction": 0.0323486328125, "grad_norm": 399.60498809814453, "explained_variance": 0.7496178150177002, "action_std_mean": 0.3285056948661804, "optimizer_iterations": 4.0, "lr": 7.960192000000001e-05}
{"step": 1024000, "wall_time": 1790763642.37007, "episodes_completed": 4.0, "mean_episode_reward": 393.94204902648926, "std_episode_reward": 260.76131754335995, "min_episode_reward": 46.78015899658203, "max_episode_reward": 766.1473388671875, "mean_episode_length": 126.75, "success_rate": 0.5, "collision_rate": 0.5, "out_of_bounds_rate": 0.0, "timeout_rate": 0.0, "policy_loss": 5.631544627249241e-05, "value_loss": 740.8025512695312, "entropy": 0.6112411022186279, "approx_kl": 0.0053658176911994815, "clip_fraction": 0.054931640625, "grad_norm": 634.0770950317383, "explained_variance": 0.7685481309890747, "action_std_mean": 0.32848238945007324, "optimizer_iterations": 4.0, "lr": 7.956096e-05}
{"step": 1026048, "wall_time": 1790763649.646251, "episodes_completed": 12.0, "mean_episode_reward": 237.19712409377098, "std_episode_reward": 256.5508218826228, "min_episode_reward": -8.984834671020508, "max_episode_reward": 655.7352905273438, "mean_episode_length": 93.25, "success_rate": 0.5833333333333334, "collision_rate": 0.3333333333333333, "out_of_bounds_rate": 0.0, "timeout_rate": 0.08333333333333333, "policy_loss": 0.0007463456131517887, "value_loss": 1203.6272583007812, "entropy": 0.611073762178421, "approx_kl": 0.006630632095038891, "clip_fraction": 0.085205078125, "grad_norm": 491.07181549072266, "explained_variance": 0.7242221832275391, "action_std_mean": 0.32844990491867065, "optimizer_iterations": 4.0, "lr": 7.952000000000001e-05}
{"step": 1028096, "wall_time": 1790763656.8001854, "episodes_completed": 9.0, "mean_episode_reward": 211.83266252941556, "std_episode_reward": 168.1466754129268, "min_episode_reward": -1.9864449501037598, "max_episode_reward": 551.3472290039062, "mean_episode_length": 81.0, "success_rate": 0.4444444444444444, "collision_rate": 0.5555555555555556, "out_of_bounds_rate": 0.0, "timeout_rate": 0.0, "policy_loss": 0.011599032208323479, "value_loss": 967.7891540527344, "entropy": 0.6108827590942383, "approx_kl": 0.021768305683508515, "clip_fraction": 0.1453857421875, "grad_norm": 540.5378036499023, "explained_variance": 0.6421247124671936, "action_std_mean": 0.32842764258384705, "optimizer_iterations": 4.0, "lr": 7.947904e-05}
{"step": 1030144, "wall_time": 1790763663.9704583, "episodes_completed": 3.0, "mean_episode_reward": 343.8806454340617, "std_episode_reward": 244.07754544276537, "min_episode_reward": 5.508452415466309, "max_episode_reward": 572.1342163085938, "mean_episode_length": 153.66666666666666, "success_rate": 0.6666666666666666, "collision_rate": 0.0, "out_of_bounds_rate": 0.0, "timeout_rate": 0.3333333333333333, "policy_loss": 0.00022628577426075935, "value_loss": 1316.1297912597656, "entropy": 0.6107988357543945, "approx_kl": 0.011352984700351954, "clip_fraction": 0.0191650390625, "grad_norm": 478.6248092651367, "explained_variance": 0.7782092690467834, "action_std_mean": 0.3284263610839844, "optimizer_iterations": 4.0, "lr": 7.943808e-05}
{"step": 1032192, "wall_time": 1790763671.2146902, "episodes_completed": 8.0, "mean_episode_reward": 193.2264919281006, "std_episode_reward": 237.09354853090932, "min_episode_reward": 22.029800415039062, "max_episode_reward": 797.2683715820312, "mean_episode_length": 95.25, "success_rate": 0.625, "collision_rate": 0.375, "out_of_bounds_rate": 0.0, "timeout_rate": 0.0, "policy_loss": 0.010277055203914642, "value_loss": 854.6469116210938, "entropy": 0.6108392477035522, "approx_kl": 0.009832061710767448, "clip_fraction": 0.0882568359375, "grad_norm": 521.8250122070312, "explained_variance": 0.7104426622390747, "action_std_mean": 0.328451544046402, "optimizer_iterations": 4.0, "lr": 7.939712000000001e-05}
{"step": 1034240, "wall_time": 1790763678.313361, "episodes_completed": 1.0, "mean_episode_reward": 794.200439453125, "std_episode_reward": 0.0, "min_episode_reward": 794.200439453125, "max_episode_reward": 794.200439453125, "mean_episode_length": 222.0, "success_rate": 1.0, "collision_rate": 0.0, "out_of_bounds_rate": 0.0, "timeout_rate": 0.0, "policy_loss": 0.0012993160635232925, "value_loss": 1224.97705078125, "entropy": 0.6110453307628632, "approx_kl": 0.00421050435397774, "clip_fraction": 0.0465087890625, "grad_norm": 598.4727172851562, "explained_variance": 0.7497038245201111, "action_std_mean": 0.3284910321235657, "optimizer_iterations": 4.0, "lr": 7.935616e-05}
{"step": 1036288, "wall_time": 1790763685.473721, "episodes_completed": 7.0, "mean_episode_reward": 331.7277930123465, "std_episode_reward": 231.3872174686049, "min_episode_reward": 18.977317810058594, "max_episode_reward": 720.6563720703125, "mean_episode_length": 118.42857142857143, "success_rate": 0.8571428571428571, "collision_rate": 0.14285714285714285, "out_of_bounds_rate": 0.0, "timeout_rate": 0.0, "policy_loss": 0.005845451261848211, "value_loss": 1024.2370910644531, "entropy": 0.6112873554229736, "approx_kl": 0.013514685910195112, "clip_fraction": 0.10693359375, "grad_norm": 428.57154083251953, "explained_variance": 0.806925892829895, "action_std_mean": 0.32853198051452637, "optimizer_iterations": 4.0, "lr": 7.93152e-05}
{"step": 1038336, "wall_time": 1790763692.5701466, "episodes_completed": 11.0, "mean_episode_reward": 218.60650803826073, "std_episode_reward": 268.66651993266197, "min_episode_reward": 3.6171059608459473, "max_episode_reward": 797.726318359375, "mean_episode_length": 98.18181818181819, "success_rate": 0.2727272727272727, "collision_rate": 0.6363636363636364, "out_of_bounds_rate": 0.0, "timeout_rate": 0.09090909090909091, "policy_loss": 0.002217537257820368, "value_loss": 1289.24853515625, "entropy": 0.6115280985832214, "approx_kl": 0.007007381645962596, "clip_fraction": 0.03759765625, "grad_norm": 492.7078628540039, "explained_variance": 0.6516377925872803, "action_std_mean": 0.3285644054412842, "optimizer_iterations": 4.0, "lr": 7.927424000000002e-05}
{"step": 1040384, "wall_time": 1790763699.8277373, "episodes_completed": 8.0, "mean_episode_reward": 312.01888489723206, "std_episode_reward": 298.06287256448735, "min_episode_reward": -12.221197128295898, "max_episode_reward": 675.6763305664062, "mean_episode_length": 105.625, "success_rate": 0.375, "collision_rate": 0.625, "out_of_bounds_rate": 0.0, "timeout_rate": 0.0, "policy_loss": 0.000374774681404233, "value_loss": 1400.7584533691406, "entropy": 0.6117046475410461, "approx_kl": 0.005381224793381989, "clip_fraction": 0.0596923828125, "grad_norm": 657.5239639282227, "explained_variance": 0.5818139314651489, "action_std_mean": 0.32859134674072266, "optimizer_iterations": 4.0, "lr": 7.923328000000001e-05}
{"step": 1042432, "wall_time": 1790763707.0842972, "episodes_completed": 8.0, "mean_episode_reward": 396.0306580066681, "std_episode_reward": 269.0703017118548, "min_episode_reward": -9.372541427612305, "max_episode_reward": 814.7493286132812, "mean_episode_length": 116.625, "success_rate": 0.375, "collision_rate": 0.625, "out_of_bounds_rate": 0.0, "timeout_rate": 0.0, "policy_loss": 0.0001397300511598587, "value_loss": 1109.239990234375, "entropy": 0.6118554174900055, "approx_kl": 0.002742853801464662, "clip_fraction": 0.032958984375, "grad_norm": 458.7823715209961, "explained_variance": 0.7350431680679321, "action_std_mean": 0.32860827445983887, "optimizer_iterations": 4.0, "lr": 7.919232e-05}
{"step": 1044480, "wall_time": 1790763714.3218803, "episodes_completed": 6.0, "mean_episode_reward": 213.99756087859473, "std_episode_reward": 206.55006312111703, "min_episode_reward": -0.37244951725006104, "max_episode_reward": 614.4013671875, "mean_episode_length": 94.5, "success_rate": 0.5, "collision_rate": 0.3333333333333333, "out_of_bounds_rate": 0.0, "timeout_rate": 0.16666666666666666, "policy_loss": 0.0018342500552535057, "value_loss": 1005.9110107421875, "entropy": 0.6119401156902313, "approx_kl": 0.0034796699474100024, "clip_fraction": 0.03759765625, "grad_norm": 493.61783599853516, "explained_variance": 0.8002983331680298, "action_std_mean": 0.32862189412117004, "optimizer_iterations": 4.0, "lr": 7.915136000000001e-05}
{"step": 1046528, "wall_time": 1790763721.595249, "episodes_completed": 5.0, "mean_episode_reward": 431.4996223449707, "std_episode_reward": 362.7687546261092, "min_episode_reward": 24.65511703491211, "max_episode_reward": 971.8801879882812, "mean_episode_length": 132.4, "success_rate": 0.8, "collision_rate": 0.2, "out_of_bounds_rate": 0.0, "timeout_rate": 0.0, "policy_loss": -0.0021979314042255282, "value_loss": 1578.5962219238281, "entropy": 0.6120281517505646, "approx_kl": 0.004674322670325637, "clip_fraction": 0.038330078125, "grad_norm": 534.7494354248047, "explained_variance": 0.7628015279769897, "action_std_mean": 0.3286358714103699, "optimizer_iterations": 4.0, "lr": 7.911040000000001e-05}
{"step": 1048576, "wall_time": 1790763728.8465807, "episodes_completed": 6.0, "mean_episode_reward": 221.79924289385477, "std_episode_reward": 207.19036570274406, "min_episode_reward": -1.0812840461730957, "max_episode_reward": 478.07061767578125, "mean_episode_length": 87.33333333333333, "success_rate": 0.5, "collision_rate": 0.5, "out_of_bounds_rate": 0.0, "timeout_rate": 0.0, "policy_loss": 0.005192206706851721, "value_loss": 1135.0730590820312, "entropy": 0.6121114492416382, "approx_kl": 0.021053796401247382, "clip_fraction": 0.09912109375, "grad_norm": 485.3692626953125, "explained_variance": 0.7569906115531921, "action_std_mean": 0.3286508619785309, "optimizer_iterations": 4.0, "lr": 7.906944e-05}
{"step": 1050624, "wall_time": 1790763735.9119496, "episodes_completed": 7.0, "mean_episode_reward": 284.03278950282504, "std_episode_reward": 257.75976478222793, "min_episode_reward": -10.128791809082031, "max_episode_reward": 675.976806640625, "mean_episode_length": 91.71428571428571, "success_rate": 0.5714285714285714, "collision_rate": 0.42857142857142855, "out_of_bounds_rate": 0.0, "timeout_rate": 0.0, "policy_loss": 0.002345070242881775, "value_loss": 1354.5811767578125, "entropy": 0.6122057139873505, "approx_kl": 0.005554404458962381, "clip_fraction": 0.06201171875, "grad_norm": 590.9372329711914, "explained_variance": 0.7017509937286377, "action_std_mean": 0.32866382598876953, "optimizer_iterations": 4.0, "lr": 7.902848000000001e-05}
{"step": 1052672, "wall_time": 1790763743.0846617, "episodes_completed": 4.0, "mean_episode_reward": 285.2057168483734, "std_episode_reward": 284.9048073683061, "min_episode_reward": 1.1762733459472656, "max_episode_reward": 635.1217041015625, "mean_episode_length": 121.5, "success_rate": 0.5, "collision_rate": 0.5, "out_of_bounds_rate": 0.0, "timeout_rate": 0.0, "policy_loss": 0.0025277025997638702, "value_loss": 771.6779937744141, "entropy": 0.612273097038269, "approx_kl": 0.007266544154845178, "clip_fraction": 0.0660400390625, "grad_norm": 458.1764602661133, "explained_variance": 0.7586475014686584, "action_std_mean": 0.32867252826690674, "optimizer_iterations": 4.0, "lr": 7.898752e-05}
{"step": 1054720, "wall_time": 1790763750.3575788, "episodes_completed": 11.0, "mean_episode_reward": 197.65719561143354, "std_episode_reward": 207.81442409329406, "min_episode_reward": -9.88188362121582, "max_episode_reward": 694.8468627929688, "mean_episode_length": 94.45454545454545, "success_rate": 0.36363636363636365, "collision_rate": 0.6363636363636364, "out_of_bounds_rate": 0.0, "timeout_rate": 0.0, "policy_loss": 0.006393281510099769, "value_loss": 577.9919128417969, "entropy": 0.6123124361038208, "approx_kl": 0.010935625643469393, "clip_fraction": 0.066162109375, "grad_norm": 476.02968978881836, "explained_variance": 0.785341203212738, "action_std_mean": 0.3286702632904053, "optimizer_iterations": 4.0, "lr": 7.894656e-05}
{"step": 1056768, "wall_time": 1790763757.5018241, "episodes_completed": 7.0, "mean_episode_reward": 179.0475947516305, "std_episode_reward": 205.13380154387679, "min_episode_reward": -10.00027847290039, "max_episode_reward": 610.88818359375, "mean_episode_length": 113.85714285714286, "success_rate": 0.5714285714285714, "collision_rate": 0.2857142857142857, "out_of_bounds_rate": 0.0, "timeout_rate": 0.14285714285714285, "policy_loss": 0.006579762615729123, "value_loss": 1169.9412536621094, "entropy": 0.6122759282588959, "approx_kl": 0.028132488951086998, "clip_fraction": 0.0885009765625, "grad_norm": 428.6271209716797, "explained_variance": 0.8070986866950989, "action_std_mean": 0.3286620080471039, "optimizer_iterations": 4.0, "lr": 7.89056e-05}
{"step": 1058816, "wall_time": 1790763764.6554618, "episodes_completed": 10.0, "mean_episode_reward": 224.6977307319641, "std_episode_reward": 209.47704782930913, "min_episode_reward": -9.95197868347168, "max_episode_reward": 664.204833984375, "mean_episode_length": 78.9, "success_rate": 0.5, "collision_rate": 0.5, "out_of_bounds_rate": 0.0, "timeout_rate": 0.0, "policy_loss": 0.001241436693817377, "value_loss": 1282.5140991210938, "entropy": 0.6122423410415649, "approx_kl": 0.021838525077328086, "clip_fraction": 0.0723876953125, "grad_norm": 498.00537109375, "explained_variance": 0.6484119892120361, "action_std_mean": 0.32866114377975464, "optimizer_iterations": 4.0, "lr": 7.886464e-05}
{"step": 1060864, "wall_time": 1790763771.9076028, "episodes_completed": 9.0, "mean_episode_reward": 226.56241385142008, "std_episode_reward": 195.75311802100487, "min_episode_reward": 12.593052864074707, "max_episode_reward": 639.7739868164062, "mean_episode_length": 68.22222222222223, "success_rate": 0.7777777777777778, "collision_rate": 0.2222222222222222, "out_of_bounds_rate": 0.0, "timeout_rate": 0.0, "policy_loss": 0.0009610992856323719, "value_loss": 1405.3877868652344, "entropy": 0.6122438609600067, "approx_kl": 0.005936020461376756, "clip_fraction": 0.056396484375, "grad_norm": 531.6286926269531, "explained_variance": 0.5372381210327148, "action_std_mean": 0.328660249710083, "optimizer_iterations": 4.0, "lr": 7.882368e-05}
{"step": 1062912, "wall_time": 1790763779.1142004, "episodes_completed": 9.0, "mean_episode_reward": 335.40904394785565, "std_episode_reward": 278.4088671560348, "min_episode_reward": 8.503199577331543, "max_episode_reward": 847.0408325195312, "mean_episode_length": 114.22222222222223, "success_rate": 0.5555555555555556, "collision_rate": 0.4444444444444444, "out_of_bounds_rate": 0.0, "timeout_rate": 0.0, "policy_loss": 0.0013176286593079567, "value_loss": 1298.0827331542969, "entropy": 0.6122213900089264, "approx_kl": 0.01303115370683372, "clip_fraction": 0.03955078125, "grad_norm": 523.3067016601562, "explained_variance": 0.6975523829460144, "action_std_mean": 0.3286517262458801, "optimizer_iterations": 4.0, "lr": 7.878272e-05}
{"step": 1064960, "wall_time": 1790763786.33081, "episodes_completed": 8.0, "mean_episode_reward": 205.96069943904877, "std_episode_reward": 200.95371472872284, "min_episode_reward": -10.866150856018066, "max_episode_reward": 657.2389526367188, "mean_episode_length": 92.75, "success_rate": 0.375, "collision_rate": 0.625, "out_of_bounds_rate": 0.0, "timeout_rate": 0.0, "policy_loss": 0.0018352866172790527, "value_loss": 1007.6808013916016, "entropy": 0.6121601462364197, "approx_kl": 0.0074756721733137965, "clip_fraction": 0.0592041015625, "grad_norm": 448.46299743652344, "explained_variance": 0.7578937411308289, "action_std_mean": 0.3286399245262146, "optimizer_iterations": 4.0, "lr": 7.874176e-05}
{"step": 1067008, "wall_time": 1790763793.595357, "episodes_completed": 6.0, "mean_episode_reward": 315.1202816963196, "std_episode_reward": 270.6537245970228, "min_episode_reward": 10.550015449523926, "max_episode_reward": 781.3681030273438, "mean_episode_length": 124.83333333333333, "success_rate": 1.0, "collision_rate": 0.0, "out_of_bounds_rate": 0.0, "timeout_rate": 0.0, "policy_loss": 0.0012401267886161804, "value_loss": 1063.3663940429688, "entropy": 0.6121048629283905, "approx_kl": 0.0041385876247659326, "clip_fraction": 0.0181884765625, "grad_norm": 448.2371826171875, "explained_variance": 0.7998632788658142, "action_std_mean": 0.3286390006542206, "optimizer_iterations": 4.0, "lr": 7.87008e-05}
{"step": 1069056, "wall_time": 1790763800.9020178, "episodes_completed": 8.0, "mean_episode_reward": 239.71424198150635, "std_episode_reward": 269.854307081134, "min_episode_reward": 22.7318115234375, "max_episode_reward": 928.9202270507812, "mean_episode_length": 99.75, "success_rate": 0.5, "collision_rate": 0.5, "out_of_bounds_rate": 0.0, "timeout_rate": 0.0, "policy_loss": 0.0049741510301828384, "value_loss": 1075.0379943847656, "entropy": 0.6121142506599426, "approx_kl": 0.00924337888136506, "clip_fraction": 0.072265625, "grad_norm": 390.26685333251953, "explained_variance": 0.7921921014785767, "action_std_mean": 0.3286404609680176, "optimizer_iterations": 4.0, "lr": 7.865984000000001e-05}
{"step": 1071104, "wall_time": 1790763808.2125323, "episodes_completed": 2.0, "mean_episode_reward": 61.753098487854004, "std_episode_reward": 83.99565029144287, "min_episode_reward": -22.242551803588867, "max_episode_reward": 145.74874877929688, "mean_episode_length": 134.0, "success_rate": 0.0, "collision_rate": 1.0, "out_of_bounds_rate": 0.0, "timeout_rate": 0.0, "policy_loss": 0.009641804732382298, "value_loss": 570.36376953125, "entropy": 0.6121148467063904, "approx_kl": 0.011811047792434692, "clip_fraction": 0.1170654296875, "grad_norm": 715.1746215820312, "explained_variance": 0.8147994875907898, "action_std_mean": 0.3286377191543579, "optimizer_iterations": 4.0, "lr": 7.861888e-05}
{"step": 1073152, "wall_time": 1790763815.415369, "episodes_completed": 11.0, "mean_episode_reward": 180.59291193702003, "std_episode_reward": 215.6789046258459, "min_episode_reward": -16.300167083740234, "max_episode_reward": 521.006103515625, "mean_episode_length": 93.45454545454545, "success_rate": 0.45454545454545453, "collision_rate": 0.5454545454545454, "out_of_bounds_rate": 0.0, "timeout_rate": 0.0, "policy_loss": 0.03354859538376331, "value_loss": 827.636962890625, "entropy": 0.6121098399162292, "approx_kl": 0.04846471548080444, "clip_fraction": 0.2474365234375, "grad_norm": 364.75696563720703, "explained_variance": 0.8180046081542969, "action_std_mean": 0.3286508321762085, "optimizer_iterations": 4.0, "lr": 7.857792e-05}
{"step": 1075200, "wall_time": 1790763822.744444, "episodes_completed": 11.0, "mean_episode_reward": 156.11995072798297, "std_episode_reward": 205.7500534021729, "min_episode_reward": -12.435192108154297, "max_episode_reward": 554.38720703125, "mean_episode_length": 80.63636363636364, "success_rate": 0.2727272727272727, "collision_rate": 0.7272727272727273, "out_of_bounds_rate": 0.0, "timeout_rate": 0.0, "policy_loss": 0.004764977376908064, "value_loss": 883.1025085449219, "entropy": 0.6122294366359711, "approx_kl": 0.008175894676242024, "clip_fraction": 0.0946044921875, "grad_norm": 307.62261962890625, "explained_variance": 0.7980966567993164, "action_std_mean": 0.3286661207675934, "optimizer_iterations": 4.0, "lr": 7.853696000000001e-05}
{"step": 1077248, "wall_time": 1790763830.0009081, "episodes_completed": 5.0, "mean_episode_reward": 339.5716106414795, "std_episode_reward": 272.75961742948857, "min_episode_reward": -14.957880020141602, "max_episode_reward": 818.06591796875, "mean_episode_length": 154.0, "success_rate": 0.6, "collision_rate": 0.4, "out_of_bounds_rate": 0.0, "timeout_rate": 0.0, "policy_loss": 0.005979083478450775, "value_loss": 1121.2137145996094, "entropy": 0.6123032569885254, "approx_kl": 0.006080477847717702, "clip_fraction": 0.0645751953125, "grad_norm": 431.53905487060547, "explained_variance": 0.8265402913093567, "action_std_mean": 0.32868313789367676, "optimizer_iterations": 4.0, "lr": 7.8496e-05}
{"step": 1079296, "wall_time": 1790763837.1700487, "episodes_completed": 10.0, "mean_episode_reward": 271.94169120788575, "std_episode_reward": 270.9002478874065, "min_episode_reward": -7.739753246307373, "max_episode_reward": 821.9769287109375, "mean_episode_length": 105.5, "success_rate": 0.5, "collision_rate": 0.5, "out_of_bounds_rate": 0.0, "timeout_rate": 0.0, "policy_loss": 0.0008203922770917416, "value_loss": 1030.7545166015625, "entropy": 0.6124443709850311, "approx_kl": 0.005464018497150391, "clip_fraction": 0.063232421875, "grad_norm": 389.1788864135742, "explained_variance": 0.779712975025177, "action_std_mean": 0.32871222496032715, "optimizer_iterations": 4.0, "lr": 7.845504e-05}
{"step": 1081344, "wall_time": 1790763844.2994752, "episodes_completed": 10.0, "mean_episode_reward": 177.94648759365083, "std_episode_reward": 157.92200110607175, "min_episode_reward": -9.951834678649902, "max_episode_reward": 486.0716857910156, "mean_episode_length": 64.7, "success_rate": 0.3, "collision_rate": 0.6, "out_of_bounds_rate": 0.0, "timeout_rate": 0.1, "policy_loss": 0.007952302694320679, "value_loss": 1036.568359375, "entropy": 0.6126197874546051, "approx_kl": 0.033348080702126026, "clip_fraction": 0.04248046875, "grad_norm": 643.7510147094727, "explained_variance": 0.5859767198562622, "action_std_mean": 0.3287363648414612, "optimizer_iterations": 4.0, "lr": 7.841408e-05}
{"step": 1083392, "wall_time": 1790763851.4345841, "episodes_completed": 6.0, "mean_episode_reward": 219.1861031850179, "std_episode_reward": 157.56405490546206, "min_episode_reward": 15.865371704101562, "max_episode_reward": 415.155517578125, "mean_episode_length": 111.83333333333333, "success_rate": 0.8333333333333334, "collision_rate": 0.16666666666666666, "out_of_bounds_rate": 0.0, "timeout_rate": 0.0, "policy_loss": 0.0074312444776296616, "value_loss": 1125.9713439941406, "entropy": 0.6127543747425079, "approx_kl": 0.014147273846901953, "clip_fraction": 0.0899658203125, "grad_norm": 597.1060180664062, "explained_variance": 0.7009563446044922, "action_std_mean": 0.3287573456764221, "optimizer_iterations": 4.0, "lr": 7.837312e-05}
{"step": 1085440, "wall_time": 1790763858.6148164, "episodes_completed": 13.0, "mean_episode_reward": 222.52688958094672, "std_episode_reward": 184.15084577533008, "min_episode_reward": -10.019698143005371, "max_episode_reward": 694.5067749023438, "mean_episode_length": 82.46153846153847, "success_rate": 0.46153846153846156, "collision_rate": 0.5384615384615384, "out_of_bounds_rate": 0.0, "timeout_rate": 0.0, "policy_loss": 0.0037279855459928513, "value_loss": 1051.3841552734375, "entropy": 0.6128727793693542, "approx_kl": 0.009981005219742656, "clip_fraction": 0.0601806640625, "grad_norm": 505.810791015625, "explained_variance": 0.5600042343139648, "action_std_mean": 0.32876962423324585, "optimizer_iterations": 4.0, "lr": 7.833216e-05}
{"step": 1087488, "wall_time": 1790763865.7963293, "episodes_completed": 11.0, "mean_episode_reward": 169.73722314834595, "std_episode_reward": 241.3525780242936, "min_episode_reward": -6.142149925231934, "max_episode_reward": 736.1185302734375, "mean_episode_length": 62.0, "success_rate": 0.18181818181818182, "collision_rate": 0.8181818181818182, "out_of_bounds_rate": 0.0, "timeout_rate": 0.0, "policy_loss": 0.005410125479102135, "value_loss": 1765.7936096191406, "entropy": 0.6129140853881836, "approx_kl": 0.011424470460042357, "clip_fraction": 0.066650390625, "grad_norm": 527.2654647827148, "explained_variance": 0.2807331681251526, "action_std_mean": 0.3287695646286011, "optimizer_iterations": 4.0, "lr": 7.829120000000001e-05}
{"step": 1089536, "wall_time": 1790763873.0819726, "episodes_completed": 12.0, "mean_episode_reward": 231.59982585906982, "std_episode_reward": 275.9420372199874, "min_episode_reward": -10.058558464050293, "max_episode_reward": 781.0872192382812, "mean_episode_length": 81.25, "success_rate": 0.5, "collision_rate": 0.5, "out_of_bounds_rate": 0.0, "timeout_rate": 0.0, "policy_loss": 0.003866327926516533, "value_loss": 1455.3866882324219, "entropy": 0.6129166781902313, "approx_kl": 0.005638126516714692, "clip_fraction": 0.0408935546875, "grad_norm": 527.0084533691406, "explained_variance": 0.5344514846801758, "action_std_mean": 0.3287734091281891, "optimizer_iterations": 4.0, "lr": 7.825024000000001e-05}
{"step": 1091584, "wall_time": 1790763880.1829417, "episodes_completed": 7.0, "mean_episode_reward": 419.79210008893693, "std_episode_reward": 352.98542144065965, "min_episode_reward": 9.053138732910156, "max_episode_reward": 942.79052734375, "mean_episode_length": 148.0, "success_rate": 0.7142857142857143, "collision_rate": 0.2857142857142857, "out_of_bounds_rate": 0.0, "timeout_rate": 0.0, "policy_loss": 0.000819159671664238, "value_loss": 1640.36962890625, "entropy": 0.6129493117332458, "approx_kl": 0.002530230878619477, "clip_fraction": 0.0262451171875, "grad_norm": 561.4163665771484, "explained_variance": 0.6755172610282898, "action_std_mean": 0.3287782073020935, "optimizer_iterations": 4.0, "lr": 7.820928e-05}
{"step": 1093632, "wall_time": 1790763887.3171597, "episodes_completed": 5.0, "mean_episode_reward": 288.6217948913574, "std_episode_reward": 317.1611321195823, "min_episode_reward": 29.037891387939453, "max_episode_reward": 909.7666015625, "mean_episode_length": 116.2, "success_rate": 0.6, "collision_rate": 0.4, "out_of_bounds_rate": 0.0, "timeout_rate": 0.0, "policy_loss": 0.0027329775039106607, "value_loss": 1494.6748046875, "entropy": 0.6129714548587799, "approx_kl": 0.00828713655937463, "clip_fraction": 0.043701171875, "grad_norm": 576.0508880615234, "explained_variance": 0.684353768825531, "action_std_mean": 0.3287805914878845, "optimizer_iterations": 4.0, "lr": 7.816832000000001e-05}
{"step": 1095680, "wall_time": 1790763894.5711946, "episodes_completed": 7.0, "mean_episode_reward": 252.9027829851423, "std_episode_reward": 239.10962518564136, "min_episode_reward": 51.47816467285156, "max_episode_reward": 773.0869750976562, "mean_episode_length": 105.42857142857143, "success_rate": 0.42857142857142855, "collision_rate": 0.5714285714285714, "out_of_bounds_rate": 0.0, "timeout_rate": 0.0, "policy_loss": 0.002678059972822666, "value_loss": 878.7529449462891, "entropy": 0.6130011677742004, "approx_kl": 0.007094090338796377, "clip_fraction": 0.0755615234375, "grad_norm": 893.5963897705078, "explained_variance": 0.7291756868362427, "action_std_mean": 0.32879531383514404, "optimizer_iterations": 4.0, "lr": 7.812736e-05}
{"step": 1097728, "wall_time": 1790763901.7915435, "episodes_completed": 15.0, "mean_episode_reward": 242.93275311787923, "std_episode_reward": 257.6975943828294, "min_episode_reward": -11.977811813354492, "max_episode_reward": 832.7307739257812, "mean_episode_length": 93.33333333333333, "success_rate": 0.5333333333333333, "collision_rate": 0.4666666666666667, "out_of_bounds_rate": 0.0, "timeout_rate": 0.0, "policy_loss": 0.01240450982004404, "value_loss": 946.6791687011719, "entropy": 0.6131225228309631, "approx_kl": 0.02013687789440155, "clip_fraction": 0.13525390625, "grad_norm": 626.2006683349609, "explained_variance": 0.7331107258796692, "action_std_mean": 0.3288145065307617, "optimizer_iterations": 4.0, "lr": 7.80864e-05}
{"step": 1099776, "wall_time": 1790763908.9786959, "episodes_completed": 10.0, "mean_episode_reward": 301.5693030357361, "std_episode_reward": 292.5149617874303, "min_episode_reward": -149.24156188964844, "max_episode_reward": 830.718994140625, "mean_episode_length": 111.8, "success_rate": 0.7, "collision_rate": 0.3, "out_of_bounds_rate": 0.0, "timeout_rate": 0.0, "policy_loss": 0.005361861549317837, "value_loss": 1271.0963439941406, "entropy": 0.6132211685180664, "approx_kl": 0.01393119990825653, "clip_fraction": 0.0751953125, "grad_norm": 546.2555389404297, "explained_variance": 0.7273263931274414, "action_std_mean": 0.32882845401763916, "optimizer_iterations": 4.0, "lr": 7.804544e-05}
{"step": 1101824, "wall_time": 1790763916.1981654, "episodes_completed": 9.0, "mean_episode_reward": 155.27608723110623, "std_episode_reward": 105.8370540248717, "min_episode_reward": -10.131780624389648, "max_episode_reward": 312.6588134765625, "mean_episode_length": 70.33333333333333, "success_rate": 0.5555555555555556, "collision_rate": 0.4444444444444444, "out_of_bounds_rate": 0.0, "timeout_rate": 0.0, "policy_loss": 0.03657365497201681, "value_loss": 1128.5692443847656, "entropy": 0.6132892072200775, "approx_kl": 0.015197968110442162, "clip_fraction": 0.0596923828125, "grad_norm": 438.8459243774414, "explained_variance": 0.761536180973053, "action_std_mean": 0.3288313150405884, "optimizer_iterations": 4.0, "lr": 7.800448e-05}
{"step": 1103872, "wall_time": 1790763923.447639, "episodes_completed": 5.0, "mean_episode_reward": 256.3269113540649, "std_episode_reward": 228.7507785662516, "min_episode_reward": -10.020953178405762, "max_episode_reward": 634.4734497070312, "mean_episode_length": 86.2, "success_rate": 0.6, "collision_rate": 0.4, "out_of_bounds_rate": 0.0, "timeout_rate": 0.0, "policy_loss": 0.0047973040491342545, "value_loss": 1012.9798583984375, "entropy": 0.6132801473140717, "approx_kl": 0.005414988903794438, "clip_fraction": 0.048828125, "grad_norm": 406.742919921875, "explained_variance": 0.8229935765266418, "action_std_mean": 0.3288230299949646, "optimizer_iterations": 4.0, "lr": 7.796352e-05}
{"step": 1105920, "wall_time": 1790763930.5626647, "episodes_completed": 10.0, "mean_episode_reward": 226.4963119506836, "std_episode_reward": 227.49368258183804, "min_episode_reward": -9.960871696472168, "max_episode_reward": 770.4321899414062, "mean_episode_length": 82.6, "success_rate": 0.6, "collision_rate": 0.4, "out_of_bounds_rate": 0.0, "timeout_rate": 0.0, "policy_loss": -0.001540469704195857, "value_loss": 1310.6069946289062, "entropy": 0.6132158935070038, "approx_kl": 0.002969052962725982, "clip_fraction": 0.0330810546875, "grad_norm": 463.44764709472656, "explained_variance": 0.7918674945831299, "action_std_mean": 0.3288106322288513, "optimizer_iterations": 4.0, "lr": 7.792256e-05}
{"step": 1107968, "wall_time": 1790763937.7777326, "episodes_completed": 2.0, "mean_episode_reward": 503.978759765625, "std_episode_reward": 69.8421630859375, "min_episode_reward": 434.1365966796875, "max_episode_reward": 573.8209228515625, "mean_episode_length": 173.0, "success_rate": 0.0, "collision_rate": 1.0, "out_of_bounds_rate": 0.0, "timeout_rate": 0.0, "policy_loss": 0.002101818099617958, "value_loss": 1597.8768310546875, "entropy": 0.6131199300289154, "approx_kl": 0.0023875691986177117, "clip_fraction": 0.0184326171875, "grad_norm": 547.2482833862305, "explained_variance": 0.7690938711166382, "action_std_mean": 0.3287864327430725, "optimizer_iterations": 4.0, "lr": 7.78816e-05}
{"step": 1110016, "wall_time": 1790763945.048144, "episodes_completed": 5.0, "mean_episode_reward": 327.8309516906738, "std_episode_reward": 310.16630751153997, "min_episode_reward": -8.98691177368164, "max_episode_reward": 838.5830078125, "mean_episode_length": 106.2, "success_rate": 0.8, "collision_rate": 0.2, "out_of_bounds_rate": 0.0, "timeout_rate": 0.0, "policy_loss": 0.004432988353073597, "value_loss": 1057.0077209472656, "entropy": 0.6129396557807922, "approx_kl": 0.004712446127086878, "clip_fraction": 0.05615234375, "grad_norm": 470.2201232910156, "explained_variance": 0.8442551493644714, "action_std_mean": 0.3287489414215088, "optimizer_iterations": 4.0, "lr": 7.784064e-05}
{"step": 1112064, "wall_time": 1790763952.214665, "episodes_completed": 13.0, "mean_episode_reward": 156.96866631507874, "std_episode_reward": 174.6861285398035, "min_episode_reward": -24.16006851196289, "max_episode_reward": 531.671630859375, "mean_episode_length": 79.84615384615384, "success_rate": 0.38461538461538464, "collision_rate": 0.5384615384615384, "out_of_bounds_rate": 0.0, "timeout_rate": 0.07692307692307693, "policy_loss": 0.007823928259313107, "value_loss": 1016.9444274902344, "entropy": 0.6126891672611237, "approx_kl": 0.013803789857774973, "clip_fraction": 0.1119384765625, "grad_norm": 388.8638916015625, "explained_variance": 0.7958161234855652, "action_std_mean": 0.32870781421661377, "optimizer_iterations": 4.0, "lr": 7.779968e-05}
{"step": 1114112, "wall_time": 1790763959.393125, "episodes_completed": 13.0, "mean_episode_reward": 197.6556067099938, "std_episode_reward": 168.63696315410965, "min_episode_reward": -10.051936149597168, "max_episode_reward": 509.64019775390625, "mean_episode_length": 71.23076923076923, "success_rate": 0.46153846153846156, "collision_rate": 0.5384615384615384, "out_of_bounds_rate": 0.0, "timeout_rate": 0.0, "policy_loss": 0.005564224906265736, "value_loss": 976.021484375, "entropy": 0.612439900636673, "approx_kl": 0.01162573997862637, "clip_fraction": 0.0811767578125, "grad_norm": 413.1074447631836, "explained_variance": 0.7255164384841919, "action_std_mean": 0.3286615014076233, "optimizer_iterations": 4.0, "lr": 7.775872e-05}
{"step": 1116160, "wall_time": 1790763966.5960116, "episodes_completed": 9.0, "mean_episode_reward": 197.3161776860555, "std_episode_reward": 223.8906912810379, "min_episode_reward": -10.3351411819458, "max_episode_reward": 575.5193481445312, "mean_episode_length": 60.77777777777778, "success_rate": 0.3333333333333333, "collision_rate": 0.6666666666666666, "out_of_bounds_rate": 0.0, "timeout_rate": 0.0, "policy_loss": 0.002357791643589735, "value_loss": 1675.7880249023438, "entropy": 0.6121373772621155, "approx_kl": 0.007311103923711926, "clip_fraction": 0.0577392578125, "grad_norm": 586.4991302490234, "explained_variance": 0.7176597118377686, "action_std_mean": 0.3286129832267761, "optimizer_iterations": 4.0, "lr": 7.771776e-05}
{"step": 1118208, "wall_time": 1790763973.7521787, "episodes_completed": 9.0, "mean_episode_reward": 217.97453581127854, "std_episode_reward": 147.3855479812595, "min_episode_reward": -0.19872497022151947, "max_episode_reward": 370.40338134765625, "mean_episode_length": 96.55555555555556, "success_rate": 0.4444444444444444, "collision_rate": 0.4444444444444444, "out_of_bounds_rate": 0.0, "timeout_rate": 0.1111111111111111, "policy_loss": 0.01568085653707385, "value_loss": 1233.0069885253906, "entropy": 0.6118798851966858, "approx_kl": 0.01724326191470027, "clip_fraction": 0.098876953125, "grad_norm": 537.9075241088867, "explained_variance": 0.7078121900558472, "action_std_mean": 0.3285820484161377, "optimizer_iterations": 4.0, "lr": 7.767680000000001e-05}
{"step": 1120256, "wall_time": 1790763981.02029, "episodes_completed": 6.0, "mean_episode_reward": 229.4704564412435, "std_episode_reward": 149.89514912288314, "min_episode_reward": 95.83993530273438, "max_episode_reward": 551.8936767578125, "mean_episode_length": 67.5, "success_rate": 0.8333333333333334, "collision_rate": 0.16666666666666666, "out_of_bounds_rate": 0.0, "timeout_rate": 0.0, "policy_loss": 0.006360040977597237, "value_loss": 1040.7479248046875, "entropy": 0.6117245554924011, "approx_kl": 0.010060391272418201, "clip_fraction": 0.1021728515625, "grad_norm": 402.0494918823242, "explained_variance": 0.7898187637329102, "action_std_mean": 0.32856202125549316, "optimizer_iterations": 4.0, "lr": 7.763584e-05}
{"step": 1122304, "wall_time": 1790763988.1679254, "episodes_completed": 12.0, "mean_episode_reward": 117.01055534680684, "std_episode_reward": 96.44531112851037, "min_episode_reward": -19.260421752929688, "max_episode_reward": 286.6623229980469, "mean_episode_length": 67.83333333333333, "success_rate": 0.5, "collision_rate": 0.5, "out_of_bounds_rate": 0.0, "timeout_rate": 0.0, "policy_loss": 0.013740383321419358, "value_loss": 1079.1300964355469, "entropy": 0.6116210222244263, "approx_kl": 0.012823606375604868, "clip_fraction": 0.0804443359375, "grad_norm": 452.52012634277344, "explained_variance": 0.7768690586090088, "action_std_mean": 0.32854902744293213, "optimizer_iterations": 4.0, "lr": 7.759488e-05}
{"step": 1124352, "wall_time": 1790763995.3638837, "episodes_completed": 8.0, "mean_episode_reward": 313.9075971841812, "std_episode_reward": 239.45245430470777, "min_episode_reward": -50.58760070800781, "max_episode_reward": 646.9496459960938, "mean_episode_length": 140.125, "success_rate": 0.75, "collision_rate": 0.25, "out_of_bounds_rate": 0.0, "timeout_rate": 0.0, "policy_loss": 0.015627489425241947, "value_loss": 1210.8506774902344, "entropy": 0.6115560531616211, "approx_kl": 0.03278172481805086, "clip_fraction": 0.13134765625, "grad_norm": 638.6121978759766, "explained_variance": 0.6078832149505615, "action_std_mean": 0.32854241132736206, "optimizer_iterations": 4.0, "lr": 7.755392e-05}
{"step": 1126400, "wall_time": 1790764002.4992325, "episodes_completed": 3.0, "mean_episode_reward": 529.7996215820312, "std_episode_reward": 235.2362258752853, "min_episode_reward": 197.43267822265625, "max_episode_reward": 708.3638916015625, "mean_episode_length": 150.0, "success_rate": 0.3333333333333333, "collision_rate": 0.6666666666666666, "out_of_bounds_rate": 0.0, "timeout_rate": 0.0, "policy_loss": 0.009016582276672125, "value_loss": 1552.3251037597656, "entropy": 0.6115232408046722, "approx_kl": 0.02700994606129825, "clip_fraction": 0.1376953125, "grad_norm": 646.7487182617188, "explained_variance": 0.5445998311042786, "action_std_mean": 0.3285369873046875, "optimizer_iterations": 4.0, "lr": 7.751296e-05}
{"step": 1128448, "wall_time": 1790764009.6867707, "episodes_completed": 11.0, "mean_episode_reward": 281.9664500843395, "std_episode_reward": 245.11131095877968, "min_episode_reward": -76.94987487792969, "max_episode_reward": 706.92724609375, "mean_episode_length": 118.27272727272727, "success_rate": 0.7272727272727273, "collision_rate": 0.2727272727272727, "out_of_bounds_rate": 0.0, "timeout_rate": 0.0, "policy_loss": 0.004759574308991432, "value_loss": 932.0478820800781, "entropy": 0.6114999651908875, "approx_kl": 0.008138915116433054, "clip_fraction": 0.069580078125, "grad_norm": 380.53609466552734, "explained_variance": 0.7645745873451233, "action_std_mean": 0.3285379111766815, "optimizer_iterations": 4.0, "lr": 7.7472e-05}
{"step": 1130496, "wall_time": 1790764016.875199, "episodes_completed": 9.0, "mean_episode_reward": 269.8439089457194, "std_episode_reward": 221.96377888735864, "min_episode_reward": 28.06424331665039, "max_episode_reward": 735.7610473632812, "mean_episode_length": 114.11111111111111, "success_rate": 0.4444444444444444, "collision_rate": 0.5555555555555556, "out_of_bounds_rate": 0.0, "timeout_rate": 0.0, "policy_loss": 0.010113821364939213, "value_loss": 1166.3251647949219, "entropy": 0.6114993691444397, "approx_kl": 0.009207436698488891, "clip_fraction": 0.061279296875, "grad_norm": 464.11285400390625, "explained_variance": 0.6991920471191406, "action_std_mean": 0.32852989435195923, "optimizer_iterations": 4.0, "lr": 7.743104000000001e-05}
{"step": 1132544, "wall_time": 1790764023.9816132, "episodes_completed": 10.0, "mean_episode_reward": 299.4316709518433, "std_episode_reward": 278.2773989057071, "min_episode_reward": -9.831558227539062, "max_episode_reward": 686.739501953125, "mean_episode_length": 96.7, "success_rate": 0.9, "collision_rate": 0.1, "out_of_bounds_rate": 0.0, "timeout_rate": 0.0, "policy_loss": 0.0023265908239409328, "value_loss": 1211.757080078125, "entropy": 0.6114177703857422, "approx_kl": 0.010720652528107166, "clip_fraction": 0.0841064453125, "grad_norm": 495.4891357421875, "explained_variance": 0.8196465969085693, "action_std_mean": 0.3285105526447296, "optimizer_iterations": 4.0, "lr": 7.739008000000001e-05}
{"step": 1134592, "wall_time": 1790764031.0684597, "episodes_completed": 8.0, "mean_episode_reward": 189.30317044258118, "std_episode_reward": 169.69133813609716, "min_episode_reward": -7.940984725952148, "max_episode_reward": 510.068359375, "mean_episode_length": 90.875, "success_rate": 0.75, "collision_rate": 0.25, "out_of_bounds_rate": 0.0, "timeout_rate": 0.0, "policy_loss": 0.014852388761937618, "value_loss": 1474.725830078125, "entropy": 0.6113140881061554, "approx_kl": 0.02315205382183194, "clip_fraction": 0.1204833984375, "grad_norm": 562.3798294067383, "explained_variance": 0.7827733755111694, "action_std_mean": 0.32850372791290283, "optimizer_iterations": 4.0, "lr": 7.734912e-05}
{"step": 1136640, "wall_time": 1790764038.2721162, "episodes_completed": 7.0, "mean_episode_reward": 382.36962618146623, "std_episode_reward": 288.1674381089386, "min_episode_reward": 45.80191421508789, "max_episode_reward": 852.942626953125, "mean_episode_length": 162.57142857142858, "success_rate": 0.42857142857142855, "collision_rate": 0.5714285714285714, "out_of_bounds_rate": 0.0, "timeout_rate": 0.0, "policy_loss": 0.0013217497617006302, "value_loss": 1141.6750183105469, "entropy": 0.6112993955612183, "approx_kl": 0.00824722123797983, "clip_fraction": 0.05419921875, "grad_norm": 480.3440475463867, "explained_variance": 0.6574742794036865, "action_std_mean": 0.32850247621536255, "optimizer_iterations": 4.0, "lr": 7.730816000000001e-05}
{"step": 1138688, "wall_time": 1790764045.3622608, "episodes_completed": 9.0, "mean_episode_reward": 264.47251235114203, "std_episode_reward": 288.9531209506811, "min_episode_reward": -14.515725135803223, "max_episode_reward": 748.2205810546875, "mean_episode_length": 78.22222222222223, "success_rate": 0.4444444444444444, "collision_rate": 0.5555555555555556, "out_of_bounds_rate": 0.0, "timeout_rate": 0.0, "policy_loss": 0.0037745744921267033, "value_loss": 2023.9472351074219, "entropy": 0.611283004283905, "approx_kl": 0.01581773883663118, "clip_fraction": 0.02880859375, "grad_norm": 671.0536193847656, "explained_variance": 0.32744067907333374, "action_std_mean": 0.3284977078437805, "optimizer_iterations": 4.0, "lr": 7.72672e-05}
{"step": 1140736, "wall_time": 1790764052.4040275, "episodes_completed": 13.0, "mean_episode_reward": 214.79966383713943, "std_episode_reward": 189.8017275984088, "min_episode_reward": -7.20556640625, "max_episode_reward": 655.3433227539062, "mean_episode_length": 66.53846153846153, "success_rate": 0.6923076923076923, "collision_rate": 0.3076923076923077, "out_of_bounds_rate": 0.0, "timeout_rate": 0.0, "policy_loss": -0.0006070523522794247, "value_loss": 1335.3928833007812, "entropy": 0.6112397313117981, "approx_kl": 0.002884567657019943, "clip_fraction": 0.0181884765625, "grad_norm": 493.4403076171875, "explained_variance": 0.6371170282363892, "action_std_mean": 0.32848674058914185, "optimizer_iterations": 4.0, "lr": 7.722624e-05}
{"step": 1142784, "wall_time": 1790764059.5185869, "episodes_completed": 7.0, "mean_episode_reward": 362.5482910701207, "std_episode_reward": 239.32936986669026, "min_episode_reward": 23.41910743713379, "max_episode_reward": 753.7274780273438, "mean_episode_length": 145.85714285714286, "success_rate": 1.0, "collision_rate": 0.0, "out_of_bounds_rate": 0.0, "timeout_rate": 0.0, "policy_loss": 0.010306248906999826, "value_loss": 1109.4050598144531, "entropy": 0.6111665070056915, "approx_kl": 0.021163534373044968, "clip_fraction": 0.139892578125, "grad_norm": 530.0643692016602, "explained_variance": 0.8097084164619446, "action_std_mean": 0.3284740447998047, "optimizer_iterations": 4.0, "lr": 7.718528e-05}
{"step": 1144832, "wall_time": 1790764066.725253, "episodes_completed": 6.0, "mean_episode_reward": 332.33603286743164, "std_episode_reward": 194.42084438942726, "min_episode_reward": 64.71788024902344, "max_episode_reward": 579.9429321289062, "mean_episode_length": 100.66666666666667, "success_rate": 1.0, "collision_rate": 0.0, "out_of_bounds_rate": 0.0, "timeout_rate": 0.0, "policy_loss": 0.0047539821825921535, "value_loss": 1011.979248046875, "entropy": 0.6110855340957642, "approx_kl": 0.009816233883611858, "clip_fraction": 0.084716796875, "grad_norm": 405.72857666015625, "explained_variance": 0.8269490003585815, "action_std_mean": 0.3284575343132019, "optimizer_iterations": 4.0, "lr": 7.714432e-05}
{"step": 1146880, "wall_time": 1790764073.9676113, "episodes_completed": 7.0, "mean_episode_reward": 170.43560893195016, "std_episode_reward": 168.0585922127324, "min_episode_reward": -10.753711700439453, "max_episode_reward": 483.7581787109375, "mean_episode_length": 113.14285714285714, "success_rate": 0.5714285714285714, "collision_rate": 0.42857142857142855, "out_of_bounds_rate": 0.0, "timeout_rate": 0.0, "policy_loss": 0.010341428220272064, "value_loss": 912.5266265869141, "entropy": 0.6109869480133057, "approx_kl": 0.04243380669504404, "clip_fraction": 0.0869140625, "grad_norm": 514.2473983764648, "explained_variance": 0.8189149498939514, "action_std_mean": 0.3284462094306946, "optimizer_iterations": 4.0, "lr": 7.710336000000001e-05}
{"step": 1148928, "wall_time": 1790764083.0970907, "episodes_completed": 5.0, "mean_episode_reward": 168.15449905395508, "std_episode_reward": 107.97101784947351, "min_episode_reward": -4.811931610107422, "max_episode_reward": 291.5570068359375, "mean_episode_length": 63.6, "success_rate": 0.4, "collision_rate": 0.6, "out_of_bounds_rate": 0.0, "timeout_rate": 0.0, "policy_loss": 0.010599899105727673, "value_loss": 920.7377319335938, "entropy": 0.6109385788440704, "approx_kl": 0.015579062921460718, "clip_fraction": 0.1060791015625, "grad_norm": 784.0630798339844, "explained_variance": 0.7280295491218567, "action_std_mean": 0.3284395933151245, "optimizer_iterations": 4.0, "lr": 7.70624e-05}
{"step": 1150976, "wall_time": 1790764090.9392483, "episodes_completed": 6.0, "mean_episode_reward": 338.3579851786296, "std_episode_reward": 234.76278176427553, "min_episode_reward": 52.0194091796875, "max_episode_reward": 626.12060546875, "mean_episode_length": 108.16666666666667, "success_rate": 0.8333333333333334, "collision_rate": 0.16666666666666666, "out_of_bounds_rate": 0.0, "timeout_rate": 0.0, "policy_loss": 0.010461628437042236, "value_loss": 1079.6088256835938, "entropy": 0.6108831167221069, "approx_kl": 0.021767466329038143, "clip_fraction": 0.150634765625, "grad_norm": 469.2730255126953, "explained_variance": 0.8150761127471924, "action_std_mean": 0.3284226655960083, "optimizer_iterations": 4.0, "lr": 7.702144e-05}
{"step": 1153024, "wall_time": 1790764098.8193157, "episodes_completed": 14.0, "mean_episode_reward": 236.92165756225586, "std_episode_reward": 235.6438649642132, "min_episode_reward": -9.956070899963379, "max_episode_reward": 861.7606811523438, "mean_episode_length": 77.07142857142857, "success_rate": 0.35714285714285715, "collision_rate": 0.5714285714285714, "out_of_bounds_rate": 0.0, "timeout_rate": 0.07142857142857142, "policy_loss": 0.0060235727578401566, "value_loss": 1000.4008636474609, "entropy": 0.610765278339386, "approx_kl": 0.01506048411829397, "clip_fraction": 0.0606689453125, "grad_norm": 406.9639205932617, "explained_variance": 0.7529783248901367, "action_std_mean": 0.32840147614479065, "optimizer_iterations": 4.0, "lr": 7.698048e-05}
{"step": 1155072, "wall_time": 1790764106.6599276, "episodes_completed": 6.0, "mean_episode_reward": 354.4184818267822, "std_episode_reward": 271.90610440074687, "min_episode_reward": 19.041610717773438, "max_episode_reward": 783.4030151367188, "mean_episode_length": 109.5, "success_rate": 0.6666666666666666, "collision_rate": 0.3333333333333333, "out_of_bounds_rate": 0.0, "timeout_rate": 0.0, "policy_loss": 0.007230184972286224, "value_loss": 946.4131317138672, "entropy": 0.6106462180614471, "approx_kl": 0.01649856404401362, "clip_fraction": 0.06396484375, "grad_norm": 501.0979766845703, "explained_variance": 0.7892533540725708, "action_std_mean": 0.32838934659957886, "optimizer_iterations": 4.0, "lr": 7.693952e-05}
{"step": 1157120, "wall_time": 1790764114.6650546, "episodes_completed": 11.0, "mean_episode_reward": 182.09839569438589, "std_episode_reward": 220.86386894430692, "min_episode_reward": -10.036657333374023, "max_episode_reward": 670.55810546875, "mean_episode_length": 52.18181818181818, "success_rate": 0.45454545454545453, "collision_rate": 0.5454545454545454, "out_of_bounds_rate": 0.0, "timeout_rate": 0.0, "policy_loss": 0.002211705781519413, "value_loss": 1011.8351135253906, "entropy": 0.6106102466583252, "approx_kl": 0.0030385104182641953, "clip_fraction": 0.020751953125, "grad_norm": 548.6434860229492, "explained_variance": 0.7906412482261658, "action_std_mean": 0.3283929228782654, "optimizer_iterations": 4.0, "lr": 7.689855999999999e-05}
{"step": 1159168, "wall_time": 1790764122.020639, "episodes_completed": 5.0, "mean_episode_reward": 168.30058975219725, "std_episode_reward": 185.5343730356249, "min_episode_reward": -1.9647560119628906, "max_episode_reward": 527.1617431640625, "mean_episode_length": 95.2, "success_rate": 0.4, "collision_rate": 0.4, "out_of_bounds_rate": 0.0, "timeout_rate": 0.2, "policy_loss": 0.004508905112743378, "value_loss": 1117.1127014160156, "entropy": 0.6106407046318054, "approx_kl": 0.009340132994111627, "clip_fraction": 0.0447998046875, "grad_norm": 459.5776062011719, "explained_variance": 0.8209279775619507, "action_std_mean": 0.32839447259902954, "optimizer_iterations": 4.0, "lr": 7.68576e-05}
{"step": 1161216, "wall_time": 1790764129.237844, "episodes_completed": 9.0, "mean_episode_reward": 258.50789696640436, "std_episode_reward": 321.52506898418557, "min_episode_reward": -10.025789260864258, "max_episode_reward": 927.7557983398438, "mean_episode_length": 79.88888888888889, "success_rate": 0.6666666666666666, "collision_rate": 0.2222222222222222, "out_of_bounds_rate": 0.0, "timeout_rate": 0.1111111111111111, "policy_loss": 0.0015145204961299896, "value_loss": 1375.2456359863281, "entropy": 0.6106381118297577, "approx_kl": 0.0021865296293981373, "clip_fraction": 0.020263671875, "grad_norm": 496.1499481201172, "explained_variance": 0.7606354355812073, "action_std_mean": 0.3283922076225281, "optimizer_iterations": 4.0, "lr": 7.681664000000001e-05}
{"step": 1163264, "wall_time": 1790764136.4707358, "episodes_completed": 14.0, "mean_episode_reward": 242.24971692902702, "std_episode_reward": 288.23448362130085, "min_episode_reward": -10.033601760864258, "max_episode_reward": 947.1669921875, "mean_episode_length": 72.5, "success_rate": 0.5714285714285714, "collision_rate": 0.42857142857142855, "out_of_bounds_rate": 0.0, "timeout_rate": 0.0, "policy_loss": 0.0011409404396545142, "value_loss": 1302.5951843261719, "entropy": 0.6106133460998535, "approx_kl": 0.004761528107337654, "clip_fraction": 0.04052734375, "grad_norm": 479.4189147949219, "explained_variance": 0.7329563498497009, "action_std_mean": 0.32838326692581177, "optimizer_iterations": 4.0, "lr": 7.677568e-05}
{"step": 1165312, "wall_time": 1790764143.7762733, "episodes_completed": 7.0, "mean_episode_reward": 347.12403178215027, "std_episode_reward": 306.71757310317935, "min_episode_reward": -10.028542518615723, "max_episode_reward": 731.7450561523438, "mean_episode_length": 130.0, "success_rate": 0.42857142857142855, "collision_rate": 0.42857142857142855, "out_of_bounds_rate": 0.0, "timeout_rate": 0.14285714285714285, "policy_loss": 0.0036766119301319122, "value_loss": 1087.5919799804688, "entropy": 0.6105400323867798, "approx_kl": 0.006971844006329775, "clip_fraction": 0.06982421875, "grad_norm": 522.9595413208008, "explained_variance": 0.8004887700080872, "action_std_mean": 0.3283650279045105, "optimizer_iterations": 4.0, "lr": 7.673472000000001e-05}
{"step": 1167360, "wall_time": 1790764150.9895115, "episodes_completed": 6.0, "mean_episode_reward": 291.8126190503438, "std_episode_reward": 221.30194894091244, "min_episode_reward": -9.910019874572754, "max_episode_reward": 577.76708984375, "mean_episode_length": 96.0, "success_rate": 0.5, "collision_rate": 0.5, "out_of_bounds_rate": 0.0, "timeout_rate": 0.0, "policy_loss": 0.0029522874392569065, "value_loss": 1316.256591796875, "entropy": 0.6104243993759155, "approx_kl": 0.003488015674520284, "clip_fraction": 0.0244140625, "grad_norm": 519.8333511352539, "explained_variance": 0.7988955974578857, "action_std_mean": 0.32835060358047485, "optimizer_iterations": 4.0, "lr": 7.669376e-05}
{"step": 1169408, "wall_time": 1790764158.1187208, "episodes_completed": 3.0, "mean_episode_reward": 646.7562764485677, "std_episode_reward": 161.22236332982627, "min_episode_reward": 423.0351257324219, "max_episode_reward": 796.7037353515625, "mean_episode_length": 176.33333333333334, "success_rate": 1.0, "collision_rate": 0.0, "out_of_bounds_rate": 0.0, "timeout_rate": 0.0, "policy_loss": 0.0005677938461303711, "value_loss": 1074.4148254394531, "entropy": 0.6103462278842926, "approx_kl": 0.004277987463865429, "clip_fraction": 0.0399169921875, "grad_norm": 510.1943664550781, "explained_variance": 0.8270408511161804, "action_std_mean": 0.32833540439605713, "optimizer_iterations": 4.0, "lr": 7.66528e-05}
{"step": 1171456, "wall_time": 1790764165.3490012, "episodes_completed": 5.0, "mean_episode_reward": 301.9566162109375, "std_episode_reward": 207.5526756764031, "min_episode_reward": 42.390716552734375, "max_episode_reward": 563.1600341796875, "mean_episode_length": 88.6, "success_rate": 0.4, "collision_rate": 0.6, "out_of_bounds_rate": 0.0, "timeout_rate": 0.0, "policy_loss": 0.004949383437633514, "value_loss": 675.5880737304688, "entropy": 0.6102327108383179, "approx_kl": 0.007084999117068946, "clip_fraction": 0.0616455078125, "grad_norm": 422.3641662597656, "explained_variance": 0.8202519416809082, "action_std_mean": 0.3283095955848694, "optimizer_iterations": 4.0, "lr": 7.661184000000001e-05}
{"step": 1173504, "wall_time": 1790764172.4824493, "episodes_completed": 5.0, "mean_episode_reward": 129.6870756149292, "std_episode_reward": 131.92032381209154, "min_episode_reward": -30.094053268432617, "max_episode_reward": 316.3166198730469, "mean_episode_length": 123.8, "success_rate": 0.2, "collision_rate": 0.8, "out_of_bounds_rate": 0.0, "timeout_rate": 0.0, "policy_loss": 0.016573922708630562, "value_loss": 511.9741744995117, "entropy": 0.6100610494613647, "approx_kl": 0.04802150838077068, "clip_fraction": 0.11279296875, "grad_norm": 684.5583419799805, "explained_variance": 0.8455842137336731, "action_std_mean": 0.32828354835510254, "optimizer_iterations": 4.0, "lr": 7.657088e-05}
{"step": 1175552, "wall_time": 1790764179.613486, "episodes_completed": 7.0, "mean_episode_reward": 202.5692208835057, "std_episode_reward": 176.34630027896813, "min_episode_reward": -9.959144592285156, "max_episode_reward": 451.6407165527344, "mean_episode_length": 110.28571428571429, "success_rate": 0.42857142857142855, "collision_rate": 0.42857142857142855, "out_of_bounds_rate": 0.0, "timeout_rate": 0.14285714285714285, "policy_loss": 0.00927321522613056, "value_loss": 598.1106719970703, "entropy": 0.6099338829517365, "approx_kl": 0.020810095127671957, "clip_fraction": 0.1705322265625, "grad_norm": 436.341552734375, "explained_variance": 0.8402341604232788, "action_std_mean": 0.328269362449646, "optimizer_iterations": 4.0, "lr": 7.652992000000001e-05}
{"step": 1177600, "wall_time": 1790764186.951522, "episodes_completed": 9.0, "mean_episode_reward": 139.08959494696722, "std_episode_reward": 239.70547449084484, "min_episode_reward": -10.027283668518066, "max_episode_reward": 791.8573608398438, "mean_episode_length": 91.88888888888889, "success_rate": 0.1111111111111111, "collision_rate": 0.7777777777777778, "out_of_bounds_rate": 0.0, "timeout_rate": 0.1111111111111111, "policy_loss": 0.00791010819375515, "value_loss": 837.2840881347656, "entropy": 0.6098646223545074, "approx_kl": 0.03440001513808966, "clip_fraction": 0.0543212890625, "grad_norm": 707.5143585205078, "explained_variance": 0.824087917804718, "action_std_mean": 0.32826340198516846, "optimizer_iterations": 4.0, "lr": 7.648896e-05}
{"step": 1179648, "wall_time": 1790764194.2170603, "episodes_completed": 10.0, "mean_episode_reward": 310.1177742958069, "std_episode_reward": 266.546833062826, "min_episode_reward": -10.086176872253418, "max_episode_reward": 850.7538452148438, "mean_episode_length": 100.1, "success_rate": 0.8, "collision_rate": 0.2, "out_of_bounds_rate": 0.0, "timeout_rate": 0.0, "policy_loss": 0.00423656590282917, "value_loss": 941.062255859375, "entropy": 0.6098371148109436, "approx_kl": 0.011696389294229448, "clip_fraction": 0.0701904296875, "grad_norm": 397.4761505126953, "explained_variance": 0.8610450029373169, "action_std_mean": 0.32825541496276855, "optimizer_iterations": 4.0, "lr": 7.644800000000001e-05}
{"step": 1181696, "wall_time": 1790764201.5330775, "episodes_completed": 6.0, "mean_episode_reward": 242.46153704325357, "std_episode_reward": 155.30676396383097, "min_episode_reward": 27.91750717163086, "max_episode_reward": 417.8135986328125, "mean_episode_length": 92.5, "success_rate": 0.5, "collision_rate": 0.5, "out_of_bounds_rate": 0.0, "timeout_rate": 0.0, "policy_loss": 0.0025463057681918144, "value_loss": 979.6389770507812, "entropy": 0.6097885966300964, "approx_kl": 0.026861770544201136, "clip_fraction": 0.0726318359375, "grad_norm": 412.0351104736328, "explained_variance": 0.8420304656028748, "action_std_mean": 0.3282538652420044, "optimizer_iterations": 4.0, "lr": 7.640704e-05}
{"step": 1183744, "wall_time": 1790764208.7698479, "episodes_completed": 13.0, "mean_episode_reward": 182.1806623981549, "std_episode_reward": 204.63755621357288, "min_episode_reward": -10.032622337341309, "max_episode_reward": 629.1633911132812, "mean_episode_length": 72.92307692307692, "success_rate": 0.15384615384615385, "collision_rate": 0.7692307692307693, "out_of_bounds_rate": 0.0, "timeout_rate": 0.07692307692307693, "policy_loss": 0.005069836974143982, "value_loss": 1058.3628845214844, "entropy": 0.6098116338253021, "approx_kl": 0.01157508185133338, "clip_fraction": 0.0958251953125, "grad_norm": 517.8940277099609, "explained_variance": 0.7454902529716492, "action_std_mean": 0.32826632261276245, "optimizer_iterations": 4.0, "lr": 7.636608000000001e-05}
{"step": 1185792, "wall_time": 1790764216.0835803, "episodes_completed": 3.0, "mean_episode_reward": 306.5368194580078, "std_episode_reward": 342.74033650644634, "min_episode_reward": 20.1904296875, "max_episode_reward": 788.3997192382812, "mean_episode_length": 84.33333333333333, "success_rate": 0.6666666666666666, "collision_rate": 0.3333333333333333, "out_of_bounds_rate": 0.0, "timeout_rate": 0.0, "policy_loss": 0.0040143742226064205, "value_loss": 1052.981201171875, "entropy": 0.6099042296409607, "approx_kl": 0.009379423223435879, "clip_fraction": 0.0367431640625, "grad_norm": 426.48951721191406, "explained_variance": 0.8096888065338135, "action_std_mean": 0.32827913761138916, "optimizer_iterations": 4.0, "lr": 7.632512000000001e-05}
{"step": 1187840, "wall_time": 1790764223.3571186, "episodes_completed": 10.0, "mean_episode_reward": 265.374866104126, "std_episode_reward": 180.61792257279768, "min_episode_reward": 11.896133422851562, "max_episode_reward": 645.9124755859375, "mean_episode_length": 92.3, "success_rate": 0.7, "collision_rate": 0.3, "out_of_bounds_rate": 0.0, "timeout_rate": 0.0, "policy_loss": 0.021347149275243282, "value_loss": 818.2578735351562, "entropy": 0.6099538803100586, "approx_kl": 0.03053489327430725, "clip_fraction": 0.2099609375, "grad_norm": 658.0973663330078, "explained_variance": 0.8287569880485535, "action_std_mean": 0.3282783031463623, "optimizer_iterations": 4.0, "lr": 7.628416e-05}
{"step": 1189888, "wall_time": 1790764230.6996114, "episodes_completed": 10.0, "mean_episode_reward": 133.00581593513488, "std_episode_reward": 160.7126094566353, "min_episode_reward": -9.921143531799316, "max_episode_reward": 441.3790283203125, "mean_episode_length": 53.2, "success_rate": 0.6, "collision_rate": 0.3, "out_of_bounds_rate": 0.0, "timeout_rate": 0.1, "policy_loss": 0.006896354258060455, "value_loss": 1447.7110595703125, "entropy": 0.609929770231247, "approx_kl": 0.019523299299180508, "clip_fraction": 0.12548828125, "grad_norm": 2109.502456665039, "explained_variance": 0.5734591484069824, "action_std_mean": 0.3282706141471863, "optimizer_iterations": 4.0, "lr": 7.624320000000001e-05}
{"step": 1191936, "wall_time": 1790764237.9596431, "episodes_completed": 12.0, "mean_episode_reward": 181.65279841423035, "std_episode_reward": 205.1426486771571, "min_episode_reward": -10.019065856933594, "max_episode_reward": 608.576171875, "mean_episode_length": 61.0, "success_rate": 0.6666666666666666, "collision_rate": 0.3333333333333333, "out_of_bounds_rate": 0.0, "timeout_rate": 0.0, "policy_loss": 0.010528294835239649, "value_loss": 1121.4337463378906, "entropy": 0.6098922491073608, "approx_kl": 0.015118518727831542, "clip_fraction": 0.1099853515625, "grad_norm": 394.4937744140625, "explained_variance": 0.6576343774795532, "action_std_mean": 0.32826730608940125, "optimizer_iterations": 4.0, "lr": 7.620224e-05}
{"step": 1193984, "wall_time": 1790764245.1282558, "episodes_completed": 4.0, "mean_episode_reward": 511.2083206176758, "std_episode_reward": 222.48579589388146, "min_episode_reward": 179.43804931640625, "max_episode_reward": 803.5607299804688, "mean_episode_length": 154.25, "success_rate": 1.0, "collision_rate": 0.0, "out_of_bounds_rate": 0.0, "timeout_rate": 0.0, "policy_loss": -0.0007257666438817978, "value_loss": 1055.4246215820312, "entropy": 0.6098752021789551, "approx_kl": 0.0030387722654268146, "clip_fraction": 0.0260009765625, "grad_norm": 455.0414352416992, "explained_variance": 0.8020522594451904, "action_std_mean": 0.3282623291015625, "optimizer_iterations": 4.0, "lr": 7.616128e-05}
{"step": 1196032, "wall_time": 1790764252.2962394, "episodes_completed": 6.0, "mean_episode_reward": 86.8182562192281, "std_episode_reward": 87.3144453625486, "min_episode_reward": -65.61022186279297, "max_episode_reward": 176.1976776123047, "mean_episode_length": 64.83333333333333, "success_rate": 0.16666666666666666, "collision_rate": 0.8333333333333334, "out_of_bounds_rate": 0.0, "timeout_rate": 0.0, "policy_loss": 0.00921668577939272, "value_loss": 558.7385864257812, "entropy": 0.6098407208919525, "approx_kl": 0.02998698316514492, "clip_fraction": 0.09228515625, "grad_norm": 459.49271392822266, "explained_variance": 0.8334437608718872, "action_std_mean": 0.32826000452041626, "optimizer_iterations": 4.0, "lr": 7.612032e-05}
{"step": 1198080, "wall_time": 1790764259.646151, "episodes_completed": 7.0, "mean_episode_reward": 153.70434420449394, "std_episode_reward": 205.72205371097832, "min_episode_reward": -8.564515113830566, "max_episode_reward": 625.6497802734375, "mean_episode_length": 105.14285714285714, "success_rate": 0.7142857142857143, "collision_rate": 0.2857142857142857, "out_of_bounds_rate": 0.0, "timeout_rate": 0.0, "policy_loss": 0.003432067111134529, "value_loss": 457.04014587402344, "entropy": 0.6098238825798035, "approx_kl": 0.00787088053766638, "clip_fraction": 0.04541015625, "grad_norm": 395.9540596008301, "explained_variance": 0.8761454224586487, "action_std_mean": 0.32824140787124634, "optimizer_iterations": 4.0, "lr": 7.607936e-05}
{"step": 1200128, "wall_time": 1790764266.997941, "episodes_completed": 6.0, "mean_episode_reward": 193.93721191088358, "std_episode_reward": 291.0556380669066, "min_episode_reward": -8.651729583740234, "max_episode_reward": 793.2521362304688, "mean_episode_length": 137.0, "success_rate": 0.5, "collision_rate": 0.3333333333333333, "out_of_bounds_rate": 0.0, "timeout_rate": 0.16666666666666666, "policy_loss": 0.015711866319179535, "value_loss": 553.2875213623047, "entropy": 0.6096576452255249, "approx_kl": 0.031475895550101995, "clip_fraction": 0.107421875, "grad_norm": 322.6819381713867, "explained_variance": 0.876236617565155, "action_std_mean": 0.328216016292572, "optimizer_iterations": 4.0, "lr": 7.60384e-05}
{"step": 1202176, "wall_time": 1790764274.289484, "episodes_completed": 8.0, "mean_episode_reward": 211.96217811107635, "std_episode_reward": 169.0592558544832, "min_episode_reward": -15.986138343811035, "max_episode_reward": 499.7914733886719, "mean_episode_length": 96.25, "success_rate": 0.5, "collision_rate": 0.5, "out_of_bounds_rate": 0.0, "timeout_rate": 0.0, "policy_loss": 0.014095118269324303, "value_loss": 596.4727478027344, "entropy": 0.6095273792743683, "approx_kl": 0.03710360545665026, "clip_fraction": 0.069580078125, "grad_norm": 340.3263282775879, "explained_variance": 0.839203417301178, "action_std_mean": 0.3281962275505066, "optimizer_iterations": 4.0, "lr": 7.599744e-05}
{"step": 1204224, "wall_time": 1790764281.4828146, "episodes_completed": 4.0, "mean_episode_reward": 372.2554473876953, "std_episode_reward": 198.28846562148425, "min_episode_reward": 176.72811889648438, "max_episode_reward": 697.54150390625, "mean_episode_length": 138.5, "success_rate": 1.0, "collision_rate": 0.0, "out_of_bounds_rate": 0.0, "timeout_rate": 0.0, "policy_loss": 0.001021497417241335, "value_loss": 956.9766540527344, "entropy": 0.6093933582305908, "approx_kl": 0.0037399877328425646, "clip_fraction": 0.0322265625, "grad_norm": 391.60823822021484, "explained_variance": 0.8490919470787048, "action_std_mean": 0.32816895842552185, "optimizer_iterations": 4.0, "lr": 7.595648000000001e-05}
{"step": 1206272, "wall_time": 1790764288.7418451, "episodes_completed": 8.0, "mean_episode_reward": 149.34082281589508, "std_episode_reward": 165.09176888870857, "min_episode_reward": -9.968894004821777, "max_episode_reward": 459.13970947265625, "mean_episode_length": 44.375, "success_rate": 0.625, "collision_rate": 0.375, "out_of_bounds_rate": 0.0, "timeout_rate": 0.0, "policy_loss": 0.0005336571484804153, "value_loss": 735.6600952148438, "entropy": 0.609227180480957, "approx_kl": 0.015231689438223839, "clip_fraction": 0.0810546875, "grad_norm": 434.72509002685547, "explained_variance": 0.8277643322944641, "action_std_mean": 0.32814735174179077, "optimizer_iterations": 4.0, "lr": 7.591552e-05}
{"step": 1208320, "wall_time": 1790764295.9880767, "episodes_completed": 7.0, "mean_episode_reward": 167.70051618984766, "std_episode_reward": 205.99927395634865, "min_episode_reward": -19.434097290039062, "max_episode_reward": 508.684814453125, "mean_episode_length": 91.85714285714286, "success_rate": 0.42857142857142855, "collision_rate": 0.42857142857142855, "out_of_bounds_rate": 0.0, "timeout_rate": 0.14285714285714285, "policy_loss": 0.018988017458468676, "value_loss": 949.3302307128906, "entropy": 0.6091305911540985, "approx_kl": 0.04638442397117615, "clip_fraction": 0.2076416015625, "grad_norm": 425.0704116821289, "explained_variance": 0.8404134511947632, "action_std_mean": 0.32814106345176697, "optimizer_iterations": 4.0, "lr": 7.587456000000001e-05}
{"step": 1210368, "wall_time": 1790764303.1715958, "episodes_completed": 10.0, "mean_episode_reward": 235.78309469223024, "std_episode_reward": 224.06691720444883, "min_episode_reward": -9.851945877075195, "max_episode_reward": 644.1165161132812, "mean_episode_length": 82.6, "success_rate": 0.6, "collision_rate": 0.4, "out_of_bounds_rate": 0.0, "timeout_rate": 0.0, "policy_loss": 0.01317515131086111, "value_loss": 1139.0668029785156, "entropy": 0.6091190576553345, "approx_kl": 0.017892763949930668, "clip_fraction": 0.1439208984375, "grad_norm": 582.7182540893555, "explained_variance": 0.7817054986953735, "action_std_mean": 0.328142374753952, "optimizer_iterations": 4.0, "lr": 7.58336e-05}
{"step": 1212416, "wall_time": 1790764310.3894053, "episodes_completed": 9.0, "mean_episode_reward": 203.68401972452799, "std_episode_reward": 156.7829423441528, "min_episode_reward": 11.980220794677734, "max_episode_reward": 543.6039428710938, "mean_episode_length": 75.66666666666667, "success_rate": 0.4444444444444444, "collision_rate": 0.5555555555555556, "out_of_bounds_rate": 0.0, "timeout_rate": 0.0, "policy_loss": 0.005104087293148041, "value_loss": 1253.7414245605469, "entropy": 0.6091457903385162, "approx_kl": 0.008800510549917817, "clip_fraction": 0.0784912109375, "grad_norm": 482.0022430419922, "explained_variance": 0.7337356805801392, "action_std_mean": 0.3281559348106384, "optimizer_iterations": 4.0, "lr": 7.579264e-05}
{"step": 1214464, "wall_time": 1790764317.5814593, "episodes_completed": 11.0, "mean_episode_reward": 138.6794740069996, "std_episode_reward": 189.62511829950353, "min_episode_reward": -10.169215202331543, "max_episode_reward": 675.2012329101562, "mean_episode_length": 60.90909090909091, "success_rate": 0.18181818181818182, "collision_rate": 0.8181818181818182, "out_of_bounds_rate": 0.0, "timeout_rate": 0.0, "policy_loss": 0.0025045275688171387, "value_loss": 1310.8099060058594, "entropy": 0.6092549860477448, "approx_kl": 0.012089517142158002, "clip_fraction": 0.0443115234375, "grad_norm": 571.9652938842773, "explained_variance": 0.7348361015319824, "action_std_mean": 0.3281782269477844, "optimizer_iterations": 4.0, "lr": 7.575168000000001e-05}
{"step": 1216512, "wall_time": 1790764324.8027143, "episodes_completed": 12.0, "mean_episode_reward": 117.12783741950989, "std_episode_reward": 93.41478573236994, "min_episode_reward": -9.957120895385742, "max_episode_reward": 266.9190979003906, "mean_episode_length": 46.333333333333336, "success_rate": 0.3333333333333333, "collision_rate": 0.6666666666666666, "out_of_bounds_rate": 0.0, "timeout_rate": 0.0, "policy_loss": 0.018396706320345402, "value_loss": 1260.0468139648438, "entropy": 0.6093804240226746, "approx_kl": 0.04301258781924844, "clip_fraction": 0.148681640625, "grad_norm": 509.006591796875, "explained_variance": 0.7059126496315002, "action_std_mean": 0.32819199562072754, "optimizer_iterations": 4.0, "lr": 7.571072e-05}
{"step": 1218560, "wall_time": 1790764332.0060065, "episodes_completed": 11.0, "mean_episode_reward": 219.9691403237256, "std_episode_reward": 203.49118019191346, "min_episode_reward": -48.25364685058594, "max_episode_reward": 616.9639282226562, "mean_episode_length": 78.36363636363636, "success_rate": 0.5454545454545454, "collision_rate": 0.36363636363636365, "out_of_bounds_rate": 0.0, "timeout_rate": 0.09090909090909091, "policy_loss": 0.011909928172826767, "value_loss": 1081.2637023925781, "entropy": 0.6094441115856171, "approx_kl": 0.0216699973680079, "clip_fraction": 0.1387939453125, "grad_norm": 535.5302810668945, "explained_variance": 0.7339135408401489, "action_std_mean": 0.32819944620132446, "optimizer_iterations": 4.0, "lr": 7.566976e-05}
{"step": 1220608, "wall_time": 1790764339.2460573, "episodes_completed": 5.0, "mean_episode_reward": 224.20765495300293, "std_episode_reward": 159.56560228349622, "min_episode_reward": 16.91672706604004, "max_episode_reward": 427.8504943847656, "mean_episode_length": 92.6, "success_rate": 0.6, "collision_rate": 0.4, "out_of_bounds_rate": 0.0, "timeout_rate": 0.0, "policy_loss": 0.010139923309907317, "value_loss": 1387.1367797851562, "entropy": 0.6094697117805481, "approx_kl": 0.039923991076648235, "clip_fraction": 0.1278076171875, "grad_norm": 587.9062271118164, "explained_variance": 0.7366016507148743, "action_std_mean": 0.3281939625740051, "optimizer_iterations": 4.0, "lr": 7.56288e-05}
{"step": 1222656, "wall_time": 1790764346.3727748, "episodes_completed": 6.0, "mean_episode_reward": 260.1590112050374, "std_episode_reward": 201.37347598766937, "min_episode_reward": 12.26565933227539, "max_episode_reward": 551.3157958984375, "mean_episode_length": 85.16666666666667, "success_rate": 0.6666666666666666, "collision_rate": 0.3333333333333333, "out_of_bounds_rate": 0.0, "timeout_rate": 0.0, "policy_loss": 0.00730352196842432, "value_loss": 1265.2948608398438, "entropy": 0.6094204485416412, "approx_kl": 0.01944701559841633, "clip_fraction": 0.0899658203125, "grad_norm": 649.6909561157227, "explained_variance": 0.730505108833313, "action_std_mean": 0.3281894326210022, "optimizer_iterations": 4.0, "lr": 7.558784000000001e-05}
{"step": 1224704, "wall_time": 1790764353.663025, "episodes_completed": 8.0, "mean_episode_reward": 258.60587215423584, "std_episode_reward": 241.76485876041758, "min_episode_reward": -10.32418441772461, "max_episode_reward": 602.52001953125, "mean_episode_length": 93.25, "success_rate": 0.5, "collision_rate": 0.5, "out_of_bounds_rate": 0.0, "timeout_rate": 0.0, "policy_loss": 0.008475456852465868, "value_loss": 822.4860076904297, "entropy": 0.6094158589839935, "approx_kl": 0.015880909515544772, "clip_fraction": 0.1199951171875, "grad_norm": 622.4208297729492, "explained_variance": 0.7944109439849854, "action_std_mean": 0.3281940221786499, "optimizer_iterations": 4.0, "lr": 7.554688e-05}
{"step": 1226752, "wall_time": 1790764360.888751, "episodes_completed": 5.0, "mean_episode_reward": 348.5178787231445, "std_episode_reward": 244.52167561981037, "min_episode_reward": 89.9323501586914, "max_episode_reward": 696.1904907226562, "mean_episode_length": 108.6, "success_rate": 0.6, "collision_rate": 0.4, "out_of_bounds_rate": 0.0, "timeout_rate": 0.0, "policy_loss": 0.003548942506313324, "value_loss": 830.2625122070312, "entropy": 0.6094569265842438, "approx_kl": 0.01456565537955612, "clip_fraction": 0.079833984375, "grad_norm": 653.4212112426758, "explained_variance": 0.810551643371582, "action_std_mean": 0.3282027840614319, "optimizer_iterations": 4.0, "lr": 7.550592000000001e-05}
{"step": 1228800, "wall_time": 1790764368.1140919, "episodes_completed": 8.0, "mean_episode_reward": 59.168893337249756, "std_episode_reward": 140.15792180598623, "min_episode_reward": -12.95590591430664, "max_episode_reward": 424.6915588378906, "mean_episode_length": 44.25, "success_rate": 0.25, "collision_rate": 0.75, "out_of_bounds_rate": 0.0, "timeout_rate": 0.0, "policy_loss": 0.006596901919692755, "value_loss": 1268.457275390625, "entropy": 0.6095072031021118, "approx_kl": 0.010723234619945288, "clip_fraction": 0.071533203125, "grad_norm": 600.7074890136719, "explained_variance": 0.818983793258667, "action_std_mean": 0.3282095193862915, "optimizer_iterations": 4.0, "lr": 7.546496000000001e-05}
{"step": 1230848, "wall_time": 1790764375.3759906, "episodes_completed": 4.0, "mean_episode_reward": 158.38346099853516, "std_episode_reward": 87.00310488643619, "min_episode_reward": 60.930076599121094, "max_episode_reward": 294.6418762207031, "mean_episode_length": 69.25, "success_rate": 0.5, "collision_rate": 0.5, "out_of_bounds_rate": 0.0, "timeout_rate": 0.0, "policy_loss": 0.003885651007294655, "value_loss": 877.9697418212891, "entropy": 0.6095396876335144, "approx_kl": 0.011008554021827877, "clip_fraction": 0.0787353515625, "grad_norm": 409.72169494628906, "explained_variance": 0.8366245031356812, "action_std_mean": 0.3282114565372467, "optimizer_iterations": 4.0, "lr": 7.5424e-05}
{"step": 1232896, "wall_time": 1790764382.499212, "episodes_completed": 11.0, "mean_episode_reward": 168.54427354986018, "std_episode_reward": 146.95631650270826, "min_episode_reward": -16.38400650024414, "max_episode_reward": 494.643310546875, "mean_episode_length": 65.72727272727273, "success_rate": 0.7272727272727273, "collision_rate": 0.2727272727272727, "out_of_bounds_rate": 0.0, "timeout_rate": 0.0, "policy_loss": 0.002476828172802925, "value_loss": 781.0746002197266, "entropy": 0.609529972076416, "approx_kl": 0.007008968968875706, "clip_fraction": 0.075927734375, "grad_norm": 375.5989227294922, "explained_variance": 0.8383216857910156, "action_std_mean": 0.32820814847946167, "optimizer_iterations": 4.0, "lr": 7.538304000000001e-05}
{"step": 1234944, "wall_time": 1790764389.720711, "episodes_completed": 4.0, "mean_episode_reward": 216.5909538269043, "std_episode_reward": 146.4312878780152, "min_episode_reward": 36.80352783203125, "max_episode_reward": 418.4330749511719, "mean_episode_length": 74.25, "success_rate": 0.75, "collision_rate": 0.25, "out_of_bounds_rate": 0.0, "timeout_rate": 0.0, "policy_loss": 0.003141880501061678, "value_loss": 967.3166351318359, "entropy": 0.6095147430896759, "approx_kl": 0.022740226238965988, "clip_fraction": 0.034912109375, "grad_norm": 415.62901306152344, "explained_variance": 0.84425288438797, "action_std_mean": 0.3281998336315155, "optimizer_iterations": 4.0, "lr": 7.534208e-05}
{"step": 1236992, "wall_time": 1790764396.7556891, "episodes_completed": 9.0, "mean_episode_reward": 213.33015269703336, "std_episode_reward": 169.48549203058008, "min_episode_reward": 0.2897164821624756, "max_episode_reward": 426.3164978027344, "mean_episode_length": 74.66666666666667, "success_rate": 0.5555555555555556, "collision_rate": 0.3333333333333333, "out_of_bounds_rate": 0.0, "timeout_rate": 0.1111111111111111, "policy_loss": 0.0015208804979920387, "value_loss": 933.1278839111328, "entropy": 0.6094413697719574, "approx_kl": 0.0024148002557922155, "clip_fraction": 0.0216064453125, "grad_norm": 321.5685272216797, "explained_variance": 0.8223080635070801, "action_std_mean": 0.32818683981895447, "optimizer_iterations": 4.0, "lr": 7.530112e-05}
{"step": 1239040, "wall_time": 1790764403.7987664, "episodes_completed": 6.0, "mean_episode_reward": 247.66165844599405, "std_episode_reward": 118.99732423596407, "min_episode_reward": -3.211186408996582, "max_episode_reward": 373.8525390625, "mean_episode_length": 133.5, "success_rate": 0.3333333333333333, "collision_rate": 0.5, "out_of_bounds_rate": 0.0, "timeout_rate": 0.16666666666666666, "policy_loss": 0.008736507035791874, "value_loss": 793.4150695800781, "entropy": 0.6093694865703583, "approx_kl": 0.013836313271895051, "clip_fraction": 0.146240234375, "grad_norm": 512.7708511352539, "explained_variance": 0.8431562185287476, "action_std_mean": 0.3281787931919098, "optimizer_iterations": 4.0, "lr": 7.526016e-05}
{"step": 1241088, "wall_time": 1790764410.9522002, "episodes_completed": 11.0, "mean_episode_reward": 92.48314805464311, "std_episode_reward": 89.8905588581437, "min_episode_reward": -10.133061408996582, "max_episode_reward": 242.24366760253906, "mean_episode_length": 50.63636363636363, "success_rate": 0.0, "collision_rate": 1.0, "out_of_bounds_rate": 0.0, "timeout_rate": 0.0, "policy_loss": 0.0068125370889902115, "value_loss": 1118.0851135253906, "entropy": 0.6093320548534393, "approx_kl": 0.014488287270069122, "clip_fraction": 0.116455078125, "grad_norm": 384.3665466308594, "explained_variance": 0.7830184698104858, "action_std_mean": 0.3281700611114502, "optimizer_iterations": 4.0, "lr": 7.52192e-05}
{"step": 1243136, "wall_time": 1790764418.0742345, "episodes_completed": 5.0, "mean_episode_reward": 544.1819839477539, "std_episode_reward": 257.849746808678, "min_episode_reward": 122.79630279541016, "max_episode_reward": 917.141845703125, "mean_episode_length": 163.0, "success_rate": 0.8, "collision_rate": 0.2, "out_of_bounds_rate": 0.0, "timeout_rate": 0.0, "policy_loss": 0.001565316691994667, "value_loss": 1051.9961547851562, "entropy": 0.6092613637447357, "approx_kl": 0.005321684875525534, "clip_fraction": 0.0272216796875, "grad_norm": 396.18841552734375, "explained_variance": 0.8504446148872375, "action_std_mean": 0.32815325260162354, "optimizer_iterations": 4.0, "lr": 7.517824e-05}
{"step": 1245184, "wall_time": 1790764425.2485845, "episodes_completed": 8.0, "mean_episode_reward": 257.81662940979004, "std_episode_reward": 251.4571172520628, "min_episode_reward": 37.652793884277344, "max_episode_reward": 855.0082397460938, "mean_episode_length": 87.5, "success_rate": 0.625, "collision_rate": 0.375, "out_of_bounds_rate": 0.0, "timeout_rate": 0.0, "policy_loss": 0.002541839610785246, "value_loss": 982.1490783691406, "entropy": 0.6091805696487427, "approx_kl": 0.006170522072352469, "clip_fraction": 0.0406494140625, "grad_norm": 384.75150299072266, "explained_variance": 0.8327382206916809, "action_std_mean": 0.32815414667129517, "optimizer_iterations": 4.0, "lr": 7.513728e-05}
{"step": 1247232, "wall_time": 1790764432.4996042, "episodes_completed": 7.0, "mean_episode_reward": 112.35087169919696, "std_episode_reward": 123.95708324704124, "min_episode_reward": -5.314554691314697, "max_episode_reward": 370.09832763671875, "mean_episode_length": 125.0, "success_rate": 0.2857142857142857, "collision_rate": 0.42857142857142855, "out_of_bounds_rate": 0.0, "timeout_rate": 0.2857142857142857, "policy_loss": 0.0222430732101202, "value_loss": 789.7519683837891, "entropy": 0.6092367172241211, "approx_kl": 0.021174436900764704, "clip_fraction": 0.0938720703125, "grad_norm": 312.33809661865234, "explained_variance": 0.8393130302429199, "action_std_mean": 0.32817399501800537, "optimizer_iterations": 4.0, "lr": 7.509632e-05}
{"step": 1249280, "wall_time": 1790764439.6950011, "episodes_completed": 8.0, "mean_episode_reward": 246.19076824188232, "std_episode_reward": 298.76258627357, "min_episode_reward": 29.546092987060547, "max_episode_reward": 787.8013916015625, "mean_episode_length": 79.5, "success_rate": 0.375, "collision_rate": 0.625, "out_of_bounds_rate": 0.0, "timeout_rate": 0.0, "policy_loss": 0.026300770696252584, "value_loss": 1249.3212585449219, "entropy": 0.6093786358833313, "approx_kl": 0.04484489792957902, "clip_fraction": 0.2734375, "grad_norm": 991.5463714599609, "explained_variance": 0.7554539442062378, "action_std_mean": 0.32819920778274536, "optimizer_iterations": 4.0, "lr": 7.505535999999999e-05}
{"step": 1251328, "wall_time": 1790764446.9563928, "episodes_completed": 7.0, "mean_episode_reward": 238.10843535831995, "std_episode_reward": 232.7712116931863, "min_episode_reward": -9.956379890441895, "max_episode_reward": 694.931884765625, "mean_episode_length": 71.42857142857143, "success_rate": 0.42857142857142855, "collision_rate": 0.5714285714285714, "out_of_bounds_rate": 0.0, "timeout_rate": 0.0, "policy_loss": 0.005481778644025326, "value_loss": 924.0640106201172, "entropy": 0.6095426678657532, "approx_kl": 0.028588437009602785, "clip_fraction": 0.1038818359375, "grad_norm": 376.27396392822266, "explained_variance": 0.8214787840843201, "action_std_mean": 0.32822704315185547, "optimizer_iterations": 4.0, "lr": 7.501440000000001e-05}
{"step": 1253376, "wall_time": 1790764454.1721458, "episodes_completed": 4.0, "mean_episode_reward": 118.4794853925705, "std_episode_reward": 147.99099476174106, "min_episode_reward": -7.888786315917969, "max_episode_reward": 354.9600830078125, "mean_episode_length": 107.0, "success_rate": 0.25, "collision_rate": 0.75, "out_of_bounds_rate": 0.0, "timeout_rate": 0.0, "policy_loss": 0.016063259448856115, "value_loss": 943.1972198486328, "entropy": 0.609677791595459, "approx_kl": 0.02924525085836649, "clip_fraction": 0.091064453125, "grad_norm": 414.9801254272461, "explained_variance": 0.8587021827697754, "action_std_mean": 0.32823461294174194, "optimizer_iterations": 4.0, "lr": 7.497344e-05}
{"step": 1255424, "wall_time": 1790764461.4015055, "episodes_completed": 12.0, "mean_episode_reward": 165.8268859386444, "std_episode_reward": 262.5345691310776, "min_episode_reward": -44.960289001464844, "max_episode_reward": 869.1200561523438, "mean_episode_length": 68.0, "success_rate": 0.5, "collision_rate": 0.5, "out_of_bounds_rate": 0.0, "timeout_rate": 0.0, "policy_loss": 0.01988657470792532, "value_loss": 1168.4920654296875, "entropy": 0.6096742153167725, "approx_kl": 0.04921639524400234, "clip_fraction": 0.1429443359375, "grad_norm": 862.6306304931641, "explained_variance": 0.7868196964263916, "action_std_mean": 0.32822132110595703, "optimizer_iterations": 4.0, "lr": 7.493248e-05}
{"step": 1257472, "wall_time": 1790764468.4559674, "episodes_completed": 5.0, "mean_episode_reward": 235.35447616577147, "std_episode_reward": 187.83550782408736, "min_episode_reward": 34.42911911010742, "max_episode_reward": 591.6713256835938, "mean_episode_length": 75.6, "success_rate": 0.4, "collision_rate": 0.6, "out_of_bounds_rate": 0.0, "timeout_rate": 0.0, "policy_loss": 0.004565786570310593, "value_loss": 1041.4404296875, "entropy": 0.6095840036869049, "approx_kl": 0.006435675430111587, "clip_fraction": 0.0570068359375, "grad_norm": 425.4143295288086, "explained_variance": 0.8013313412666321, "action_std_mean": 0.3282108008861542, "optimizer_iterations": 4.0, "lr": 7.489152000000001e-05}
{"step": 1259520, "wall_time": 1790764475.4789424, "episodes_completed": 6.0, "mean_episode_reward": 196.2025310198466, "std_episode_reward": 186.86737642675124, "min_episode_reward": -9.294397354125977, "max_episode_reward": 516.2230834960938, "mean_episode_length": 100.5, "success_rate": 0.8333333333333334, "collision_rate": 0.16666666666666666, "out_of_bounds_rate": 0.0, "timeout_rate": 0.0, "policy_loss": -0.000718503724783659, "value_loss": 697.9181823730469, "entropy": 0.6095222234725952, "approx_kl": 0.002945953863672912, "clip_fraction": 0.0286865234375, "grad_norm": 295.972225189209, "explained_variance": 0.8714292049407959, "action_std_mean": 0.3281962275505066, "optimizer_iterations": 4.0, "lr": 7.485056e-05}
{"step": 1261568, "wall_time": 1790764482.5499263, "episodes_completed": 3.0, "mean_episode_reward": 109.61900997161865, "std_episode_reward": 86.85369595399982, "min_episode_reward": -1.675105094909668, "max_episode_reward": 210.27230834960938, "mean_episode_length": 117.0, "success_rate": 0.6666666666666666, "collision_rate": 0.0, "out_of_bounds_rate": 0.0, "timeout_rate": 0.3333333333333333, "policy_loss": 0.0015671011060476303, "value_loss": 847.2622375488281, "entropy": 0.6094278395175934, "approx_kl": 0.004542068520095199, "clip_fraction": 0.0325927734375, "grad_norm": 323.5649642944336, "explained_variance": 0.8782968521118164, "action_std_mean": 0.3281784951686859, "optimizer_iterations": 4.0, "lr": 7.48096e-05}
{"step": 1263616, "wall_time": 1790764489.6625426, "episodes_completed": 10.0, "mean_episode_reward": 211.64292206764222, "std_episode_reward": 203.44802781014786, "min_episode_reward": -3.243384838104248, "max_episode_reward": 691.5083618164062, "mean_episode_length": 97.9, "success_rate": 0.5, "collision_rate": 0.4, "out_of_bounds_rate": 0.0, "timeout_rate": 0.1, "policy_loss": 0.008673901204019785, "value_loss": 551.0378723144531, "entropy": 0.6093519330024719, "approx_kl": 0.010695396806113422, "clip_fraction": 0.0811767578125, "grad_norm": 255.43148803710938, "explained_variance": 0.8645658493041992, "action_std_mean": 0.32818499207496643, "optimizer_iterations": 4.0, "lr": 7.476864e-05}
{"step": 1265664, "wall_time": 1790764496.649567, "episodes_completed": 3.0, "mean_episode_reward": 470.96989488601685, "std_episode_reward": 379.98918734257876, "min_episode_reward": -2.406599521636963, "max_episode_reward": 927.9390869140625, "mean_episode_length": 208.0, "success_rate": 0.6666666666666666, "collision_rate": 0.0, "out_of_bounds_rate": 0.0, "timeout_rate": 0.3333333333333333, "policy_loss": 0.009422391769476235, "value_loss": 920.6929321289062, "entropy": 0.6094399392604828, "approx_kl": 0.010517830029129982, "clip_fraction": 0.1258544921875, "grad_norm": 351.9745788574219, "explained_variance": 0.8711534738540649, "action_std_mean": 0.3282023072242737, "optimizer_iterations": 4.0, "lr": 7.472768000000001e-05}
{"step": 1267712, "wall_time": 1790764503.8425012, "episodes_completed": 11.0, "mean_episode_reward": 154.4821718822826, "std_episode_reward": 212.17120014714163, "min_episode_reward": 4.145998954772949, "max_episode_reward": 700.6951293945312, "mean_episode_length": 75.72727272727273, "success_rate": 0.45454545454545453, "collision_rate": 0.45454545454545453, "out_of_bounds_rate": 0.0, "timeout_rate": 0.09090909090909091, "policy_loss": 0.005251752678304911, "value_loss": 1068.6633605957031, "entropy": 0.6095311045646667, "approx_kl": 0.01140706636942923, "clip_fraction": 0.0810546875, "grad_norm": 497.39099884033203, "explained_variance": 0.7712999582290649, "action_std_mean": 0.3282114863395691, "optimizer_iterations": 4.0, "lr": 7.468672e-05}
{"step": 1269760, "wall_time": 1790764511.1426027, "episodes_completed": 13.0, "mean_episode_reward": 142.75463364674494, "std_episode_reward": 151.3531685139075, "min_episode_reward": -10.188129425048828, "max_episode_reward": 552.8602294921875, "mean_episode_length": 52.84615384615385, "success_rate": 0.6153846153846154, "collision_rate": 0.38461538461538464, "out_of_bounds_rate": 0.0, "timeout_rate": 0.0, "policy_loss": 0.0008698567980900407, "value_loss": 814.4839019775391, "entropy": 0.6095869541168213, "approx_kl": 0.004821921524126083, "clip_fraction": 0.0416259765625, "grad_norm": 481.6910858154297, "explained_variance": 0.7936933636665344, "action_std_mean": 0.32822540402412415, "optimizer_iterations": 4.0, "lr": 7.464576000000001e-05}
{"step": 1271808, "wall_time": 1790764518.3848202, "episodes_completed": 10.0, "mean_episode_reward": 237.07317295074463, "std_episode_reward": 156.75189000106027, "min_episode_reward": -9.898672103881836, "max_episode_reward": 498.1319885253906, "mean_episode_length": 98.1, "success_rate": 0.3, "collision_rate": 0.7, "out_of_bounds_rate": 0.0, "timeout_rate": 0.0, "policy_loss": 0.005608501378446817, "value_loss": 796.8368682861328, "entropy": 0.6096583306789398, "approx_kl": 0.031110788928344846, "clip_fraction": 0.0335693359375, "grad_norm": 358.9219970703125, "explained_variance": 0.8246117234230042, "action_std_mean": 0.3282231390476227, "optimizer_iterations": 4.0, "lr": 7.460480000000001e-05}
{"step": 1273856, "wall_time": 1790764525.5755403, "episodes_completed": 6.0, "mean_episode_reward": 384.0009937286377, "std_episode_reward": 263.3626099494938, "min_episode_reward": 41.50288009643555, "max_episode_reward": 907.2767944335938, "mean_episode_length": 114.83333333333333, "success_rate": 0.5, "collision_rate": 0.5, "out_of_bounds_rate": 0.0, "timeout_rate": 0.0, "policy_loss": 0.0047079091891646385, "value_loss": 939.4828491210938, "entropy": 0.6096139848232269, "approx_kl": 0.015819285297766328, "clip_fraction": 0.10693359375, "grad_norm": 504.77345275878906, "explained_variance": 0.8370621204376221, "action_std_mean": 0.3282161056995392, "optimizer_iterations": 4.0, "lr": 7.456384e-05}
{"step": 1275904, "wall_time": 1790764532.8725526, "episodes_completed": 4.0, "mean_episode_reward": 384.7591692507267, "std_episode_reward": 360.13621715089903, "min_episode_reward": 0.7803903818130493, "max_episode_reward": 973.6640625, "mean_episode_length": 142.75, "success_rate": 0.75, "collision_rate": 0.0, "out_of_bounds_rate": 0.0, "timeout_rate": 0.25, "policy_loss": 0.009505357593297958, "value_loss": 960.9600067138672, "entropy": 0.6095953583717346, "approx_kl": 0.014177965000271797, "clip_fraction": 0.1123046875, "grad_norm": 450.5497512817383, "explained_variance": 0.8319412469863892, "action_std_mean": 0.32821959257125854, "optimizer_iterations": 4.0, "lr": 7.452288000000001e-05}
{"step": 1277952, "wall_time": 1790764539.9715378, "episodes_completed": 8.0, "mean_episode_reward": 147.45530718564987, "std_episode_reward": 141.85008943153895, "min_episode_reward": -9.980709075927734, "max_episode_reward": 445.80963134765625, "mean_episode_length": 58.125, "success_rate": 0.375, "collision_rate": 0.625, "out_of_bounds_rate": 0.0, "timeout_rate": 0.0, "policy_loss": 0.012880412861704826, "value_loss": 824.3076782226562, "entropy": 0.6096206307411194, "approx_kl": 0.013844615779817104, "clip_fraction": 0.0902099609375, "grad_norm": 459.2687530517578, "explained_variance": 0.8373807668685913, "action_std_mean": 0.32821792364120483, "optimizer_iterations": 4.0, "lr": 7.448192e-05}
{"step": 1280000, "wall_time": 1790764547.07013, "episodes_completed": 9.0, "mean_episode_reward": 61.23984448115031, "std_episode_reward": 78.70217714365548, "min_episode_reward": -19.03146743774414, "max_episode_reward": 234.86148071289062, "mean_episode_length": 57.111111111111114, "success_rate": 0.3333333333333333, "collision_rate": 0.6666666666666666, "out_of_bounds_rate": 0.0, "timeout_rate": 0.0, "policy_loss": 0.01585522945970297, "value_loss": 1041.1620178222656, "entropy": 0.6095907688140869, "approx_kl": 0.031926463823765516, "clip_fraction": 0.10693359375, "grad_norm": 416.7112808227539, "explained_variance": 0.829632580280304, "action_std_mean": 0.3282127380371094, "optimizer_iterations": 4.0, "lr": 7.444096e-05}
{"step": 1282048, "wall_time": 1790764554.1835985, "episodes_completed": 7.0, "mean_episode_reward": 332.3299353463309, "std_episode_reward": 153.58729201950322, "min_episode_reward": 124.12186431884766, "max_episode_reward": 627.870849609375, "mean_episode_length": 111.85714285714286, "success_rate": 0.7142857142857143, "collision_rate": 0.2857142857142857, "out_of_bounds_rate": 0.0, "timeout_rate": 0.0, "policy_loss": 0.001301680924370885, "value_loss": 960.1195526123047, "entropy": 0.6095790565013885, "approx_kl": 0.003638926340499893, "clip_fraction": 0.038330078125, "grad_norm": 407.8201141357422, "explained_variance": 0.8427207469940186, "action_std_mean": 0.32821720838546753, "optimizer_iterations": 4.0, "lr": 7.44e-05}
{"step": 1284096, "wall_time": 1790764561.3550103, "episodes_completed": 4.0, "mean_episode_reward": 225.9064096212387, "std_episode_reward": 220.87082305534722, "min_episode_reward": -4.649929523468018, "max_episode_reward": 447.99212646484375, "mean_episode_length": 77.0, "success_rate": 0.5, "collision_rate": 0.5, "out_of_bounds_rate": 0.0, "timeout_rate": 0.0, "policy_loss": 0.006830497644841671, "value_loss": 1309.9714965820312, "entropy": 0.6096170842647552, "approx_kl": 0.004543610324617475, "clip_fraction": 0.02197265625, "grad_norm": 466.89464569091797, "explained_variance": 0.8537522554397583, "action_std_mean": 0.32822325825691223, "optimizer_iterations": 4.0, "lr": 7.435904e-05}
{"step": 1286144, "wall_time": 1790764568.4419203, "episodes_completed": 10.0, "mean_episode_reward": 236.2107953220606, "std_episode_reward": 243.24362961941313, "min_episode_reward": -6.132816791534424, "max_episode_reward": 846.5533447265625, "mean_episode_length": 78.1, "success_rate": 0.5, "collision_rate": 0.4, "out_of_bounds_rate": 0.0, "timeout_rate": 0.1, "policy_loss": 0.00556515995413065, "value_loss": 958.5746765136719, "entropy": 0.6096499264240265, "approx_kl": 0.012447026325389743, "clip_fraction": 0.0531005859375, "grad_norm": 402.4884948730469, "explained_variance": 0.8372699618339539, "action_std_mean": 0.3282238841056824, "optimizer_iterations": 4.0, "lr": 7.431808e-05}
{"step": 1288192, "wall_time": 1790764575.5398498, "episodes_completed": 7.0, "mean_episode_reward": 169.35654653821672, "std_episode_reward": 223.1987123875411, "min_episode_reward": -3.8615846633911133, "max_episode_reward": 547.1885986328125, "mean_episode_length": 91.42857142857143, "success_rate": 0.42857142857142855, "collision_rate": 0.42857142857142855, "out_of_bounds_rate": 0.0, "timeout_rate": 0.14285714285714285, "policy_loss": -0.0020263399928808212, "value_loss": 1083.9825134277344, "entropy": 0.6096090376377106, "approx_kl": 0.004200306080747396, "clip_fraction": 0.045654296875, "grad_norm": 420.6785354614258, "explained_variance": 0.8319523930549622, "action_std_mean": 0.32819852232933044, "optimizer_iterations": 4.0, "lr": 7.427712e-05}
{"step": 1290240, "wall_time": 1790764582.7304475, "episodes_completed": 5.0, "mean_episode_reward": 475.13075065612793, "std_episode_reward": 350.36664240550544, "min_episode_reward": 10.495595932006836, "max_episode_reward": 863.322509765625, "mean_episode_length": 133.6, "success_rate": 0.6, "collision_rate": 0.4, "out_of_bounds_rate": 0.0, "timeout_rate": 0.0, "policy_loss": -0.001942131668329239, "value_loss": 1497.1166381835938, "entropy": 0.6094144582748413, "approx_kl": 0.008613420883193612, "clip_fraction": 0.0357666015625, "grad_norm": 508.9920883178711, "explained_variance": 0.7829242944717407, "action_std_mean": 0.32816946506500244, "optimizer_iterations": 4.0, "lr": 7.423616e-05}
{"step": 1292288, "wall_time": 1790764589.8514767, "episodes_completed": 15.0, "mean_episode_reward": 227.60233681201936, "std_episode_reward": 248.60889071609947, "min_episode_reward": -1.723630428314209, "max_episode_reward": 897.5103759765625, "mean_episode_length": 86.46666666666667, "success_rate": 0.6, "collision_rate": 0.3333333333333333, "out_of_bounds_rate": 0.0, "timeout_rate": 0.06666666666666667, "policy_loss": 0.005745221860706806, "value_loss": 1115.640380859375, "entropy": 0.6092675626277924, "approx_kl": 0.007928122708108276, "clip_fraction": 0.047607421875, "grad_norm": 462.92325592041016, "explained_variance": 0.7223119735717773, "action_std_mean": 0.3281475901603699, "optimizer_iterations": 4.0, "lr": 7.41952e-05}
{"step": 1294336, "wall_time": 1790764597.0521708, "episodes_completed": 11.0, "mean_episode_reward": 263.30122748288244, "std_episode_reward": 218.90528955708365, "min_episode_reward": -9.817357063293457, "max_episode_reward": 667.6668090820312, "mean_episode_length": 89.0909090909091, "success_rate": 0.5454545454545454, "collision_rate": 0.45454545454545453, "out_of_bounds_rate": 0.0, "timeout_rate": 0.0, "policy_loss": 0.005606335587799549, "value_loss": 904.6089172363281, "entropy": 0.6091376841068268, "approx_kl": 0.009451008983887732, "clip_fraction": 0.089111328125, "grad_norm": 579.4038467407227, "explained_variance": 0.7761348485946655, "action_std_mean": 0.32812821865081787, "optimizer_iterations": 4.0, "lr": 7.415424e-05}
{"step": 1296384, "wall_time": 1790764604.2893338, "episodes_completed": 5.0, "mean_episode_reward": 412.05625305175784, "std_episode_reward": 309.8980868839098, "min_episode_reward": 105.78363037109375, "max_episode_reward": 857.8587036132812, "mean_episode_length": 156.0, "success_rate": 0.8, "collision_rate": 0.2, "out_of_bounds_rate": 0.0, "timeout_rate": 0.0, "policy_loss": 0.001691968645900488, "value_loss": 1023.2899169921875, "entropy": 0.6090152561664581, "approx_kl": 0.007758360588923097, "clip_fraction": 0.0799560546875, "grad_norm": 515.6768264770508, "explained_variance": 0.8127810955047607, "action_std_mean": 0.3281044661998749, "optimizer_iterations": 4.0, "lr": 7.411327999999999e-05}
{"step": 1298432, "wall_time": 1790764611.4683733, "episodes_completed": 4.0, "mean_episode_reward": 378.14515686035156, "std_episode_reward": 169.7378921147473, "min_episode_reward": 177.72482299804688, "max_episode_reward": 634.4337768554688, "mean_episode_length": 103.25, "success_rate": 1.0, "collision_rate": 0.0, "out_of_bounds_rate": 0.0, "timeout_rate": 0.0, "policy_loss": 0.0015171533450484276, "value_loss": 870.7872772216797, "entropy": 0.6088628470897675, "approx_kl": 0.005109758407343179, "clip_fraction": 0.0546875, "grad_norm": 602.8286437988281, "explained_variance": 0.8365448713302612, "action_std_mean": 0.3280795216560364, "optimizer_iterations": 4.0, "lr": 7.407232e-05}
{"step": 1300480, "wall_time": 1790764618.6271365, "episodes_completed": 3.0, "mean_episode_reward": 421.67151896158856, "std_episode_reward": 208.6604636360247, "min_episode_reward": 225.971435546875, "max_episode_reward": 710.7933349609375, "mean_episode_length": 118.66666666666667, "success_rate": 1.0, "collision_rate": 0.0, "out_of_bounds_rate": 0.0, "timeout_rate": 0.0, "policy_loss": 0.00016272440552711487, "value_loss": 668.2053527832031, "entropy": 0.608704000711441, "approx_kl": 0.0012308936566114426, "clip_fraction": 0.0074462890625, "grad_norm": 347.8190612792969, "explained_variance": 0.867374837398529, "action_std_mean": 0.32804882526397705, "optimizer_iterations": 4.0, "lr": 7.403136000000001e-05}
{"step": 1302528, "wall_time": 1790764625.8645983, "episodes_completed": 5.0, "mean_episode_reward": 106.8579288482666, "std_episode_reward": 117.35442586696816, "min_episode_reward": -6.156272888183594, "max_episode_reward": 326.6300964355469, "mean_episode_length": 81.2, "success_rate": 0.8, "collision_rate": 0.2, "out_of_bounds_rate": 0.0, "timeout_rate": 0.0, "policy_loss": 0.002057984471321106, "value_loss": 349.5700912475586, "entropy": 0.6085181832313538, "approx_kl": 0.19259073957800865, "clip_fraction": 0.080078125, "grad_norm": 339.0371551513672, "explained_variance": 0.8891116976737976, "action_std_mean": 0.3280227780342102, "optimizer_iterations": 4.0, "lr": 7.39904e-05}
{"step": 1304576, "wall_time": 1790764633.0841322, "episodes_completed": 7.0, "mean_episode_reward": 169.39942053386144, "std_episode_reward": 257.24673549132586, "min_episode_reward": -27.010404586791992, "max_episode_reward": 641.7704467773438, "mean_episode_length": 90.57142857142857, "success_rate": 0.2857142857142857, "collision_rate": 0.5714285714285714, "out_of_bounds_rate": 0.0, "timeout_rate": 0.14285714285714285, "policy_loss": 0.002662388142198324, "value_loss": 850.5653686523438, "entropy": 0.6083596646785736, "approx_kl": 0.005474210251122713, "clip_fraction": 0.0653076171875, "grad_norm": 344.1577453613281, "explained_variance": 0.8751503825187683, "action_std_mean": 0.3279910981655121, "optimizer_iterations": 4.0, "lr": 7.394944e-05}
{"step": 1306624, "wall_time": 1790764640.228081, "episodes_completed": 12.0, "mean_episode_reward": 147.94907961289087, "std_episode_reward": 140.03365800714138, "min_episode_reward": -26.84215545654297, "max_episode_reward": 349.9233703613281, "mean_episode_length": 80.75, "success_rate": 0.5833333333333334, "collision_rate": 0.3333333333333333, "out_of_bounds_rate": 0.0, "timeout_rate": 0.08333333333333333, "policy_loss": 0.0026484342524781823, "value_loss": 810.1046752929688, "entropy": 0.6081458032131195, "approx_kl": 0.005103164468891919, "clip_fraction": 0.0565185546875, "grad_norm": 498.79442596435547, "explained_variance": 0.8387689590454102, "action_std_mean": 0.32795315980911255, "optimizer_iterations": 4.0, "lr": 7.390848e-05}
{"step": 1308672, "wall_time": 1790764647.432206, "episodes_completed": 10.0, "mean_episode_reward": 258.9998594284058, "std_episode_reward": 178.97757262794207, "min_episode_reward": -10.036779403686523, "max_episode_reward": 567.02001953125, "mean_episode_length": 90.4, "success_rate": 0.5, "collision_rate": 0.5, "out_of_bounds_rate": 0.0, "timeout_rate": 0.0, "policy_loss": 0.006491150241345167, "value_loss": 1229.7553100585938, "entropy": 0.607936292886734, "approx_kl": 0.007934021996334195, "clip_fraction": 0.0531005859375, "grad_norm": 540.916259765625, "explained_variance": 0.6615705490112305, "action_std_mean": 0.32792919874191284, "optimizer_iterations": 4.0, "lr": 7.386752e-05}
{"step": 1310720, "wall_time": 1790764654.7102995, "episodes_completed": 8.0, "mean_episode_reward": 175.42187011241913, "std_episode_reward": 127.92943581479614, "min_episode_reward": 4.6461591720581055, "max_episode_reward": 425.40472412109375, "mean_episode_length": 87.875, "success_rate": 0.5, "collision_rate": 0.5, "out_of_bounds_rate": 0.0, "timeout_rate": 0.0, "policy_loss": 0.006798241287469864, "value_loss": 906.6546783447266, "entropy": 0.6078217029571533, "approx_kl": 0.008322197711095214, "clip_fraction": 0.0482177734375, "grad_norm": 479.80262756347656, "explained_variance": 0.7889890074729919, "action_std_mean": 0.3279140591621399, "optimizer_iterations": 4.0, "lr": 7.382656e-05}
{"step": 1312768, "wall_time": 1790764661.9336112, "episodes_completed": 9.0, "mean_episode_reward": 206.20929718017578, "std_episode_reward": 258.14206930217136, "min_episode_reward": -9.971409797668457, "max_episode_reward": 744.5320434570312, "mean_episode_length": 79.0, "success_rate": 0.6666666666666666, "collision_rate": 0.3333333333333333, "out_of_bounds_rate": 0.0, "timeout_rate": 0.0, "policy_loss": 0.003368870704434812, "value_loss": 821.4526672363281, "entropy": 0.6077345907688141, "approx_kl": 0.00499293944449164, "clip_fraction": 0.0548095703125, "grad_norm": 364.3066711425781, "explained_variance": 0.8347055912017822, "action_std_mean": 0.32789966464042664, "optimizer_iterations": 4.0, "lr": 7.378560000000001e-05}
{"step": 1314816, "wall_time": 1790764669.076027, "episodes_completed": 7.0, "mean_episode_reward": 106.98930740356445, "std_episode_reward": 159.34415188579126, "min_episode_reward": -28.96324920654297, "max_episode_reward": 393.59381103515625, "mean_episode_length": 118.28571428571429, "success_rate": 0.2857142857142857, "collision_rate": 0.7142857142857143, "out_of_bounds_rate": 0.0, "timeout_rate": 0.0, "policy_loss": 0.0016822665929794312, "value_loss": 418.56419372558594, "entropy": 0.6076447069644928, "approx_kl": 0.006299486616626382, "clip_fraction": 0.058349609375, "grad_norm": 406.94628524780273, "explained_variance": 0.8890084028244019, "action_std_mean": 0.3278849124908447, "optimizer_iterations": 4.0, "lr": 7.374464000000001e-05}
{"step": 1316864, "wall_time": 1790764676.2380452, "episodes_completed": 7.0, "mean_episode_reward": 115.14365046364921, "std_episode_reward": 143.17244057989754, "min_episode_reward": -21.15564727783203, "max_episode_reward": 370.41351318359375, "mean_episode_length": 67.0, "success_rate": 0.42857142857142855, "collision_rate": 0.5714285714285714, "out_of_bounds_rate": 0.0, "timeout_rate": 0.0, "policy_loss": 0.01587049849331379, "value_loss": 631.9693145751953, "entropy": 0.6075429320335388, "approx_kl": 0.013070531073026359, "clip_fraction": 0.0828857421875, "grad_norm": 352.69336700439453, "explained_variance": 0.8605160713195801, "action_std_mean": 0.3278668522834778, "optimizer_iterations": 4.0, "lr": 7.370368e-05}
{"step": 1318912, "wall_time": 1790764683.4586656, "episodes_completed": 3.0, "mean_episode_reward": 246.48792012532553, "std_episode_reward": 184.87066387113856, "min_episode_reward": 111.84264373779297, "max_episode_reward": 507.8948974609375, "mean_episode_length": 77.66666666666667, "success_rate": 0.6666666666666666, "collision_rate": 0.3333333333333333, "out_of_bounds_rate": 0.0, "timeout_rate": 0.0, "policy_loss": 0.007790646282956004, "value_loss": 730.4566802978516, "entropy": 0.6074331700801849, "approx_kl": 0.011504709487780929, "clip_fraction": 0.1158447265625, "grad_norm": 510.3814468383789, "explained_variance": 0.8664126396179199, "action_std_mean": 0.3278424143791199, "optimizer_iterations": 4.0, "lr": 7.366272000000001e-05}
{"step": 1320960, "wall_time": 1790764690.5782456, "episodes_completed": 10.0, "mean_episode_reward": 204.71603899002076, "std_episode_reward": 196.0271763757524, "min_episode_reward": -13.35482406616211, "max_episode_reward": 582.3795166015625, "mean_episode_length": 94.0, "success_rate": 0.3, "collision_rate": 0.7, "out_of_bounds_rate": 0.0, "timeout_rate": 0.0, "policy_loss": 0.005062604323029518, "value_loss": 784.1561431884766, "entropy": 0.6072525084018707, "approx_kl": 0.010194310103543103, "clip_fraction": 0.114501953125, "grad_norm": 278.7463912963867, "explained_variance": 0.8506368398666382, "action_std_mean": 0.3278096914291382, "optimizer_iterations": 4.0, "lr": 7.362176e-05}
{"step": 1323008, "wall_time": 1790764697.7345378, "episodes_completed": 14.0, "mean_episode_reward": 133.2526308127812, "std_episode_reward": 193.09639700463404, "min_episode_reward": -15.081130981445312, "max_episode_reward": 572.1903686523438, "mean_episode_length": 66.71428571428571, "success_rate": 0.14285714285714285, "collision_rate": 0.8571428571428571, "out_of_bounds_rate": 0.0, "timeout_rate": 0.0, "policy_loss": 0.0021593107376247644, "value_loss": 1071.9219970703125, "entropy": 0.6070666909217834, "approx_kl": 0.006647883157711476, "clip_fraction": 0.070068359375, "grad_norm": 590.0310897827148, "explained_variance": 0.7556852102279663, "action_std_mean": 0.3277832865715027, "optimizer_iterations": 4.0, "lr": 7.35808e-05}
{"step": 1325056, "wall_time": 1790764704.9688716, "episodes_completed": 7.0, "mean_episode_reward": 180.78379208700997, "std_episode_reward": 146.1762438375548, "min_episode_reward": -9.974753379821777, "max_episode_reward": 374.8721923828125, "mean_episode_length": 66.85714285714286, "success_rate": 0.5714285714285714, "collision_rate": 0.42857142857142855, "out_of_bounds_rate": 0.0, "timeout_rate": 0.0, "policy_loss": 0.006165152415633202, "value_loss": 1179.1567077636719, "entropy": 0.6069376468658447, "approx_kl": 0.008874400518834591, "clip_fraction": 0.056884765625, "grad_norm": 534.0468673706055, "explained_variance": 0.813423752784729, "action_std_mean": 0.3277731239795685, "optimizer_iterations": 4.0, "lr": 7.353984e-05}
{"step": 1327104, "wall_time": 1790764712.130134, "episodes_completed": 6.0, "mean_episode_reward": 189.00986909866333, "std_episode_reward": 259.83797903886045, "min_episode_reward": -23.22220230102539, "max_episode_reward": 721.2506713867188, "mean_episode_length": 120.0, "success_rate": 0.5, "collision_rate": 0.5, "out_of_bounds_rate": 0.0, "timeout_rate": 0.0, "policy_loss": 0.00468720868229866, "value_loss": 633.0466156005859, "entropy": 0.6068932712078094, "approx_kl": 0.011546310503035784, "clip_fraction": 0.0888671875, "grad_norm": 334.0619659423828, "explained_variance": 0.8691792488098145, "action_std_mean": 0.32776185870170593, "optimizer_iterations": 4.0, "lr": 7.349888e-05}
{"step": 1329152, "wall_time": 1790764719.2186456, "episodes_completed": 4.0, "mean_episode_reward": 160.44369220733643, "std_episode_reward": 140.25047323801846, "min_episode_reward": 58.407772064208984, "max_episode_reward": 401.76678466796875, "mean_episode_length": 55.0, "success_rate": 0.25, "collision_rate": 0.75, "out_of_bounds_rate": 0.0, "timeout_rate": 0.0, "policy_loss": 0.005254855379462242, "value_loss": 974.3219909667969, "entropy": 0.6068159341812134, "approx_kl": 0.005840308265760541, "clip_fraction": 0.0587158203125, "grad_norm": 409.3539581298828, "explained_variance": 0.8163340091705322, "action_std_mean": 0.32775241136550903, "optimizer_iterations": 4.0, "lr": 7.345792000000001e-05}
{"step": 1331200, "wall_time": 1790764726.326665, "episodes_completed": 6.0, "mean_episode_reward": 125.74388694763184, "std_episode_reward": 215.1626876654564, "min_episode_reward": -9.958344459533691, "max_episode_reward": 600.6078491210938, "mean_episode_length": 101.33333333333333, "success_rate": 0.6666666666666666, "collision_rate": 0.3333333333333333, "out_of_bounds_rate": 0.0, "timeout_rate": 0.0, "policy_loss": 0.0029228180646896362, "value_loss": 561.6833953857422, "entropy": 0.6067677438259125, "approx_kl": 0.006913683726452291, "clip_fraction": 0.082763671875, "grad_norm": 274.7662544250488, "explained_variance": 0.8774529695510864, "action_std_mean": 0.3277454376220703, "optimizer_iterations": 4.0, "lr": 7.341696e-05}
{"step": 1333248, "wall_time": 1790764733.5650332, "episodes_completed": 2.0, "mean_episode_reward": 44.115177035331726, "std_episode_reward": 42.045894742012024, "min_episode_reward": 2.069282293319702, "max_episode_reward": 86.16107177734375, "mean_episode_length": 122.5, "success_rate": 0.5, "collision_rate": 0.0, "out_of_bounds_rate": 0.0, "timeout_rate": 0.5, "policy_loss": 0.008297638036310673, "value_loss": 332.2591094970703, "entropy": 0.6067342460155487, "approx_kl": 0.014830828178673983, "clip_fraction": 0.1168212890625, "grad_norm": 435.513427734375, "explained_variance": 0.8897184133529663, "action_std_mean": 0.3277406096458435, "optimizer_iterations": 4.0, "lr": 7.3376e-05}
{"step": 1335296, "wall_time": 1790764740.6724641, "episodes_completed": 6.0, "mean_episode_reward": 146.4800008138021, "std_episode_reward": 149.30518295015995, "min_episode_reward": -7.765003204345703, "max_episode_reward": 455.7308044433594, "mean_episode_length": 67.66666666666667, "success_rate": 0.3333333333333333, "collision_rate": 0.6666666666666666, "out_of_bounds_rate": 0.0, "timeout_rate": 0.0, "policy_loss": 0.004529674246441573, "value_loss": 602.1793365478516, "entropy": 0.6067020893096924, "approx_kl": 0.009660202253144234, "clip_fraction": 0.0517578125, "grad_norm": 259.6237907409668, "explained_variance": 0.8862048983573914, "action_std_mean": 0.32773256301879883, "optimizer_iterations": 4.0, "lr": 7.333504e-05}
{"step": 1337344, "wall_time": 1790764747.7681122, "episodes_completed": 7.0, "mean_episode_reward": 251.16147913251604, "std_episode_reward": 256.2916855662067, "min_episode_reward": 18.582904815673828, "max_episode_reward": 740.0625610351562, "mean_episode_length": 104.42857142857143, "success_rate": 0.7142857142857143, "collision_rate": 0.2857142857142857, "out_of_bounds_rate": 0.0, "timeout_rate": 0.0, "policy_loss": 0.004708011634647846, "value_loss": 862.4355010986328, "entropy": 0.6066290140151978, "approx_kl": 0.009575699339620769, "clip_fraction": 0.1033935546875, "grad_norm": 290.9793395996094, "explained_variance": 0.8639810681343079, "action_std_mean": 0.32771891355514526, "optimizer_iterations": 4.0, "lr": 7.329408e-05}
{"step": 1339392, "wall_time": 1790764755.044118, "episodes_completed": 5.0, "mean_episode_reward": 219.2375030517578, "std_episode_reward": 116.49894031982761, "min_episode_reward": -1.8056793212890625, "max_episode_reward": 343.3534851074219, "mean_episode_length": 104.2, "success_rate": 0.4, "collision_rate": 0.4, "out_of_bounds_rate": 0.0, "timeout_rate": 0.2, "policy_loss": -0.0010772030800580978, "value_loss": 957.4812774658203, "entropy": 0.6065655052661896, "approx_kl": 0.002042962398263626, "clip_fraction": 0.015625, "grad_norm": 396.0746154785156, "explained_variance": 0.8508397340774536, "action_std_mean": 0.3277130722999573, "optimizer_iterations": 4.0, "lr": 7.325311999999999e-05}
{"step": 1341440, "wall_time": 1790764762.3058112, "episodes_completed": 5.0, "mean_episode_reward": 286.43912234306333, "std_episode_reward": 256.12021419697425, "min_episode_reward": -1.0715868473052979, "max_episode_reward": 681.94482421875, "mean_episode_length": 112.4, "success_rate": 0.6, "collision_rate": 0.2, "out_of_bounds_rate": 0.0, "timeout_rate": 0.2, "policy_loss": 0.00018100999295711517, "value_loss": 775.4397888183594, "entropy": 0.6065294742584229, "approx_kl": 0.007857550168409944, "clip_fraction": 0.0291748046875, "grad_norm": 433.64888763427734, "explained_variance": 0.8573384284973145, "action_std_mean": 0.3277038335800171, "optimizer_iterations": 4.0, "lr": 7.321216e-05}
{"step": 1343488, "wall_time": 1790764769.503311, "episodes_completed": 3.0, "mean_episode_reward": 117.84939916928609, "std_episode_reward": 125.04185924290658, "min_episode_reward": -1.7392246723175049, "max_episode_reward": 290.458251953125, "mean_episode_length": 68.66666666666667, "success_rate": 0.6666666666666666, "collision_rate": 0.0, "out_of_bounds_rate": 0.0, "timeout_rate": 0.3333333333333333, "policy_loss": 0.009451179765164852, "value_loss": 921.9416809082031, "entropy": 0.6064769327640533, "approx_kl": 0.017788253258913755, "clip_fraction": 0.13623046875, "grad_norm": 352.6037826538086, "explained_variance": 0.8722173571586609, "action_std_mean": 0.32770082354545593, "optimizer_iterations": 4.0, "lr": 7.31712e-05}
{"step": 1345536, "wall_time": 1790764776.7208593, "episodes_completed": 6.0, "mean_episode_reward": 148.21543264389038, "std_episode_reward": 113.53444241812986, "min_episode_reward": 12.354401588439941, "max_episode_reward": 350.4615783691406, "mean_episode_length": 60.166666666666664, "success_rate": 0.8333333333333334, "collision_rate": 0.16666666666666666, "out_of_bounds_rate": 0.0, "timeout_rate": 0.0, "policy_loss": 0.007385609205812216, "value_loss": 597.9906463623047, "entropy": 0.6064806282520294, "approx_kl": 0.015168571146205068, "clip_fraction": 0.1063232421875, "grad_norm": 444.0556640625, "explained_variance": 0.8691897988319397, "action_std_mean": 0.32770174741744995, "optimizer_iterations": 4.0, "lr": 7.313024e-05}
{"step": 1347584, "wall_time": 1790764783.914196, "episodes_completed": 6.0, "mean_episode_reward": 217.39418840408325, "std_episode_reward": 232.55012514929044, "min_episode_reward": 1.8513402938842773, "max_episode_reward": 690.8491821289062, "mean_episode_length": 72.16666666666667, "success_rate": 0.5, "collision_rate": 0.5, "out_of_bounds_rate": 0.0, "timeout_rate": 0.0, "policy_loss": 0.0012017791159451008, "value_loss": 725.1297760009766, "entropy": 0.6064794361591339, "approx_kl": 0.008922687731683254, "clip_fraction": 0.1014404296875, "grad_norm": 450.5773620605469, "explained_variance": 0.8621872663497925, "action_std_mean": 0.3277014493942261, "optimizer_iterations": 4.0, "lr": 7.308928000000001e-05}
{"step": 1349632, "wall_time": 1790764791.1171784, "episodes_completed": 5.0, "mean_episode_reward": 162.70076656341553, "std_episode_reward": 202.70736970703112, "min_episode_reward": -9.684887886047363, "max_episode_reward": 545.1116943359375, "mean_episode_length": 74.2, "success_rate": 0.8, "collision_rate": 0.2, "out_of_bounds_rate": 0.0, "timeout_rate": 0.0, "policy_loss": 0.0004004724323749542, "value_loss": 704.0193481445312, "entropy": 0.6064706742763519, "approx_kl": 0.00598236481891945, "clip_fraction": 0.0687255859375, "grad_norm": 284.00575256347656, "explained_variance": 0.8859801888465881, "action_std_mean": 0.32769447565078735, "optimizer_iterations": 4.0, "lr": 7.304832e-05}
{"step": 1351680, "wall_time": 1790764798.2484376, "episodes_completed": 5.0, "mean_episode_reward": 310.37776584625243, "std_episode_reward": 305.6299539473521, "min_episode_reward": -9.971430778503418, "max_episode_reward": 874.6542358398438, "mean_episode_length": 112.2, "success_rate": 0.6, "collision_rate": 0.4, "out_of_bounds_rate": 0.0, "timeout_rate": 0.0, "policy_loss": 0.0001451456919312477, "value_loss": 729.8598937988281, "entropy": 0.6064316928386688, "approx_kl": 0.005119794557685964, "clip_fraction": 0.038818359375, "grad_norm": 262.8421401977539, "explained_variance": 0.8681926727294922, "action_std_mean": 0.3276955485343933, "optimizer_iterations": 4.0, "lr": 7.300736e-05}
{"step": 1353728, "wall_time": 1790764805.5464473, "episodes_completed": 4.0, "mean_episode_reward": 428.88834688067436, "std_episode_reward": 257.0576620839568, "min_episode_reward": -0.5597411394119263, "max_episode_reward": 671.531005859375, "mean_episode_length": 142.5, "success_rate": 0.5, "collision_rate": 0.25, "out_of_bounds_rate": 0.0, "timeout_rate": 0.25, "policy_loss": 0.017203153111040592, "value_loss": 756.0919799804688, "entropy": 0.6064725816249847, "approx_kl": 0.027149098925292492, "clip_fraction": 0.0865478515625, "grad_norm": 369.97215270996094, "explained_variance": 0.8774015307426453, "action_std_mean": 0.32771167159080505, "optimizer_iterations": 4.0, "lr": 7.29664e-05}
{"step": 1355776, "wall_time": 1790764812.689278, "episodes_completed": 8.0, "mean_episode_reward": 196.3822137117386, "std_episode_reward": 314.2851275680769, "min_episode_reward": -51.777591705322266, "max_episode_reward": 811.03857421875, "mean_episode_length": 86.75, "success_rate": 0.25, "collision_rate": 0.625, "out_of_bounds_rate": 0.0, "timeout_rate": 0.125, "policy_loss": 0.00403955508954823, "value_loss": 1017.4223175048828, "entropy": 0.606593132019043, "approx_kl": 0.007437969790771604, "clip_fraction": 0.0638427734375, "grad_norm": 871.9630279541016, "explained_variance": 0.8489397168159485, "action_std_mean": 0.32773357629776, "optimizer_iterations": 4.0, "lr": 7.292544000000001e-05}
{"step": 1357824, "wall_time": 1790764819.7554483, "episodes_completed": 6.0, "mean_episode_reward": 98.71315294504166, "std_episode_reward": 99.5440020659118, "min_episode_reward": -8.588460922241211, "max_episode_reward": 289.7405090332031, "mean_episode_length": 86.5, "success_rate": 0.3333333333333333, "collision_rate": 0.5, "out_of_bounds_rate": 0.0, "timeout_rate": 0.16666666666666666, "policy_loss": 0.00243761227466166, "value_loss": 559.2763519287109, "entropy": 0.6067169606685638, "approx_kl": 0.008234454551711679, "clip_fraction": 0.07080078125, "grad_norm": 1160.2179412841797, "explained_variance": 0.8542530536651611, "action_std_mean": 0.32774975895881653, "optimizer_iterations": 4.0, "lr": 7.288448000000001e-05}
{"step": 1359872, "wall_time": 1790764827.073189, "episodes_completed": 2.0, "mean_episode_reward": 64.46054792404175, "std_episode_reward": 51.86745500564575, "min_episode_reward": 12.593092918395996, "max_episode_reward": 116.3280029296875, "mean_episode_length": 48.5, "success_rate": 1.0, "collision_rate": 0.0, "out_of_bounds_rate": 0.0, "timeout_rate": 0.0, "policy_loss": 0.006715563591569662, "value_loss": 471.68636322021484, "entropy": 0.6067893505096436, "approx_kl": 0.0097547871991992, "clip_fraction": 0.0833740234375, "grad_norm": 352.50891494750977, "explained_variance": 0.8807157874107361, "action_std_mean": 0.3277512192726135, "optimizer_iterations": 4.0, "lr": 7.284352e-05}
{"step": 1361920, "wall_time": 1790764834.2203448, "episodes_completed": 4.0, "mean_episode_reward": 290.3870577812195, "std_episode_reward": 225.05837868094213, "min_episode_reward": 11.683393478393555, "max_episode_reward": 638.6430053710938, "mean_episode_length": 118.75, "success_rate": 1.0, "collision_rate": 0.0, "out_of_bounds_rate": 0.0, "timeout_rate": 0.0, "policy_loss": 0.005297400057315826, "value_loss": 590.9067687988281, "entropy": 0.6067606806755066, "approx_kl": 0.010491535300388932, "clip_fraction": 0.0760498046875, "grad_norm": 331.6314888000488, "explained_variance": 0.8873683214187622, "action_std_mean": 0.3277399241924286, "optimizer_iterations": 4.0, "lr": 7.280256000000001e-05}
{"step": 1363968, "wall_time": 1790764841.32049, "episodes_completed": 4.0, "mean_episode_reward": 227.64623355865479, "std_episode_reward": 225.35486159322355, "min_episode_reward": -25.04300308227539, "max_episode_reward": 524.2363891601562, "mean_episode_length": 94.5, "success_rate": 0.75, "collision_rate": 0.25, "out_of_bounds_rate": 0.0, "timeout_rate": 0.0, "policy_loss": 0.006537073757499456, "value_loss": 544.4145355224609, "entropy": 0.6066983938217163, "approx_kl": 0.015599843580275774, "clip_fraction": 0.080810546875, "grad_norm": 372.8248863220215, "explained_variance": 0.8812997937202454, "action_std_mean": 0.3277336657047272, "optimizer_iterations": 4.0, "lr": 7.27616e-05}
{"step": 1366016, "wall_time": 1790764848.4805932, "episodes_completed": 9.0, "mean_episode_reward": 36.44626914130317, "std_episode_reward": 65.58426474437088, "min_episode_reward": -21.534542083740234, "max_episode_reward": 189.18695068359375, "mean_episode_length": 54.888888888888886, "success_rate": 0.3333333333333333, "collision_rate": 0.6666666666666666, "out_of_bounds_rate": 0.0, "timeout_rate": 0.0, "policy_loss": -0.0005688131786882877, "value_loss": 383.03771209716797, "entropy": 0.6066801249980927, "approx_kl": 0.0048317176988348365, "clip_fraction": 0.053466796875, "grad_norm": 385.0631408691406, "explained_variance": 0.8707125782966614, "action_std_mean": 0.3277331590652466, "optimizer_iterations": 4.0, "lr": 7.272064000000001e-05}
{"step": 1368064, "wall_time": 1790764855.7816143, "episodes_completed": 6.0, "mean_episode_reward": 161.26515452067056, "std_episode_reward": 222.44279996485116, "min_episode_reward": -4.621803283691406, "max_episode_reward": 511.6876220703125, "mean_episode_length": 166.16666666666666, "success_rate": 0.3333333333333333, "collision_rate": 0.3333333333333333, "out_of_bounds_rate": 0.0, "timeout_rate": 0.3333333333333333, "policy_loss": 0.0014468198642134666, "value_loss": 483.6902847290039, "entropy": 0.6066701710224152, "approx_kl": 0.0035486904671415687, "clip_fraction": 0.029296875, "grad_norm": 426.82766342163086, "explained_variance": 0.8609627485275269, "action_std_mean": 0.32772719860076904, "optimizer_iterations": 4.0, "lr": 7.267968000000001e-05}
{"step": 1370112, "wall_time": 1790764862.9728966, "episodes_completed": 9.0, "mean_episode_reward": 185.60987197028265, "std_episode_reward": 227.19723659777975, "min_episode_reward": -16.391721725463867, "max_episode_reward": 690.884033203125, "mean_episode_length": 96.22222222222223, "success_rate": 0.4444444444444444, "collision_rate": 0.5555555555555556, "out_of_bounds_rate": 0.0, "timeout_rate": 0.0, "policy_loss": 0.004033440724015236, "value_loss": 616.3868255615234, "entropy": 0.6066321730613708, "approx_kl": 0.0089329166803509, "clip_fraction": 0.06787109375, "grad_norm": 455.1221122741699, "explained_variance": 0.865172266960144, "action_std_mean": 0.32772576808929443, "optimizer_iterations": 4.0, "lr": 7.263872e-05}
{"step": 1372160, "wall_time": 1790764870.0314662, "episodes_completed": 8.0, "mean_episode_reward": 287.4384740591049, "std_episode_reward": 273.0847774405548, "min_episode_reward": -6.587563514709473, "max_episode_reward": 904.8523559570312, "mean_episode_length": 100.625, "success_rate": 0.625, "collision_rate": 0.375, "out_of_bounds_rate": 0.0, "timeout_rate": 0.0, "policy_loss": 0.01550623495131731, "value_loss": 884.4154815673828, "entropy": 0.6066601276397705, "approx_kl": 0.02793746953830123, "clip_fraction": 0.1627197265625, "grad_norm": 445.59879302978516, "explained_variance": 0.8260499238967896, "action_std_mean": 0.32773810625076294, "optimizer_iterations": 4.0, "lr": 7.259776000000001e-05}
{"step": 1374208, "wall_time": 1790764877.1976774, "episodes_completed": 10.0, "mean_episode_reward": 184.77583723068238, "std_episode_reward": 210.44471065864744, "min_episode_reward": -9.959485054016113, "max_episode_reward": 620.4462890625, "mean_episode_length": 75.4, "success_rate": 0.4, "collision_rate": 0.6, "out_of_bounds_rate": 0.0, "timeout_rate": 0.0, "policy_loss": 0.013707825914025307, "value_loss": 645.8357696533203, "entropy": 0.6067461371421814, "approx_kl": 0.05309157108422369, "clip_fraction": 0.118408203125, "grad_norm": 386.16587829589844, "explained_variance": 0.8575901389122009, "action_std_mean": 0.32775282859802246, "optimizer_iterations": 4.0, "lr": 7.25568e-05}
{"step": 1376256, "wall_time": 1790764884.237927, "episodes_completed": 8.0, "mean_episode_reward": 121.66048645973206, "std_episode_reward": 126.90100296912314, "min_episode_reward": -17.07440948486328, "max_episode_reward": 320.4651184082031, "mean_episode_length": 62.5, "success_rate": 0.375, "collision_rate": 0.625, "out_of_bounds_rate": 0.0, "timeout_rate": 0.0, "policy_loss": 0.0022877035662531853, "value_loss": 788.2166900634766, "entropy": 0.6068373918533325, "approx_kl": 0.006703957566060126, "clip_fraction": 0.0589599609375, "grad_norm": 349.0542907714844, "explained_variance": 0.8547374606132507, "action_std_mean": 0.32775986194610596, "optimizer_iterations": 4.0, "lr": 7.251584e-05}
{"step": 1378304, "wall_time": 1790764891.3335352, "episodes_completed": 6.0, "mean_episode_reward": 195.47851528724036, "std_episode_reward": 218.41105875430256, "min_episode_reward": 0.3546733856201172, "max_episode_reward": 591.6482543945312, "mean_episode_length": 116.33333333333333, "success_rate": 0.8333333333333334, "collision_rate": 0.0, "out_of_bounds_rate": 0.0, "timeout_rate": 0.16666666666666666, "policy_loss": 0.004923761123791337, "value_loss": 904.9266815185547, "entropy": 0.6068463623523712, "approx_kl": 0.026838982477784157, "clip_fraction": 0.05419921875, "grad_norm": 437.7645492553711, "explained_variance": 0.8557682037353516, "action_std_mean": 0.3277583122253418, "optimizer_iterations": 4.0, "lr": 7.247488e-05}
{"step": 1380352, "wall_time": 1790764898.5470428, "episodes_completed": 9.0, "mean_episode_reward": 319.80242188771564, "std_episode_reward": 240.64424094750757, "min_episode_reward": -19.75821304321289, "max_episode_reward": 717.5317993164062, "mean_episode_length": 117.22222222222223, "success_rate": 0.3333333333333333, "collision_rate": 0.6666666666666666, "out_of_bounds_rate": 0.0, "timeout_rate": 0.0, "policy_loss": 0.007599664852023125, "value_loss": 997.4707946777344, "entropy": 0.6068375408649445, "approx_kl": 0.012717449339106679, "clip_fraction": 0.063720703125, "grad_norm": 596.5827026367188, "explained_variance": 0.803716778755188, "action_std_mean": 0.32775431871414185, "optimizer_iterations": 4.0, "lr": 7.243392e-05}
{"step": 1382400, "wall_time": 1790764905.7836902, "episodes_completed": 9.0, "mean_episode_reward": 213.11363654666476, "std_episode_reward": 305.89023994916823, "min_episode_reward": 6.223155975341797, "max_episode_reward": 919.9102783203125, "mean_episode_length": 88.11111111111111, "success_rate": 0.4444444444444444, "collision_rate": 0.5555555555555556, "out_of_bounds_rate": 0.0, "timeout_rate": 0.0, "policy_loss": 0.0026662489399313927, "value_loss": 867.1348266601562, "entropy": 0.6068177819252014, "approx_kl": 0.011303669074550271, "clip_fraction": 0.0457763671875, "grad_norm": 341.66382598876953, "explained_variance": 0.8250685930252075, "action_std_mean": 0.32775354385375977, "optimizer_iterations": 4.0, "lr": 7.239296e-05}
{"step": 1384448, "wall_time": 1790764912.9249806, "episodes_completed": 6.0, "mean_episode_reward": 49.07172966003418, "std_episode_reward": 26.106632649491676, "min_episode_reward": 27.915916442871094, "max_episode_reward": 101.02410125732422, "mean_episode_length": 109.16666666666667, "success_rate": 0.6666666666666666, "collision_rate": 0.3333333333333333, "out_of_bounds_rate": 0.0, "timeout_rate": 0.0, "policy_loss": -0.00044204178266227245, "value_loss": 513.9010467529297, "entropy": 0.6068314015865326, "approx_kl": 0.00527473830152303, "clip_fraction": 0.0408935546875, "grad_norm": 322.6992378234863, "explained_variance": 0.8599722385406494, "action_std_mean": 0.3277643322944641, "optimizer_iterations": 4.0, "lr": 7.2352e-05}
{"step": 1386496, "wall_time": 1790764920.1315734, "episodes_completed": 3.0, "mean_episode_reward": 20.816584587097168, "std_episode_reward": 37.01979336519226, "min_episode_reward": -7.487593173980713, "max_episode_reward": 73.1112060546875, "mean_episode_length": 69.66666666666667, "success_rate": 0.0, "collision_rate": 0.6666666666666666, "out_of_bounds_rate": 0.0, "timeout_rate": 0.3333333333333333, "policy_loss": 0.004600856453180313, "value_loss": 647.04638671875, "entropy": 0.6069056987762451, "approx_kl": 0.010247131460346282, "clip_fraction": 0.099365234375, "grad_norm": 300.2209892272949, "explained_variance": 0.8687714338302612, "action_std_mean": 0.32776838541030884, "optimizer_iterations": 4.0, "lr": 7.231104e-05}
{"step": 1388544, "wall_time": 1790764927.2603948, "episodes_completed": 0.0, "mean_episode_reward": NaN, "std_episode_reward": NaN, "min_episode_reward": NaN, "max_episode_reward": NaN, "mean_episode_length": NaN, "success_rate": NaN, "collision_rate": NaN, "out_of_bounds_rate": NaN, "timeout_rate": NaN, "policy_loss": 0.0013029389083385468, "value_loss": 316.83595275878906, "entropy": 0.6068788766860962, "approx_kl": 0.007533073134254664, "clip_fraction": 0.042724609375, "grad_norm": 331.6865043640137, "explained_variance": 0.8626251220703125, "action_std_mean": 0.3277490735054016, "optimizer_iterations": 4.0, "lr": 7.227007999999999e-05}
{"step": 1390592, "wall_time": 1790764934.47136, "episodes_completed": 9.0, "mean_episode_reward": 27.79739718967014, "std_episode_reward": 76.9157545407576, "min_episode_reward": -11.878475189208984, "max_episode_reward": 242.37705993652344, "mean_episode_length": 114.88888888888889, "success_rate": 0.5555555555555556, "collision_rate": 0.4444444444444444, "out_of_bounds_rate": 0.0, "timeout_rate": 0.0, "policy_loss": 7.606786675751209e-05, "value_loss": 253.8380584716797, "entropy": 0.6067246794700623, "approx_kl": 0.011033805785700679, "clip_fraction": 0.065673828125, "grad_norm": 199.20098304748535, "explained_variance": 0.9105478525161743, "action_std_mean": 0.327716588973999, "optimizer_iterations": 4.0, "lr": 7.222912000000001e-05}
{"step": 1392640, "wall_time": 1790764941.6503706, "episodes_completed": 7.0, "mean_episode_reward": 226.49994564056396, "std_episode_reward": 241.79631800938765, "min_episode_reward": -7.830735206604004, "max_episode_reward": 677.9949340820312, "mean_episode_length": 76.85714285714286, "success_rate": 0.5714285714285714, "collision_rate": 0.42857142857142855, "out_of_bounds_rate": 0.0, "timeout_rate": 0.0, "policy_loss": 0.0031215762719511986, "value_loss": 1348.7925720214844, "entropy": 0.6065252423286438, "approx_kl": 0.004504367243498564, "clip_fraction": 0.046875, "grad_norm": 536.4073486328125, "explained_variance": 0.7851961851119995, "action_std_mean": 0.32768911123275757, "optimizer_iterations": 4.0, "lr": 7.218816e-05}
{"step": 1394688, "wall_time": 1790764948.996948, "episodes_completed": 10.0, "mean_episode_reward": 166.66601915359496, "std_episode_reward": 233.05935514888316, "min_episode_reward": -14.02023983001709, "max_episode_reward": 814.48876953125, "mean_episode_length": 79.8, "success_rate": 0.5, "collision_rate": 0.5, "out_of_bounds_rate": 0.0, "timeout_rate": 0.0, "policy_loss": 0.004353758180513978, "value_loss": 1061.0585632324219, "entropy": 0.6063763797283173, "approx_kl": 0.005974620173219591, "clip_fraction": 0.041259765625, "grad_norm": 738.0709991455078, "explained_variance": 0.7379320859909058, "action_std_mean": 0.32766610383987427, "optimizer_iterations": 4.0, "lr": 7.21472e-05}
{"step": 1396736, "wall_time": 1790764956.2555554, "episodes_completed": 6.0, "mean_episode_reward": 208.9955224196116, "std_episode_reward": 332.10679152933443, "min_episode_reward": -9.99779987335205, "max_episode_reward": 929.6749267578125, "mean_episode_length": 74.16666666666667, "success_rate": 0.5, "collision_rate": 0.5, "out_of_bounds_rate": 0.0, "timeout_rate": 0.0, "policy_loss": 0.0032982025295495987, "value_loss": 1236.3999633789062, "entropy": 0.6062362790107727, "approx_kl": 0.011858299607411027, "clip_fraction": 0.0911865234375, "grad_norm": 738.2565155029297, "explained_variance": 0.7251023650169373, "action_std_mean": 0.3276437222957611, "optimizer_iterations": 4.0, "lr": 7.210624000000001e-05}
{"step": 1398784, "wall_time": 1790764963.4378512, "episodes_completed": 7.0, "mean_episode_reward": 291.0521172114781, "std_episode_reward": 239.89003568755768, "min_episode_reward": 26.207387924194336, "max_episode_reward": 803.156005859375, "mean_episode_length": 95.28571428571429, "success_rate": 0.5714285714285714, "collision_rate": 0.42857142857142855, "out_of_bounds_rate": 0.0, "timeout_rate": 0.0, "policy_loss": 0.001961296424269676, "value_loss": 945.8151702880859, "entropy": 0.6061006188392639, "approx_kl": 0.006798950489610434, "clip_fraction": 0.0711669921875, "grad_norm": 853.2531661987305, "explained_variance": 0.7372875809669495, "action_std_mean": 0.32762178778648376, "optimizer_iterations": 4.0, "lr": 7.206528e-05}
{"step": 1400832, "wall_time": 1790764970.5283363, "episodes_completed": 11.0, "mean_episode_reward": 119.53753805160522, "std_episode_reward": 168.2040237099651, "min_episode_reward": -10.069616317749023, "max_episode_reward": 559.7835693359375, "mean_episode_length": 57.81818181818182, "success_rate": 0.2727272727272727, "collision_rate": 0.7272727272727273, "out_of_bounds_rate": 0.0, "timeout_rate": 0.0, "policy_loss": 0.001303940312936902, "value_loss": 1402.3276977539062, "entropy": 0.6059780418872833, "approx_kl": 0.007887822110205889, "clip_fraction": 0.052490234375, "grad_norm": 744.808349609375, "explained_variance": 0.6578923463821411, "action_std_mean": 0.3276074528694153, "optimizer_iterations": 4.0, "lr": 7.202432e-05}
{"step": 1402880, "wall_time": 1790764977.8535368, "episodes_completed": 9.0, "mean_episode_reward": 391.73318184746637, "std_episode_reward": 255.25143729531334, "min_episode_reward": 61.35145950317383, "max_episode_reward": 861.2613525390625, "mean_episode_length": 135.55555555555554, "success_rate": 0.6666666666666666, "collision_rate": 0.3333333333333333, "out_of_bounds_rate": 0.0, "timeout_rate": 0.0, "policy_loss": 0.008777365612331778, "value_loss": 1130.1157836914062, "entropy": 0.6059108376502991, "approx_kl": 0.017100075725466013, "clip_fraction": 0.1318359375, "grad_norm": 659.8673095703125, "explained_variance": 0.7455002069473267, "action_std_mean": 0.32760006189346313, "optimizer_iterations": 4.0, "lr": 7.198336000000002e-05}
{"step": 1404928, "wall_time": 1790764984.990962, "episodes_completed": 5.0, "mean_episode_reward": 358.4944732666016, "std_episode_reward": 99.47529038242907, "min_episode_reward": 214.78843688964844, "max_episode_reward": 493.8052062988281, "mean_episode_length": 143.8, "success_rate": 0.6, "collision_rate": 0.4, "out_of_bounds_rate": 0.0, "timeout_rate": 0.0, "policy_loss": 0.0012793780770152807, "value_loss": 1063.7458190917969, "entropy": 0.6058659255504608, "approx_kl": 0.004618085396941751, "clip_fraction": 0.0462646484375, "grad_norm": 678.4268569946289, "explained_variance": 0.7993136644363403, "action_std_mean": 0.3275918960571289, "optimizer_iterations": 4.0, "lr": 7.194240000000001e-05}
{"step": 1406976, "wall_time": 1790764992.0178447, "episodes_completed": 7.0, "mean_episode_reward": 208.41745608193534, "std_episode_reward": 304.275682102573, "min_episode_reward": -21.582286834716797, "max_episode_reward": 910.4219970703125, "mean_episode_length": 104.57142857142857, "success_rate": 0.42857142857142855, "collision_rate": 0.5714285714285714, "out_of_bounds_rate": 0.0, "timeout_rate": 0.0, "policy_loss": -0.0001630326732993126, "value_loss": 734.2568359375, "entropy": 0.6058325469493866, "approx_kl": 0.00716849003219977, "clip_fraction": 0.0350341796875, "grad_norm": 300.2549362182617, "explained_variance": 0.8647403717041016, "action_std_mean": 0.32759320735931396, "optimizer_iterations": 4.0, "lr": 7.190144e-05}
{"step": 1409024, "wall_time": 1790764999.1193385, "episodes_completed": 6.0, "mean_episode_reward": 48.43481079737345, "std_episode_reward": 59.74596773089308, "min_episode_reward": -16.15369415283203, "max_episode_reward": 129.14901733398438, "mean_episode_length": 50.833333333333336, "success_rate": 0.6666666666666666, "collision_rate": 0.3333333333333333, "out_of_bounds_rate": 0.0, "timeout_rate": 0.0, "policy_loss": 0.0028495104052126408, "value_loss": 834.9281463623047, "entropy": 0.605847179889679, "approx_kl": 0.03071304690092802, "clip_fraction": 0.05859375, "grad_norm": 582.8444061279297, "explained_variance": 0.8325183391571045, "action_std_mean": 0.3275947570800781, "optimizer_iterations": 4.0, "lr": 7.186048000000001e-05}
{"step": 1411072, "wall_time": 1790765006.4230165, "episodes_completed": 6.0, "mean_episode_reward": 256.1058457692464, "std_episode_reward": 270.25731653952596, "min_episode_reward": -14.917055130004883, "max_episode_reward": 781.291748046875, "mean_episode_length": 123.16666666666667, "success_rate": 0.3333333333333333, "collision_rate": 0.6666666666666666, "out_of_bounds_rate": 0.0, "timeout_rate": 0.0, "policy_loss": 0.009921750519424677, "value_loss": 690.5151672363281, "entropy": 0.6058483719825745, "approx_kl": 0.06488568615168333, "clip_fraction": 0.07763671875, "grad_norm": 332.72025299072266, "explained_variance": 0.8709396123886108, "action_std_mean": 0.3275899291038513, "optimizer_iterations": 4.0, "lr": 7.181952000000001e-05}
{"step": 1413120, "wall_time": 1790765013.6493094, "episodes_completed": 4.0, "mean_episode_reward": 258.77474451065063, "std_episode_reward": 213.49259190448922, "min_episode_reward": -9.962057113647461, "max_episode_reward": 557.248779296875, "mean_episode_length": 78.75, "success_rate": 0.25, "collision_rate": 0.75, "out_of_bounds_rate": 0.0, "timeout_rate": 0.0, "policy_loss": 0.007131269201636314, "value_loss": 698.0750427246094, "entropy": 0.6058213114738464, "approx_kl": 0.06692231446504593, "clip_fraction": 0.0928955078125, "grad_norm": 302.0367088317871, "explained_variance": 0.8658695220947266, "action_std_mean": 0.32759493589401245, "optimizer_iterations": 4.0, "lr": 7.177856e-05}
{"step": 1415168, "wall_time": 1790765020.9330027, "episodes_completed": 9.0, "mean_episode_reward": 189.68854952520795, "std_episode_reward": 223.44831519837538, "min_episode_reward": 0.49984318017959595, "max_episode_reward": 686.5322265625, "mean_episode_length": 79.33333333333333, "success_rate": 0.5555555555555556, "collision_rate": 0.3333333333333333, "out_of_bounds_rate": 0.0, "timeout_rate": 0.1111111111111111, "policy_loss": 0.006220940500497818, "value_loss": 536.3610992431641, "entropy": 0.6058817207813263, "approx_kl": 0.015791805228218436, "clip_fraction": 0.075927734375, "grad_norm": 355.0803451538086, "explained_variance": 0.8668912053108215, "action_std_mean": 0.327598512172699, "optimizer_iterations": 4.0, "lr": 7.173760000000001e-05}
{"step": 1417216, "wall_time": 1790765028.2269495, "episodes_completed": 8.0, "mean_episode_reward": 138.0593456029892, "std_episode_reward": 135.25488724670382, "min_episode_reward": -10.104933738708496, "max_episode_reward": 378.3731384277344, "mean_episode_length": 109.625, "success_rate": 0.5, "collision_rate": 0.5, "out_of_bounds_rate": 0.0, "timeout_rate": 0.0, "policy_loss": 0.0048858653753995895, "value_loss": 681.6087188720703, "entropy": 0.6058496236801147, "approx_kl": 0.016333336010575294, "clip_fraction": 0.035400390625, "grad_norm": 409.6932487487793, "explained_variance": 0.8516577482223511, "action_std_mean": 0.32758060097694397, "optimizer_iterations": 4.0, "lr": 7.169664e-05}
{"step": 1419264, "wall_time": 1790765035.4137, "episodes_completed": 6.0, "mean_episode_reward": 230.745931049188, "std_episode_reward": 302.18729645566196, "min_episode_reward": -10.403389930725098, "max_episode_reward": 840.510986328125, "mean_episode_length": 125.5, "success_rate": 0.3333333333333333, "collision_rate": 0.3333333333333333, "out_of_bounds_rate": 0.0, "timeout_rate": 0.3333333333333333, "policy_loss": 0.002101995865814388, "value_loss": 811.4698333740234, "entropy": 0.6057471334934235, "approx_kl": 0.01588721282314509, "clip_fraction": 0.0555419921875, "grad_norm": 369.09391021728516, "explained_variance": 0.8539063334465027, "action_std_mean": 0.32758045196533203, "optimizer_iterations": 4.0, "lr": 7.165568e-05}
{"step": 1421312, "wall_time": 1790765042.596782, "episodes_completed": 7.0, "mean_episode_reward": 230.72445229121618, "std_episode_reward": 251.43611165789713, "min_episode_reward": 10.263649940490723, "max_episode_reward": 745.1537475585938, "mean_episode_length": 107.85714285714286, "success_rate": 0.8571428571428571, "collision_rate": 0.14285714285714285, "out_of_bounds_rate": 0.0, "timeout_rate": 0.0, "policy_loss": 0.006315952865406871, "value_loss": 940.0681762695312, "entropy": 0.6058001220226288, "approx_kl": 0.010945928399451077, "clip_fraction": 0.09814453125, "grad_norm": 413.6567153930664, "explained_variance": 0.8399139642715454, "action_std_mean": 0.3275894522666931, "optimizer_iterations": 4.0, "lr": 7.161472e-05}
{"step": 1423360, "wall_time": 1790765049.6940873, "episodes_completed": 6.0, "mean_episode_reward": 128.60301311810812, "std_episode_reward": 125.74542924978641, "min_episode_reward": -18.573585510253906, "max_episode_reward": 313.8280029296875, "mean_episode_length": 84.16666666666667, "success_rate": 0.16666666666666666, "collision_rate": 0.8333333333333334, "out_of_bounds_rate": 0.0, "timeout_rate": 0.0, "policy_loss": 0.0010559037327766418, "value_loss": 982.0534362792969, "entropy": 0.6058316230773926, "approx_kl": 0.006291818921454251, "clip_fraction": 0.0556640625, "grad_norm": 592.2462463378906, "explained_variance": 0.8244114518165588, "action_std_mean": 0.32759249210357666, "optimizer_iterations": 4.0, "lr": 7.157376e-05}
{"step": 1425408, "wall_time": 1790765056.939973, "episodes_completed": 2.0, "mean_episode_reward": 381.3066072463989, "std_episode_reward": 375.4805631637573, "min_episode_reward": 5.826044082641602, "max_episode_reward": 756.7871704101562, "mean_episode_length": 192.5, "success_rate": 0.5, "collision_rate": 0.5, "out_of_bounds_rate": 0.0, "timeout_rate": 0.0, "policy_loss": 0.0010076852049678564, "value_loss": 870.1057739257812, "entropy": 0.6058437526226044, "approx_kl": 0.006821923365350813, "clip_fraction": 0.0528564453125, "grad_norm": 339.97876739501953, "explained_variance": 0.880817174911499, "action_std_mean": 0.327589750289917, "optimizer_iterations": 4.0, "lr": 7.15328e-05}
{"step": 1427456, "wall_time": 1790765064.0694802, "episodes_completed": 3.0, "mean_episode_reward": 293.0038350423177, "std_episode_reward": 140.69989891138215, "min_episode_reward": 182.203857421875, "max_episode_reward": 491.5373840332031, "mean_episode_length": 114.66666666666667, "success_rate": 0.6666666666666666, "collision_rate": 0.3333333333333333, "out_of_bounds_rate": 0.0, "timeout_rate": 0.0, "policy_loss": 0.010412380943307653, "value_loss": 355.70784759521484, "entropy": 0.6058307588100433, "approx_kl": 0.032127896789461374, "clip_fraction": 0.1903076171875, "grad_norm": 279.01220703125, "explained_variance": 0.90018630027771, "action_std_mean": 0.32759714126586914, "optimizer_iterations": 4.0, "lr": 7.149184e-05}
{"step": 1429504, "wall_time": 1790765071.214757, "episodes_completed": 7.0, "mean_episode_reward": 52.94664600917271, "std_episode_reward": 103.96829017933156, "min_episode_reward": -56.613182067871094, "max_episode_reward": 283.4479675292969, "mean_episode_length": 96.28571428571429, "success_rate": 0.42857142857142855, "collision_rate": 0.42857142857142855, "out_of_bounds_rate": 0.0, "timeout_rate": 0.14285714285714285, "policy_loss": 0.016895199194550514, "value_loss": 585.9940643310547, "entropy": 0.6058925092220306, "approx_kl": 0.018661301117390394, "clip_fraction": 0.143798828125, "grad_norm": 461.48542404174805, "explained_variance": 0.8787721991539001, "action_std_mean": 0.32759180665016174, "optimizer_iterations": 4.0, "lr": 7.145088e-05}
{"step": 1431552, "wall_time": 1790765078.4828837, "episodes_completed": 5.0, "mean_episode_reward": 98.66171092987061, "std_episode_reward": 136.484968878027, "min_episode_reward": -24.07733154296875, "max_episode_reward": 280.44195556640625, "mean_episode_length": 83.4, "success_rate": 0.4, "collision_rate": 0.4, "out_of_bounds_rate": 0.0, "timeout_rate": 0.2, "policy_loss": 0.008389942813664675, "value_loss": 738.8810729980469, "entropy": 0.6057772040367126, "approx_kl": 0.013782807975076139, "clip_fraction": 0.12744140625, "grad_norm": 587.7229156494141, "explained_variance": 0.8450431823730469, "action_std_mean": 0.3275575637817383, "optimizer_iterations": 4.0, "lr": 7.140992e-05}
{"step": 1433600, "wall_time": 1790765085.63157, "episodes_completed": 4.0, "mean_episode_reward": 178.29271745681763, "std_episode_reward": 191.47998740678176, "min_episode_reward": -11.85119915008545, "max_episode_reward": 455.52679443359375, "mean_episode_length": 132.0, "success_rate": 0.25, "collision_rate": 0.75, "out_of_bounds_rate": 0.0, "timeout_rate": 0.0, "policy_loss": 0.003299058531410992, "value_loss": 684.7628479003906, "entropy": 0.605560690164566, "approx_kl": 0.0035127325099892914, "clip_fraction": 0.0400390625, "grad_norm": 428.55573654174805, "explained_variance": 0.8571499586105347, "action_std_mean": 0.32752615213394165, "optimizer_iterations": 4.0, "lr": 7.136896e-05}
{"step": 1435648, "wall_time": 1790765092.792092, "episodes_completed": 4.0, "mean_episode_reward": 103.11129532754421, "std_episode_reward": 118.45674956780798, "min_episode_reward": -9.807943344116211, "max_episode_reward": 279.1888122558594, "mean_episode_length": 89.75, "success_rate": 0.25, "collision_rate": 0.5, "out_of_bounds_rate": 0.0, "timeout_rate": 0.25, "policy_loss": 0.002132709138095379, "value_loss": 660.784423828125, "entropy": 0.6053727269172668, "approx_kl": 0.008418513811193407, "clip_fraction": 0.047119140625, "grad_norm": 322.57879638671875, "explained_variance": 0.8732381463050842, "action_std_mean": 0.3274882137775421, "optimizer_iterations": 4.0, "lr": 7.1328e-05}
{"step": 1437696, "wall_time": 1790765099.8671532, "episodes_completed": 9.0, "mean_episode_reward": 161.16193389892578, "std_episode_reward": 259.0322489957511, "min_episode_reward": -9.981725692749023, "max_episode_reward": 835.5948486328125, "mean_episode_length": 79.11111111111111, "success_rate": 0.6666666666666666, "collision_rate": 0.3333333333333333, "out_of_bounds_rate": 0.0, "timeout_rate": 0.0, "policy_loss": 0.0056046799290925264, "value_loss": 631.3413238525391, "entropy": 0.6051369309425354, "approx_kl": 0.009130738268140703, "clip_fraction": 0.060546875, "grad_norm": 656.5860290527344, "explained_variance": 0.863368034362793, "action_std_mean": 0.32745930552482605, "optimizer_iterations": 4.0, "lr": 7.128704e-05}
{"step": 1439744, "wall_time": 1790765107.0930674, "episodes_completed": 3.0, "mean_episode_reward": 521.2025451660156, "std_episode_reward": 283.9799022629042, "min_episode_reward": 213.54898071289062, "max_episode_reward": 898.5888061523438, "mean_episode_length": 171.66666666666666, "success_rate": 0.6666666666666666, "collision_rate": 0.3333333333333333, "out_of_bounds_rate": 0.0, "timeout_rate": 0.0, "policy_loss": 0.0019631488248705864, "value_loss": 660.5320129394531, "entropy": 0.6050046682357788, "approx_kl": 0.01197647349908948, "clip_fraction": 0.0831298828125, "grad_norm": 275.51071548461914, "explained_variance": 0.8600666522979736, "action_std_mean": 0.32744157314300537, "optimizer_iterations": 4.0, "lr": 7.124608000000001e-05}
{"step": 1441792, "wall_time": 1790765114.2847311, "episodes_completed": 6.0, "mean_episode_reward": 88.01359854638577, "std_episode_reward": 161.27892515368714, "min_episode_reward": -11.470789909362793, "max_episode_reward": 442.178955078125, "mean_episode_length": 153.83333333333334, "success_rate": 0.3333333333333333, "collision_rate": 0.3333333333333333, "out_of_bounds_rate": 0.0, "timeout_rate": 0.3333333333333333, "policy_loss": 0.005315681919455528, "value_loss": 266.7734832763672, "entropy": 0.6049138903617859, "approx_kl": 0.01610502740368247, "clip_fraction": 0.0908203125, "grad_norm": 228.16414260864258, "explained_variance": 0.9114668965339661, "action_std_mean": 0.3274405896663666, "optimizer_iterations": 4.0, "lr": 7.120512e-05}
{"step": 1443840, "wall_time": 1790765121.4319675, "episodes_completed": 3.0, "mean_episode_reward": 293.5045159657796, "std_episode_reward": 257.6098197792622, "min_episode_reward": 10.615339279174805, "max_episode_reward": 633.7568359375, "mean_episode_length": 99.0, "success_rate": 0.6666666666666666, "collision_rate": 0.3333333333333333, "out_of_bounds_rate": 0.0, "timeout_rate": 0.0, "policy_loss": -0.0020303167402744293, "value_loss": 819.2744598388672, "entropy": 0.6049533188343048, "approx_kl": 0.011975448171142489, "clip_fraction": 0.09423828125, "grad_norm": 330.4846725463867, "explained_variance": 0.881052553653717, "action_std_mean": 0.3274494409561157, "optimizer_iterations": 4.0, "lr": 7.116416e-05}
{"step": 1445888, "wall_time": 1790765128.6561513, "episodes_completed": 5.0, "mean_episode_reward": 209.26831436157227, "std_episode_reward": 156.97797446260466, "min_episode_reward": 2.9372177124023438, "max_episode_reward": 398.4523010253906, "mean_episode_length": 83.4, "success_rate": 0.4, "collision_rate": 0.6, "out_of_bounds_rate": 0.0, "timeout_rate": 0.0, "policy_loss": -0.0010181870311498642, "value_loss": 726.283935546875, "entropy": 0.6050087809562683, "approx_kl": 0.0053913860756438226, "clip_fraction": 0.0455322265625, "grad_norm": 323.6645851135254, "explained_variance": 0.8731491565704346, "action_std_mean": 0.32745909690856934, "optimizer_iterations": 4.0, "lr": 7.11232e-05}
{"step": 1447936, "wall_time": 1790765135.859272, "episodes_completed": 3.0, "mean_episode_reward": 363.0645456314087, "std_episode_reward": 368.5729533684999, "min_episode_reward": 3.673495292663574, "max_episode_reward": 869.7120361328125, "mean_episode_length": 190.66666666666666, "success_rate": 0.3333333333333333, "collision_rate": 0.3333333333333333, "out_of_bounds_rate": 0.0, "timeout_rate": 0.3333333333333333, "policy_loss": 0.0003833351656794548, "value_loss": 632.6769561767578, "entropy": 0.605070173740387, "approx_kl": 0.007351155276410282, "clip_fraction": 0.055908203125, "grad_norm": 362.2374839782715, "explained_variance": 0.8692177534103394, "action_std_mean": 0.3274673819541931, "optimizer_iterations": 4.0, "lr": 7.108224000000001e-05}
{"step": 1449984, "wall_time": 1790765143.0688028, "episodes_completed": 3.0, "mean_episode_reward": 143.16207631429037, "std_episode_reward": 163.55474307069468, "min_episode_reward": 22.089611053466797, "max_episode_reward": 374.3773193359375, "mean_episode_length": 107.66666666666667, "success_rate": 1.0, "collision_rate": 0.0, "out_of_bounds_rate": 0.0, "timeout_rate": 0.0, "policy_loss": -0.0017423741519451141, "value_loss": 498.0986099243164, "entropy": 0.605110228061676, "approx_kl": 0.004184206714853644, "clip_fraction": 0.0361328125, "grad_norm": 486.24391174316406, "explained_variance": 0.8787030577659607, "action_std_mean": 0.3274679183959961, "optimizer_iterations": 4.0, "lr": 7.104128e-05}
{"step": 1452032, "wall_time": 1790765150.3825784, "episodes_completed": 6.0, "mean_episode_reward": 146.02477264404297, "std_episode_reward": 128.36871921771726, "min_episode_reward": 20.319969177246094, "max_episode_reward": 312.4426574707031, "mean_episode_length": 94.16666666666667, "success_rate": 0.6666666666666666, "collision_rate": 0.3333333333333333, "out_of_bounds_rate": 0.0, "timeout_rate": 0.0, "policy_loss": 0.0128812943585217, "value_loss": 917.3752746582031, "entropy": 0.6050867736339569, "approx_kl": 0.024262428749352694, "clip_fraction": 0.1038818359375, "grad_norm": 476.8891296386719, "explained_variance": 0.8570823669433594, "action_std_mean": 0.3274572789669037, "optimizer_iterations": 4.0, "lr": 7.100032000000001e-05}
{"step": 1454080, "wall_time": 1790765157.4534159, "episodes_completed": 5.0, "mean_episode_reward": 300.769680595398, "std_episode_reward": 246.94929663392602, "min_episode_reward": -12.726820945739746, "max_episode_reward": 577.4779052734375, "mean_episode_length": 145.0, "success_rate": 0.8, "collision_rate": 0.2, "out_of_bounds_rate": 0.0, "timeout_rate": 0.0, "policy_loss": 0.0038878953782841563, "value_loss": 749.5480194091797, "entropy": 0.6049962341785431, "approx_kl": 0.004825758282095194, "clip_fraction": 0.04345703125, "grad_norm": 406.2185516357422, "explained_variance": 0.8805207014083862, "action_std_mean": 0.32743436098098755, "optimizer_iterations": 4.0, "lr": 7.095936000000001e-05}
{"step": 1456128, "wall_time": 1790765164.6199913, "episodes_completed": 2.0, "mean_episode_reward": 0.38121604919433594, "std_episode_reward": 28.50709342956543, "min_episode_reward": -28.125877380371094, "max_episode_reward": 28.888309478759766, "mean_episode_length": 41.5, "success_rate": 0.5, "collision_rate": 0.5, "out_of_bounds_rate": 0.0, "timeout_rate": 0.0, "policy_loss": -0.00041348044760525227, "value_loss": 1030.9794616699219, "entropy": 0.6048616468906403, "approx_kl": 0.0045027711894363165, "clip_fraction": 0.04052734375, "grad_norm": 473.52423095703125, "explained_variance": 0.8497322797775269, "action_std_mean": 0.327423095703125, "optimizer_iterations": 4.0, "lr": 7.09184e-05}
{"step": 1458176, "wall_time": 1790765171.7969859, "episodes_completed": 3.0, "mean_episode_reward": 171.73428535461426, "std_episode_reward": 237.61941071737908, "min_episode_reward": -6.8688507080078125, "max_episode_reward": 507.5519104003906, "mean_episode_length": 127.66666666666667, "success_rate": 0.6666666666666666, "collision_rate": 0.3333333333333333, "out_of_bounds_rate": 0.0, "timeout_rate": 0.0, "policy_loss": -3.3989548683166504e-05, "value_loss": 456.96041107177734, "entropy": 0.6048427224159241, "approx_kl": 0.004674732452258468, "clip_fraction": 0.0450439453125, "grad_norm": 815.0237197875977, "explained_variance": 0.8616074323654175, "action_std_mean": 0.32742840051651, "optimizer_iterations": 4.0, "lr": 7.087744000000001e-05}
{"step": 1460224, "wall_time": 1790765179.1655316, "episodes_completed": 6.0, "mean_episode_reward": 156.0483127037684, "std_episode_reward": 186.25090249601197, "min_episode_reward": -12.719423294067383, "max_episode_reward": 423.9601745605469, "mean_episode_length": 94.0, "success_rate": 0.5, "collision_rate": 0.3333333333333333, "out_of_bounds_rate": 0.0, "timeout_rate": 0.16666666666666666, "policy_loss": 0.0015367459272965789, "value_loss": 395.6739807128906, "entropy": 0.6049030721187592, "approx_kl": 0.01379907550290227, "clip_fraction": 0.10791015625, "grad_norm": 246.63388061523438, "explained_variance": 0.8860856890678406, "action_std_mean": 0.32745206356048584, "optimizer_iterations": 4.0, "lr": 7.083648e-05}
{"step": 1462272, "wall_time": 1790765186.3292923, "episodes_completed": 4.0, "mean_episode_reward": 16.86405611038208, "std_episode_reward": 23.02868649247394, "min_episode_reward": -9.821246147155762, "max_episode_reward": 53.70476531982422, "mean_episode_length": 38.5, "success_rate": 0.5, "collision_rate": 0.5, "out_of_bounds_rate": 0.0, "timeout_rate": 0.0, "policy_loss": 0.004317432641983032, "value_loss": 707.1417541503906, "entropy": 0.6050823330879211, "approx_kl": 0.018288062885403633, "clip_fraction": 0.034912109375, "grad_norm": 305.5563316345215, "explained_variance": 0.871971607208252, "action_std_mean": 0.32748091220855713, "optimizer_iterations": 4.0, "lr": 7.079552e-05}
{"step": 1464320, "wall_time": 1790765193.43794, "episodes_completed": 14.0, "mean_episode_reward": 80.62714079448155, "std_episode_reward": 116.83933125475949, "min_episode_reward": -10.043720245361328, "max_episode_reward": 389.1606140136719, "mean_episode_length": 57.92857142857143, "success_rate": 0.5, "collision_rate": 0.5, "out_of_bounds_rate": 0.0, "timeout_rate": 0.0, "policy_loss": 0.002448077779263258, "value_loss": 740.0760345458984, "entropy": 0.6052467525005341, "approx_kl": 0.009569929796271026, "clip_fraction": 0.0966796875, "grad_norm": 314.1395950317383, "explained_variance": 0.8236569166183472, "action_std_mean": 0.3275104761123657, "optimizer_iterations": 4.0, "lr": 7.075456e-05}
{"step": 1466368, "wall_time": 1790765200.649936, "episodes_completed": 7.0, "mean_episode_reward": 153.7882319859096, "std_episode_reward": 214.39147724672128, "min_episode_reward": -6.217891216278076, "max_episode_reward": 657.3223266601562, "mean_episode_length": 94.28571428571429, "success_rate": 0.42857142857142855, "collision_rate": 0.42857142857142855, "out_of_bounds_rate": 0.0, "timeout_rate": 0.14285714285714285, "policy_loss": 0.003608464263379574, "value_loss": 845.8224182128906, "entropy": 0.6054366528987885, "approx_kl": 0.015731826424598694, "clip_fraction": 0.0755615234375, "grad_norm": 690.465690612793, "explained_variance": 0.835401177406311, "action_std_mean": 0.32753831148147583, "optimizer_iterations": 4.0, "lr": 7.07136e-05}
{"step": 1468416, "wall_time": 1790765207.8708985, "episodes_completed": 12.0, "mean_episode_reward": 262.960236509641, "std_episode_reward": 238.45549671589484, "min_episode_reward": -9.948898315429688, "max_episode_reward": 724.7227783203125, "mean_episode_length": 93.25, "success_rate": 0.6666666666666666, "collision_rate": 0.3333333333333333, "out_of_bounds_rate": 0.0, "timeout_rate": 0.0, "policy_loss": 0.002510877384338528, "value_loss": 759.4169616699219, "entropy": 0.6055770516395569, "approx_kl": 0.0073530368390493095, "clip_fraction": 0.0330810546875, "grad_norm": 377.5786895751953, "explained_variance": 0.8465089797973633, "action_std_mean": 0.32754945755004883, "optimizer_iterations": 4.0, "lr": 7.067264000000001e-05}
{"step": 1470464, "wall_time": 1790765215.1600628, "episodes_completed": 6.0, "mean_episode_reward": 239.44208081563315, "std_episode_reward": 227.12926038468922, "min_episode_reward": -9.975747108459473, "max_episode_reward": 573.1748046875, "mean_episode_length": 92.16666666666667, "success_rate": 0.8333333333333334, "collision_rate": 0.16666666666666666, "out_of_bounds_rate": 0.0, "timeout_rate": 0.0, "policy_loss": 0.0026817843317985535, "value_loss": 353.08435821533203, "entropy": 0.6056075394153595, "approx_kl": 0.021300253691151738, "clip_fraction": 0.0489501953125, "grad_norm": 427.45309829711914, "explained_variance": 0.8807746171951294, "action_std_mean": 0.3275483250617981, "optimizer_iterations": 4.0, "lr": 7.063168e-05}
{"step": 1472512, "wall_time": 1790765222.6536653, "episodes_completed": 8.0, "mean_episode_reward": 193.91502916812897, "std_episode_reward": 245.05846710026879, "min_episode_reward": -17.330162048339844, "max_episode_reward": 651.2813110351562, "mean_episode_length": 74.0, "success_rate": 0.625, "collision_rate": 0.375, "out_of_bounds_rate": 0.0, "timeout_rate": 0.0, "policy_loss": 0.0020514022326096892, "value_loss": 631.5033569335938, "entropy": 0.6055877208709717, "approx_kl": 0.004230105871101841, "clip_fraction": 0.0384521484375, "grad_norm": 374.19524002075195, "explained_variance": 0.8600550889968872, "action_std_mean": 0.3275430202484131, "optimizer_iterations": 4.0, "lr": 7.059072e-05}
{"step": 1474560, "wall_time": 1790765229.9220424, "episodes_completed": 5.0, "mean_episode_reward": 192.92531547546386, "std_episode_reward": 145.08021687844374, "min_episode_reward": 10.542768478393555, "max_episode_reward": 406.8001708984375, "mean_episode_length": 67.8, "success_rate": 1.0, "collision_rate": 0.0, "out_of_bounds_rate": 0.0, "timeout_rate": 0.0, "policy_loss": 0.0014669131487607956, "value_loss": 735.8566589355469, "entropy": 0.6055620312690735, "approx_kl": 0.0026777637540362775, "clip_fraction": 0.0264892578125, "grad_norm": 365.7150573730469, "explained_variance": 0.8771495223045349, "action_std_mean": 0.32754021883010864, "optimizer_iterations": 4.0, "lr": 7.054976e-05}
{"step": 1476608, "wall_time": 1790765237.1522908, "episodes_completed": 4.0, "mean_episode_reward": 68.89121580123901, "std_episode_reward": 122.53550112223262, "min_episode_reward": -9.90985107421875, "max_episode_reward": 280.543212890625, "mean_episode_length": 88.75, "success_rate": 0.5, "collision_rate": 0.5, "out_of_bounds_rate": 0.0, "timeout_rate": 0.0, "policy_loss": 0.00028532929718494415, "value_loss": 575.1008148193359, "entropy": 0.6055392622947693, "approx_kl": 0.00701486598700285, "clip_fraction": 0.039794921875, "grad_norm": 324.4258041381836, "explained_variance": 0.8727129101753235, "action_std_mean": 0.32753264904022217, "optimizer_iterations": 4.0, "lr": 7.05088e-05}
{"step": 1478656, "wall_time": 1790765244.2712998, "episodes_completed": 6.0, "mean_episode_reward": 105.92491962512334, "std_episode_reward": 174.3344515337861, "min_episode_reward": -15.23752212524414, "max_episode_reward": 488.6514587402344, "mean_episode_length": 148.5, "success_rate": 0.6666666666666666, "collision_rate": 0.16666666666666666, "out_of_bounds_rate": 0.0, "timeout_rate": 0.16666666666666666, "policy_loss": 0.0025403499603271484, "value_loss": 425.1106491088867, "entropy": 0.6054896712303162, "approx_kl": 0.009139727335423231, "clip_fraction": 0.0975341796875, "grad_norm": 337.1166000366211, "explained_variance": 0.8940111398696899, "action_std_mean": 0.32752925157546997, "optimizer_iterations": 4.0, "lr": 7.046783999999999e-05}
{"step": 1480704, "wall_time": 1790765251.3164656, "episodes_completed": 3.0, "mean_episode_reward": 177.84328842163086, "std_episode_reward": 164.11425826658237, "min_episode_reward": 29.603466033935547, "max_episode_reward": 406.6207275390625, "mean_episode_length": 76.66666666666667, "success_rate": 1.0, "collision_rate": 0.0, "out_of_bounds_rate": 0.0, "timeout_rate": 0.0, "policy_loss": 0.029361905064433813, "value_loss": 884.5338592529297, "entropy": 0.6054942905902863, "approx_kl": 0.044645752757787704, "clip_fraction": 0.2138671875, "grad_norm": 602.7236404418945, "explained_variance": 0.8491865396499634, "action_std_mean": 0.32753562927246094, "optimizer_iterations": 4.0, "lr": 7.042688e-05}
{"step": 1482752, "wall_time": 1790765258.4039204, "episodes_completed": 6.0, "mean_episode_reward": 325.0956033070882, "std_episode_reward": 307.5946294170632, "min_episode_reward": 45.6812629699707, "max_episode_reward": 924.6530151367188, "mean_episode_length": 124.33333333333333, "success_rate": 0.5, "collision_rate": 0.5, "out_of_bounds_rate": 0.0, "timeout_rate": 0.0, "policy_loss": 0.008525922894477844, "value_loss": 861.4586334228516, "entropy": 0.6055494248867035, "approx_kl": 0.012955262325704098, "clip_fraction": 0.0968017578125, "grad_norm": 656.6033782958984, "explained_variance": 0.8285526037216187, "action_std_mean": 0.32754868268966675, "optimizer_iterations": 4.0, "lr": 7.038592000000001e-05}
{"step": 1484800, "wall_time": 1790765265.5422804, "episodes_completed": 8.0, "mean_episode_reward": 164.45631158351898, "std_episode_reward": 154.7381637702637, "min_episode_reward": -3.3786916732788086, "max_episode_reward": 418.156005859375, "mean_episode_length": 72.25, "success_rate": 0.5, "collision_rate": 0.5, "out_of_bounds_rate": 0.0, "timeout_rate": 0.0, "policy_loss": 0.003031729720532894, "value_loss": 964.4323272705078, "entropy": 0.6056349575519562, "approx_kl": 0.005995525163598359, "clip_fraction": 0.0634765625, "grad_norm": 493.71815490722656, "explained_variance": 0.8294208645820618, "action_std_mean": 0.32756203413009644, "optimizer_iterations": 4.0, "lr": 7.034496e-05}
{"step": 1486848, "wall_time": 1790765272.6748345, "episodes_completed": 5.0, "mean_episode_reward": 150.1063725709915, "std_episode_reward": 146.86870630135644, "min_episode_reward": -1.6858628988265991, "max_episode_reward": 360.6456604003906, "mean_episode_length": 67.6, "success_rate": 0.8, "collision_rate": 0.0, "out_of_bounds_rate": 0.0, "timeout_rate": 0.2, "policy_loss": 0.002041616477072239, "value_loss": 1077.600341796875, "entropy": 0.6057160794734955, "approx_kl": 0.004770964995259419, "clip_fraction": 0.0450439453125, "grad_norm": 461.5650863647461, "explained_variance": 0.8348437547683716, "action_std_mean": 0.32757651805877686, "optimizer_iterations": 4.0, "lr": 7.030400000000001e-05}
{"step": 1488896, "wall_time": 1790765279.9164233, "episodes_completed": 6.0, "mean_episode_reward": 39.30422798792521, "std_episode_reward": 44.24910344064491, "min_episode_reward": -9.890485763549805, "max_episode_reward": 124.90147399902344, "mean_episode_length": 50.666666666666664, "success_rate": 0.5, "collision_rate": 0.5, "out_of_bounds_rate": 0.0, "timeout_rate": 0.0, "policy_loss": 0.0006535463035106659, "value_loss": 735.1597442626953, "entropy": 0.6058137118816376, "approx_kl": 0.008150611189194024, "clip_fraction": 0.0911865234375, "grad_norm": 273.74169158935547, "explained_variance": 0.8431887030601501, "action_std_mean": 0.32759326696395874, "optimizer_iterations": 4.0, "lr": 7.026304e-05}
{"step": 1490944, "wall_time": 1790765287.1161053, "episodes_completed": 4.0, "mean_episode_reward": 293.669545173645, "std_episode_reward": 181.60031009488682, "min_episode_reward": 30.92367935180664, "max_episode_reward": 515.9729614257812, "mean_episode_length": 134.5, "success_rate": 0.75, "collision_rate": 0.25, "out_of_bounds_rate": 0.0, "timeout_rate": 0.0, "policy_loss": 0.002489485777914524, "value_loss": 789.8789978027344, "entropy": 0.605918675661087, "approx_kl": 0.007001026999205351, "clip_fraction": 0.06982421875, "grad_norm": 332.7716598510742, "explained_variance": 0.8830848932266235, "action_std_mean": 0.32761436700820923, "optimizer_iterations": 4.0, "lr": 7.022208e-05}
{"step": 1492992, "wall_time": 1790765294.3130612, "episodes_completed": 7.0, "mean_episode_reward": 281.7777362551008, "std_episode_reward": 288.7826477087987, "min_episode_reward": -0.37872791290283203, "max_episode_reward": 742.7276000976562, "mean_episode_length": 110.85714285714286, "success_rate": 0.5714285714285714, "collision_rate": 0.42857142857142855, "out_of_bounds_rate": 0.0, "timeout_rate": 0.0, "policy_loss": -0.0006977997254580259, "value_loss": 986.7745971679688, "entropy": 0.6060538589954376, "approx_kl": 0.002826709096552804, "clip_fraction": 0.0313720703125, "grad_norm": 412.7137680053711, "explained_variance": 0.8483178019523621, "action_std_mean": 0.3276323974132538, "optimizer_iterations": 4.0, "lr": 7.018112e-05}
{"step": 1495040, "wall_time": 1790765301.622257, "episodes_completed": 4.0, "mean_episode_reward": 347.48949432373047, "std_episode_reward": 106.73997146374221, "min_episode_reward": 195.01663208007812, "max_episode_reward": 460.86627197265625, "mean_episode_length": 162.75, "success_rate": 0.5, "collision_rate": 0.5, "out_of_bounds_rate": 0.0, "timeout_rate": 0.0, "policy_loss": 0.002057904377579689, "value_loss": 542.831787109375, "entropy": 0.606137752532959, "approx_kl": 0.005424997769296169, "clip_fraction": 0.0352783203125, "grad_norm": 409.27584075927734, "explained_variance": 0.8675562739372253, "action_std_mean": 0.32763904333114624, "optimizer_iterations": 4.0, "lr": 7.014016000000001e-05}
{"step": 1497088, "wall_time": 1790765308.8197036, "episodes_completed": 2.0, "mean_episode_reward": 0.7466320246458054, "std_episode_reward": 0.9728036671876907, "min_episode_reward": -0.22617164254188538, "max_episode_reward": 1.719435691833496, "mean_episode_length": 164.0, "success_rate": 0.0, "collision_rate": 0.0, "out_of_bounds_rate": 0.0, "timeout_rate": 1.0, "policy_loss": 0.0006775695364922285, "value_loss": 487.22911071777344, "entropy": 0.6061553955078125, "approx_kl": 0.004007519572041929, "clip_fraction": 0.04736328125, "grad_norm": 393.80856704711914, "explained_variance": 0.871362566947937, "action_std_mean": 0.32763394713401794, "optimizer_iterations": 4.0, "lr": 7.009920000000001e-05}
{"step": 1499136, "wall_time": 1790765316.0712178, "episodes_completed": 3.0, "mean_episode_reward": 225.0720189412435, "std_episode_reward": 263.21940882839516, "min_episode_reward": -10.78326416015625, "max_episode_reward": 592.4107666015625, "mean_episode_length": 77.0, "success_rate": 0.6666666666666666, "collision_rate": 0.3333333333333333, "out_of_bounds_rate": 0.0, "timeout_rate": 0.0, "policy_loss": 0.0099130654707551, "value_loss": 559.2296600341797, "entropy": 0.6060963869094849, "approx_kl": 0.015219577384414151, "clip_fraction": 0.0994873046875, "grad_norm": 528.9336395263672, "explained_variance": 0.8733423352241516, "action_std_mean": 0.32761991024017334, "optimizer_iterations": 4.0, "lr": 7.005824e-05}
{"step": 1501184, "wall_time": 1790765323.3130677, "episodes_completed": 5.0, "mean_episode_reward": 177.4526824951172, "std_episode_reward": 176.86069928533425, "min_episode_reward": 10.091575622558594, "max_episode_reward": 500.139404296875, "mean_episode_length": 82.8, "success_rate": 0.8, "collision_rate": 0.2, "out_of_bounds_rate": 0.0, "timeout_rate": 0.0, "policy_loss": 0.001797226257622242, "value_loss": 359.3615264892578, "entropy": 0.6060021817684174, "approx_kl": 0.002562236739322543, "clip_fraction": 0.020751953125, "grad_norm": 494.33351135253906, "explained_variance": 0.8762218356132507, "action_std_mean": 0.32760298252105713, "optimizer_iterations": 4.0, "lr": 7.001728000000001e-05}
{"step": 1503232, "wall_time": 1790765330.5022497, "episodes_completed": 6.0, "mean_episode_reward": 111.36913379033406, "std_episode_reward": 210.07212044138015, "min_episode_reward": -10.174196243286133, "max_episode_reward": 578.590576171875, "mean_episode_length": 88.83333333333333, "success_rate": 0.5, "collision_rate": 0.5, "out_of_bounds_rate": 0.0, "timeout_rate": 0.0, "policy_loss": 0.0008735330775380135, "value_loss": 451.2556915283203, "entropy": 0.6059097349643707, "approx_kl": 0.005695833591744304, "clip_fraction": 0.0389404296875, "grad_norm": 302.0747299194336, "explained_variance": 0.8828758597373962, "action_std_mean": 0.327593594789505, "optimizer_iterations": 4.0, "lr": 6.997632e-05}
{"step": 1505280, "wall_time": 1790765337.700907, "episodes_completed": 5.0, "mean_episode_reward": 184.03364224880934, "std_episode_reward": 348.68398386244684, "min_episode_reward": -7.630953311920166, "max_episode_reward": 880.9552612304688, "mean_episode_length": 146.2, "success_rate": 0.6, "collision_rate": 0.0, "out_of_bounds_rate": 0.0, "timeout_rate": 0.4, "policy_loss": 0.003139135427772999, "value_loss": 845.4124145507812, "entropy": 0.6058629155158997, "approx_kl": 0.003944222466088831, "clip_fraction": 0.0426025390625, "grad_norm": 415.2722625732422, "explained_variance": 0.8554534316062927, "action_std_mean": 0.32758283615112305, "optimizer_iterations": 4.0, "lr": 6.993536000000001e-05}
{"step": 1507328, "wall_time": 1790765344.911271, "episodes_completed": 11.0, "mean_episode_reward": 207.76040666753596, "std_episode_reward": 265.99980003199477, "min_episode_reward": -19.015460968017578, "max_episode_reward": 836.8010864257812, "mean_episode_length": 85.0, "success_rate": 0.36363636363636365, "collision_rate": 0.6363636363636364, "out_of_bounds_rate": 0.0, "timeout_rate": 0.0, "policy_loss": 0.002316097728908062, "value_loss": 902.1295013427734, "entropy": 0.6057713329792023, "approx_kl": 0.052324078977108, "clip_fraction": 0.080810546875, "grad_norm": 426.4701690673828, "explained_variance": 0.7891263365745544, "action_std_mean": 0.3275604248046875, "optimizer_iterations": 4.0, "lr": 6.98944e-05}
{"step": 1509376, "wall_time": 1790765352.1849353, "episodes_completed": 5.0, "mean_episode_reward": 248.8314790725708, "std_episode_reward": 178.19290841499708, "min_episode_reward": 0.6880044937133789, "max_episode_reward": 479.399658203125, "mean_episode_length": 93.8, "success_rate": 0.6, "collision_rate": 0.4, "out_of_bounds_rate": 0.0, "timeout_rate": 0.0, "policy_loss": 0.002168023958802223, "value_loss": 991.9444580078125, "entropy": 0.6056229472160339, "approx_kl": 0.003025966521818191, "clip_fraction": 0.030517578125, "grad_norm": 478.3713912963867, "explained_variance": 0.8299853205680847, "action_std_mean": 0.3275372385978699, "optimizer_iterations": 4.0, "lr": 6.985344e-05}
{"step": 1511424, "wall_time": 1790765359.410167, "episodes_completed": 7.0, "mean_episode_reward": 175.98395538330078, "std_episode_reward": 158.95111650042048, "min_episode_reward": 21.928926467895508, "max_episode_reward": 507.0465393066406, "mean_episode_length": 79.28571428571429, "success_rate": 0.5714285714285714, "collision_rate": 0.42857142857142855, "out_of_bounds_rate": 0.0, "timeout_rate": 0.0, "policy_loss": 0.006965578300878406, "value_loss": 551.1585540771484, "entropy": 0.6054747402667999, "approx_kl": 0.03404394071549177, "clip_fraction": 0.07080078125, "grad_norm": 365.0325698852539, "explained_variance": 0.8620731830596924, "action_std_mean": 0.32750391960144043, "optimizer_iterations": 4.0, "lr": 6.981248000000001e-05}
{"step": 1513472, "wall_time": 1790765366.5582826, "episodes_completed": 6.0, "mean_episode_reward": 158.42357989152273, "std_episode_reward": 125.06185287590165, "min_episode_reward": -9.931479454040527, "max_episode_reward": 329.5704040527344, "mean_episode_length": 72.66666666666667, "success_rate": 0.16666666666666666, "collision_rate": 0.6666666666666666, "out_of_bounds_rate": 0.0, "timeout_rate": 0.16666666666666666, "policy_loss": 0.00206165574491024, "value_loss": 576.6743621826172, "entropy": 0.605255663394928, "approx_kl": 0.003610313782701269, "clip_fraction": 0.033935546875, "grad_norm": 289.7626419067383, "explained_variance": 0.8621934652328491, "action_std_mean": 0.3274737000465393, "optimizer_iterations": 4.0, "lr": 6.977152e-05}
{"step": 1515520, "wall_time": 1790765373.7779992, "episodes_completed": 8.0, "mean_episode_reward": 105.20730412006378, "std_episode_reward": 178.36602159330312, "min_episode_reward": -14.362826347351074, "max_episode_reward": 567.603759765625, "mean_episode_length": 107.125, "success_rate": 0.625, "collision_rate": 0.375, "out_of_bounds_rate": 0.0, "timeout_rate": 0.0, "policy_loss": 0.0017005037516355515, "value_loss": 659.6234436035156, "entropy": 0.605126291513443, "approx_kl": 0.0038949783775024116, "clip_fraction": 0.0430908203125, "grad_norm": 288.0659980773926, "explained_variance": 0.8871233463287354, "action_std_mean": 0.3274688720703125, "optimizer_iterations": 4.0, "lr": 6.973056e-05}
{"step": 1517568, "wall_time": 1790765381.0106134, "episodes_completed": 8.0, "mean_episode_reward": 154.70032715797424, "std_episode_reward": 176.12032229304688, "min_episode_reward": -10.001051902770996, "max_episode_reward": 455.7197570800781, "mean_episode_length": 130.625, "success_rate": 0.5, "collision_rate": 0.375, "out_of_bounds_rate": 0.0, "timeout_rate": 0.125, "policy_loss": 0.00045208586379885674, "value_loss": 533.8912048339844, "entropy": 0.6051322519779205, "approx_kl": 0.0023814303858671337, "clip_fraction": 0.02490234375, "grad_norm": 635.8578872680664, "explained_variance": 0.8541359901428223, "action_std_mean": 0.32747405767440796, "optimizer_iterations": 4.0, "lr": 6.96896e-05}
{"step": 1519616, "wall_time": 1790765388.144062, "episodes_completed": 11.0, "mean_episode_reward": 245.0703485662287, "std_episode_reward": 210.1705806373011, "min_episode_reward": 18.276813507080078, "max_episode_reward": 661.1416625976562, "mean_episode_length": 106.0, "success_rate": 0.5454545454545454, "collision_rate": 0.45454545454545453, "out_of_bounds_rate": 0.0, "timeout_rate": 0.0, "policy_loss": 0.001419595442712307, "value_loss": 887.5994567871094, "entropy": 0.605166494846344, "approx_kl": 0.005889700318221003, "clip_fraction": 0.03857421875, "grad_norm": 448.3204040527344, "explained_variance": 0.7600886821746826, "action_std_mean": 0.3274793028831482, "optimizer_iterations": 4.0, "lr": 6.964864e-05}
{"step": 1521664, "wall_time": 1790765395.348831, "episodes_completed": 10.0, "mean_episode_reward": 252.45988502502442, "std_episode_reward": 212.70009626134154, "min_episode_reward": -9.145646095275879, "max_episode_reward": 575.5912475585938, "mean_episode_length": 88.9, "success_rate": 0.4, "collision_rate": 0.6, "out_of_bounds_rate": 0.0, "timeout_rate": 0.0, "policy_loss": 0.0019352346425876021, "value_loss": 1170.8507690429688, "entropy": 0.6052112579345703, "approx_kl": 0.009203096269629896, "clip_fraction": 0.0654296875, "grad_norm": 579.2333068847656, "explained_variance": 0.7426831722259521, "action_std_mean": 0.327494353055954, "optimizer_iterations": 4.0, "lr": 6.960767999999999e-05}
{"step": 1523712, "wall_time": 1790765402.4945054, "episodes_completed": 5.0, "mean_episode_reward": 190.65601119995117, "std_episode_reward": 208.2979135685048, "min_episode_reward": -10.332752227783203, "max_episode_reward": 589.5765380859375, "mean_episode_length": 94.0, "success_rate": 0.4, "collision_rate": 0.6, "out_of_bounds_rate": 0.0, "timeout_rate": 0.0, "policy_loss": 0.010607082396745682, "value_loss": 1417.2446594238281, "entropy": 0.6053342521190643, "approx_kl": 0.013289803639054298, "clip_fraction": 0.0936279296875, "grad_norm": 524.6500778198242, "explained_variance": 0.8315107226371765, "action_std_mean": 0.3275197744369507, "optimizer_iterations": 4.0, "lr": 6.956672e-05}
{"step": 1525760, "wall_time": 1790765409.6296935, "episodes_completed": 5.0, "mean_episode_reward": 244.5112075805664, "std_episode_reward": 121.5087005847657, "min_episode_reward": 58.907127380371094, "max_episode_reward": 419.92572021484375, "mean_episode_length": 95.0, "success_rate": 0.8, "collision_rate": 0.2, "out_of_bounds_rate": 0.0, "timeout_rate": 0.0, "policy_loss": 0.01526999194175005, "value_loss": 569.4949951171875, "entropy": 0.6054847240447998, "approx_kl": 0.016833218513056636, "clip_fraction": 0.089599609375, "grad_norm": 564.7360458374023, "explained_variance": 0.871566891670227, "action_std_mean": 0.3275405764579773, "optimizer_iterations": 4.0, "lr": 6.952576e-05}
{"step": 1527808, "wall_time": 1790765416.7020354, "episodes_completed": 5.0, "mean_episode_reward": 92.5510793685913, "std_episode_reward": 124.08126044151504, "min_episode_reward": -9.480066299438477, "max_episode_reward": 326.7477111816406, "mean_episode_length": 77.0, "success_rate": 0.4, "collision_rate": 0.6, "out_of_bounds_rate": 0.0, "timeout_rate": 0.0, "policy_loss": 0.034332551062107086, "value_loss": 449.6612091064453, "entropy": 0.6055853366851807, "approx_kl": 0.03561986959539354, "clip_fraction": 0.0771484375, "grad_norm": 1755.122402191162, "explained_variance": 0.8850625157356262, "action_std_mean": 0.3275470435619354, "optimizer_iterations": 4.0, "lr": 6.94848e-05}
{"step": 1529856, "wall_time": 1790765423.860079, "episodes_completed": 3.0, "mean_episode_reward": 9.609997749328613, "std_episode_reward": 15.564445142634211, "min_episode_reward": -10.525836944580078, "max_episode_reward": 27.377853393554688, "mean_episode_length": 49.333333333333336, "success_rate": 0.6666666666666666, "collision_rate": 0.3333333333333333, "out_of_bounds_rate": 0.0, "timeout_rate": 0.0, "policy_loss": 0.004216447938233614, "value_loss": 939.9869689941406, "entropy": 0.6055929064750671, "approx_kl": 0.01735470350831747, "clip_fraction": 0.0450439453125, "grad_norm": 412.8907012939453, "explained_variance": 0.8834496140480042, "action_std_mean": 0.3275427222251892, "optimizer_iterations": 4.0, "lr": 6.944384000000001e-05}
{"step": 1531904, "wall_time": 1790765431.0123525, "episodes_completed": 4.0, "mean_episode_reward": 205.79673385620117, "std_episode_reward": 165.05371867495694, "min_episode_reward": -39.78657531738281, "max_episode_reward": 421.61273193359375, "mean_episode_length": 127.75, "success_rate": 0.0, "collision_rate": 1.0, "out_of_bounds_rate": 0.0, "timeout_rate": 0.0, "policy_loss": 0.004797669127583504, "value_loss": 842.3078460693359, "entropy": 0.6055598855018616, "approx_kl": 0.008548139012418687, "clip_fraction": 0.069580078125, "grad_norm": 412.99088287353516, "explained_variance": 0.8676318526268005, "action_std_mean": 0.3275364637374878, "optimizer_iterations": 4.0, "lr": 6.940288e-05}
{"step": 1533952, "wall_time": 1790765438.133798, "episodes_completed": 8.0, "mean_episode_reward": 176.3090916648507, "std_episode_reward": 286.44216993048747, "min_episode_reward": -9.927577018737793, "max_episode_reward": 873.3567504882812, "mean_episode_length": 113.625, "success_rate": 0.25, "collision_rate": 0.5, "out_of_bounds_rate": 0.0, "timeout_rate": 0.25, "policy_loss": 0.002134566195309162, "value_loss": 853.8165130615234, "entropy": 0.6055182814598083, "approx_kl": 0.007427791366353631, "clip_fraction": 0.06689453125, "grad_norm": 480.78785705566406, "explained_variance": 0.8238841891288757, "action_std_mean": 0.3275282382965088, "optimizer_iterations": 4.0, "lr": 6.936192e-05}
{"step": 1536000, "wall_time": 1790765445.4977047, "episodes_completed": 10.0, "mean_episode_reward": 187.16288270950318, "std_episode_reward": 155.88281547989686, "min_episode_reward": -10.003829956054688, "max_episode_reward": 424.5811462402344, "mean_episode_length": 106.3, "success_rate": 0.6, "collision_rate": 0.4, "out_of_bounds_rate": 0.0, "timeout_rate": 0.0, "policy_loss": 0.004568486590869725, "value_loss": 670.0799255371094, "entropy": 0.6054806113243103, "approx_kl": 0.01085807103663683, "clip_fraction": 0.083740234375, "grad_norm": 570.3617477416992, "explained_variance": 0.8418163061141968, "action_std_mean": 0.32753080129623413, "optimizer_iterations": 4.0, "lr": 6.932096e-05}
{"step": 1538048, "wall_time": 1790765452.6758325, "episodes_completed": 6.0, "mean_episode_reward": 158.3360816637675, "std_episode_reward": 141.2675047215497, "min_episode_reward": 5.47800350189209, "max_episode_reward": 314.865966796875, "mean_episode_length": 119.16666666666667, "success_rate": 0.5, "collision_rate": 0.5, "out_of_bounds_rate": 0.0, "timeout_rate": 0.0, "policy_loss": 0.0021018536062911153, "value_loss": 821.4549102783203, "entropy": 0.605531245470047, "approx_kl": 0.011112806852906942, "clip_fraction": 0.04345703125, "grad_norm": 429.78050231933594, "explained_variance": 0.8260375261306763, "action_std_mean": 0.3275463879108429, "optimizer_iterations": 4.0, "lr": 6.928000000000001e-05}
{"step": 1540096, "wall_time": 1790765459.8722372, "episodes_completed": 4.0, "mean_episode_reward": 306.74057388305664, "std_episode_reward": 192.15585276852684, "min_episode_reward": 34.39405822753906, "max_episode_reward": 577.58447265625, "mean_episode_length": 125.25, "success_rate": 0.75, "collision_rate": 0.25, "out_of_bounds_rate": 0.0, "timeout_rate": 0.0, "policy_loss": 0.0009624105878174305, "value_loss": 886.6499633789062, "entropy": 0.6056289076805115, "approx_kl": 0.0063014006009325385, "clip_fraction": 0.0599365234375, "grad_norm": 739.5727615356445, "explained_variance": 0.8228555917739868, "action_std_mean": 0.3275573253631592, "optimizer_iterations": 4.0, "lr": 6.923904000000001e-05}
{"step": 1542144, "wall_time": 1790765467.06438, "episodes_completed": 9.0, "mean_episode_reward": 257.51902230580646, "std_episode_reward": 288.6197646727816, "min_episode_reward": 2.2701711654663086, "max_episode_reward": 832.5250244140625, "mean_episode_length": 91.11111111111111, "success_rate": 0.6666666666666666, "collision_rate": 0.3333333333333333, "out_of_bounds_rate": 0.0, "timeout_rate": 0.0, "policy_loss": 0.00024673016741871834, "value_loss": 1069.1247253417969, "entropy": 0.6056674718856812, "approx_kl": 0.0055193203734233975, "clip_fraction": 0.04248046875, "grad_norm": 454.45047760009766, "explained_variance": 0.7969889044761658, "action_std_mean": 0.32755929231643677, "optimizer_iterations": 4.0, "lr": 6.919808000000002e-05}
{"step": 1544192, "wall_time": 1790765474.340987, "episodes_completed": 13.0, "mean_episode_reward": 253.61129386608417, "std_episode_reward": 244.99200231809866, "min_episode_reward": -9.863716125488281, "max_episode_reward": 668.884521484375, "mean_episode_length": 92.15384615384616, "success_rate": 0.6153846153846154, "collision_rate": 0.38461538461538464, "out_of_bounds_rate": 0.0, "timeout_rate": 0.0, "policy_loss": 0.005348865874111652, "value_loss": 707.9950408935547, "entropy": 0.6056794226169586, "approx_kl": 0.008897873340174556, "clip_fraction": 0.0472412109375, "grad_norm": 533.7927017211914, "explained_variance": 0.8238345384597778, "action_std_mean": 0.3275641202926636, "optimizer_iterations": 4.0, "lr": 6.915712000000001e-05}
{"step": 1546240, "wall_time": 1790765481.4289603, "episodes_completed": 5.0, "mean_episode_reward": 242.64342155456544, "std_episode_reward": 221.08460536094066, "min_episode_reward": 16.45252799987793, "max_episode_reward": 538.0861206054688, "mean_episode_length": 73.6, "success_rate": 0.6, "collision_rate": 0.4, "out_of_bounds_rate": 0.0, "timeout_rate": 0.0, "policy_loss": 0.004379764897748828, "value_loss": 1164.8011474609375, "entropy": 0.6057140529155731, "approx_kl": 0.014757037861272693, "clip_fraction": 0.0740966796875, "grad_norm": 558.1664581298828, "explained_variance": 0.8275041580200195, "action_std_mean": 0.3275653123855591, "optimizer_iterations": 4.0, "lr": 6.911616e-05}
{"step": 1548288, "wall_time": 1790765488.651209, "episodes_completed": 6.0, "mean_episode_reward": 86.85280918081601, "std_episode_reward": 87.63429257030968, "min_episode_reward": -6.514636039733887, "max_episode_reward": 229.38504028320312, "mean_episode_length": 121.33333333333333, "success_rate": 0.16666666666666666, "collision_rate": 0.5, "out_of_bounds_rate": 0.0, "timeout_rate": 0.3333333333333333, "policy_loss": 0.0004397979937493801, "value_loss": 659.6907501220703, "entropy": 0.6056959629058838, "approx_kl": 0.007424898445606232, "clip_fraction": 0.0411376953125, "grad_norm": 455.9382972717285, "explained_variance": 0.865268349647522, "action_std_mean": 0.327558696269989, "optimizer_iterations": 4.0, "lr": 6.907520000000001e-05}
{"step": 1550336, "wall_time": 1790765495.8395452, "episodes_completed": 3.0, "mean_episode_reward": 216.32382265726724, "std_episode_reward": 279.6705910100817, "min_episode_reward": 14.620677947998047, "max_episode_reward": 611.8113403320312, "mean_episode_length": 80.33333333333333, "success_rate": 0.3333333333333333, "collision_rate": 0.6666666666666666, "out_of_bounds_rate": 0.0, "timeout_rate": 0.0, "policy_loss": 0.007192865596152842, "value_loss": 589.4855346679688, "entropy": 0.6056516170501709, "approx_kl": 0.016214899020269513, "clip_fraction": 0.1455078125, "grad_norm": 479.57776641845703, "explained_variance": 0.8679659366607666, "action_std_mean": 0.32755282521247864, "optimizer_iterations": 4.0, "lr": 6.903424e-05}
{"step": 1552384, "wall_time": 1790765502.9445832, "episodes_completed": 9.0, "mean_episode_reward": 194.81107489267984, "std_episode_reward": 186.00040048650456, "min_episode_reward": -15.899600982666016, "max_episode_reward": 488.6304016113281, "mean_episode_length": 96.33333333333333, "success_rate": 0.7777777777777778, "collision_rate": 0.2222222222222222, "out_of_bounds_rate": 0.0, "timeout_rate": 0.0, "policy_loss": 0.005813317373394966, "value_loss": 642.58740234375, "entropy": 0.6056295037269592, "approx_kl": 0.007393137784674764, "clip_fraction": 0.0836181640625, "grad_norm": 399.6367492675781, "explained_variance": 0.8910678625106812, "action_std_mean": 0.32755133509635925, "optimizer_iterations": 4.0, "lr": 6.899328e-05}
{"step": 1554432, "wall_time": 1790765510.091528, "episodes_completed": 5.0, "mean_episode_reward": 191.82773294448853, "std_episode_reward": 316.7286358110508, "min_episode_reward": -10.085197448730469, "max_episode_reward": 811.6831665039062, "mean_episode_length": 70.4, "success_rate": 0.2, "collision_rate": 0.8, "out_of_bounds_rate": 0.0, "timeout_rate": 0.0, "policy_loss": 0.005201600957661867, "value_loss": 1105.367431640625, "entropy": 0.605623871088028, "approx_kl": 0.008157141855917871, "clip_fraction": 0.0980224609375, "grad_norm": 775.4952163696289, "explained_variance": 0.8251451849937439, "action_std_mean": 0.3275529146194458, "optimizer_iterations": 4.0, "lr": 6.895232000000001e-05}
{"step": 1556480, "wall_time": 1790765517.2916343, "episodes_completed": 4.0, "mean_episode_reward": 293.87757970392704, "std_episode_reward": 310.6497767391349, "min_episode_reward": -6.954521179199219, "max_episode_reward": 718.5008544921875, "mean_episode_length": 139.0, "success_rate": 0.5, "collision_rate": 0.25, "out_of_bounds_rate": 0.0, "timeout_rate": 0.25, "policy_loss": 0.016401462256908417, "value_loss": 902.1500854492188, "entropy": 0.6056213676929474, "approx_kl": 0.015933597460389137, "clip_fraction": 0.0389404296875, "grad_norm": 390.2040100097656, "explained_variance": 0.8650932312011719, "action_std_mean": 0.32754582166671753, "optimizer_iterations": 4.0, "lr": 6.891136e-05}
{"step": 1558528, "wall_time": 1790765524.5166123, "episodes_completed": 3.0, "mean_episode_reward": 62.2311954498291, "std_episode_reward": 93.76732938134188, "min_episode_reward": -11.449614524841309, "max_episode_reward": 194.55364990234375, "mean_episode_length": 133.0, "success_rate": 0.3333333333333333, "collision_rate": 0.6666666666666666, "out_of_bounds_rate": 0.0, "timeout_rate": 0.0, "policy_loss": -0.000746479257941246, "value_loss": 665.5344390869141, "entropy": 0.6055680811405182, "approx_kl": 0.0054904179414734244, "clip_fraction": 0.0313720703125, "grad_norm": 318.4600143432617, "explained_variance": 0.8750731945037842, "action_std_mean": 0.3275375962257385, "optimizer_iterations": 4.0, "lr": 6.88704e-05}
{"step": 1560576, "wall_time": 1790765531.6615007, "episodes_completed": 5.0, "mean_episode_reward": 265.05678672790526, "std_episode_reward": 248.1270379189516, "min_episode_reward": -16.50611686706543, "max_episode_reward": 558.3248291015625, "mean_episode_length": 163.8, "success_rate": 0.8, "collision_rate": 0.2, "out_of_bounds_rate": 0.0, "timeout_rate": 0.0, "policy_loss": -0.000886344350874424, "value_loss": 496.4044418334961, "entropy": 0.6055391132831573, "approx_kl": 0.006582544185221195, "clip_fraction": 0.0501708984375, "grad_norm": 335.3655014038086, "explained_variance": 0.8977896571159363, "action_std_mean": 0.3275431990623474, "optimizer_iterations": 4.0, "lr": 6.882944e-05}
{"step": 1562624, "wall_time": 1790765538.8009892, "episodes_completed": 8.0, "mean_episode_reward": 354.2142150402069, "std_episode_reward": 307.0218116207881, "min_episode_reward": 21.031414031982422, "max_episode_reward": 811.3329467773438, "mean_episode_length": 107.625, "success_rate": 0.5, "collision_rate": 0.5, "out_of_bounds_rate": 0.0, "timeout_rate": 0.0, "policy_loss": -0.0010346774943172932, "value_loss": 1179.99658203125, "entropy": 0.6055932641029358, "approx_kl": 0.008471148670651019, "clip_fraction": 0.05126953125, "grad_norm": 378.7196731567383, "explained_variance": 0.8048051595687866, "action_std_mean": 0.3275498151779175, "optimizer_iterations": 4.0, "lr": 6.878848e-05}
{"step": 1564672, "wall_time": 1790765546.090373, "episodes_completed": 7.0, "mean_episode_reward": 217.37238829476493, "std_episode_reward": 163.71726357190008, "min_episode_reward": 9.790058135986328, "max_episode_reward": 462.1419982910156, "mean_episode_length": 87.14285714285714, "success_rate": 0.14285714285714285, "collision_rate": 0.8571428571428571, "out_of_bounds_rate": 0.0, "timeout_rate": 0.0, "policy_loss": 0.014536486938595772, "value_loss": 792.3023834228516, "entropy": 0.6056189835071564, "approx_kl": 0.017878921702504158, "clip_fraction": 0.08203125, "grad_norm": 424.46375274658203, "explained_variance": 0.8423950672149658, "action_std_mean": 0.32755184173583984, "optimizer_iterations": 4.0, "lr": 6.874752e-05}
{"step": 1566720, "wall_time": 1790765553.216414, "episodes_completed": 9.0, "mean_episode_reward": 323.05285664399463, "std_episode_reward": 227.00921415554856, "min_episode_reward": 1.0767792463302612, "max_episode_reward": 589.19287109375, "mean_episode_length": 130.33333333333334, "success_rate": 0.4444444444444444, "collision_rate": 0.4444444444444444, "out_of_bounds_rate": 0.0, "timeout_rate": 0.1111111111111111, "policy_loss": 0.00307255145162344, "value_loss": 705.8474884033203, "entropy": 0.605633556842804, "approx_kl": 0.006173008412588388, "clip_fraction": 0.037841796875, "grad_norm": 386.9630661010742, "explained_variance": 0.8621324896812439, "action_std_mean": 0.3275546431541443, "optimizer_iterations": 4.0, "lr": 6.870656e-05}
{"step": 1568768, "wall_time": 1790765560.2793128, "episodes_completed": 9.0, "mean_episode_reward": 113.19592369927301, "std_episode_reward": 158.67620854470576, "min_episode_reward": -9.97344970703125, "max_episode_reward": 527.71142578125, "mean_episode_length": 96.66666666666667, "success_rate": 0.2222222222222222, "collision_rate": 0.6666666666666666, "out_of_bounds_rate": 0.0, "timeout_rate": 0.1111111111111111, "policy_loss": -0.00047396961599588394, "value_loss": 1133.6064147949219, "entropy": 0.6056588888168335, "approx_kl": 0.0075131982448510826, "clip_fraction": 0.0703125, "grad_norm": 446.39454650878906, "explained_variance": 0.8416104316711426, "action_std_mean": 0.32756370306015015, "optimizer_iterations": 4.0, "lr": 6.86656e-05}
{"step": 1570816, "wall_time": 1790765567.444361, "episodes_completed": 11.0, "mean_episode_reward": 274.96170434084803, "std_episode_reward": 219.26027544988534, "min_episode_reward": -10.035086631774902, "max_episode_reward": 763.0960083007812, "mean_episode_length": 104.18181818181819, "success_rate": 0.7272727272727273, "collision_rate": 0.2727272727272727, "out_of_bounds_rate": 0.0, "timeout_rate": 0.0, "policy_loss": 0.00766650028526783, "value_loss": 1089.5815124511719, "entropy": 0.6057224571704865, "approx_kl": 0.032828968949615955, "clip_fraction": 0.1072998046875, "grad_norm": 527.0899276733398, "explained_variance": 0.7838629484176636, "action_std_mean": 0.327572762966156, "optimizer_iterations": 4.0, "lr": 6.862463999999999e-05}
{"step": 1572864, "wall_time": 1790765574.692095, "episodes_completed": 10.0, "mean_episode_reward": 221.89380683898926, "std_episode_reward": 216.86074715800575, "min_episode_reward": -9.970733642578125, "max_episode_reward": 671.069091796875, "mean_episode_length": 76.7, "success_rate": 0.5, "collision_rate": 0.5, "out_of_bounds_rate": 0.0, "timeout_rate": 0.0, "policy_loss": 0.004400704987347126, "value_loss": 1203.99609375, "entropy": 0.6057645082473755, "approx_kl": 0.011328491265885532, "clip_fraction": 0.0877685546875, "grad_norm": 561.2265014648438, "explained_variance": 0.7717685699462891, "action_std_mean": 0.32757771015167236, "optimizer_iterations": 4.0, "lr": 6.858368000000001e-05}
{"step": 1574912, "wall_time": 1790765582.028397, "episodes_completed": 6.0, "mean_episode_reward": 308.09232266743976, "std_episode_reward": 137.42418058408, "min_episode_reward": 45.71146774291992, "max_episode_reward": 469.1160583496094, "mean_episode_length": 116.0, "success_rate": 0.8333333333333334, "collision_rate": 0.16666666666666666, "out_of_bounds_rate": 0.0, "timeout_rate": 0.0, "policy_loss": 0.005496729165315628, "value_loss": 888.8884582519531, "entropy": 0.6058073341846466, "approx_kl": 0.008593507925979793, "clip_fraction": 0.0478515625, "grad_norm": 384.46114349365234, "explained_variance": 0.8795764446258545, "action_std_mean": 0.32759034633636475, "optimizer_iterations": 4.0, "lr": 6.854272e-05}
{"step": 1576960, "wall_time": 1790765589.2539172, "episodes_completed": 13.0, "mean_episode_reward": 126.54313043447641, "std_episode_reward": 166.9248202949627, "min_episode_reward": -9.943178176879883, "max_episode_reward": 625.4794921875, "mean_episode_length": 67.61538461538461, "success_rate": 0.46153846153846156, "collision_rate": 0.5384615384615384, "out_of_bounds_rate": 0.0, "timeout_rate": 0.0, "policy_loss": 0.002848964184522629, "value_loss": 661.61474609375, "entropy": 0.6058854460716248, "approx_kl": 0.013324416213436052, "clip_fraction": 0.1087646484375, "grad_norm": 433.6011619567871, "explained_variance": 0.8367109298706055, "action_std_mean": 0.32759588956832886, "optimizer_iterations": 4.0, "lr": 6.850176e-05}
{"step": 1579008, "wall_time": 1790765596.4441695, "episodes_completed": 11.0, "mean_episode_reward": 236.80484442277387, "std_episode_reward": 241.12877867010747, "min_episode_reward": 12.54578971862793, "max_episode_reward": 812.3152465820312, "mean_episode_length": 94.0909090909091, "success_rate": 0.6363636363636364, "collision_rate": 0.36363636363636365, "out_of_bounds_rate": 0.0, "timeout_rate": 0.0, "policy_loss": 0.003794160671532154, "value_loss": 822.1302032470703, "entropy": 0.6058872044086456, "approx_kl": 0.008576730906497687, "clip_fraction": 0.086181640625, "grad_norm": 397.51365661621094, "explained_variance": 0.819964587688446, "action_std_mean": 0.32758721709251404, "optimizer_iterations": 4.0, "lr": 6.846080000000001e-05}
{"step": 1581056, "wall_time": 1790765603.698369, "episodes_completed": 7.0, "mean_episode_reward": 107.60165078299386, "std_episode_reward": 150.71912318970467, "min_episode_reward": -38.56121063232422, "max_episode_reward": 424.4152526855469, "mean_episode_length": 78.28571428571429, "success_rate": 0.42857142857142855, "collision_rate": 0.5714285714285714, "out_of_bounds_rate": 0.0, "timeout_rate": 0.0, "policy_loss": 0.0016218102537095547, "value_loss": 937.8054656982422, "entropy": 0.6057883203029633, "approx_kl": 0.00659641542006284, "clip_fraction": 0.06591796875, "grad_norm": 479.0546340942383, "explained_variance": 0.868493378162384, "action_std_mean": 0.3275560736656189, "optimizer_iterations": 4.0, "lr": 6.841984e-05}
{"step": 1583104, "wall_time": 1790765610.815024, "episodes_completed": 7.0, "mean_episode_reward": 474.62377166748047, "std_episode_reward": 302.95820821234616, "min_episode_reward": 22.89739227294922, "max_episode_reward": 917.95654296875, "mean_episode_length": 150.42857142857142, "success_rate": 0.42857142857142855, "collision_rate": 0.5714285714285714, "out_of_bounds_rate": 0.0, "timeout_rate": 0.0, "policy_loss": -0.0028493853751569986, "value_loss": 845.620361328125, "entropy": 0.6055816411972046, "approx_kl": 0.005309359636157751, "clip_fraction": 0.062255859375, "grad_norm": 314.3348922729492, "explained_variance": 0.865533173084259, "action_std_mean": 0.32753103971481323, "optimizer_iterations": 4.0, "lr": 6.837888e-05}
{"step": 1585152, "wall_time": 1790765618.113284, "episodes_completed": 17.0, "mean_episode_reward": 193.23956910652274, "std_episode_reward": 200.07289817673868, "min_episode_reward": 0.9133644700050354, "max_episode_reward": 677.3792724609375, "mean_episode_length": 76.76470588235294, "success_rate": 0.5882352941176471, "collision_rate": 0.35294117647058826, "out_of_bounds_rate": 0.0, "timeout_rate": 0.058823529411764705, "policy_loss": 0.006244906224310398, "value_loss": 853.3968963623047, "entropy": 0.6054663360118866, "approx_kl": 0.06213303096592426, "clip_fraction": 0.0718994140625, "grad_norm": 517.6141662597656, "explained_variance": 0.8258225917816162, "action_std_mean": 0.3275144100189209, "optimizer_iterations": 4.0, "lr": 6.833792000000002e-05}
{"step": 1587200, "wall_time": 1790765625.228043, "episodes_completed": 2.0, "mean_episode_reward": 196.77899932861328, "std_episode_reward": 45.65784454345703, "min_episode_reward": 151.12115478515625, "max_episode_reward": 242.4368438720703, "mean_episode_length": 79.5, "success_rate": 0.5, "collision_rate": 0.5, "out_of_bounds_rate": 0.0, "timeout_rate": 0.0, "policy_loss": 0.0012320354580879211, "value_loss": 1152.3851623535156, "entropy": 0.6053714454174042, "approx_kl": 0.007487032882636413, "clip_fraction": 0.031494140625, "grad_norm": 425.6736831665039, "explained_variance": 0.8748320937156677, "action_std_mean": 0.3275032639503479, "optimizer_iterations": 4.0, "lr": 6.829696000000001e-05}
{"step": 1589248, "wall_time": 1790765632.2541816, "episodes_completed": 10.0, "mean_episode_reward": 257.25628128051756, "std_episode_reward": 251.56658383132572, "min_episode_reward": -10.116456031799316, "max_episode_reward": 681.2019653320312, "mean_episode_length": 108.9, "success_rate": 0.5, "collision_rate": 0.5, "out_of_bounds_rate": 0.0, "timeout_rate": 0.0, "policy_loss": 0.007064126431941986, "value_loss": 616.8343811035156, "entropy": 0.6053130328655243, "approx_kl": 0.02315924735739827, "clip_fraction": 0.061279296875, "grad_norm": 532.1282539367676, "explained_variance": 0.8630568981170654, "action_std_mean": 0.3274940252304077, "optimizer_iterations": 4.0, "lr": 6.8256e-05}
{"step": 1591296, "wall_time": 1790765639.3938498, "episodes_completed": 7.0, "mean_episode_reward": 200.46406173706055, "std_episode_reward": 194.62649457859158, "min_episode_reward": -9.974063873291016, "max_episode_reward": 622.7285766601562, "mean_episode_length": 85.71428571428571, "success_rate": 0.42857142857142855, "collision_rate": 0.5714285714285714, "out_of_bounds_rate": 0.0, "timeout_rate": 0.0, "policy_loss": -0.0006265286356210709, "value_loss": 426.90914154052734, "entropy": 0.6052543520927429, "approx_kl": 0.0037212689640000463, "clip_fraction": 0.0361328125, "grad_norm": 1111.487289428711, "explained_variance": 0.8828838467597961, "action_std_mean": 0.32748547196388245, "optimizer_iterations": 4.0, "lr": 6.821504000000001e-05}
{"step": 1593344, "wall_time": 1790765646.5088973, "episodes_completed": 5.0, "mean_episode_reward": 333.1993246078491, "std_episode_reward": 320.9197027078119, "min_episode_reward": -9.96791934967041, "max_episode_reward": 823.3232421875, "mean_episode_length": 119.2, "success_rate": 0.8, "collision_rate": 0.2, "out_of_bounds_rate": 0.0, "timeout_rate": 0.0, "policy_loss": 0.0045983800664544106, "value_loss": 449.7177734375, "entropy": 0.6051771938800812, "approx_kl": 0.014552274253219366, "clip_fraction": 0.0616455078125, "grad_norm": 244.99717712402344, "explained_variance": 0.9130487442016602, "action_std_mean": 0.32745474576950073, "optimizer_iterations": 4.0, "lr": 6.817408000000001e-05}
{"step": 1595392, "wall_time": 1790765653.5609455, "episodes_completed": 5.0, "mean_episode_reward": 29.223997402191163, "std_episode_reward": 50.76581763757543, "min_episode_reward": -28.980361938476562, "max_episode_reward": 112.78455352783203, "mean_episode_length": 80.2, "success_rate": 0.4, "collision_rate": 0.4, "out_of_bounds_rate": 0.0, "timeout_rate": 0.2, "policy_loss": 0.005050212144851685, "value_loss": 726.6278991699219, "entropy": 0.6049433350563049, "approx_kl": 0.02402258396614343, "clip_fraction": 0.109375, "grad_norm": 358.6199645996094, "explained_variance": 0.8819647431373596, "action_std_mean": 0.32741856575012207, "optimizer_iterations": 4.0, "lr": 6.813312e-05}
{"step": 1597440, "wall_time": 1790765660.7086809, "episodes_completed": 11.0, "mean_episode_reward": 157.88414660367098, "std_episode_reward": 177.1194254659102, "min_episode_reward": -9.589385986328125, "max_episode_reward": 496.11541748046875, "mean_episode_length": 70.45454545454545, "success_rate": 0.5454545454545454, "collision_rate": 0.45454545454545453, "out_of_bounds_rate": 0.0, "timeout_rate": 0.0, "policy_loss": -0.0011066757142543793, "value_loss": 1133.8945007324219, "entropy": 0.604761928319931, "approx_kl": 0.005866725230589509, "clip_fraction": 0.0391845703125, "grad_norm": 413.79461669921875, "explained_variance": 0.8225553631782532, "action_std_mean": 0.32739800214767456, "optimizer_iterations": 4.0, "lr": 6.809216000000001e-05}
{"step": 1599488, "wall_time": 1790765668.1532588, "episodes_completed": 9.0, "mean_episode_reward": 224.6145486831665, "std_episode_reward": 180.32623237097079, "min_episode_reward": -9.951476097106934, "max_episode_reward": 590.3815307617188, "mean_episode_length": 76.88888888888889, "success_rate": 0.3333333333333333, "collision_rate": 0.6666666666666666, "out_of_bounds_rate": 0.0, "timeout_rate": 0.0, "policy_loss": 0.002270772121846676, "value_loss": 805.8047485351562, "entropy": 0.6046580672264099, "approx_kl": 0.0066273927222937346, "clip_fraction": 0.06494140625, "grad_norm": 503.06249237060547, "explained_variance": 0.8336595296859741, "action_std_mean": 0.3273845314979553, "optimizer_iterations": 4.0, "lr": 6.80512e-05}
{"step": 1601536, "wall_time": 1790765675.266297, "episodes_completed": 8.0, "mean_episode_reward": 238.79041028022766, "std_episode_reward": 264.923046457199, "min_episode_reward": -9.692841529846191, "max_episode_reward": 782.9332275390625, "mean_episode_length": 76.625, "success_rate": 0.375, "collision_rate": 0.625, "out_of_bounds_rate": 0.0, "timeout_rate": 0.0, "policy_loss": 0.014311630628071725, "value_loss": 1121.546875, "entropy": 0.6045790314674377, "approx_kl": 0.01532347803004086, "clip_fraction": 0.1202392578125, "grad_norm": 571.8552398681641, "explained_variance": 0.8197625875473022, "action_std_mean": 0.32737427949905396, "optimizer_iterations": 4.0, "lr": 6.801024e-05}
{"step": 1603584, "wall_time": 1790765682.3433387, "episodes_completed": 5.0, "mean_episode_reward": 192.03704299926758, "std_episode_reward": 178.02348896567094, "min_episode_reward": 29.227108001708984, "max_episode_reward": 530.9095458984375, "mean_episode_length": 73.0, "success_rate": 0.6, "collision_rate": 0.4, "out_of_bounds_rate": 0.0, "timeout_rate": 0.0, "policy_loss": 0.0012782469857484102, "value_loss": 818.319580078125, "entropy": 0.6045325100421906, "approx_kl": 0.00296447507571429, "clip_fraction": 0.030029296875, "grad_norm": 337.13348388671875, "explained_variance": 0.8759490251541138, "action_std_mean": 0.32737046480178833, "optimizer_iterations": 4.0, "lr": 6.796928e-05}
{"step": 1605632, "wall_time": 1790765689.476748, "episodes_completed": 6.0, "mean_episode_reward": 171.94999059041342, "std_episode_reward": 141.1107335016103, "min_episode_reward": 15.445335388183594, "max_episode_reward": 425.70562744140625, "mean_episode_length": 92.83333333333333, "success_rate": 0.16666666666666666, "collision_rate": 0.6666666666666666, "out_of_bounds_rate": 0.0, "timeout_rate": 0.16666666666666666, "policy_loss": 0.008397436700761318, "value_loss": 626.2534637451172, "entropy": 0.6045295894145966, "approx_kl": 0.017728958162479103, "clip_fraction": 0.0751953125, "grad_norm": 343.95431900024414, "explained_variance": 0.8758065104484558, "action_std_mean": 0.3273767828941345, "optimizer_iterations": 4.0, "lr": 6.792832e-05}
{"step": 1607680, "wall_time": 1790765696.5517845, "episodes_completed": 9.0, "mean_episode_reward": 168.71867911020914, "std_episode_reward": 241.9744593651089, "min_episode_reward": -34.69809341430664, "max_episode_reward": 744.9501953125, "mean_episode_length": 100.22222222222223, "success_rate": 0.2222222222222222, "collision_rate": 0.7777777777777778, "out_of_bounds_rate": 0.0, "timeout_rate": 0.0, "policy_loss": 0.00668365228921175, "value_loss": 531.3335723876953, "entropy": 0.6045413911342621, "approx_kl": 0.011597259959671646, "clip_fraction": 0.0633544921875, "grad_norm": 468.5952262878418, "explained_variance": 0.8814231157302856, "action_std_mean": 0.3273535370826721, "optimizer_iterations": 4.0, "lr": 6.788736e-05}
{"step": 1609728, "wall_time": 1790765703.6892586, "episodes_completed": 6.0, "mean_episode_reward": 156.4894799788793, "std_episode_reward": 218.35879637320326, "min_episode_reward": -2.4895994663238525, "max_episode_reward": 631.9955444335938, "mean_episode_length": 97.33333333333333, "success_rate": 0.5, "collision_rate": 0.3333333333333333, "out_of_bounds_rate": 0.0, "timeout_rate": 0.16666666666666666, "policy_loss": 0.000644659623503685, "value_loss": 1043.9511413574219, "entropy": 0.6043118834495544, "approx_kl": 0.008919993473682553, "clip_fraction": 0.044189453125, "grad_norm": 522.4908294677734, "explained_variance": 0.8586342334747314, "action_std_mean": 0.32731062173843384, "optimizer_iterations": 4.0, "lr": 6.78464e-05}
{"step": 1611776, "wall_time": 1790765710.8387606, "episodes_completed": 7.0, "mean_episode_reward": 223.61062351294927, "std_episode_reward": 190.24891097543718, "min_episode_reward": -1.355228304862976, "max_episode_reward": 466.2422180175781, "mean_episode_length": 92.57142857142857, "success_rate": 0.7142857142857143, "collision_rate": 0.14285714285714285, "out_of_bounds_rate": 0.0, "timeout_rate": 0.14285714285714285, "policy_loss": 0.0020073596388101578, "value_loss": 908.2163848876953, "entropy": 0.604060709476471, "approx_kl": 0.008267165743745863, "clip_fraction": 0.0458984375, "grad_norm": 342.20154571533203, "explained_variance": 0.8639415502548218, "action_std_mean": 0.32726985216140747, "optimizer_iterations": 4.0, "lr": 6.780544e-05}
{"step": 1613824, "wall_time": 1790765717.9430487, "episodes_completed": 7.0, "mean_episode_reward": 198.97256442478724, "std_episode_reward": 260.42538242412036, "min_episode_reward": -0.4469795227050781, "max_episode_reward": 702.6397094726562, "mean_episode_length": 97.0, "success_rate": 0.5714285714285714, "collision_rate": 0.42857142857142855, "out_of_bounds_rate": 0.0, "timeout_rate": 0.0, "policy_loss": -0.0008405586704611778, "value_loss": 680.3334350585938, "entropy": 0.6038155257701874, "approx_kl": 0.0053320033475756645, "clip_fraction": 0.0570068359375, "grad_norm": 331.0517044067383, "explained_variance": 0.86342853307724, "action_std_mean": 0.3272295594215393, "optimizer_iterations": 4.0, "lr": 6.776448e-05}
{"step": 1615872, "wall_time": 1790765725.0391226, "episodes_completed": 5.0, "mean_episode_reward": 133.667395401001, "std_episode_reward": 235.61931301073182, "min_episode_reward": -8.35267448425293, "max_episode_reward": 603.7716674804688, "mean_episode_length": 91.6, "success_rate": 0.4, "collision_rate": 0.6, "out_of_bounds_rate": 0.0, "timeout_rate": 0.0, "policy_loss": -0.0010636992083163932, "value_loss": 1051.2798156738281, "entropy": 0.6035619080066681, "approx_kl": 0.0036975889815948904, "clip_fraction": 0.0296630859375, "grad_norm": 378.5624465942383, "explained_variance": 0.8770297765731812, "action_std_mean": 0.32718726992607117, "optimizer_iterations": 4.0, "lr": 6.772352e-05}
{"step": 1617920, "wall_time": 1790765732.1769817, "episodes_completed": 7.0, "mean_episode_reward": 344.07658549717496, "std_episode_reward": 248.03736771784256, "min_episode_reward": 23.341960906982422, "max_episode_reward": 804.214111328125, "mean_episode_length": 128.28571428571428, "success_rate": 1.0, "collision_rate": 0.0, "out_of_bounds_rate": 0.0, "timeout_rate": 0.0, "policy_loss": 0.0004100073128938675, "value_loss": 857.704345703125, "entropy": 0.60332390666008, "approx_kl": 0.0020671469683293253, "clip_fraction": 0.0211181640625, "grad_norm": 347.2645034790039, "explained_variance": 0.8782448172569275, "action_std_mean": 0.32715535163879395, "optimizer_iterations": 4.0, "lr": 6.768256e-05}
{"step": 1619968, "wall_time": 1790765739.2630904, "episodes_completed": 7.0, "mean_episode_reward": 73.46380715710777, "std_episode_reward": 115.00623985194527, "min_episode_reward": -31.216278076171875, "max_episode_reward": 323.3406066894531, "mean_episode_length": 95.42857142857143, "success_rate": 0.42857142857142855, "collision_rate": 0.42857142857142855, "out_of_bounds_rate": 0.0, "timeout_rate": 0.14285714285714285, "policy_loss": 0.0006420020945370197, "value_loss": 938.7649841308594, "entropy": 0.6031427979469299, "approx_kl": 0.00424809887772426, "clip_fraction": 0.04443359375, "grad_norm": 415.87723541259766, "explained_variance": 0.8669198155403137, "action_std_mean": 0.327126681804657, "optimizer_iterations": 4.0, "lr": 6.76416e-05}
{"step": 1622016, "wall_time": 1790765746.3438544, "episodes_completed": 12.0, "mean_episode_reward": 132.79999450842539, "std_episode_reward": 173.61919505925985, "min_episode_reward": -9.885629653930664, "max_episode_reward": 658.2324829101562, "mean_episode_length": 59.916666666666664, "success_rate": 0.4166666666666667, "collision_rate": 0.5833333333333334, "out_of_bounds_rate": 0.0, "timeout_rate": 0.0, "policy_loss": 0.00358669925481081, "value_loss": 752.6150817871094, "entropy": 0.6029973328113556, "approx_kl": 0.009117428271565586, "clip_fraction": 0.0501708984375, "grad_norm": 368.8076858520508, "explained_variance": 0.8337864875793457, "action_std_mean": 0.3271164894104004, "optimizer_iterations": 4.0, "lr": 6.760064000000001e-05}
{"step": 1624064, "wall_time": 1790765753.4032426, "episodes_completed": 2.0, "mean_episode_reward": 671.9947814941406, "std_episode_reward": 44.465118408203125, "min_episode_reward": 627.5296630859375, "max_episode_reward": 716.4598999023438, "mean_episode_length": 182.5, "success_rate": 1.0, "collision_rate": 0.0, "out_of_bounds_rate": 0.0, "timeout_rate": 0.0, "policy_loss": 0.0001155417412519455, "value_loss": 857.9580078125, "entropy": 0.6029835641384125, "approx_kl": 0.002807321259751916, "clip_fraction": 0.03076171875, "grad_norm": 328.58331298828125, "explained_variance": 0.8927290439605713, "action_std_mean": 0.3271259665489197, "optimizer_iterations": 4.0, "lr": 6.755968e-05}
{"step": 1626112, "wall_time": 1790765760.5184042, "episodes_completed": 8.0, "mean_episode_reward": 142.22285377979279, "std_episode_reward": 156.90574377822105, "min_episode_reward": -9.906229972839355, "max_episode_reward": 503.24273681640625, "mean_episode_length": 69.125, "success_rate": 0.375, "collision_rate": 0.625, "out_of_bounds_rate": 0.0, "timeout_rate": 0.0, "policy_loss": -0.0010047315154224634, "value_loss": 644.5540924072266, "entropy": 0.6030791103839874, "approx_kl": 0.004561189445666969, "clip_fraction": 0.0382080078125, "grad_norm": 266.82738494873047, "explained_variance": 0.8775397539138794, "action_std_mean": 0.32715141773223877, "optimizer_iterations": 4.0, "lr": 6.751872e-05}
{"step": 1628160, "wall_time": 1790765767.6748333, "episodes_completed": 3.0, "mean_episode_reward": 357.70499420166016, "std_episode_reward": 311.9101448911176, "min_episode_reward": -35.710121154785156, "max_episode_reward": 727.1849975585938, "mean_episode_length": 152.33333333333334, "success_rate": 0.6666666666666666, "collision_rate": 0.3333333333333333, "out_of_bounds_rate": 0.0, "timeout_rate": 0.0, "policy_loss": 0.0030975788831710815, "value_loss": 656.049560546875, "entropy": 0.6032583117485046, "approx_kl": 0.01595577981788665, "clip_fraction": 0.0731201171875, "grad_norm": 322.8169250488281, "explained_variance": 0.903831422328949, "action_std_mean": 0.32718414068222046, "optimizer_iterations": 4.0, "lr": 6.747776e-05}
{"step": 1630208, "wall_time": 1790765774.7610857, "episodes_completed": 4.0, "mean_episode_reward": 189.57904434204102, "std_episode_reward": 164.94264885283667, "min_episode_reward": 17.978683471679688, "max_episode_reward": 406.626708984375, "mean_episode_length": 90.75, "success_rate": 1.0, "collision_rate": 0.0, "out_of_bounds_rate": 0.0, "timeout_rate": 0.0, "policy_loss": 0.004181564319878817, "value_loss": 492.2227783203125, "entropy": 0.6034441292285919, "approx_kl": 0.005388346209656447, "clip_fraction": 0.038330078125, "grad_norm": 367.6277313232422, "explained_variance": 0.9079034328460693, "action_std_mean": 0.327204167842865, "optimizer_iterations": 4.0, "lr": 6.743680000000001e-05}
{"step": 1632256, "wall_time": 1790765781.9284306, "episodes_completed": 5.0, "mean_episode_reward": 119.8041668176651, "std_episode_reward": 232.83688761490617, "min_episode_reward": -13.026060104370117, "max_episode_reward": 584.8905029296875, "mean_episode_length": 134.8, "success_rate": 0.4, "collision_rate": 0.4, "out_of_bounds_rate": 0.0, "timeout_rate": 0.2, "policy_loss": 0.0006221793591976166, "value_loss": 1100.6311340332031, "entropy": 0.6035220623016357, "approx_kl": 0.0022643543634330854, "clip_fraction": 0.0240478515625, "grad_norm": 402.08641052246094, "explained_variance": 0.8965930342674255, "action_std_mean": 0.32720643281936646, "optimizer_iterations": 4.0, "lr": 6.739584e-05}
{"step": 1634304, "wall_time": 1790765789.057058, "episodes_completed": 6.0, "mean_episode_reward": 313.1741828918457, "std_episode_reward": 206.82673157684002, "min_episode_reward": 113.88273620605469, "max_episode_reward": 729.0594482421875, "mean_episode_length": 121.83333333333333, "success_rate": 0.8333333333333334, "collision_rate": 0.16666666666666666, "out_of_bounds_rate": 0.0, "timeout_rate": 0.0, "policy_loss": -0.0003619687631726265, "value_loss": 1091.7109069824219, "entropy": 0.6035417914390564, "approx_kl": 0.0024725575058255345, "clip_fraction": 0.02294921875, "grad_norm": 455.36820220947266, "explained_variance": 0.8563536405563354, "action_std_mean": 0.32721948623657227, "optimizer_iterations": 4.0, "lr": 6.735488000000001e-05}
{"step": 1636352, "wall_time": 1790765796.1011274, "episodes_completed": 6.0, "mean_episode_reward": 307.4079650243123, "std_episode_reward": 235.0157457136013, "min_episode_reward": 15.321508407592773, "max_episode_reward": 787.2196044921875, "mean_episode_length": 120.16666666666667, "success_rate": 0.8333333333333334, "collision_rate": 0.16666666666666666, "out_of_bounds_rate": 0.0, "timeout_rate": 0.0, "policy_loss": -0.0004110877634957433, "value_loss": 598.0594482421875, "entropy": 0.6036593019962311, "approx_kl": 0.004397085634991527, "clip_fraction": 0.0419921875, "grad_norm": 415.12349700927734, "explained_variance": 0.887717068195343, "action_std_mean": 0.3272446393966675, "optimizer_iterations": 4.0, "lr": 6.731392000000001e-05}
{"step": 1638400, "wall_time": 1790765803.2389646, "episodes_completed": 5.0, "mean_episode_reward": 5.320265388488769, "std_episode_reward": 14.409333882861242, "min_episode_reward": -18.15036964416504, "max_episode_reward": 23.195518493652344, "mean_episode_length": 75.8, "success_rate": 0.2, "collision_rate": 0.8, "out_of_bounds_rate": 0.0, "timeout_rate": 0.0, "policy_loss": -0.0011378799099475145, "value_loss": 645.7088317871094, "entropy": 0.6038002967834473, "approx_kl": 0.003337269590701908, "clip_fraction": 0.0291748046875, "grad_norm": 310.4421043395996, "explained_variance": 0.8772649168968201, "action_std_mean": 0.3272562623023987, "optimizer_iterations": 4.0, "lr": 6.727296e-05}
{"step": 1640448, "wall_time": 1790765810.4930735, "episodes_completed": 8.0, "mean_episode_reward": 61.97829461097717, "std_episode_reward": 89.2165370845094, "min_episode_reward": -68.71272277832031, "max_episode_reward": 214.88172912597656, "mean_episode_length": 99.875, "success_rate": 0.375, "collision_rate": 0.5, "out_of_bounds_rate": 0.0, "timeout_rate": 0.125, "policy_loss": -0.00010402500629425049, "value_loss": 515.4660949707031, "entropy": 0.6038155853748322, "approx_kl": 0.0030833386699669063, "clip_fraction": 0.0340576171875, "grad_norm": 395.70667266845703, "explained_variance": 0.8699518442153931, "action_std_mean": 0.3272462487220764, "optimizer_iterations": 4.0, "lr": 6.723200000000001e-05}
{"step": 1642496, "wall_time": 1790765817.6600003, "episodes_completed": 5.0, "mean_episode_reward": 286.8462646484375, "std_episode_reward": 204.02489061103384, "min_episode_reward": -41.53204345703125, "max_episode_reward": 592.5887451171875, "mean_episode_length": 116.6, "success_rate": 0.6, "collision_rate": 0.4, "out_of_bounds_rate": 0.0, "timeout_rate": 0.0, "policy_loss": 0.0021290213335305452, "value_loss": 996.1374206542969, "entropy": 0.6037313342094421, "approx_kl": 0.009111009305343032, "clip_fraction": 0.070556640625, "grad_norm": 563.1893615722656, "explained_variance": 0.8830301761627197, "action_std_mean": 0.3272287845611572, "optimizer_iterations": 4.0, "lr": 6.719104e-05}
{"step": 1644544, "wall_time": 1790765824.827139, "episodes_completed": 12.0, "mean_episode_reward": 227.93123563130698, "std_episode_reward": 272.00581057398153, "min_episode_reward": -8.7079496383667, "max_episode_reward": 901.6314697265625, "mean_episode_length": 111.75, "success_rate": 0.4166666666666667, "collision_rate": 0.5833333333333334, "out_of_bounds_rate": 0.0, "timeout_rate": 0.0, "policy_loss": 0.002738374285399914, "value_loss": 1054.9000854492188, "entropy": 0.6036360859870911, "approx_kl": 0.008653036085888743, "clip_fraction": 0.079833984375, "grad_norm": 502.31798553466797, "explained_variance": 0.8316473960876465, "action_std_mean": 0.32722368836402893, "optimizer_iterations": 4.0, "lr": 6.715008e-05}
{"step": 1646592, "wall_time": 1790765832.0474613, "episodes_completed": 3.0, "mean_episode_reward": 562.5246632893881, "std_episode_reward": 265.319510667481, "min_episode_reward": 197.61097717285156, "max_episode_reward": 820.61328125, "mean_episode_length": 173.0, "success_rate": 1.0, "collision_rate": 0.0, "out_of_bounds_rate": 0.0, "timeout_rate": 0.0, "policy_loss": 0.004960104590281844, "value_loss": 1352.8004150390625, "entropy": 0.6036489009857178, "approx_kl": 0.012780515593476593, "clip_fraction": 0.0838623046875, "grad_norm": 575.7802886962891, "explained_variance": 0.775198221206665, "action_std_mean": 0.32723355293273926, "optimizer_iterations": 4.0, "lr": 6.710912e-05}
{"step": 1648640, "wall_time": 1790765839.1789784, "episodes_completed": 7.0, "mean_episode_reward": 247.96389825003487, "std_episode_reward": 163.65636418532702, "min_episode_reward": 17.96597671508789, "max_episode_reward": 542.024169921875, "mean_episode_length": 76.42857142857143, "success_rate": 0.5714285714285714, "collision_rate": 0.42857142857142855, "out_of_bounds_rate": 0.0, "timeout_rate": 0.0, "policy_loss": 0.002209835685789585, "value_loss": 868.9318542480469, "entropy": 0.6037075817584991, "approx_kl": 0.004869261581916362, "clip_fraction": 0.06103515625, "grad_norm": 433.34261322021484, "explained_variance": 0.8529994487762451, "action_std_mean": 0.3272377550601959, "optimizer_iterations": 4.0, "lr": 6.706816e-05}
{"step": 1650688, "wall_time": 1790765846.3774245, "episodes_completed": 8.0, "mean_episode_reward": 102.59717506170273, "std_episode_reward": 106.79888363634855, "min_episode_reward": -28.314842224121094, "max_episode_reward": 291.4584045410156, "mean_episode_length": 75.0, "success_rate": 0.5, "collision_rate": 0.5, "out_of_bounds_rate": 0.0, "timeout_rate": 0.0, "policy_loss": 0.010048216674476862, "value_loss": 1004.2233428955078, "entropy": 0.6037075221538544, "approx_kl": 0.015747261233627796, "clip_fraction": 0.095703125, "grad_norm": 523.947868347168, "explained_variance": 0.8711536526679993, "action_std_mean": 0.3272305130958557, "optimizer_iterations": 4.0, "lr": 6.702720000000001e-05}
{"step": 1652736, "wall_time": 1790765853.5536397, "episodes_completed": 8.0, "mean_episode_reward": 337.1606025695801, "std_episode_reward": 148.43433562652498, "min_episode_reward": 110.22126770019531, "max_episode_reward": 556.5609130859375, "mean_episode_length": 105.875, "success_rate": 0.75, "collision_rate": 0.25, "out_of_bounds_rate": 0.0, "timeout_rate": 0.0, "policy_loss": 0.013175596483051777, "value_loss": 985.4289245605469, "entropy": 0.6036389470100403, "approx_kl": 0.15981803834438324, "clip_fraction": 0.1361083984375, "grad_norm": 600.3458633422852, "explained_variance": 0.8297605514526367, "action_std_mean": 0.32721415162086487, "optimizer_iterations": 4.0, "lr": 6.698624e-05}
{"step": 1654784, "wall_time": 1790765860.905047, "episodes_completed": 6.0, "mean_episode_reward": 142.14077305793762, "std_episode_reward": 252.98418274784115, "min_episode_reward": -10.193774223327637, "max_episode_reward": 687.0033569335938, "mean_episode_length": 111.16666666666667, "success_rate": 0.3333333333333333, "collision_rate": 0.5, "out_of_bounds_rate": 0.0, "timeout_rate": 0.16666666666666666, "policy_loss": 0.0024356688372790813, "value_loss": 568.8006591796875, "entropy": 0.6035392582416534, "approx_kl": 0.006865555653348565, "clip_fraction": 0.066650390625, "grad_norm": 378.5445976257324, "explained_variance": 0.8727753162384033, "action_std_mean": 0.3272015452384949, "optimizer_iterations": 4.0, "lr": 6.694528e-05}
{"step": 1656832, "wall_time": 1790765868.1930382, "episodes_completed": 5.0, "mean_episode_reward": 228.66812057495116, "std_episode_reward": 235.31789860243373, "min_episode_reward": -22.771358489990234, "max_episode_reward": 599.3749389648438, "mean_episode_length": 107.4, "success_rate": 0.4, "collision_rate": 0.6, "out_of_bounds_rate": 0.0, "timeout_rate": 0.0, "policy_loss": 0.008889937773346901, "value_loss": 907.8733215332031, "entropy": 0.6034766435623169, "approx_kl": 0.019488060846924782, "clip_fraction": 0.0748291015625, "grad_norm": 1302.9685897827148, "explained_variance": 0.8793259859085083, "action_std_mean": 0.3271922469139099, "optimizer_iterations": 4.0, "lr": 6.690432e-05}
{"step": 1658880, "wall_time": 1790765875.3781378, "episodes_completed": 7.0, "mean_episode_reward": 223.165191922869, "std_episode_reward": 247.1004176947348, "min_episode_reward": -11.449837684631348, "max_episode_reward": 615.3478393554688, "mean_episode_length": 102.14285714285714, "success_rate": 0.42857142857142855, "collision_rate": 0.5714285714285714, "out_of_bounds_rate": 0.0, "timeout_rate": 0.0, "policy_loss": 0.014533095061779022, "value_loss": 561.9236297607422, "entropy": 0.6034162640571594, "approx_kl": 0.018489103065803647, "clip_fraction": 0.0849609375, "grad_norm": 853.8991241455078, "explained_variance": 0.8976725935935974, "action_std_mean": 0.3271789848804474, "optimizer_iterations": 4.0, "lr": 6.686336e-05}
{"step": 1660928, "wall_time": 1790765882.6013584, "episodes_completed": 1.0, "mean_episode_reward": 67.230712890625, "std_episode_reward": 0.0, "min_episode_reward": 67.230712890625, "max_episode_reward": 67.230712890625, "mean_episode_length": 20.0, "success_rate": 0.0, "collision_rate": 1.0, "out_of_bounds_rate": 0.0, "timeout_rate": 0.0, "policy_loss": 0.013948097825050354, "value_loss": 755.2834930419922, "entropy": 0.6033189594745636, "approx_kl": 0.014446894638240337, "clip_fraction": 0.072509765625, "grad_norm": 339.2946014404297, "explained_variance": 0.8933330774307251, "action_std_mean": 0.3271596431732178, "optimizer_iterations": 4.0, "lr": 6.682239999999999e-05}
{"step": 1662976, "wall_time": 1790765889.8459284, "episodes_completed": 12.0, "mean_episode_reward": 109.60356068611145, "std_episode_reward": 159.74419912451458, "min_episode_reward": -10.128766059875488, "max_episode_reward": 527.3112182617188, "mean_episode_length": 64.5, "success_rate": 0.3333333333333333, "collision_rate": 0.5833333333333334, "out_of_bounds_rate": 0.0, "timeout_rate": 0.08333333333333333, "policy_loss": 0.0021082181483507156, "value_loss": 597.2446746826172, "entropy": 0.6031918227672577, "approx_kl": 0.011949276668019593, "clip_fraction": 0.06689453125, "grad_norm": 314.60065841674805, "explained_variance": 0.8863539695739746, "action_std_mean": 0.32713520526885986, "optimizer_iterations": 4.0, "lr": 6.678144e-05}
{"step": 1665024, "wall_time": 1790765897.0225084, "episodes_completed": 3.0, "mean_episode_reward": 333.10461171468097, "std_episode_reward": 180.54250334742684, "min_episode_reward": 94.22960662841797, "max_episode_reward": 530.6282348632812, "mean_episode_length": 102.33333333333333, "success_rate": 0.6666666666666666, "collision_rate": 0.3333333333333333, "out_of_bounds_rate": 0.0, "timeout_rate": 0.0, "policy_loss": 0.019595040008425713, "value_loss": 680.9732818603516, "entropy": 0.603028416633606, "approx_kl": 0.028357588220387697, "clip_fraction": 0.1082763671875, "grad_norm": 686.6363868713379, "explained_variance": 0.8777568340301514, "action_std_mean": 0.3271004259586334, "optimizer_iterations": 4.0, "lr": 6.674048000000001e-05}
{"step": 1667072, "wall_time": 1790765904.2574425, "episodes_completed": 6.0, "mean_episode_reward": 169.46164846420288, "std_episode_reward": 260.0478255884576, "min_episode_reward": -8.356616020202637, "max_episode_reward": 740.1472778320312, "mean_episode_length": 97.66666666666667, "success_rate": 0.5, "collision_rate": 0.5, "out_of_bounds_rate": 0.0, "timeout_rate": 0.0, "policy_loss": 0.0030081672593951225, "value_loss": 816.4881591796875, "entropy": 0.6028131544589996, "approx_kl": 0.0040469905361533165, "clip_fraction": 0.0335693359375, "grad_norm": 558.084846496582, "explained_variance": 0.8730932474136353, "action_std_mean": 0.32707810401916504, "optimizer_iterations": 4.0, "lr": 6.669952e-05}
{"step": 1669120, "wall_time": 1790765911.4798512, "episodes_completed": 2.0, "mean_episode_reward": 178.47257351875305, "std_episode_reward": 173.64913058280945, "min_episode_reward": 4.8234429359436035, "max_episode_reward": 352.1217041015625, "mean_episode_length": 172.5, "success_rate": 0.5, "collision_rate": 0.0, "out_of_bounds_rate": 0.0, "timeout_rate": 0.5, "policy_loss": 0.004624983295798302, "value_loss": 680.7214050292969, "entropy": 0.6027483940124512, "approx_kl": 0.012729061942081898, "clip_fraction": 0.1143798828125, "grad_norm": 263.75243377685547, "explained_variance": 0.8981190919876099, "action_std_mean": 0.32707899808883667, "optimizer_iterations": 4.0, "lr": 6.665856000000001e-05}
{"step": 1671168, "wall_time": 1790765918.6508703, "episodes_completed": 7.0, "mean_episode_reward": 113.48386679376874, "std_episode_reward": 103.84751233212587, "min_episode_reward": -2.9351847171783447, "max_episode_reward": 249.302001953125, "mean_episode_length": 87.85714285714286, "success_rate": 0.2857142857142857, "collision_rate": 0.5714285714285714, "out_of_bounds_rate": 0.0, "timeout_rate": 0.14285714285714285, "policy_loss": 0.004054920747876167, "value_loss": 556.9132843017578, "entropy": 0.6027871966362, "approx_kl": 0.008970510913059115, "clip_fraction": 0.1102294921875, "grad_norm": 324.6937828063965, "explained_variance": 0.8804254531860352, "action_std_mean": 0.3271005153656006, "optimizer_iterations": 4.0, "lr": 6.66176e-05}
{"step": 1673216, "wall_time": 1790765925.8592696, "episodes_completed": 3.0, "mean_episode_reward": 227.9111499786377, "std_episode_reward": 317.42801243423855, "min_episode_reward": -16.33759117126465, "max_episode_reward": 676.22216796875, "mean_episode_length": 114.33333333333333, "success_rate": 0.6666666666666666, "collision_rate": 0.3333333333333333, "out_of_bounds_rate": 0.0, "timeout_rate": 0.0, "policy_loss": 0.0014777826145291328, "value_loss": 831.0526123046875, "entropy": 0.602927565574646, "approx_kl": 0.0046526610385626554, "clip_fraction": 0.0262451171875, "grad_norm": 354.43228912353516, "explained_variance": 0.8960530161857605, "action_std_mean": 0.3271099925041199, "optimizer_iterations": 4.0, "lr": 6.657664e-05}
{"step": 1675264, "wall_time": 1790765933.0540674, "episodes_completed": 7.0, "mean_episode_reward": 118.05999948297229, "std_episode_reward": 251.95369325992576, "min_episode_reward": -4.348844051361084, "max_episode_reward": 733.7976684570312, "mean_episode_length": 113.42857142857143, "success_rate": 0.14285714285714285, "collision_rate": 0.5714285714285714, "out_of_bounds_rate": 0.0, "timeout_rate": 0.2857142857142857, "policy_loss": 0.001723024994134903, "value_loss": 958.6386566162109, "entropy": 0.6029329001903534, "approx_kl": 0.0028142363589722663, "clip_fraction": 0.0247802734375, "grad_norm": 346.7643814086914, "explained_variance": 0.855118989944458, "action_std_mean": 0.32710492610931396, "optimizer_iterations": 4.0, "lr": 6.653568e-05}
{"step": 1677312, "wall_time": 1790765940.1446075, "episodes_completed": 8.0, "mean_episode_reward": 251.16615664958954, "std_episode_reward": 134.7400389932952, "min_episode_reward": -9.932084083557129, "max_episode_reward": 436.2554626464844, "mean_episode_length": 113.25, "success_rate": 0.5, "collision_rate": 0.5, "out_of_bounds_rate": 0.0, "timeout_rate": 0.0, "policy_loss": 0.0013795533450320363, "value_loss": 689.5761260986328, "entropy": 0.6028947830200195, "approx_kl": 0.005132805381435901, "clip_fraction": 0.0413818359375, "grad_norm": 463.0471649169922, "explained_variance": 0.8640866279602051, "action_std_mean": 0.3270944654941559, "optimizer_iterations": 4.0, "lr": 6.649472000000001e-05}
{"step": 1679360, "wall_time": 1790765947.2062786, "episodes_completed": 7.0, "mean_episode_reward": 152.07975448880876, "std_episode_reward": 173.00579774639326, "min_episode_reward": -6.0574116706848145, "max_episode_reward": 508.1913757324219, "mean_episode_length": 85.0, "success_rate": 0.42857142857142855, "collision_rate": 0.5714285714285714, "out_of_bounds_rate": 0.0, "timeout_rate": 0.0, "policy_loss": 0.003844594582915306, "value_loss": 826.2173156738281, "entropy": 0.6028377413749695, "approx_kl": 0.008148378983605653, "clip_fraction": 0.0350341796875, "grad_norm": 541.4749221801758, "explained_variance": 0.8607838749885559, "action_std_mean": 0.32709741592407227, "optimizer_iterations": 4.0, "lr": 6.645376000000001e-05}
{"step": 1681408, "wall_time": 1790765954.4773686, "episodes_completed": 9.0, "mean_episode_reward": 293.6657494439019, "std_episode_reward": 344.4077248500817, "min_episode_reward": -10.160194396972656, "max_episode_reward": 898.1593017578125, "mean_episode_length": 111.11111111111111, "success_rate": 0.3333333333333333, "collision_rate": 0.6666666666666666, "out_of_bounds_rate": 0.0, "timeout_rate": 0.0, "policy_loss": 0.012735787779092789, "value_loss": 914.3959197998047, "entropy": 0.6028963327407837, "approx_kl": 0.022332933032885194, "clip_fraction": 0.0880126953125, "grad_norm": 493.4651336669922, "explained_variance": 0.8677451014518738, "action_std_mean": 0.327109158039093, "optimizer_iterations": 4.0, "lr": 6.64128e-05}
{"step": 1683456, "wall_time": 1790765961.6701717, "episodes_completed": 7.0, "mean_episode_reward": 204.97381046840124, "std_episode_reward": 208.384410770648, "min_episode_reward": -10.465014457702637, "max_episode_reward": 543.7847900390625, "mean_episode_length": 81.42857142857143, "success_rate": 0.42857142857142855, "collision_rate": 0.5714285714285714, "out_of_bounds_rate": 0.0, "timeout_rate": 0.0, "policy_loss": 0.008124591782689095, "value_loss": 945.8508605957031, "entropy": 0.602967232465744, "approx_kl": 0.019249547040089965, "clip_fraction": 0.11328125, "grad_norm": 528.4187164306641, "explained_variance": 0.8540021777153015, "action_std_mean": 0.32712340354919434, "optimizer_iterations": 4.0, "lr": 6.637184000000001e-05}
{"step": 1685504, "wall_time": 1790765968.8439007, "episodes_completed": 6.0, "mean_episode_reward": 246.99908820788065, "std_episode_reward": 282.3017096092585, "min_episode_reward": -37.863162994384766, "max_episode_reward": 728.3964233398438, "mean_episode_length": 141.16666666666666, "success_rate": 0.5, "collision_rate": 0.5, "out_of_bounds_rate": 0.0, "timeout_rate": 0.0, "policy_loss": 0.0018001105636358261, "value_loss": 776.8949890136719, "entropy": 0.6030430197715759, "approx_kl": 0.004516069428063929, "clip_fraction": 0.025146484375, "grad_norm": 308.5903778076172, "explained_variance": 0.8891355991363525, "action_std_mean": 0.3271249532699585, "optimizer_iterations": 4.0, "lr": 6.633088e-05}
{"step": 1687552, "wall_time": 1790765976.085548, "episodes_completed": 3.0, "mean_episode_reward": 69.26734574635823, "std_episode_reward": 84.75263498086439, "min_episode_reward": 6.788116455078125, "max_episode_reward": 189.08897399902344, "mean_episode_length": 104.66666666666667, "success_rate": 0.6666666666666666, "collision_rate": 0.3333333333333333, "out_of_bounds_rate": 0.0, "timeout_rate": 0.0, "policy_loss": 0.0029029930010437965, "value_loss": 959.6695709228516, "entropy": 0.6030352115631104, "approx_kl": 0.006354827113682404, "clip_fraction": 0.0565185546875, "grad_norm": 493.94864654541016, "explained_variance": 0.8671326637268066, "action_std_mean": 0.32712966203689575, "optimizer_iterations": 4.0, "lr": 6.628992000000001e-05}
{"step": 1689600, "wall_time": 1790765983.3180122, "episodes_completed": 5.0, "mean_episode_reward": 159.9377145767212, "std_episode_reward": 145.69172287370026, "min_episode_reward": -45.16926956176758, "max_episode_reward": 308.82586669921875, "mean_episode_length": 76.8, "success_rate": 0.6, "collision_rate": 0.4, "out_of_bounds_rate": 0.0, "timeout_rate": 0.0, "policy_loss": 0.0006258178036659956, "value_loss": 805.369873046875, "entropy": 0.6031027734279633, "approx_kl": 0.0077141671208664775, "clip_fraction": 0.048095703125, "grad_norm": 590.2095413208008, "explained_variance": 0.8482072353363037, "action_std_mean": 0.3271474242210388, "optimizer_iterations": 4.0, "lr": 6.624896e-05}
{"step": 1691648, "wall_time": 1790765990.5186253, "episodes_completed": 4.0, "mean_episode_reward": 450.2543740272522, "std_episode_reward": 436.20326168735085, "min_episode_reward": -9.962766647338867, "max_episode_reward": 909.4985961914062, "mean_episode_length": 119.25, "success_rate": 0.5, "collision_rate": 0.5, "out_of_bounds_rate": 0.0, "timeout_rate": 0.0, "policy_loss": 0.002354823984205723, "value_loss": 756.9727478027344, "entropy": 0.6032235622406006, "approx_kl": 0.01229951623827219, "clip_fraction": 0.0853271484375, "grad_norm": 287.82182693481445, "explained_variance": 0.87696373462677, "action_std_mean": 0.3271685540676117, "optimizer_iterations": 4.0, "lr": 6.6208e-05}
{"step": 1693696, "wall_time": 1790765997.6659906, "episodes_completed": 7.0, "mean_episode_reward": 305.63418769836426, "std_episode_reward": 273.8337392904497, "min_episode_reward": 11.345255851745605, "max_episode_reward": 670.6627197265625, "mean_episode_length": 95.28571428571429, "success_rate": 0.5714285714285714, "collision_rate": 0.42857142857142855, "out_of_bounds_rate": 0.0, "timeout_rate": 0.0, "policy_loss": 0.007267728913575411, "value_loss": 924.2173156738281, "entropy": 0.6033496558666229, "approx_kl": 0.013059556833468378, "clip_fraction": 0.11279296875, "grad_norm": 637.0169677734375, "explained_variance": 0.875653088092804, "action_std_mean": 0.32719022035598755, "optimizer_iterations": 4.0, "lr": 6.616704000000001e-05}
{"step": 1695744, "wall_time": 1790766004.944936, "episodes_completed": 6.0, "mean_episode_reward": 234.52782785892487, "std_episode_reward": 298.0921619652165, "min_episode_reward": -1.38116455078125, "max_episode_reward": 676.4920654296875, "mean_episode_length": 174.83333333333334, "success_rate": 0.3333333333333333, "collision_rate": 0.3333333333333333, "out_of_bounds_rate": 0.0, "timeout_rate": 0.3333333333333333, "policy_loss": 0.015061471611261368, "value_loss": 880.0878601074219, "entropy": 0.6034655272960663, "approx_kl": 0.049930354580283165, "clip_fraction": 0.1162109375, "grad_norm": 404.2609634399414, "explained_variance": 0.8851016163825989, "action_std_mean": 0.327198326587677, "optimizer_iterations": 4.0, "lr": 6.612608e-05}
{"step": 1697792, "wall_time": 1790766012.1063592, "episodes_completed": 5.0, "mean_episode_reward": 221.7644500732422, "std_episode_reward": 77.40797438027606, "min_episode_reward": 107.65641784667969, "max_episode_reward": 308.94683837890625, "mean_episode_length": 72.4, "success_rate": 0.4, "collision_rate": 0.6, "out_of_bounds_rate": 0.0, "timeout_rate": 0.0, "policy_loss": 0.011571263195946813, "value_loss": 1223.1435546875, "entropy": 0.6034706830978394, "approx_kl": 0.01687728171236813, "clip_fraction": 0.1533203125, "grad_norm": 459.44129943847656, "explained_variance": 0.8369964957237244, "action_std_mean": 0.3271884322166443, "optimizer_iterations": 4.0, "lr": 6.608512e-05}
{"step": 1699840, "wall_time": 1790766019.2784584, "episodes_completed": 4.0, "mean_episode_reward": 105.59665203094482, "std_episode_reward": 51.47682842239175, "min_episode_reward": 27.300899505615234, "max_episode_reward": 159.12281799316406, "mean_episode_length": 59.5, "success_rate": 0.75, "collision_rate": 0.25, "out_of_bounds_rate": 0.0, "timeout_rate": 0.0, "policy_loss": 0.007827244699001312, "value_loss": 756.3219146728516, "entropy": 0.6034020185470581, "approx_kl": 0.012198434909805655, "clip_fraction": 0.0982666015625, "grad_norm": 357.8205871582031, "explained_variance": 0.8842780590057373, "action_std_mean": 0.3271823525428772, "optimizer_iterations": 4.0, "lr": 6.604416e-05}
{"step": 1701888, "wall_time": 1790766026.5788817, "episodes_completed": 7.0, "mean_episode_reward": 219.85136835915702, "std_episode_reward": 310.2973654882543, "min_episode_reward": -27.03390121459961, "max_episode_reward": 805.3062744140625, "mean_episode_length": 74.28571428571429, "success_rate": 0.42857142857142855, "collision_rate": 0.5714285714285714, "out_of_bounds_rate": 0.0, "timeout_rate": 0.0, "policy_loss": 0.0008565429598093033, "value_loss": 808.64453125, "entropy": 0.603395402431488, "approx_kl": 0.003574300731997937, "clip_fraction": 0.04150390625, "grad_norm": 464.4451675415039, "explained_variance": 0.8696184158325195, "action_std_mean": 0.32718509435653687, "optimizer_iterations": 4.0, "lr": 6.60032e-05}
{"step": 1703936, "wall_time": 1790766033.7021227, "episodes_completed": 10.0, "mean_episode_reward": 169.9004324913025, "std_episode_reward": 235.95277304832496, "min_episode_reward": -9.937118530273438, "max_episode_reward": 678.282470703125, "mean_episode_length": 83.6, "success_rate": 0.3, "collision_rate": 0.7, "out_of_bounds_rate": 0.0, "timeout_rate": 0.0, "policy_loss": 0.002961863996461034, "value_loss": 682.8488464355469, "entropy": 0.6034111678600311, "approx_kl": 0.006781024043448269, "clip_fraction": 0.0732421875, "grad_norm": 323.25061416625977, "explained_variance": 0.8722231388092041, "action_std_mean": 0.32719045877456665, "optimizer_iterations": 4.0, "lr": 6.596223999999999e-05}
{"step": 1705984, "wall_time": 1790766040.875805, "episodes_completed": 5.0, "mean_episode_reward": 355.09644451141355, "std_episode_reward": 300.38002864436726, "min_episode_reward": -15.323381423950195, "max_episode_reward": 617.84423828125, "mean_episode_length": 108.2, "success_rate": 0.6, "collision_rate": 0.4, "out_of_bounds_rate": 0.0, "timeout_rate": 0.0, "policy_loss": 0.004083992447704077, "value_loss": 680.0465393066406, "entropy": 0.6034405529499054, "approx_kl": 0.009978796122595668, "clip_fraction": 0.09326171875, "grad_norm": 385.7406311035156, "explained_variance": 0.9031901359558105, "action_std_mean": 0.32718342542648315, "optimizer_iterations": 4.0, "lr": 6.592128e-05}
{"step": 1708032, "wall_time": 1790766048.1520662, "episodes_completed": 3.0, "mean_episode_reward": 517.8361085255941, "std_episode_reward": 381.4651199354885, "min_episode_reward": -14.821569442749023, "max_episode_reward": 858.1940307617188, "mean_episode_length": 160.66666666666666, "success_rate": 0.6666666666666666, "collision_rate": 0.3333333333333333, "out_of_bounds_rate": 0.0, "timeout_rate": 0.0, "policy_loss": 0.00516801793128252, "value_loss": 895.1459655761719, "entropy": 0.6033450067043304, "approx_kl": 0.019980293698608875, "clip_fraction": 0.1116943359375, "grad_norm": 418.30004119873047, "explained_variance": 0.8936340808868408, "action_std_mean": 0.3271619379520416, "optimizer_iterations": 4.0, "lr": 6.588032e-05}
{"step": 1710080, "wall_time": 1790766055.4489331, "episodes_completed": 8.0, "mean_episode_reward": 121.39321011304855, "std_episode_reward": 159.8504561803007, "min_episode_reward": -7.892770290374756, "max_episode_reward": 464.20074462890625, "mean_episode_length": 46.25, "success_rate": 0.375, "collision_rate": 0.625, "out_of_bounds_rate": 0.0, "timeout_rate": 0.0, "policy_loss": 0.0030863313004374504, "value_loss": 431.8162841796875, "entropy": 0.6032114326953888, "approx_kl": 0.0038160356925800443, "clip_fraction": 0.0440673828125, "grad_norm": 374.8229675292969, "explained_variance": 0.8925934433937073, "action_std_mean": 0.3271331191062927, "optimizer_iterations": 4.0, "lr": 6.583936e-05}
{"step": 1712128, "wall_time": 1790766062.7024257, "episodes_completed": 7.0, "mean_episode_reward": 116.53279599121639, "std_episode_reward": 165.25081036530622, "min_episode_reward": 0.6288672685623169, "max_episode_reward": 382.6447448730469, "mean_episode_length": 114.42857142857143, "success_rate": 0.5714285714285714, "collision_rate": 0.2857142857142857, "out_of_bounds_rate": 0.0, "timeout_rate": 0.14285714285714285, "policy_loss": 0.00487072195392102, "value_loss": 383.5247268676758, "entropy": 0.6029941141605377, "approx_kl": 0.006254005420487374, "clip_fraction": 0.0550537109375, "grad_norm": 558.955192565918, "explained_variance": 0.910639762878418, "action_std_mean": 0.32708871364593506, "optimizer_iterations": 4.0, "lr": 6.579840000000001e-05}
{"step": 1714176, "wall_time": 1790766069.9278216, "episodes_completed": 9.0, "mean_episode_reward": 77.89695877499051, "std_episode_reward": 102.494344818348, "min_episode_reward": -9.930624961853027, "max_episode_reward": 330.4204406738281, "mean_episode_length": 48.111111111111114, "success_rate": 0.5555555555555556, "collision_rate": 0.4444444444444444, "out_of_bounds_rate": 0.0, "timeout_rate": 0.0, "policy_loss": 0.002834921353496611, "value_loss": 530.5792236328125, "entropy": 0.6026996374130249, "approx_kl": 0.012467520777136087, "clip_fraction": 0.0545654296875, "grad_norm": 267.4813346862793, "explained_variance": 0.889604926109314, "action_std_mean": 0.32703709602355957, "optimizer_iterations": 4.0, "lr": 6.575744e-05}
{"step": 1716224, "wall_time": 1790766077.1701136, "episodes_completed": 10.0, "mean_episode_reward": 222.7509672164917, "std_episode_reward": 290.2919970541418, "min_episode_reward": -14.06178092956543, "max_episode_reward": 854.0089111328125, "mean_episode_length": 103.8, "success_rate": 0.4, "collision_rate": 0.5, "out_of_bounds_rate": 0.0, "timeout_rate": 0.1, "policy_loss": 0.0022709625773131847, "value_loss": 1061.382568359375, "entropy": 0.6024150252342224, "approx_kl": 0.0072785557713359594, "clip_fraction": 0.0545654296875, "grad_norm": 439.69859313964844, "explained_variance": 0.8541038036346436, "action_std_mean": 0.3270072042942047, "optimizer_iterations": 4.0, "lr": 6.571648e-05}
{"step": 1718272, "wall_time": 1790766084.290737, "episodes_completed": 4.0, "mean_episode_reward": 250.3058032989502, "std_episode_reward": 108.98081589028166, "min_episode_reward": 84.21781158447266, "max_episode_reward": 389.90374755859375, "mean_episode_length": 101.5, "success_rate": 0.75, "collision_rate": 0.25, "out_of_bounds_rate": 0.0, "timeout_rate": 0.0, "policy_loss": 0.00047962390817701817, "value_loss": 991.2912445068359, "entropy": 0.6022856533527374, "approx_kl": 0.004608709714375436, "clip_fraction": 0.045654296875, "grad_norm": 519.3373794555664, "explained_variance": 0.8516027927398682, "action_std_mean": 0.32699477672576904, "optimizer_iterations": 4.0, "lr": 6.567552e-05}
{"step": 1720320, "wall_time": 1790766091.6103053, "episodes_completed": 5.0, "mean_episode_reward": 223.4581238746643, "std_episode_reward": 213.6021245995836, "min_episode_reward": 0.9887700080871582, "max_episode_reward": 590.5548706054688, "mean_episode_length": 78.4, "success_rate": 0.6, "collision_rate": 0.2, "out_of_bounds_rate": 0.0, "timeout_rate": 0.2, "policy_loss": 0.0014848746359348297, "value_loss": 357.98497009277344, "entropy": 0.6022079288959503, "approx_kl": 0.009210599237121642, "clip_fraction": 0.06591796875, "grad_norm": 204.34896087646484, "explained_variance": 0.9158340096473694, "action_std_mean": 0.32697784900665283, "optimizer_iterations": 4.0, "lr": 6.563456e-05}
{"step": 1722368, "wall_time": 1790766099.0265784, "episodes_completed": 5.0, "mean_episode_reward": 71.16448802947998, "std_episode_reward": 64.33795954650117, "min_episode_reward": -0.7583990097045898, "max_episode_reward": 158.93284606933594, "mean_episode_length": 80.8, "success_rate": 0.4, "collision_rate": 0.6, "out_of_bounds_rate": 0.0, "timeout_rate": 0.0, "policy_loss": -0.0002287803217768669, "value_loss": 369.6648483276367, "entropy": 0.6020981073379517, "approx_kl": 0.007073128595948219, "clip_fraction": 0.078857421875, "grad_norm": 224.93304061889648, "explained_variance": 0.9229704737663269, "action_std_mean": 0.32696470618247986, "optimizer_iterations": 4.0, "lr": 6.559360000000001e-05}
{"step": 1724416, "wall_time": 1790766106.2578256, "episodes_completed": 2.0, "mean_episode_reward": 286.3868627548218, "std_episode_reward": 287.2269678115845, "min_episode_reward": -0.8401050567626953, "max_episode_reward": 573.6138305664062, "mean_episode_length": 145.5, "success_rate": 0.5, "collision_rate": 0.5, "out_of_bounds_rate": 0.0, "timeout_rate": 0.0, "policy_loss": 0.0016700709238648415, "value_loss": 434.68267822265625, "entropy": 0.6020429730415344, "approx_kl": 0.0061402932042256, "clip_fraction": 0.058837890625, "grad_norm": 227.5076560974121, "explained_variance": 0.9010689854621887, "action_std_mean": 0.3269589841365814, "optimizer_iterations": 4.0, "lr": 6.555264000000002e-05}
{"step": 1726464, "wall_time": 1790766113.4523778, "episodes_completed": 6.0, "mean_episode_reward": 6.043270111083984, "std_episode_reward": 15.642367255997446, "min_episode_reward": -9.800004005432129, "max_episode_reward": 34.948822021484375, "mean_episode_length": 72.66666666666667, "success_rate": 0.16666666666666666, "collision_rate": 0.8333333333333334, "out_of_bounds_rate": 0.0, "timeout_rate": 0.0, "policy_loss": 0.008164405124261975, "value_loss": 270.09561920166016, "entropy": 0.6019836366176605, "approx_kl": 0.025949100498110056, "clip_fraction": 0.0994873046875, "grad_norm": 338.4054660797119, "explained_variance": 0.9213597774505615, "action_std_mean": 0.32693058252334595, "optimizer_iterations": 4.0, "lr": 6.551168000000001e-05}
{"step": 1728512, "wall_time": 1790766120.6748219, "episodes_completed": 11.0, "mean_episode_reward": 120.53111333196813, "std_episode_reward": 200.63567302511478, "min_episode_reward": -9.962485313415527, "max_episode_reward": 571.2135009765625, "mean_episode_length": 78.27272727272727, "success_rate": 0.2727272727272727, "collision_rate": 0.5454545454545454, "out_of_bounds_rate": 0.0, "timeout_rate": 0.18181818181818182, "policy_loss": 0.007582368329167366, "value_loss": 570.2263641357422, "entropy": 0.6017397046089172, "approx_kl": 0.02003488875925541, "clip_fraction": 0.0736083984375, "grad_norm": 263.0631294250488, "explained_variance": 0.8780907988548279, "action_std_mean": 0.3268857002258301, "optimizer_iterations": 4.0, "lr": 6.547072e-05}
{"step": 1730560, "wall_time": 1790766128.0339055, "episodes_completed": 10.0, "mean_episode_reward": 192.02820358276367, "std_episode_reward": 145.5599967668099, "min_episode_reward": -4.201419830322266, "max_episode_reward": 538.70068359375, "mean_episode_length": 77.7, "success_rate": 0.3, "collision_rate": 0.7, "out_of_bounds_rate": 0.0, "timeout_rate": 0.0, "policy_loss": 0.01320190355181694, "value_loss": 570.0081481933594, "entropy": 0.6014828979969025, "approx_kl": 0.019172478932887316, "clip_fraction": 0.1055908203125, "grad_norm": 460.80523681640625, "explained_variance": 0.8904243111610413, "action_std_mean": 0.32684504985809326, "optimizer_iterations": 4.0, "lr": 6.542976000000001e-05}
{"step": 1732608, "wall_time": 1790766135.2547634, "episodes_completed": 7.0, "mean_episode_reward": 280.85527065822055, "std_episode_reward": 317.03714269968566, "min_episode_reward": 12.399179458618164, "max_episode_reward": 993.8279418945312, "mean_episode_length": 97.28571428571429, "success_rate": 0.7142857142857143, "collision_rate": 0.2857142857142857, "out_of_bounds_rate": 0.0, "timeout_rate": 0.0, "policy_loss": 0.0073960162699222565, "value_loss": 855.2135314941406, "entropy": 0.6012441217899323, "approx_kl": 0.011435046093538404, "clip_fraction": 0.0894775390625, "grad_norm": 681.7360763549805, "explained_variance": 0.8753886222839355, "action_std_mean": 0.32681477069854736, "optimizer_iterations": 4.0, "lr": 6.53888e-05}
{"step": 1734656, "wall_time": 1790766142.5449336, "episodes_completed": 9.0, "mean_episode_reward": 241.8736154768202, "std_episode_reward": 249.1112960436176, "min_episode_reward": -6.114625930786133, "max_episode_reward": 735.1988525390625, "mean_episode_length": 123.22222222222223, "success_rate": 0.5555555555555556, "collision_rate": 0.3333333333333333, "out_of_bounds_rate": 0.0, "timeout_rate": 0.1111111111111111, "policy_loss": 0.030525120440870523, "value_loss": 791.5521850585938, "entropy": 0.6011070907115936, "approx_kl": 0.09122402034699917, "clip_fraction": 0.1549072265625, "grad_norm": 589.9801826477051, "explained_variance": 0.8807305097579956, "action_std_mean": 0.3268093466758728, "optimizer_iterations": 4.0, "lr": 6.534784e-05}
{"step": 1736704, "wall_time": 1790766149.7280529, "episodes_completed": 6.0, "mean_episode_reward": 185.61421871185303, "std_episode_reward": 132.59268887416752, "min_episode_reward": 29.215723037719727, "max_episode_reward": 365.115234375, "mean_episode_length": 63.5, "success_rate": 0.5, "collision_rate": 0.5, "out_of_bounds_rate": 0.0, "timeout_rate": 0.0, "policy_loss": 0.010214941576123238, "value_loss": 1364.2956237792969, "entropy": 0.6011312305927277, "approx_kl": 0.009707931894809008, "clip_fraction": 0.08642578125, "grad_norm": 638.8555679321289, "explained_variance": 0.828730583190918, "action_std_mean": 0.32682275772094727, "optimizer_iterations": 4.0, "lr": 6.530688000000001e-05}
{"step": 1738752, "wall_time": 1790766156.8589876, "episodes_completed": 5.0, "mean_episode_reward": 539.5687805175781, "std_episode_reward": 222.61054602681705, "min_episode_reward": 102.77212524414062, "max_episode_reward": 716.505859375, "mean_episode_length": 161.0, "success_rate": 1.0, "collision_rate": 0.0, "out_of_bounds_rate": 0.0, "timeout_rate": 0.0, "policy_loss": 0.00018280372023582458, "value_loss": 1033.6517944335938, "entropy": 0.6012156009674072, "approx_kl": 0.0034083419013768435, "clip_fraction": 0.03271484375, "grad_norm": 473.6385803222656, "explained_variance": 0.8796596527099609, "action_std_mean": 0.32683175802230835, "optimizer_iterations": 4.0, "lr": 6.526592e-05}
{"step": 1740800, "wall_time": 1790766164.2932277, "episodes_completed": 4.0, "mean_episode_reward": 149.2044906616211, "std_episode_reward": 74.39301382941994, "min_episode_reward": 77.53363800048828, "max_episode_reward": 263.0274963378906, "mean_episode_length": 90.75, "success_rate": 0.5, "collision_rate": 0.5, "out_of_bounds_rate": 0.0, "timeout_rate": 0.0, "policy_loss": 0.005329418927431107, "value_loss": 622.7373809814453, "entropy": 0.6012654304504395, "approx_kl": 0.004021260654553771, "clip_fraction": 0.0303955078125, "grad_norm": 283.2910919189453, "explained_variance": 0.8989150524139404, "action_std_mean": 0.32684293389320374, "optimizer_iterations": 4.0, "lr": 6.522496e-05}
{"step": 1742848, "wall_time": 1790766171.51717, "episodes_completed": 4.0, "mean_episode_reward": 439.8088722229004, "std_episode_reward": 238.09498076339503, "min_episode_reward": 97.38890075683594, "max_episode_reward": 704.7938842773438, "mean_episode_length": 125.5, "success_rate": 0.75, "collision_rate": 0.25, "out_of_bounds_rate": 0.0, "timeout_rate": 0.0, "policy_loss": 0.001268675085157156, "value_loss": 740.4539184570312, "entropy": 0.6013341248035431, "approx_kl": 0.0037428042269311845, "clip_fraction": 0.0333251953125, "grad_norm": 303.2287139892578, "explained_variance": 0.9020972847938538, "action_std_mean": 0.3268487751483917, "optimizer_iterations": 4.0, "lr": 6.5184e-05}
{"step": 1744896, "wall_time": 1790766178.7410429, "episodes_completed": 6.0, "mean_episode_reward": 213.16220275561014, "std_episode_reward": 278.7696506350668, "min_episode_reward": -0.38583946228027344, "max_episode_reward": 661.9259033203125, "mean_episode_length": 86.33333333333333, "success_rate": 0.5, "collision_rate": 0.3333333333333333, "out_of_bounds_rate": 0.0, "timeout_rate": 0.16666666666666666, "policy_loss": 0.006495078094303608, "value_loss": 885.5411987304688, "entropy": 0.6013221442699432, "approx_kl": 0.017685366794466972, "clip_fraction": 0.0809326171875, "grad_norm": 488.84082794189453, "explained_variance": 0.9084093570709229, "action_std_mean": 0.326829731464386, "optimizer_iterations": 4.0, "lr": 6.514304e-05}
{"step": 1746944, "wall_time": 1790766185.879885, "episodes_completed": 11.0, "mean_episode_reward": 181.17927299846303, "std_episode_reward": 232.44637398424064, "min_episode_reward": -22.265384674072266, "max_episode_reward": 545.022216796875, "mean_episode_length": 87.54545454545455, "success_rate": 0.5454545454545454, "collision_rate": 0.45454545454545453, "out_of_bounds_rate": 0.0, "timeout_rate": 0.0, "policy_loss": 0.008030391181819141, "value_loss": 689.3446197509766, "entropy": 0.6011678278446198, "approx_kl": 0.014289505546912551, "clip_fraction": 0.1129150390625, "grad_norm": 494.4572296142578, "explained_variance": 0.9013240337371826, "action_std_mean": 0.3268048167228699, "optimizer_iterations": 4.0, "lr": 6.510207999999999e-05}
{"step": 1748992, "wall_time": 1790766193.0588667, "episodes_completed": 9.0, "mean_episode_reward": 223.29779942830405, "std_episode_reward": 332.171266703918, "min_episode_reward": -12.930079460144043, "max_episode_reward": 847.1632690429688, "mean_episode_length": 121.0, "success_rate": 0.3333333333333333, "collision_rate": 0.5555555555555556, "out_of_bounds_rate": 0.0, "timeout_rate": 0.1111111111111111, "policy_loss": 0.004677402321249247, "value_loss": 605.9720458984375, "entropy": 0.6010296642780304, "approx_kl": 0.005865699029527605, "clip_fraction": 0.0618896484375, "grad_norm": 344.6107521057129, "explained_variance": 0.871138334274292, "action_std_mean": 0.3267786502838135, "optimizer_iterations": 4.0, "lr": 6.506112e-05}
{"step": 1751040, "wall_time": 1790766200.3775175, "episodes_completed": 5.0, "mean_episode_reward": 69.19571514129639, "std_episode_reward": 119.8942695787257, "min_episode_reward": -38.28829574584961, "max_episode_reward": 281.2304382324219, "mean_episode_length": 43.6, "success_rate": 0.0, "collision_rate": 1.0, "out_of_bounds_rate": 0.0, "timeout_rate": 0.0, "policy_loss": 0.004843162372708321, "value_loss": 756.1747894287109, "entropy": 0.6008515954017639, "approx_kl": 0.016580272000283003, "clip_fraction": 0.08642578125, "grad_norm": 488.7554016113281, "explained_variance": 0.878804624080658, "action_std_mean": 0.32675138115882874, "optimizer_iterations": 4.0, "lr": 6.502016e-05}
{"step": 1753088, "wall_time": 1790766207.6680937, "episodes_completed": 11.0, "mean_episode_reward": 266.74619934775615, "std_episode_reward": 193.01650151686852, "min_episode_reward": 4.873537063598633, "max_episode_reward": 531.1754760742188, "mean_episode_length": 96.45454545454545, "success_rate": 0.45454545454545453, "collision_rate": 0.5454545454545454, "out_of_bounds_rate": 0.0, "timeout_rate": 0.0, "policy_loss": 0.004187374841421843, "value_loss": 595.2568664550781, "entropy": 0.6007106006145477, "approx_kl": 0.004144093720242381, "clip_fraction": 0.04248046875, "grad_norm": 671.0022811889648, "explained_variance": 0.8453192710876465, "action_std_mean": 0.3267330527305603, "optimizer_iterations": 4.0, "lr": 6.497919999999999e-05}
{"step": 1755136, "wall_time": 1790766214.8801997, "episodes_completed": 11.0, "mean_episode_reward": 168.95463033155963, "std_episode_reward": 165.85031128649197, "min_episode_reward": -10.847016334533691, "max_episode_reward": 462.621826171875, "mean_episode_length": 70.9090909090909, "success_rate": 0.45454545454545453, "collision_rate": 0.45454545454545453, "out_of_bounds_rate": 0.0, "timeout_rate": 0.09090909090909091, "policy_loss": 0.004336378537118435, "value_loss": 1001.7256622314453, "entropy": 0.6006058156490326, "approx_kl": 0.011337730567902327, "clip_fraction": 0.057861328125, "grad_norm": 811.0908737182617, "explained_variance": 0.8128384947776794, "action_std_mean": 0.32671821117401123, "optimizer_iterations": 4.0, "lr": 6.493824000000001e-05}
{"step": 1757184, "wall_time": 1790766222.185731, "episodes_completed": 9.0, "mean_episode_reward": 150.88281981150308, "std_episode_reward": 142.93108240128967, "min_episode_reward": -9.979193687438965, "max_episode_reward": 428.8875732421875, "mean_episode_length": 77.33333333333333, "success_rate": 0.4444444444444444, "collision_rate": 0.5555555555555556, "out_of_bounds_rate": 0.0, "timeout_rate": 0.0, "policy_loss": 0.001431733020581305, "value_loss": 1057.9361267089844, "entropy": 0.6005300581455231, "approx_kl": 0.0023786056553944945, "clip_fraction": 0.020751953125, "grad_norm": 955.5076446533203, "explained_variance": 0.8028383851051331, "action_std_mean": 0.3267109990119934, "optimizer_iterations": 4.0, "lr": 6.489728e-05}
{"step": 1759232, "wall_time": 1790766229.303383, "episodes_completed": 11.0, "mean_episode_reward": 147.0370179523121, "std_episode_reward": 132.22290774103612, "min_episode_reward": -4.633932590484619, "max_episode_reward": 389.83868408203125, "mean_episode_length": 83.81818181818181, "success_rate": 0.45454545454545453, "collision_rate": 0.5454545454545454, "out_of_bounds_rate": 0.0, "timeout_rate": 0.0, "policy_loss": 0.0032407036051154137, "value_loss": 979.3636474609375, "entropy": 0.6005060970783234, "approx_kl": 0.004063684114953503, "clip_fraction": 0.03857421875, "grad_norm": 519.8071517944336, "explained_variance": 0.8366708755493164, "action_std_mean": 0.3267132043838501, "optimizer_iterations": 4.0, "lr": 6.485632e-05}
{"step": 1761280, "wall_time": 1790766236.4834268, "episodes_completed": 2.0, "mean_episode_reward": 255.5512466430664, "std_episode_reward": 21.30455780029297, "min_episode_reward": 234.24668884277344, "max_episode_reward": 276.8558044433594, "mean_episode_length": 78.5, "success_rate": 1.0, "collision_rate": 0.0, "out_of_bounds_rate": 0.0, "timeout_rate": 0.0, "policy_loss": 7.386039942502975e-05, "value_loss": 960.8133544921875, "entropy": 0.6005417108535767, "approx_kl": 0.006696504540741444, "clip_fraction": 0.045166015625, "grad_norm": 482.1127243041992, "explained_variance": 0.8871536254882812, "action_std_mean": 0.326721727848053, "optimizer_iterations": 4.0, "lr": 6.481536000000001e-05}
{"step": 1763328, "wall_time": 1790766243.8087578, "episodes_completed": 11.0, "mean_episode_reward": 183.8908848329024, "std_episode_reward": 174.35509002461342, "min_episode_reward": -14.595514297485352, "max_episode_reward": 492.75531005859375, "mean_episode_length": 82.9090909090909, "success_rate": 0.45454545454545453, "collision_rate": 0.5454545454545454, "out_of_bounds_rate": 0.0, "timeout_rate": 0.0, "policy_loss": 0.010008430108428001, "value_loss": 683.0513000488281, "entropy": 0.6005752384662628, "approx_kl": 0.007328972453251481, "clip_fraction": 0.0302734375, "grad_norm": 320.80979919433594, "explained_variance": 0.8871251344680786, "action_std_mean": 0.3267216682434082, "optimizer_iterations": 4.0, "lr": 6.47744e-05}
{"step": 1765376, "wall_time": 1790766251.0691788, "episodes_completed": 3.0, "mean_episode_reward": 639.3717041015625, "std_episode_reward": 225.56781833495262, "min_episode_reward": 325.685302734375, "max_episode_reward": 846.433349609375, "mean_episode_length": 180.66666666666666, "success_rate": 1.0, "collision_rate": 0.0, "out_of_bounds_rate": 0.0, "timeout_rate": 0.0, "policy_loss": 0.0011979460250586271, "value_loss": 1239.8397827148438, "entropy": 0.600566953420639, "approx_kl": 0.0053045316599309444, "clip_fraction": 0.0411376953125, "grad_norm": 561.5259170532227, "explained_variance": 0.871844470500946, "action_std_mean": 0.32671552896499634, "optimizer_iterations": 4.0, "lr": 6.473344e-05}
{"step": 1767424, "wall_time": 1790766258.2107313, "episodes_completed": 7.0, "mean_episode_reward": 270.72726699284146, "std_episode_reward": 262.2987130359715, "min_episode_reward": -30.793716430664062, "max_episode_reward": 749.0693359375, "mean_episode_length": 116.42857142857143, "success_rate": 0.5714285714285714, "collision_rate": 0.42857142857142855, "out_of_bounds_rate": 0.0, "timeout_rate": 0.0, "policy_loss": 0.002899852581322193, "value_loss": 796.7688446044922, "entropy": 0.6004995107650757, "approx_kl": 0.003356234112288803, "clip_fraction": 0.0308837890625, "grad_norm": 431.4899673461914, "explained_variance": 0.8830450773239136, "action_std_mean": 0.32669684290885925, "optimizer_iterations": 4.0, "lr": 6.469248000000002e-05}
{"step": 1769472, "wall_time": 1790766265.382777, "episodes_completed": 8.0, "mean_episode_reward": 280.17025339603424, "std_episode_reward": 190.01673077384396, "min_episode_reward": 11.694584846496582, "max_episode_reward": 527.47607421875, "mean_episode_length": 116.5, "success_rate": 0.375, "collision_rate": 0.625, "out_of_bounds_rate": 0.0, "timeout_rate": 0.0, "policy_loss": 0.009401451796293259, "value_loss": 790.4356842041016, "entropy": 0.6003755629062653, "approx_kl": 0.025006457464769483, "clip_fraction": 0.1085205078125, "grad_norm": 800.7809448242188, "explained_variance": 0.8550126552581787, "action_std_mean": 0.32667791843414307, "optimizer_iterations": 4.0, "lr": 6.465152000000001e-05}
{"step": 1771520, "wall_time": 1790766272.5247545, "episodes_completed": 10.0, "mean_episode_reward": 232.08606433868408, "std_episode_reward": 235.12532695017657, "min_episode_reward": 12.706682205200195, "max_episode_reward": 737.122314453125, "mean_episode_length": 104.3, "success_rate": 0.6, "collision_rate": 0.3, "out_of_bounds_rate": 0.0, "timeout_rate": 0.1, "policy_loss": 0.002436269074678421, "value_loss": 946.2506561279297, "entropy": 0.600278228521347, "approx_kl": 0.011312209069728851, "clip_fraction": 0.053955078125, "grad_norm": 384.1595458984375, "explained_variance": 0.8536741733551025, "action_std_mean": 0.32666724920272827, "optimizer_iterations": 4.0, "lr": 6.461056e-05}
{"step": 1773568, "wall_time": 1790766279.5885308, "episodes_completed": 4.0, "mean_episode_reward": 460.15148544311523, "std_episode_reward": 329.2187584779647, "min_episode_reward": 105.43043518066406, "max_episode_reward": 876.3086547851562, "mean_episode_length": 125.0, "success_rate": 1.0, "collision_rate": 0.0, "out_of_bounds_rate": 0.0, "timeout_rate": 0.0, "policy_loss": 0.005461472785100341, "value_loss": 1259.9223327636719, "entropy": 0.60023632645607, "approx_kl": 0.010190292843617499, "clip_fraction": 0.1011962890625, "grad_norm": 722.0889739990234, "explained_variance": 0.8071202039718628, "action_std_mean": 0.32667115330696106, "optimizer_iterations": 4.0, "lr": 6.456960000000001e-05}
{"step": 1775616, "wall_time": 1790766286.6888783, "episodes_completed": 7.0, "mean_episode_reward": 345.7190746409552, "std_episode_reward": 289.88235545068403, "min_episode_reward": 1.3670490980148315, "max_episode_reward": 727.2265625, "mean_episode_length": 127.71428571428571, "success_rate": 0.42857142857142855, "collision_rate": 0.42857142857142855, "out_of_bounds_rate": 0.0, "timeout_rate": 0.14285714285714285, "policy_loss": 0.008439869154244661, "value_loss": 1078.1239318847656, "entropy": 0.6002915501594543, "approx_kl": 0.011745195602998137, "clip_fraction": 0.0718994140625, "grad_norm": 627.6693420410156, "explained_variance": 0.7737218737602234, "action_std_mean": 0.32668232917785645, "optimizer_iterations": 4.0, "lr": 6.452864000000001e-05}
{"step": 1777664, "wall_time": 1790766293.9127278, "episodes_completed": 6.0, "mean_episode_reward": 269.3893184661865, "std_episode_reward": 183.2549888768271, "min_episode_reward": 55.22298049926758, "max_episode_reward": 569.2784423828125, "mean_episode_length": 106.0, "success_rate": 0.8333333333333334, "collision_rate": 0.16666666666666666, "out_of_bounds_rate": 0.0, "timeout_rate": 0.0, "policy_loss": 0.0018013424705713987, "value_loss": 993.1537780761719, "entropy": 0.6003425717353821, "approx_kl": 0.005396688880864531, "clip_fraction": 0.0582275390625, "grad_norm": 445.2787628173828, "explained_variance": 0.8544319272041321, "action_std_mean": 0.32668250799179077, "optimizer_iterations": 4.0, "lr": 6.448768e-05}
{"step": 1779712, "wall_time": 1790766301.1416502, "episodes_completed": 8.0, "mean_episode_reward": 71.43042063713074, "std_episode_reward": 113.52559562850874, "min_episode_reward": -74.39151763916016, "max_episode_reward": 254.39111328125, "mean_episode_length": 52.625, "success_rate": 0.5, "collision_rate": 0.5, "out_of_bounds_rate": 0.0, "timeout_rate": 0.0, "policy_loss": 0.0038216356188058853, "value_loss": 1118.2787780761719, "entropy": 0.6003292798995972, "approx_kl": 0.03290430177003145, "clip_fraction": 0.13525390625, "grad_norm": 500.8001251220703, "explained_variance": 0.8422497510910034, "action_std_mean": 0.3266845941543579, "optimizer_iterations": 4.0, "lr": 6.444672000000001e-05}
{"step": 1781760, "wall_time": 1790766308.2526412, "episodes_completed": 11.0, "mean_episode_reward": 223.0122391093861, "std_episode_reward": 295.3501817996073, "min_episode_reward": -10.059700012207031, "max_episode_reward": 954.1279907226562, "mean_episode_length": 70.72727272727273, "success_rate": 0.5454545454545454, "collision_rate": 0.45454545454545453, "out_of_bounds_rate": 0.0, "timeout_rate": 0.0, "policy_loss": 0.0033918628469109535, "value_loss": 1272.7721557617188, "entropy": 0.6003706455230713, "approx_kl": 0.007873233174905181, "clip_fraction": 0.0506591796875, "grad_norm": 589.4651031494141, "explained_variance": 0.7467914819717407, "action_std_mean": 0.3266950249671936, "optimizer_iterations": 4.0, "lr": 6.440576e-05}
{"step": 1783808, "wall_time": 1790766315.3916423, "episodes_completed": 9.0, "mean_episode_reward": 242.59522448645697, "std_episode_reward": 203.32600089503288, "min_episode_reward": 0.3587789535522461, "max_episode_reward": 683.4036865234375, "mean_episode_length": 101.66666666666667, "success_rate": 0.6666666666666666, "collision_rate": 0.3333333333333333, "out_of_bounds_rate": 0.0, "timeout_rate": 0.0, "policy_loss": 0.004009569063782692, "value_loss": 1139.8796081542969, "entropy": 0.6004244685173035, "approx_kl": 0.002969717257656157, "clip_fraction": 0.0357666015625, "grad_norm": 512.9300842285156, "explained_variance": 0.8321688771247864, "action_std_mean": 0.3266983926296234, "optimizer_iterations": 4.0, "lr": 6.43648e-05}
{"step": 1785856, "wall_time": 1790766322.6716826, "episodes_completed": 9.0, "mean_episode_reward": 277.67941729227704, "std_episode_reward": 261.8583185436851, "min_episode_reward": 17.240381240844727, "max_episode_reward": 952.0382690429688, "mean_episode_length": 94.0, "success_rate": 0.7777777777777778, "collision_rate": 0.2222222222222222, "out_of_bounds_rate": 0.0, "timeout_rate": 0.0, "policy_loss": 0.004680729238316417, "value_loss": 1051.9685668945312, "entropy": 0.6004247069358826, "approx_kl": 0.01236690441146493, "clip_fraction": 0.0650634765625, "grad_norm": 552.2981567382812, "explained_variance": 0.7994906902313232, "action_std_mean": 0.326694130897522, "optimizer_iterations": 4.0, "lr": 6.432384e-05}
{"step": 1787904, "wall_time": 1790766329.9695418, "episodes_completed": 7.0, "mean_episode_reward": 325.5820478711809, "std_episode_reward": 238.93528885777465, "min_episode_reward": -9.962858200073242, "max_episode_reward": 764.8075561523438, "mean_episode_length": 95.0, "success_rate": 0.42857142857142855, "collision_rate": 0.5714285714285714, "out_of_bounds_rate": 0.0, "timeout_rate": 0.0, "policy_loss": 0.0032270867377519608, "value_loss": 1105.4476318359375, "entropy": 0.6003857254981995, "approx_kl": 0.003964140196330845, "clip_fraction": 0.0208740234375, "grad_norm": 639.8222351074219, "explained_variance": 0.8131542205810547, "action_std_mean": 0.32668590545654297, "optimizer_iterations": 4.0, "lr": 6.428288e-05}
{"step": 1789952, "wall_time": 1790766337.1640007, "episodes_completed": 7.0, "mean_episode_reward": 234.86933190482003, "std_episode_reward": 174.40889321879004, "min_episode_reward": 5.502490997314453, "max_episode_reward": 505.95574951171875, "mean_episode_length": 74.14285714285714, "success_rate": 0.5714285714285714, "collision_rate": 0.42857142857142855, "out_of_bounds_rate": 0.0, "timeout_rate": 0.0, "policy_loss": -0.0019449442625045776, "value_loss": 875.0707550048828, "entropy": 0.6003279387950897, "approx_kl": 0.005332358938176185, "clip_fraction": 0.06640625, "grad_norm": 438.1381072998047, "explained_variance": 0.8325046896934509, "action_std_mean": 0.3266732096672058, "optimizer_iterations": 4.0, "lr": 6.424192e-05}
{"step": 1792000, "wall_time": 1790766344.2759562, "episodes_completed": 11.0, "mean_episode_reward": 203.46127059242943, "std_episode_reward": 149.66472346275967, "min_episode_reward": -9.925708770751953, "max_episode_reward": 394.3090515136719, "mean_episode_length": 74.27272727272727, "success_rate": 0.5454545454545454, "collision_rate": 0.45454545454545453, "out_of_bounds_rate": 0.0, "timeout_rate": 0.0, "policy_loss": 0.0018983008340001106, "value_loss": 823.9011688232422, "entropy": 0.6002371907234192, "approx_kl": 0.006206772872246802, "clip_fraction": 0.0509033203125, "grad_norm": 401.6351547241211, "explained_variance": 0.8612905740737915, "action_std_mean": 0.3266565203666687, "optimizer_iterations": 4.0, "lr": 6.420096e-05}
{"step": 1794048, "wall_time": 1790766351.4871519, "episodes_completed": 7.0, "mean_episode_reward": 169.14056369236536, "std_episode_reward": 202.55162122843157, "min_episode_reward": -14.034605026245117, "max_episode_reward": 629.9187622070312, "mean_episode_length": 89.14285714285714, "success_rate": 0.2857142857142857, "collision_rate": 0.7142857142857143, "out_of_bounds_rate": 0.0, "timeout_rate": 0.0, "policy_loss": 0.008657953003421426, "value_loss": 809.6697082519531, "entropy": 0.6001449525356293, "approx_kl": 0.01943505078088492, "clip_fraction": 0.059814453125, "grad_norm": 1290.6830139160156, "explained_variance": 0.8721700310707092, "action_std_mean": 0.3266470730304718, "optimizer_iterations": 4.0, "lr": 6.416e-05}
{"step": 1796096, "wall_time": 1790766358.6393085, "episodes_completed": 8.0, "mean_episode_reward": 262.8787317276001, "std_episode_reward": 246.9941299504513, "min_episode_reward": 7.541559219360352, "max_episode_reward": 740.12451171875, "mean_episode_length": 108.0, "success_rate": 0.375, "collision_rate": 0.5, "out_of_bounds_rate": 0.0, "timeout_rate": 0.125, "policy_loss": 0.008578233420848846, "value_loss": 952.0100708007812, "entropy": 0.6001023948192596, "approx_kl": 0.015745778218843043, "clip_fraction": 0.0665283203125, "grad_norm": 704.7103652954102, "explained_variance": 0.8453921675682068, "action_std_mean": 0.32663923501968384, "optimizer_iterations": 4.0, "lr": 6.411904e-05}
{"step": 1798144, "wall_time": 1790766365.946501, "episodes_completed": 16.0, "mean_episode_reward": 111.38782751560211, "std_episode_reward": 120.98489058179273, "min_episode_reward": -10.138571739196777, "max_episode_reward": 340.0901794433594, "mean_episode_length": 51.0625, "success_rate": 0.5, "collision_rate": 0.5, "out_of_bounds_rate": 0.0, "timeout_rate": 0.0, "policy_loss": 0.010462426580488682, "value_loss": 888.4609985351562, "entropy": 0.6000299751758575, "approx_kl": 0.021361088380217552, "clip_fraction": 0.0877685546875, "grad_norm": 474.3350830078125, "explained_variance": 0.8270277976989746, "action_std_mean": 0.32661861181259155, "optimizer_iterations": 4.0, "lr": 6.407808e-05}
{"step": 1800192, "wall_time": 1790766373.1908104, "episodes_completed": 11.0, "mean_episode_reward": 220.7272138595581, "std_episode_reward": 206.75283639157632, "min_episode_reward": -5.196988105773926, "max_episode_reward": 700.8461303710938, "mean_episode_length": 84.63636363636364, "success_rate": 0.5454545454545454, "collision_rate": 0.45454545454545453, "out_of_bounds_rate": 0.0, "timeout_rate": 0.0, "policy_loss": 0.010796346236020327, "value_loss": 871.0232543945312, "entropy": 0.5998691916465759, "approx_kl": 0.017663708422333002, "clip_fraction": 0.0804443359375, "grad_norm": 432.1012496948242, "explained_variance": 0.8548376560211182, "action_std_mean": 0.32658395171165466, "optimizer_iterations": 4.0, "lr": 6.403711999999999e-05}
{"step": 1802240, "wall_time": 1790766380.374932, "episodes_completed": 6.0, "mean_episode_reward": 305.95592880249023, "std_episode_reward": 282.5187453240128, "min_episode_reward": 57.14319610595703, "max_episode_reward": 905.8441162109375, "mean_episode_length": 106.83333333333333, "success_rate": 0.16666666666666666, "collision_rate": 0.8333333333333334, "out_of_bounds_rate": 0.0, "timeout_rate": 0.0, "policy_loss": 0.0062422179616987705, "value_loss": 860.3275146484375, "entropy": 0.5996531844139099, "approx_kl": 0.009452111087739468, "clip_fraction": 0.068603515625, "grad_norm": 605.7951889038086, "explained_variance": 0.8326985836029053, "action_std_mean": 0.3265548050403595, "optimizer_iterations": 4.0, "lr": 6.399616e-05}
{"step": 1804288, "wall_time": 1790766387.6280365, "episodes_completed": 5.0, "mean_episode_reward": 126.58578262329101, "std_episode_reward": 127.01403608214716, "min_episode_reward": 36.570735931396484, "max_episode_reward": 370.52484130859375, "mean_episode_length": 60.6, "success_rate": 0.4, "collision_rate": 0.6, "out_of_bounds_rate": 0.0, "timeout_rate": 0.0, "policy_loss": 0.005011714994907379, "value_loss": 646.9309234619141, "entropy": 0.5995162427425385, "approx_kl": 0.00693761371076107, "clip_fraction": 0.0306396484375, "grad_norm": 471.9126625061035, "explained_variance": 0.886963963508606, "action_std_mean": 0.32654330134391785, "optimizer_iterations": 4.0, "lr": 6.395520000000001e-05}
{"step": 1806336, "wall_time": 1790766394.8344538, "episodes_completed": 3.0, "mean_episode_reward": 444.3312822977702, "std_episode_reward": 360.67221247378245, "min_episode_reward": -51.3705940246582, "max_episode_reward": 796.2802734375, "mean_episode_length": 218.33333333333334, "success_rate": 0.6666666666666666, "collision_rate": 0.3333333333333333, "out_of_bounds_rate": 0.0, "timeout_rate": 0.0, "policy_loss": -0.0023008882999420166, "value_loss": 531.223876953125, "entropy": 0.5994587540626526, "approx_kl": 0.0020163790468359366, "clip_fraction": 0.013427734375, "grad_norm": 211.78835678100586, "explained_variance": 0.9150444269180298, "action_std_mean": 0.3265293836593628, "optimizer_iterations": 4.0, "lr": 6.391424e-05}
{"step": 1808384, "wall_time": 1790766402.014948, "episodes_completed": 5.0, "mean_episode_reward": 173.7779600381851, "std_episode_reward": 116.08829719323312, "min_episode_reward": 0.5129691362380981, "max_episode_reward": 358.8180236816406, "mean_episode_length": 60.0, "success_rate": 0.4, "collision_rate": 0.4, "out_of_bounds_rate": 0.0, "timeout_rate": 0.2, "policy_loss": -5.399622023105621e-05, "value_loss": 836.9478149414062, "entropy": 0.5993461012840271, "approx_kl": 0.004692735325079411, "clip_fraction": 0.04443359375, "grad_norm": 288.05806732177734, "explained_variance": 0.8901304006576538, "action_std_mean": 0.32650667428970337, "optimizer_iterations": 4.0, "lr": 6.387328e-05}
{"step": 1810432, "wall_time": 1790766409.1173356, "episodes_completed": 3.0, "mean_episode_reward": 482.678378423055, "std_episode_reward": 354.19930382101984, "min_episode_reward": -11.346761703491211, "max_episode_reward": 801.3853759765625, "mean_episode_length": 137.66666666666666, "success_rate": 0.6666666666666666, "collision_rate": 0.3333333333333333, "out_of_bounds_rate": 0.0, "timeout_rate": 0.0, "policy_loss": 0.0014964733272790909, "value_loss": 1057.8530883789062, "entropy": 0.5992285311222076, "approx_kl": 0.004128994740312919, "clip_fraction": 0.0328369140625, "grad_norm": 472.8457946777344, "explained_variance": 0.8982023596763611, "action_std_mean": 0.32649973034858704, "optimizer_iterations": 4.0, "lr": 6.383232e-05}
{"step": 1812480, "wall_time": 1790766416.245808, "episodes_completed": 6.0, "mean_episode_reward": 170.15145426988602, "std_episode_reward": 177.69142149446182, "min_episode_reward": 0.6265438795089722, "max_episode_reward": 490.583251953125, "mean_episode_length": 114.66666666666667, "success_rate": 0.3333333333333333, "collision_rate": 0.3333333333333333, "out_of_bounds_rate": 0.0, "timeout_rate": 0.3333333333333333, "policy_loss": 0.0051469504833221436, "value_loss": 829.371826171875, "entropy": 0.5992227494716644, "approx_kl": 0.061167942360043526, "clip_fraction": 0.0784912109375, "grad_norm": 397.7175064086914, "explained_variance": 0.8929150104522705, "action_std_mean": 0.3265010118484497, "optimizer_iterations": 4.0, "lr": 6.379136000000001e-05}
{"step": 1814528, "wall_time": 1790766423.4599178, "episodes_completed": 9.0, "mean_episode_reward": 162.47661945554944, "std_episode_reward": 240.06918993321835, "min_episode_reward": -9.886032104492188, "max_episode_reward": 751.8345947265625, "mean_episode_length": 74.22222222222223, "success_rate": 0.4444444444444444, "collision_rate": 0.4444444444444444, "out_of_bounds_rate": 0.0, "timeout_rate": 0.1111111111111111, "policy_loss": 0.014424948021769524, "value_loss": 1082.9588928222656, "entropy": 0.5992272198200226, "approx_kl": 0.036592159420251846, "clip_fraction": 0.12158203125, "grad_norm": 537.2145233154297, "explained_variance": 0.8726142048835754, "action_std_mean": 0.3265037536621094, "optimizer_iterations": 4.0, "lr": 6.37504e-05}
{"step": 1816576, "wall_time": 1790766430.6339958, "episodes_completed": 6.0, "mean_episode_reward": 344.581501642863, "std_episode_reward": 247.26088394345743, "min_episode_reward": 17.288494110107422, "max_episode_reward": 685.3253784179688, "mean_episode_length": 129.16666666666666, "success_rate": 0.6666666666666666, "collision_rate": 0.3333333333333333, "out_of_bounds_rate": 0.0, "timeout_rate": 0.0, "policy_loss": 0.001635371707379818, "value_loss": 1043.4347229003906, "entropy": 0.5992590487003326, "approx_kl": 0.005977885331958532, "clip_fraction": 0.04638671875, "grad_norm": 493.0915069580078, "explained_variance": 0.8710306882858276, "action_std_mean": 0.3265131115913391, "optimizer_iterations": 4.0, "lr": 6.370944000000001e-05}
{"step": 1818624, "wall_time": 1790766437.7171686, "episodes_completed": 7.0, "mean_episode_reward": 339.06639780317033, "std_episode_reward": 331.7350558602437, "min_episode_reward": -9.837369918823242, "max_episode_reward": 1004.9235229492188, "mean_episode_length": 104.0, "success_rate": 0.42857142857142855, "collision_rate": 0.5714285714285714, "out_of_bounds_rate": 0.0, "timeout_rate": 0.0, "policy_loss": 0.0018981164321303368, "value_loss": 1345.1543579101562, "entropy": 0.5993209481239319, "approx_kl": 0.005346514953998849, "clip_fraction": 0.036376953125, "grad_norm": 812.8487854003906, "explained_variance": 0.7942476272583008, "action_std_mean": 0.32652121782302856, "optimizer_iterations": 4.0, "lr": 6.366848000000001e-05}
{"step": 1820672, "wall_time": 1790766444.9510036, "episodes_completed": 9.0, "mean_episode_reward": 357.0339158376058, "std_episode_reward": 346.54168819500984, "min_episode_reward": -19.047157287597656, "max_episode_reward": 966.5801391601562, "mean_episode_length": 129.33333333333334, "success_rate": 0.6666666666666666, "collision_rate": 0.3333333333333333, "out_of_bounds_rate": 0.0, "timeout_rate": 0.0, "policy_loss": 0.01942347316071391, "value_loss": 856.4219970703125, "entropy": 0.5993512570858002, "approx_kl": 0.02813948248513043, "clip_fraction": 0.13671875, "grad_norm": 478.18690490722656, "explained_variance": 0.865854024887085, "action_std_mean": 0.32652121782302856, "optimizer_iterations": 4.0, "lr": 6.362752e-05}
{"step": 1822720, "wall_time": 1790766452.1202724, "episodes_completed": 11.0, "mean_episode_reward": 209.9986647381024, "std_episode_reward": 213.39502951587195, "min_episode_reward": -9.803866386413574, "max_episode_reward": 652.6124877929688, "mean_episode_length": 79.0909090909091, "success_rate": 0.8181818181818182, "collision_rate": 0.09090909090909091, "out_of_bounds_rate": 0.0, "timeout_rate": 0.09090909090909091, "policy_loss": 0.011386576035874896, "value_loss": 741.5144958496094, "entropy": 0.5993302464485168, "approx_kl": 0.014767353655770421, "clip_fraction": 0.0953369140625, "grad_norm": 416.7294158935547, "explained_variance": 0.8740649223327637, "action_std_mean": 0.3265073299407959, "optimizer_iterations": 4.0, "lr": 6.358656000000001e-05}
{"step": 1824768, "wall_time": 1790766459.1900158, "episodes_completed": 6.0, "mean_episode_reward": 192.7714869181315, "std_episode_reward": 190.56883014141556, "min_episode_reward": 68.93157958984375, "max_episode_reward": 614.5992431640625, "mean_episode_length": 66.0, "success_rate": 0.5, "collision_rate": 0.5, "out_of_bounds_rate": 0.0, "timeout_rate": 0.0, "policy_loss": 0.008627157658338547, "value_loss": 849.1914672851562, "entropy": 0.5992132127285004, "approx_kl": 0.015067865373566747, "clip_fraction": 0.080078125, "grad_norm": 700.500846862793, "explained_variance": 0.8486595153808594, "action_std_mean": 0.32648348808288574, "optimizer_iterations": 4.0, "lr": 6.35456e-05}
{"step": 1826816, "wall_time": 1790766466.2356532, "episodes_completed": 7.0, "mean_episode_reward": 104.37569032396588, "std_episode_reward": 151.75515622534343, "min_episode_reward": -7.393213272094727, "max_episode_reward": 428.6564025878906, "mean_episode_length": 96.0, "success_rate": 0.14285714285714285, "collision_rate": 0.8571428571428571, "out_of_bounds_rate": 0.0, "timeout_rate": 0.0, "policy_loss": 0.013125523924827576, "value_loss": 622.8074035644531, "entropy": 0.5990374088287354, "approx_kl": 0.020033533917739987, "clip_fraction": 0.09375, "grad_norm": 438.8245544433594, "explained_variance": 0.8589435815811157, "action_std_mean": 0.32643502950668335, "optimizer_iterations": 4.0, "lr": 6.350464e-05}
{"step": 1828864, "wall_time": 1790766473.4582431, "episodes_completed": 7.0, "mean_episode_reward": 245.67737007141113, "std_episode_reward": 243.07767850820497, "min_episode_reward": 0.6746768951416016, "max_episode_reward": 570.5711669921875, "mean_episode_length": 96.71428571428571, "success_rate": 0.5714285714285714, "collision_rate": 0.42857142857142855, "out_of_bounds_rate": 0.0, "timeout_rate": 0.0, "policy_loss": 0.009286591783165932, "value_loss": 586.2392425537109, "entropy": 0.5986787676811218, "approx_kl": 0.014104336500167847, "clip_fraction": 0.11328125, "grad_norm": 517.016471862793, "explained_variance": 0.8751572370529175, "action_std_mean": 0.3263736367225647, "optimizer_iterations": 4.0, "lr": 6.346368e-05}
{"step": 1830912, "wall_time": 1790766480.6144161, "episodes_completed": 5.0, "mean_episode_reward": 89.44882907867432, "std_episode_reward": 92.45505404664583, "min_episode_reward": -20.305110931396484, "max_episode_reward": 210.0061798095703, "mean_episode_length": 59.4, "success_rate": 0.6, "collision_rate": 0.4, "out_of_bounds_rate": 0.0, "timeout_rate": 0.0, "policy_loss": 0.014524538069963455, "value_loss": 748.4986267089844, "entropy": 0.5983221232891083, "approx_kl": 0.07742567732930183, "clip_fraction": 0.09326171875, "grad_norm": 353.0272216796875, "explained_variance": 0.8987679481506348, "action_std_mean": 0.3263208568096161, "optimizer_iterations": 4.0, "lr": 6.342272e-05}
{"step": 1832960, "wall_time": 1790766487.728382, "episodes_completed": 6.0, "mean_episode_reward": 118.02349901199341, "std_episode_reward": 137.85313541802478, "min_episode_reward": -20.477561950683594, "max_episode_reward": 328.60125732421875, "mean_episode_length": 91.16666666666667, "success_rate": 0.5, "collision_rate": 0.5, "out_of_bounds_rate": 0.0, "timeout_rate": 0.0, "policy_loss": 0.003946069860830903, "value_loss": 548.7382507324219, "entropy": 0.598013699054718, "approx_kl": 0.008473512949422002, "clip_fraction": 0.0467529296875, "grad_norm": 370.1393280029297, "explained_variance": 0.9102327823638916, "action_std_mean": 0.3262731432914734, "optimizer_iterations": 4.0, "lr": 6.338176000000001e-05}
{"step": 1835008, "wall_time": 1790766495.010253, "episodes_completed": 10.0, "mean_episode_reward": 283.7659792423248, "std_episode_reward": 218.33694002985303, "min_episode_reward": -2.6117260456085205, "max_episode_reward": 587.9423217773438, "mean_episode_length": 115.8, "success_rate": 0.3, "collision_rate": 0.5, "out_of_bounds_rate": 0.0, "timeout_rate": 0.2, "policy_loss": 0.0030608875676989555, "value_loss": 958.3818664550781, "entropy": 0.59774449467659, "approx_kl": 0.005505134031409398, "clip_fraction": 0.06005859375, "grad_norm": 703.0644073486328, "explained_variance": 0.7955065369606018, "action_std_mean": 0.32623928785324097, "optimizer_iterations": 4.0, "lr": 6.33408e-05}
{"step": 1837056, "wall_time": 1790766502.1540136, "episodes_completed": 4.0, "mean_episode_reward": 290.38915824890137, "std_episode_reward": 245.20997466451982, "min_episode_reward": 39.999061584472656, "max_episode_reward": 693.0550537109375, "mean_episode_length": 111.5, "success_rate": 0.25, "collision_rate": 0.75, "out_of_bounds_rate": 0.0, "timeout_rate": 0.0, "policy_loss": -0.0007108338177204132, "value_loss": 1485.2534790039062, "entropy": 0.5975759327411652, "approx_kl": 0.00497747422195971, "clip_fraction": 0.0390625, "grad_norm": 951.7908477783203, "explained_variance": 0.8375321626663208, "action_std_mean": 0.326222687959671, "optimizer_iterations": 4.0, "lr": 6.329984e-05}
{"step": 1839104, "wall_time": 1790766509.3251343, "episodes_completed": 6.0, "mean_episode_reward": 277.24822727839154, "std_episode_reward": 302.9321275672939, "min_episode_reward": 4.888300895690918, "max_episode_reward": 830.7672729492188, "mean_episode_length": 90.0, "success_rate": 0.3333333333333333, "collision_rate": 0.6666666666666666, "out_of_bounds_rate": 0.0, "timeout_rate": 0.0, "policy_loss": -0.0008312617428600788, "value_loss": 1209.6942138671875, "entropy": 0.5974984467029572, "approx_kl": 0.003865103470161557, "clip_fraction": 0.0196533203125, "grad_norm": 460.193115234375, "explained_variance": 0.851633608341217, "action_std_mean": 0.3262127637863159, "optimizer_iterations": 4.0, "lr": 6.325888e-05}
{"step": 1841152, "wall_time": 1790766516.4768386, "episodes_completed": 6.0, "mean_episode_reward": 270.711612701416, "std_episode_reward": 193.21196514634872, "min_episode_reward": 55.86754608154297, "max_episode_reward": 555.5093383789062, "mean_episode_length": 95.83333333333333, "success_rate": 0.6666666666666666, "collision_rate": 0.3333333333333333, "out_of_bounds_rate": 0.0, "timeout_rate": 0.0, "policy_loss": 0.003167168702930212, "value_loss": 458.48368072509766, "entropy": 0.5974361300468445, "approx_kl": 0.0027603372582234442, "clip_fraction": 0.021484375, "grad_norm": 676.8389892578125, "explained_variance": 0.8926675915718079, "action_std_mean": 0.3262031078338623, "optimizer_iterations": 4.0, "lr": 6.321792e-05}
{"step": 1843200, "wall_time": 1790766523.5966408, "episodes_completed": 9.0, "mean_episode_reward": 63.82884165975783, "std_episode_reward": 101.7792555840054, "min_episode_reward": -11.791790008544922, "max_episode_reward": 311.41375732421875, "mean_episode_length": 81.22222222222223, "success_rate": 0.3333333333333333, "collision_rate": 0.5555555555555556, "out_of_bounds_rate": 0.0, "timeout_rate": 0.1111111111111111, "policy_loss": 0.008484589867293835, "value_loss": 886.3701324462891, "entropy": 0.5973927676677704, "approx_kl": 0.03387875761836767, "clip_fraction": 0.1212158203125, "grad_norm": 627.5557327270508, "explained_variance": 0.8638789057731628, "action_std_mean": 0.32620131969451904, "optimizer_iterations": 4.0, "lr": 6.317695999999999e-05}
{"step": 1845248, "wall_time": 1790766530.9370873, "episodes_completed": 3.0, "mean_episode_reward": 655.8984985351562, "std_episode_reward": 37.71035370626087, "min_episode_reward": 625.1194458007812, "max_episode_reward": 709.0053100585938, "mean_episode_length": 191.0, "success_rate": 0.6666666666666666, "collision_rate": 0.3333333333333333, "out_of_bounds_rate": 0.0, "timeout_rate": 0.0, "policy_loss": 0.019859204534441233, "value_loss": 910.8282470703125, "entropy": 0.5974069535732269, "approx_kl": 0.042647565715014935, "clip_fraction": 0.16748046875, "grad_norm": 618.4606323242188, "explained_variance": 0.8792346119880676, "action_std_mean": 0.32621484994888306, "optimizer_iterations": 4.0, "lr": 6.3136e-05}
{"step": 1847296, "wall_time": 1790766538.151977, "episodes_completed": 5.0, "mean_episode_reward": 189.97252311706544, "std_episode_reward": 237.13494664483264, "min_episode_reward": -21.102397918701172, "max_episode_reward": 620.9415283203125, "mean_episode_length": 86.6, "success_rate": 0.4, "collision_rate": 0.6, "out_of_bounds_rate": 0.0, "timeout_rate": 0.0, "policy_loss": 0.0032936346251517534, "value_loss": 906.7173156738281, "entropy": 0.5975224375724792, "approx_kl": 0.021289524156600237, "clip_fraction": 0.0750732421875, "grad_norm": 338.53841400146484, "explained_variance": 0.8895083665847778, "action_std_mean": 0.32623451948165894, "optimizer_iterations": 4.0, "lr": 6.309504000000001e-05}
{"step": 1849344, "wall_time": 1790766545.431424, "episodes_completed": 5.0, "mean_episode_reward": 267.98913650512696, "std_episode_reward": 163.74907625446488, "min_episode_reward": 42.40958023071289, "max_episode_reward": 455.7652282714844, "mean_episode_length": 86.0, "success_rate": 0.2, "collision_rate": 0.8, "out_of_bounds_rate": 0.0, "timeout_rate": 0.0, "policy_loss": 0.003223840147256851, "value_loss": 762.0789947509766, "entropy": 0.5976036489009857, "approx_kl": 0.026176684070378542, "clip_fraction": 0.036865234375, "grad_norm": 357.08740997314453, "explained_variance": 0.8925524950027466, "action_std_mean": 0.3262321949005127, "optimizer_iterations": 4.0, "lr": 6.305408e-05}
{"step": 1851392, "wall_time": 1790766552.72473, "episodes_completed": 5.0, "mean_episode_reward": 202.87541847229005, "std_episode_reward": 161.18203908006103, "min_episode_reward": 20.706716537475586, "max_episode_reward": 400.5596923828125, "mean_episode_length": 97.0, "success_rate": 0.4, "collision_rate": 0.4, "out_of_bounds_rate": 0.0, "timeout_rate": 0.2, "policy_loss": 0.007192712277173996, "value_loss": 597.9604797363281, "entropy": 0.5975301265716553, "approx_kl": 0.006837506662122905, "clip_fraction": 0.0699462890625, "grad_norm": 314.9977340698242, "explained_variance": 0.9085071682929993, "action_std_mean": 0.32620367407798767, "optimizer_iterations": 4.0, "lr": 6.301312000000001e-05}
{"step": 1853440, "wall_time": 1790766559.8969421, "episodes_completed": 5.0, "mean_episode_reward": 334.4513507843018, "std_episode_reward": 218.61333546443655, "min_episode_reward": -9.910970687866211, "max_episode_reward": 567.7178344726562, "mean_episode_length": 146.2, "success_rate": 0.2, "collision_rate": 0.8, "out_of_bounds_rate": 0.0, "timeout_rate": 0.0, "policy_loss": 0.01670436281710863, "value_loss": 380.0449752807617, "entropy": 0.5973362922668457, "approx_kl": 0.05349545739591122, "clip_fraction": 0.1112060546875, "grad_norm": 309.14340591430664, "explained_variance": 0.9148534536361694, "action_std_mean": 0.32618141174316406, "optimizer_iterations": 4.0, "lr": 6.297216e-05}
{"step": 1855488, "wall_time": 1790766567.0762799, "episodes_completed": 4.0, "mean_episode_reward": 119.46399807929993, "std_episode_reward": 123.73266990101756, "min_episode_reward": -1.975204348564148, "max_episode_reward": 283.97906494140625, "mean_episode_length": 114.75, "success_rate": 0.25, "collision_rate": 0.25, "out_of_bounds_rate": 0.0, "timeout_rate": 0.5, "policy_loss": -8.143018931150436e-05, "value_loss": 435.10704040527344, "entropy": 0.5972369015216827, "approx_kl": 0.0029635366809088737, "clip_fraction": 0.029541015625, "grad_norm": 473.47145080566406, "explained_variance": 0.9056543111801147, "action_std_mean": 0.3261643052101135, "optimizer_iterations": 4.0, "lr": 6.29312e-05}
{"step": 1857536, "wall_time": 1790766574.317472, "episodes_completed": 3.0, "mean_episode_reward": 288.92238744099933, "std_episode_reward": 221.25978619112612, "min_episode_reward": 4.824565887451172, "max_episode_reward": 544.5501708984375, "mean_episode_length": 167.33333333333334, "success_rate": 0.6666666666666666, "collision_rate": 0.3333333333333333, "out_of_bounds_rate": 0.0, "timeout_rate": 0.0, "policy_loss": -4.3058767914772034e-05, "value_loss": 266.18004608154297, "entropy": 0.5971023142337799, "approx_kl": 0.001687133830273524, "clip_fraction": 0.01806640625, "grad_norm": 308.0823860168457, "explained_variance": 0.9155749082565308, "action_std_mean": 0.3261336088180542, "optimizer_iterations": 4.0, "lr": 6.289024e-05}
{"step": 1859584, "wall_time": 1790766581.433155, "episodes_completed": 9.0, "mean_episode_reward": 125.85628424750433, "std_episode_reward": 213.57733250779484, "min_episode_reward": -16.709651947021484, "max_episode_reward": 638.2318725585938, "mean_episode_length": 90.11111111111111, "success_rate": 0.3333333333333333, "collision_rate": 0.6666666666666666, "out_of_bounds_rate": 0.0, "timeout_rate": 0.0, "policy_loss": -0.001875473652034998, "value_loss": 604.2249755859375, "entropy": 0.5968988537788391, "approx_kl": 0.001404148802976124, "clip_fraction": 0.012939453125, "grad_norm": 419.34500885009766, "explained_variance": 0.8815597295761108, "action_std_mean": 0.3261013329029083, "optimizer_iterations": 4.0, "lr": 6.284928000000001e-05}
{"step": 1861632, "wall_time": 1790766588.5851498, "episodes_completed": 6.0, "mean_episode_reward": 261.3992300828298, "std_episode_reward": 357.47922503790795, "min_episode_reward": 4.592875003814697, "max_episode_reward": 853.6295776367188, "mean_episode_length": 106.16666666666667, "success_rate": 0.5, "collision_rate": 0.3333333333333333, "out_of_bounds_rate": 0.0, "timeout_rate": 0.16666666666666666, "policy_loss": 0.005675746127963066, "value_loss": 1063.4384765625, "entropy": 0.5967195630073547, "approx_kl": 0.0802682675421238, "clip_fraction": 0.0390625, "grad_norm": 499.0639190673828, "explained_variance": 0.8672879338264465, "action_std_mean": 0.32607734203338623, "optimizer_iterations": 4.0, "lr": 6.280832000000001e-05}
{"step": 1863680, "wall_time": 1790766595.6908402, "episodes_completed": 6.0, "mean_episode_reward": 243.2046070098877, "std_episode_reward": 190.63700354817422, "min_episode_reward": -10.036304473876953, "max_episode_reward": 532.8046875, "mean_episode_length": 76.16666666666667, "success_rate": 0.5, "collision_rate": 0.5, "out_of_bounds_rate": 0.0, "timeout_rate": 0.0, "policy_loss": 0.0008644228801131248, "value_loss": 679.1988830566406, "entropy": 0.5966123342514038, "approx_kl": 0.017989712301641703, "clip_fraction": 0.0260009765625, "grad_norm": 486.91202545166016, "explained_variance": 0.8705852627754211, "action_std_mean": 0.3260778784751892, "optimizer_iterations": 4.0, "lr": 6.276736e-05}
{"step": 1865728, "wall_time": 1790766602.8342485, "episodes_completed": 8.0, "mean_episode_reward": 142.89063036441803, "std_episode_reward": 143.9596448808116, "min_episode_reward": -0.9215421676635742, "max_episode_reward": 418.64031982421875, "mean_episode_length": 101.0, "success_rate": 0.375, "collision_rate": 0.5, "out_of_bounds_rate": 0.0, "timeout_rate": 0.125, "policy_loss": 0.009973907843232155, "value_loss": 472.2300567626953, "entropy": 0.5966790914535522, "approx_kl": 0.01645318395458162, "clip_fraction": 0.045166015625, "grad_norm": 512.1856651306152, "explained_variance": 0.913929283618927, "action_std_mean": 0.3260982632637024, "optimizer_iterations": 4.0, "lr": 6.272640000000001e-05}
{"step": 1867776, "wall_time": 1790766609.9651148, "episodes_completed": 10.0, "mean_episode_reward": 226.15462741851806, "std_episode_reward": 215.05469525824935, "min_episode_reward": -6.663915634155273, "max_episode_reward": 596.9421997070312, "mean_episode_length": 88.0, "success_rate": 0.4, "collision_rate": 0.6, "out_of_bounds_rate": 0.0, "timeout_rate": 0.0, "policy_loss": 0.001722728367894888, "value_loss": 790.1707611083984, "entropy": 0.5968025326728821, "approx_kl": 0.004254279425367713, "clip_fraction": 0.04638671875, "grad_norm": 374.62620544433594, "explained_variance": 0.8849801421165466, "action_std_mean": 0.3261120319366455, "optimizer_iterations": 4.0, "lr": 6.268544e-05}
{"step": 1869824, "wall_time": 1790766617.220757, "episodes_completed": 4.0, "mean_episode_reward": 366.99650275707245, "std_episode_reward": 328.86076089193267, "min_episode_reward": 2.2809176445007324, "max_episode_reward": 783.8328247070312, "mean_episode_length": 203.75, "success_rate": 0.5, "collision_rate": 0.25, "out_of_bounds_rate": 0.0, "timeout_rate": 0.25, "policy_loss": 0.00042770057916641235, "value_loss": 836.5440521240234, "entropy": 0.5968492925167084, "approx_kl": 0.003079725313000381, "clip_fraction": 0.02880859375, "grad_norm": 474.54944610595703, "explained_variance": 0.9003914594650269, "action_std_mean": 0.32610923051834106, "optimizer_iterations": 4.0, "lr": 6.264448000000001e-05}
{"step": 1871872, "wall_time": 1790766624.3982823, "episodes_completed": 3.0, "mean_episode_reward": 321.9820861816406, "std_episode_reward": 68.79643010091473, "min_episode_reward": 233.09527587890625, "max_episode_reward": 400.6858825683594, "mean_episode_length": 109.66666666666667, "success_rate": 1.0, "collision_rate": 0.0, "out_of_bounds_rate": 0.0, "timeout_rate": 0.0, "policy_loss": 0.012218071147799492, "value_loss": 750.664306640625, "entropy": 0.596794068813324, "approx_kl": 0.012875442742370069, "clip_fraction": 0.0838623046875, "grad_norm": 837.7458267211914, "explained_variance": 0.9121114015579224, "action_std_mean": 0.3260902464389801, "optimizer_iterations": 4.0, "lr": 6.260352e-05}
{"step": 1873920, "wall_time": 1790766631.6103451, "episodes_completed": 7.0, "mean_episode_reward": 135.17925207955497, "std_episode_reward": 188.7538899025305, "min_episode_reward": -17.149311065673828, "max_episode_reward": 546.068603515625, "mean_episode_length": 79.0, "success_rate": 0.14285714285714285, "collision_rate": 0.8571428571428571, "out_of_bounds_rate": 0.0, "timeout_rate": 0.0, "policy_loss": 0.007143894210457802, "value_loss": 674.3681945800781, "entropy": 0.596670389175415, "approx_kl": 0.014229491353034973, "clip_fraction": 0.0714111328125, "grad_norm": 557.4081649780273, "explained_variance": 0.898712158203125, "action_std_mean": 0.32607704401016235, "optimizer_iterations": 4.0, "lr": 6.256256e-05}
{"step": 1875968, "wall_time": 1790766638.8762953, "episodes_completed": 6.0, "mean_episode_reward": 273.9784772793452, "std_episode_reward": 286.70455806562757, "min_episode_reward": -7.012635707855225, "max_episode_reward": 672.1627197265625, "mean_episode_length": 119.66666666666667, "success_rate": 0.16666666666666666, "collision_rate": 0.6666666666666666, "out_of_bounds_rate": 0.0, "timeout_rate": 0.16666666666666666, "policy_loss": 0.015526433009654284, "value_loss": 730.6671295166016, "entropy": 0.5966227352619171, "approx_kl": 0.02345877094194293, "clip_fraction": 0.1522216796875, "grad_norm": 791.1870040893555, "explained_variance": 0.85740065574646, "action_std_mean": 0.3260731101036072, "optimizer_iterations": 4.0, "lr": 6.252160000000001e-05}
{"step": 1878016, "wall_time": 1790766646.119748, "episodes_completed": 6.0, "mean_episode_reward": 96.3305942217509, "std_episode_reward": 48.62859383090663, "min_episode_reward": 6.463103294372559, "max_episode_reward": 150.49429321289062, "mean_episode_length": 61.666666666666664, "success_rate": 0.5, "collision_rate": 0.5, "out_of_bounds_rate": 0.0, "timeout_rate": 0.0, "policy_loss": 0.018240731209516525, "value_loss": 491.31585693359375, "entropy": 0.5965941846370697, "approx_kl": 0.025427297223359346, "clip_fraction": 0.10888671875, "grad_norm": 1080.041488647461, "explained_variance": 0.8954355716705322, "action_std_mean": 0.32606738805770874, "optimizer_iterations": 4.0, "lr": 6.248064e-05}
{"step": 1880064, "wall_time": 1790766653.2793777, "episodes_completed": 6.0, "mean_episode_reward": 78.51281170050304, "std_episode_reward": 102.94247755002304, "min_episode_reward": -7.043316841125488, "max_episode_reward": 267.3309326171875, "mean_episode_length": 80.83333333333333, "success_rate": 0.5, "collision_rate": 0.3333333333333333, "out_of_bounds_rate": 0.0, "timeout_rate": 0.16666666666666666, "policy_loss": 0.0047930278815329075, "value_loss": 859.5510864257812, "entropy": 0.5965701043605804, "approx_kl": 0.05508233327418566, "clip_fraction": 0.0750732421875, "grad_norm": 399.82222747802734, "explained_variance": 0.8879231810569763, "action_std_mean": 0.3260686695575714, "optimizer_iterations": 4.0, "lr": 6.243968e-05}
{"step": 1882112, "wall_time": 1790766660.3627665, "episodes_completed": 6.0, "mean_episode_reward": 266.6127478281657, "std_episode_reward": 226.80276108196367, "min_episode_reward": 19.033550262451172, "max_episode_reward": 632.7799682617188, "mean_episode_length": 165.0, "success_rate": 0.8333333333333334, "collision_rate": 0.16666666666666666, "out_of_bounds_rate": 0.0, "timeout_rate": 0.0, "policy_loss": 0.0011281277984380722, "value_loss": 371.5823287963867, "entropy": 0.5965816378593445, "approx_kl": 0.005230676848441362, "clip_fraction": 0.0555419921875, "grad_norm": 355.05112075805664, "explained_variance": 0.9081993103027344, "action_std_mean": 0.3260677754878998, "optimizer_iterations": 4.0, "lr": 6.239872e-05}
{"step": 1884160, "wall_time": 1790766667.5596325, "episodes_completed": 6.0, "mean_episode_reward": 246.42414585749307, "std_episode_reward": 228.39256893694292, "min_episode_reward": 13.944079399108887, "max_episode_reward": 569.419921875, "mean_episode_length": 106.83333333333333, "success_rate": 0.5, "collision_rate": 0.5, "out_of_bounds_rate": 0.0, "timeout_rate": 0.0, "policy_loss": 0.0012138187885284424, "value_loss": 657.345703125, "entropy": 0.5965703427791595, "approx_kl": 0.0023379748163279146, "clip_fraction": 0.0240478515625, "grad_norm": 536.1852684020996, "explained_variance": 0.8943668603897095, "action_std_mean": 0.32606738805770874, "optimizer_iterations": 4.0, "lr": 6.235776e-05}
{"step": 1886208, "wall_time": 1790766674.891835, "episodes_completed": 5.0, "mean_episode_reward": 144.98896474838256, "std_episode_reward": 166.09539228668984, "min_episode_reward": -7.746648788452148, "max_episode_reward": 379.6007080078125, "mean_episode_length": 150.4, "success_rate": 0.2, "collision_rate": 0.6, "out_of_bounds_rate": 0.0, "timeout_rate": 0.2, "policy_loss": 0.0006824611919000745, "value_loss": 821.3780059814453, "entropy": 0.5965846180915833, "approx_kl": 0.002130321314325556, "clip_fraction": 0.01904296875, "grad_norm": 423.4347686767578, "explained_variance": 0.8919528722763062, "action_std_mean": 0.3260735273361206, "optimizer_iterations": 4.0, "lr": 6.231679999999999e-05}
{"step": 1888256, "wall_time": 1790766682.1137114, "episodes_completed": 5.0, "mean_episode_reward": 289.9959703445435, "std_episode_reward": 224.50113971377056, "min_episode_reward": 11.428875923156738, "max_episode_reward": 559.3843994140625, "mean_episode_length": 114.0, "success_rate": 1.0, "collision_rate": 0.0, "out_of_bounds_rate": 0.0, "timeout_rate": 0.0, "policy_loss": 0.00034199096262454987, "value_loss": 1158.8924255371094, "entropy": 0.5966228544712067, "approx_kl": 0.014056895161047578, "clip_fraction": 0.0159912109375, "grad_norm": 455.45320892333984, "explained_variance": 0.8752415180206299, "action_std_mean": 0.32607847452163696, "optimizer_iterations": 4.0, "lr": 6.227584e-05}
{"step": 1890304, "wall_time": 1790766689.3485432, "episodes_completed": 6.0, "mean_episode_reward": 284.84360218048096, "std_episode_reward": 209.21173229193184, "min_episode_reward": 19.20625114440918, "max_episode_reward": 571.05126953125, "mean_episode_length": 163.83333333333334, "success_rate": 0.8333333333333334, "collision_rate": 0.16666666666666666, "out_of_bounds_rate": 0.0, "timeout_rate": 0.0, "policy_loss": 0.002329150214791298, "value_loss": 640.9803314208984, "entropy": 0.5966566205024719, "approx_kl": 0.0050018789479509, "clip_fraction": 0.0523681640625, "grad_norm": 377.88702392578125, "explained_variance": 0.8924302458763123, "action_std_mean": 0.3260887563228607, "optimizer_iterations": 4.0, "lr": 6.223488e-05}
{"step": 1892352, "wall_time": 1790766696.5099435, "episodes_completed": 5.0, "mean_episode_reward": 34.15361499786377, "std_episode_reward": 18.174350968496, "min_episode_reward": 2.264885902404785, "max_episode_reward": 52.32292938232422, "mean_episode_length": 30.6, "success_rate": 0.4, "collision_rate": 0.6, "out_of_bounds_rate": 0.0, "timeout_rate": 0.0, "policy_loss": -0.00023479200899600983, "value_loss": 1012.2374267578125, "entropy": 0.5967230200767517, "approx_kl": 0.0033234665752388537, "clip_fraction": 0.03759765625, "grad_norm": 445.33333587646484, "explained_variance": 0.8893727660179138, "action_std_mean": 0.32609307765960693, "optimizer_iterations": 4.0, "lr": 6.219392e-05}
{"step": 1894400, "wall_time": 1790766703.654215, "episodes_completed": 7.0, "mean_episode_reward": 221.90567588806152, "std_episode_reward": 209.8845766027969, "min_episode_reward": -57.63395690917969, "max_episode_reward": 599.7448120117188, "mean_episode_length": 125.71428571428571, "success_rate": 0.7142857142857143, "collision_rate": 0.2857142857142857, "out_of_bounds_rate": 0.0, "timeout_rate": 0.0, "policy_loss": 0.002310657873749733, "value_loss": 610.1682586669922, "entropy": 0.5967169404029846, "approx_kl": 0.007603866572026163, "clip_fraction": 0.04345703125, "grad_norm": 842.0754508972168, "explained_variance": 0.9083959460258484, "action_std_mean": 0.32608532905578613, "optimizer_iterations": 4.0, "lr": 6.215296000000001e-05}
{"step": 1896448, "wall_time": 1790766710.7922652, "episodes_completed": 4.0, "mean_episode_reward": 353.06930923461914, "std_episode_reward": 105.19995781825676, "min_episode_reward": 182.98533630371094, "max_episode_reward": 453.677490234375, "mean_episode_length": 134.0, "success_rate": 0.75, "collision_rate": 0.25, "out_of_bounds_rate": 0.0, "timeout_rate": 0.0, "policy_loss": 0.0037943688221275806, "value_loss": 532.0384521484375, "entropy": 0.5966720879077911, "approx_kl": 0.027588306926190853, "clip_fraction": 0.043701171875, "grad_norm": 298.2017364501953, "explained_variance": 0.9128538370132446, "action_std_mean": 0.3260836601257324, "optimizer_iterations": 4.0, "lr": 6.2112e-05}
{"step": 1898496, "wall_time": 1790766717.958821, "episodes_completed": 9.0, "mean_episode_reward": 144.61019523938498, "std_episode_reward": 204.4793654353826, "min_episode_reward": -77.12236785888672, "max_episode_reward": 497.26751708984375, "mean_episode_length": 104.0, "success_rate": 0.4444444444444444, "collision_rate": 0.4444444444444444, "out_of_bounds_rate": 0.0, "timeout_rate": 0.1111111111111111, "policy_loss": 0.006054910831153393, "value_loss": 625.8749084472656, "entropy": 0.5966733694076538, "approx_kl": 0.006942171487025917, "clip_fraction": 0.043701171875, "grad_norm": 547.6194229125977, "explained_variance": 0.8911628127098083, "action_std_mean": 0.3260834813117981, "optimizer_iterations": 4.0, "lr": 6.207104e-05}
{"step": 1900544, "wall_time": 1790766725.1905088, "episodes_completed": 6.0, "mean_episode_reward": 117.53240283330281, "std_episode_reward": 115.10830343291697, "min_episode_reward": -9.880793571472168, "max_episode_reward": 318.79901123046875, "mean_episode_length": 91.83333333333333, "success_rate": 0.3333333333333333, "collision_rate": 0.6666666666666666, "out_of_bounds_rate": 0.0, "timeout_rate": 0.0, "policy_loss": 0.0010680286213755608, "value_loss": 882.9594879150391, "entropy": 0.5966650545597076, "approx_kl": 0.0035341124748811126, "clip_fraction": 0.0343017578125, "grad_norm": 605.6110534667969, "explained_variance": 0.8612114191055298, "action_std_mean": 0.3260785937309265, "optimizer_iterations": 4.0, "lr": 6.203008e-05}
{"step": 1902592, "wall_time": 1790766732.3172975, "episodes_completed": 6.0, "mean_episode_reward": 216.61954387029013, "std_episode_reward": 190.11650942073277, "min_episode_reward": -7.8709821701049805, "max_episode_reward": 501.2262878417969, "mean_episode_length": 87.66666666666667, "success_rate": 0.3333333333333333, "collision_rate": 0.6666666666666666, "out_of_bounds_rate": 0.0, "timeout_rate": 0.0, "policy_loss": -0.00212681177072227, "value_loss": 747.0940399169922, "entropy": 0.5966262817382812, "approx_kl": 0.0038845158996991813, "clip_fraction": 0.0330810546875, "grad_norm": 775.8304061889648, "explained_variance": 0.848873496055603, "action_std_mean": 0.3260733485221863, "optimizer_iterations": 4.0, "lr": 6.198912e-05}
{"step": 1904640, "wall_time": 1790766739.4912894, "episodes_completed": 10.0, "mean_episode_reward": 166.7564558029175, "std_episode_reward": 147.47447894479336, "min_episode_reward": -7.359025955200195, "max_episode_reward": 505.4822998046875, "mean_episode_length": 102.9, "success_rate": 0.5, "collision_rate": 0.5, "out_of_bounds_rate": 0.0, "timeout_rate": 0.0, "policy_loss": 0.0033580423332750797, "value_loss": 457.6679992675781, "entropy": 0.5966057777404785, "approx_kl": 0.010557873640209436, "clip_fraction": 0.096435546875, "grad_norm": 602.297908782959, "explained_variance": 0.8770543336868286, "action_std_mean": 0.32607224583625793, "optimizer_iterations": 4.0, "lr": 6.194816000000001e-05}
{"step": 1906688, "wall_time": 1790766746.6603115, "episodes_completed": 2.0, "mean_episode_reward": 497.06252670288086, "std_episode_reward": 376.50693130493164, "min_episode_reward": 120.55559539794922, "max_episode_reward": 873.5694580078125, "mean_episode_length": 139.0, "success_rate": 0.5, "collision_rate": 0.5, "out_of_bounds_rate": 0.0, "timeout_rate": 0.0, "policy_loss": 0.006848648190498352, "value_loss": 632.5717010498047, "entropy": 0.5966002941131592, "approx_kl": 0.005056169233284891, "clip_fraction": 0.043212890625, "grad_norm": 383.67908477783203, "explained_variance": 0.8918863534927368, "action_std_mean": 0.32607150077819824, "optimizer_iterations": 4.0, "lr": 6.190720000000002e-05}
{"step": 1908736, "wall_time": 1790766753.8685477, "episodes_completed": 7.0, "mean_episode_reward": 257.6748467854091, "std_episode_reward": 228.2854592508417, "min_episode_reward": -12.338622093200684, "max_episode_reward": 682.8251953125, "mean_episode_length": 104.14285714285714, "success_rate": 0.5714285714285714, "collision_rate": 0.42857142857142855, "out_of_bounds_rate": 0.0, "timeout_rate": 0.0, "policy_loss": 0.012810450047254562, "value_loss": 479.34777069091797, "entropy": 0.5965999960899353, "approx_kl": 0.018141169333830476, "clip_fraction": 0.11962890625, "grad_norm": 793.2395477294922, "explained_variance": 0.9056798219680786, "action_std_mean": 0.32607340812683105, "optimizer_iterations": 4.0, "lr": 6.186624000000001e-05}
{"step": 1910784, "wall_time": 1790766760.9985335, "episodes_completed": 9.0, "mean_episode_reward": 188.1989274819692, "std_episode_reward": 292.4696125283053, "min_episode_reward": -8.152839660644531, "max_episode_reward": 776.0827026367188, "mean_episode_length": 109.88888888888889, "success_rate": 0.4444444444444444, "collision_rate": 0.3333333333333333, "out_of_bounds_rate": 0.0, "timeout_rate": 0.2222222222222222, "policy_loss": 0.0067995460703969, "value_loss": 818.5470886230469, "entropy": 0.5966187119483948, "approx_kl": 0.009075251524336636, "clip_fraction": 0.0877685546875, "grad_norm": 457.59793853759766, "explained_variance": 0.8881499767303467, "action_std_mean": 0.3260765075683594, "optimizer_iterations": 4.0, "lr": 6.182528e-05}
{"step": 1912832, "wall_time": 1790766768.1658678, "episodes_completed": 7.0, "mean_episode_reward": 273.80785165514266, "std_episode_reward": 265.4559078980044, "min_episode_reward": -9.931914329528809, "max_episode_reward": 658.7706298828125, "mean_episode_length": 110.14285714285714, "success_rate": 0.5714285714285714, "collision_rate": 0.42857142857142855, "out_of_bounds_rate": 0.0, "timeout_rate": 0.0, "policy_loss": 0.0003271177411079407, "value_loss": 1013.8834381103516, "entropy": 0.5966356694698334, "approx_kl": 0.0015957251598592848, "clip_fraction": 0.014404296875, "grad_norm": 731.6267852783203, "explained_variance": 0.8581103086471558, "action_std_mean": 0.3260774612426758, "optimizer_iterations": 4.0, "lr": 6.178432000000001e-05}
{"step": 1914880, "wall_time": 1790766775.239418, "episodes_completed": 5.0, "mean_episode_reward": 168.30405445098876, "std_episode_reward": 191.76346641174698, "min_episode_reward": -10.093364715576172, "max_episode_reward": 473.9755554199219, "mean_episode_length": 76.4, "success_rate": 0.4, "collision_rate": 0.6, "out_of_bounds_rate": 0.0, "timeout_rate": 0.0, "policy_loss": 0.004304183181375265, "value_loss": 946.7736968994141, "entropy": 0.5966489017009735, "approx_kl": 0.016020470182411373, "clip_fraction": 0.0965576171875, "grad_norm": 554.4849472045898, "explained_variance": 0.872749388217926, "action_std_mean": 0.3260905146598816, "optimizer_iterations": 4.0, "lr": 6.174336e-05}
{"step": 1916928, "wall_time": 1790766782.3433557, "episodes_completed": 11.0, "mean_episode_reward": 143.54029967568138, "std_episode_reward": 215.40380103098943, "min_episode_reward": -10.35119915008545, "max_episode_reward": 736.4740600585938, "mean_episode_length": 77.54545454545455, "success_rate": 0.5454545454545454, "collision_rate": 0.45454545454545453, "out_of_bounds_rate": 0.0, "timeout_rate": 0.0, "policy_loss": -0.0009132062550634146, "value_loss": 897.2554473876953, "entropy": 0.59677454829216, "approx_kl": 0.006601754226721823, "clip_fraction": 0.0347900390625, "grad_norm": 430.7889709472656, "explained_variance": 0.8311353921890259, "action_std_mean": 0.32611674070358276, "optimizer_iterations": 4.0, "lr": 6.17024e-05}
{"step": 1918976, "wall_time": 1790766789.594286, "episodes_completed": 7.0, "mean_episode_reward": 224.48290838514055, "std_episode_reward": 226.96460111474374, "min_episode_reward": 15.227282524108887, "max_episode_reward": 573.2777709960938, "mean_episode_length": 97.57142857142857, "success_rate": 0.7142857142857143, "collision_rate": 0.2857142857142857, "out_of_bounds_rate": 0.0, "timeout_rate": 0.0, "policy_loss": 0.000898909755051136, "value_loss": 797.2101440429688, "entropy": 0.5969261527061462, "approx_kl": 0.005361043877201155, "clip_fraction": 0.0384521484375, "grad_norm": 839.5653228759766, "explained_variance": 0.8733689785003662, "action_std_mean": 0.3261343240737915, "optimizer_iterations": 4.0, "lr": 6.166144000000001e-05}
{"step": 1921024, "wall_time": 1790766796.9359217, "episodes_completed": 5.0, "mean_episode_reward": 264.30495872497556, "std_episode_reward": 335.2291670572414, "min_episode_reward": -8.002013206481934, "max_episode_reward": 909.3582153320312, "mean_episode_length": 146.4, "success_rate": 0.4, "collision_rate": 0.6, "out_of_bounds_rate": 0.0, "timeout_rate": 0.0, "policy_loss": -0.0023278463631868362, "value_loss": 447.2839660644531, "entropy": 0.5970037281513214, "approx_kl": 0.005656888650264591, "clip_fraction": 0.0655517578125, "grad_norm": 439.7849426269531, "explained_variance": 0.9008398056030273, "action_std_mean": 0.32614052295684814, "optimizer_iterations": 4.0, "lr": 6.162048e-05}
{"step": 1923072, "wall_time": 1790766804.1860018, "episodes_completed": 3.0, "mean_episode_reward": 147.3815860748291, "std_episode_reward": 129.81267844234665, "min_episode_reward": 18.59724235534668, "max_episode_reward": 325.0783996582031, "mean_episode_length": 56.0, "success_rate": 1.0, "collision_rate": 0.0, "out_of_bounds_rate": 0.0, "timeout_rate": 0.0, "policy_loss": 0.0020883139222860336, "value_loss": 933.6755523681641, "entropy": 0.5970073044300079, "approx_kl": 0.0057612062664702535, "clip_fraction": 0.0653076171875, "grad_norm": 366.4575958251953, "explained_variance": 0.9123759269714355, "action_std_mean": 0.3261304497718811, "optimizer_iterations": 4.0, "lr": 6.157952e-05}
{"step": 1925120, "wall_time": 1790766811.4661336, "episodes_completed": 4.0, "mean_episode_reward": 389.6237564086914, "std_episode_reward": 277.7028169014618, "min_episode_reward": 110.58247375488281, "max_episode_reward": 762.0009155273438, "mean_episode_length": 129.75, "success_rate": 0.75, "collision_rate": 0.25, "out_of_bounds_rate": 0.0, "timeout_rate": 0.0, "policy_loss": 0.0018352906190557405, "value_loss": 574.9014892578125, "entropy": 0.5969091653823853, "approx_kl": 0.0051429817685857415, "clip_fraction": 0.0584716796875, "grad_norm": 284.9657554626465, "explained_variance": 0.9135826230049133, "action_std_mean": 0.3261057734489441, "optimizer_iterations": 4.0, "lr": 6.153856e-05}
{"step": 1927168, "wall_time": 1790766818.8826098, "episodes_completed": 7.0, "mean_episode_reward": 147.03064455304826, "std_episode_reward": 133.5472604051905, "min_episode_reward": -9.946398735046387, "max_episode_reward": 391.4665222167969, "mean_episode_length": 76.71428571428571, "success_rate": 0.2857142857142857, "collision_rate": 0.5714285714285714, "out_of_bounds_rate": 0.0, "timeout_rate": 0.14285714285714285, "policy_loss": 0.014780464582145214, "value_loss": 650.0175018310547, "entropy": 0.5967579483985901, "approx_kl": 0.024526911322027445, "clip_fraction": 0.0943603515625, "grad_norm": 342.58353424072266, "explained_variance": 0.8833996057510376, "action_std_mean": 0.32608699798583984, "optimizer_iterations": 4.0, "lr": 6.14976e-05}
{"step": 1929216, "wall_time": 1790766826.2535443, "episodes_completed": 4.0, "mean_episode_reward": 299.6854877471924, "std_episode_reward": 213.22298269348443, "min_episode_reward": 34.564552307128906, "max_episode_reward": 563.291748046875, "mean_episode_length": 115.0, "success_rate": 1.0, "collision_rate": 0.0, "out_of_bounds_rate": 0.0, "timeout_rate": 0.0, "policy_loss": 0.0030213036807253957, "value_loss": 677.5450439453125, "entropy": 0.5966737270355225, "approx_kl": 0.00636623241007328, "clip_fraction": 0.07568359375, "grad_norm": 411.6456756591797, "explained_variance": 0.9024393558502197, "action_std_mean": 0.326079398393631, "optimizer_iterations": 4.0, "lr": 6.145663999999999e-05}
{"step": 1931264, "wall_time": 1790766833.5403593, "episodes_completed": 4.0, "mean_episode_reward": 87.24043308198452, "std_episode_reward": 156.3792350161587, "min_episode_reward": -9.83791732788086, "max_episode_reward": 357.9991149902344, "mean_episode_length": 93.0, "success_rate": 0.25, "collision_rate": 0.25, "out_of_bounds_rate": 0.0, "timeout_rate": 0.5, "policy_loss": 0.005452515557408333, "value_loss": 768.8598022460938, "entropy": 0.5966437458992004, "approx_kl": 0.006620893778745085, "clip_fraction": 0.060546875, "grad_norm": 425.78589630126953, "explained_variance": 0.9047166705131531, "action_std_mean": 0.3260810673236847, "optimizer_iterations": 4.0, "lr": 6.141568e-05}
{"step": 1933312, "wall_time": 1790766840.973404, "episodes_completed": 6.0, "mean_episode_reward": 331.54409980773926, "std_episode_reward": 302.26903820042276, "min_episode_reward": 29.478771209716797, "max_episode_reward": 933.125244140625, "mean_episode_length": 123.16666666666667, "success_rate": 0.6666666666666666, "collision_rate": 0.3333333333333333, "out_of_bounds_rate": 0.0, "timeout_rate": 0.0, "policy_loss": 0.0037737484090030193, "value_loss": 525.7604522705078, "entropy": 0.5966720879077911, "approx_kl": 0.009224396664649248, "clip_fraction": 0.0689697265625, "grad_norm": 435.1785087585449, "explained_variance": 0.8966100215911865, "action_std_mean": 0.3260875344276428, "optimizer_iterations": 4.0, "lr": 6.137472e-05}
{"step": 1935360, "wall_time": 1790766848.2539082, "episodes_completed": 3.0, "mean_episode_reward": 96.66735140482585, "std_episode_reward": 69.40349306614561, "min_episode_reward": 13.675859451293945, "max_episode_reward": 183.545654296875, "mean_episode_length": 75.0, "success_rate": 0.6666666666666666, "collision_rate": 0.3333333333333333, "out_of_bounds_rate": 0.0, "timeout_rate": 0.0, "policy_loss": -0.001164806541055441, "value_loss": 533.0419616699219, "entropy": 0.5966472923755646, "approx_kl": 0.00207485057762824, "clip_fraction": 0.0150146484375, "grad_norm": 195.11805725097656, "explained_variance": 0.9066141247749329, "action_std_mean": 0.3260509669780731, "optimizer_iterations": 4.0, "lr": 6.133375999999999e-05}
{"step": 1937408, "wall_time": 1790766855.515658, "episodes_completed": 3.0, "mean_episode_reward": 22.750258907675743, "std_episode_reward": 28.667009455641352, "min_episode_reward": 0.2079586535692215, "max_episode_reward": 63.2032470703125, "mean_episode_length": 17.666666666666668, "success_rate": 0.0, "collision_rate": 0.6666666666666666, "out_of_bounds_rate": 0.0, "timeout_rate": 0.3333333333333333, "policy_loss": 0.0030842870473861694, "value_loss": 919.3973693847656, "entropy": 0.5963437855243683, "approx_kl": 0.0025224204582627863, "clip_fraction": 0.0152587890625, "grad_norm": 359.3197708129883, "explained_variance": 0.8856440186500549, "action_std_mean": 0.3259963393211365, "optimizer_iterations": 4.0, "lr": 6.12928e-05}
{"step": 1939456, "wall_time": 1790766862.821302, "episodes_completed": 9.0, "mean_episode_reward": 46.04635493954023, "std_episode_reward": 66.19207626391912, "min_episode_reward": -19.678701400756836, "max_episode_reward": 189.103515625, "mean_episode_length": 34.55555555555556, "success_rate": 0.4444444444444444, "collision_rate": 0.4444444444444444, "out_of_bounds_rate": 0.0, "timeout_rate": 0.1111111111111111, "policy_loss": -0.0002391040325164795, "value_loss": 860.5210113525391, "entropy": 0.5960152447223663, "approx_kl": 0.003373521554749459, "clip_fraction": 0.03759765625, "grad_norm": 569.8411178588867, "explained_variance": 0.8585368394851685, "action_std_mean": 0.3259393572807312, "optimizer_iterations": 4.0, "lr": 6.125184e-05}
{"step": 1941504, "wall_time": 1790766870.092704, "episodes_completed": 13.0, "mean_episode_reward": 90.21523862160169, "std_episode_reward": 74.27516671170203, "min_episode_reward": -9.801857948303223, "max_episode_reward": 241.60203552246094, "mean_episode_length": 59.46153846153846, "success_rate": 0.46153846153846156, "collision_rate": 0.46153846153846156, "out_of_bounds_rate": 0.0, "timeout_rate": 0.07692307692307693, "policy_loss": 0.0008800388313829899, "value_loss": 599.2863159179688, "entropy": 0.5956724286079407, "approx_kl": 0.0034576099133118987, "clip_fraction": 0.0245361328125, "grad_norm": 520.795524597168, "explained_variance": 0.8617974519729614, "action_std_mean": 0.32589656114578247, "optimizer_iterations": 4.0, "lr": 6.121088e-05}
{"step": 1943552, "wall_time": 1790766877.3198247, "episodes_completed": 8.0, "mean_episode_reward": 216.3046133518219, "std_episode_reward": 266.9161371444664, "min_episode_reward": -3.418498992919922, "max_episode_reward": 722.3704833984375, "mean_episode_length": 91.375, "success_rate": 0.5, "collision_rate": 0.5, "out_of_bounds_rate": 0.0, "timeout_rate": 0.0, "policy_loss": 0.008682459127157927, "value_loss": 661.4434967041016, "entropy": 0.5954637229442596, "approx_kl": 0.022245947271585464, "clip_fraction": 0.08203125, "grad_norm": 792.7344779968262, "explained_variance": 0.8504976034164429, "action_std_mean": 0.32587191462516785, "optimizer_iterations": 4.0, "lr": 6.116992e-05}
{"step": 1945600, "wall_time": 1790766884.5250692, "episodes_completed": 7.0, "mean_episode_reward": 313.5667989935194, "std_episode_reward": 269.49986698786853, "min_episode_reward": 2.74043345451355, "max_episode_reward": 784.225830078125, "mean_episode_length": 114.57142857142857, "success_rate": 0.7142857142857143, "collision_rate": 0.14285714285714285, "out_of_bounds_rate": 0.0, "timeout_rate": 0.14285714285714285, "policy_loss": 0.0012232817243784666, "value_loss": 889.8136138916016, "entropy": 0.5953451991081238, "approx_kl": 0.0101923014735803, "clip_fraction": 0.0361328125, "grad_norm": 386.99813079833984, "explained_variance": 0.8853955268859863, "action_std_mean": 0.3258621096611023, "optimizer_iterations": 4.0, "lr": 6.112896e-05}
{"step": 1947648, "wall_time": 1790766891.8556635, "episodes_completed": 5.0, "mean_episode_reward": 305.9744516372681, "std_episode_reward": 280.38731789044607, "min_episode_reward": -1.663538932800293, "max_episode_reward": 758.5352172851562, "mean_episode_length": 94.4, "success_rate": 0.6, "collision_rate": 0.4, "out_of_bounds_rate": 0.0, "timeout_rate": 0.0, "policy_loss": 0.004979678429663181, "value_loss": 1078.8631591796875, "entropy": 0.5953031778335571, "approx_kl": 0.03179547481704503, "clip_fraction": 0.0421142578125, "grad_norm": 492.3546676635742, "explained_variance": 0.8827586770057678, "action_std_mean": 0.3258569836616516, "optimizer_iterations": 4.0, "lr": 6.1088e-05}
{"step": 1949696, "wall_time": 1790766899.159386, "episodes_completed": 5.0, "mean_episode_reward": 303.7593292236328, "std_episode_reward": 186.62776020956034, "min_episode_reward": 68.2821044921875, "max_episode_reward": 612.109619140625, "mean_episode_length": 160.0, "success_rate": 0.8, "collision_rate": 0.2, "out_of_bounds_rate": 0.0, "timeout_rate": 0.0, "policy_loss": 0.03328981064260006, "value_loss": 641.6682891845703, "entropy": 0.5952595472335815, "approx_kl": 0.07224077265709639, "clip_fraction": 0.1522216796875, "grad_norm": 309.34698486328125, "explained_variance": 0.9074615240097046, "action_std_mean": 0.32584506273269653, "optimizer_iterations": 4.0, "lr": 6.104704000000002e-05}
{"step": 1951744, "wall_time": 1790766906.7904427, "episodes_completed": 7.0, "mean_episode_reward": 186.563319247216, "std_episode_reward": 220.5463014515869, "min_episode_reward": -9.942512512207031, "max_episode_reward": 551.2431030273438, "mean_episode_length": 65.85714285714286, "success_rate": 0.42857142857142855, "collision_rate": 0.42857142857142855, "out_of_bounds_rate": 0.0, "timeout_rate": 0.14285714285714285, "policy_loss": 0.0017693701665848494, "value_loss": 1139.3706359863281, "entropy": 0.5951767563819885, "approx_kl": 0.007345439167693257, "clip_fraction": 0.05712890625, "grad_norm": 648.9808883666992, "explained_variance": 0.8322694897651672, "action_std_mean": 0.32582905888557434, "optimizer_iterations": 4.0, "lr": 6.100608000000001e-05}
{"step": 1953792, "wall_time": 1790766915.0027251, "episodes_completed": 7.0, "mean_episode_reward": 130.7331258399146, "std_episode_reward": 171.55253905865916, "min_episode_reward": -10.030391693115234, "max_episode_reward": 517.9426879882812, "mean_episode_length": 89.28571428571429, "success_rate": 0.42857142857142855, "collision_rate": 0.42857142857142855, "out_of_bounds_rate": 0.0, "timeout_rate": 0.14285714285714285, "policy_loss": 0.0012882231967523694, "value_loss": 512.5048751831055, "entropy": 0.5950730443000793, "approx_kl": 0.003046253841603175, "clip_fraction": 0.03125, "grad_norm": 713.6602439880371, "explained_variance": 0.8511459827423096, "action_std_mean": 0.32581472396850586, "optimizer_iterations": 4.0, "lr": 6.096512000000001e-05}
{"step": 1955840, "wall_time": 1790766922.1995947, "episodes_completed": 3.0, "mean_episode_reward": 242.8395792643229, "std_episode_reward": 267.14516087251246, "min_episode_reward": 20.660438537597656, "max_episode_reward": 618.5555419921875, "mean_episode_length": 91.0, "success_rate": 1.0, "collision_rate": 0.0, "out_of_bounds_rate": 0.0, "timeout_rate": 0.0, "policy_loss": 0.0024419203400611877, "value_loss": 636.9906311035156, "entropy": 0.5950086116790771, "approx_kl": 0.00727175350766629, "clip_fraction": 0.074951171875, "grad_norm": 481.9051055908203, "explained_variance": 0.8904750943183899, "action_std_mean": 0.325812429189682, "optimizer_iterations": 4.0, "lr": 6.0924160000000006e-05}
{"step": 1957888, "wall_time": 1790766930.0030234, "episodes_completed": 7.0, "mean_episode_reward": 242.21622698647636, "std_episode_reward": 260.28939965000774, "min_episode_reward": -10.021025657653809, "max_episode_reward": 669.7722778320312, "mean_episode_length": 79.0, "success_rate": 0.5714285714285714, "collision_rate": 0.42857142857142855, "out_of_bounds_rate": 0.0, "timeout_rate": 0.0, "policy_loss": 0.0016284380108118057, "value_loss": 415.93446350097656, "entropy": 0.5950296223163605, "approx_kl": 0.005095401545986533, "clip_fraction": 0.0322265625, "grad_norm": 444.13806915283203, "explained_variance": 0.8845407962799072, "action_std_mean": 0.3258267045021057, "optimizer_iterations": 4.0, "lr": 6.088320000000001e-05}
{"step": 1959936, "wall_time": 1790766937.5398006, "episodes_completed": 2.0, "mean_episode_reward": 448.19505310058594, "std_episode_reward": 429.5989532470703, "min_episode_reward": 18.596099853515625, "max_episode_reward": 877.7940063476562, "mean_episode_length": 127.0, "success_rate": 1.0, "collision_rate": 0.0, "out_of_bounds_rate": 0.0, "timeout_rate": 0.0, "policy_loss": 0.0022386573255062103, "value_loss": 620.6634521484375, "entropy": 0.5951474905014038, "approx_kl": 0.013111612701322883, "clip_fraction": 0.072021484375, "grad_norm": 567.6575393676758, "explained_variance": 0.8885364532470703, "action_std_mean": 0.3258466124534607, "optimizer_iterations": 4.0, "lr": 6.084224000000001e-05}
{"step": 1961984, "wall_time": 1790766944.8988562, "episodes_completed": 7.0, "mean_episode_reward": 186.932749407632, "std_episode_reward": 250.59949598806122, "min_episode_reward": -7.393667697906494, "max_episode_reward": 756.6190795898438, "mean_episode_length": 135.57142857142858, "success_rate": 0.5714285714285714, "collision_rate": 0.2857142857142857, "out_of_bounds_rate": 0.0, "timeout_rate": 0.14285714285714285, "policy_loss": 0.0021264979732222855, "value_loss": 329.14796447753906, "entropy": 0.5952964723110199, "approx_kl": 0.004582990804919973, "clip_fraction": 0.0517578125, "grad_norm": 235.11399459838867, "explained_variance": 0.924521803855896, "action_std_mean": 0.32588937878608704, "optimizer_iterations": 4.0, "lr": 6.080128e-05}
{"step": 1964032, "wall_time": 1790766952.4715562, "episodes_completed": 8.0, "mean_episode_reward": 264.76671593496576, "std_episode_reward": 311.86177762543264, "min_episode_reward": -0.049866270273923874, "max_episode_reward": 972.8269653320312, "mean_episode_length": 80.875, "success_rate": 0.5, "collision_rate": 0.375, "out_of_bounds_rate": 0.0, "timeout_rate": 0.125, "policy_loss": 0.005700170062482357, "value_loss": 870.9815826416016, "entropy": 0.5955763757228851, "approx_kl": 0.02923536952584982, "clip_fraction": 0.069091796875, "grad_norm": 486.3050842285156, "explained_variance": 0.8726730942726135, "action_std_mean": 0.325921893119812, "optimizer_iterations": 4.0, "lr": 6.076032e-05}
{"step": 1966080, "wall_time": 1790766960.2818618, "episodes_completed": 5.0, "mean_episode_reward": 157.63130807876587, "std_episode_reward": 99.2293282846066, "min_episode_reward": -2.907042980194092, "max_episode_reward": 294.40814208984375, "mean_episode_length": 65.0, "success_rate": 0.4, "collision_rate": 0.6, "out_of_bounds_rate": 0.0, "timeout_rate": 0.0, "policy_loss": -0.0006831020582467318, "value_loss": 818.5621490478516, "entropy": 0.5956986844539642, "approx_kl": 0.07042442716192454, "clip_fraction": 0.049072265625, "grad_norm": 521.8769378662109, "explained_variance": 0.8932254910469055, "action_std_mean": 0.32592159509658813, "optimizer_iterations": 4.0, "lr": 6.0719360000000004e-05}
{"step": 1968128, "wall_time": 1790766968.7363946, "episodes_completed": 7.0, "mean_episode_reward": 115.28424154009137, "std_episode_reward": 139.30308205826188, "min_episode_reward": -19.012622833251953, "max_episode_reward": 396.5037841796875, "mean_episode_length": 69.85714285714286, "success_rate": 0.42857142857142855, "collision_rate": 0.5714285714285714, "out_of_bounds_rate": 0.0, "timeout_rate": 0.0, "policy_loss": 0.004959579557180405, "value_loss": 704.9927062988281, "entropy": 0.5956439673900604, "approx_kl": 0.010075628873892128, "clip_fraction": 0.0589599609375, "grad_norm": 861.3415985107422, "explained_variance": 0.8756541013717651, "action_std_mean": 0.32590484619140625, "optimizer_iterations": 4.0, "lr": 6.0678400000000005e-05}
{"step": 1970176, "wall_time": 1790766976.9048374, "episodes_completed": 8.0, "mean_episode_reward": 170.9466528892517, "std_episode_reward": 190.8137675608918, "min_episode_reward": -71.37776184082031, "max_episode_reward": 545.8495483398438, "mean_episode_length": 93.5, "success_rate": 0.5, "collision_rate": 0.5, "out_of_bounds_rate": 0.0, "timeout_rate": 0.0, "policy_loss": 0.004433122463524342, "value_loss": 476.82901763916016, "entropy": 0.5955391526222229, "approx_kl": 0.007396506000077352, "clip_fraction": 0.0697021484375, "grad_norm": 574.2191619873047, "explained_variance": 0.8966274857521057, "action_std_mean": 0.32588911056518555, "optimizer_iterations": 4.0, "lr": 6.063744e-05}
{"step": 1972224, "wall_time": 1790766985.955209, "episodes_completed": 7.0, "mean_episode_reward": 115.54632704598563, "std_episode_reward": 151.40923170385258, "min_episode_reward": -12.183855056762695, "max_episode_reward": 461.48492431640625, "mean_episode_length": 69.71428571428571, "success_rate": 0.2857142857142857, "collision_rate": 0.7142857142857143, "out_of_bounds_rate": 0.0, "timeout_rate": 0.0, "policy_loss": 0.0018694503232836723, "value_loss": 499.86910247802734, "entropy": 0.5954506993293762, "approx_kl": 0.003513101546559483, "clip_fraction": 0.0198974609375, "grad_norm": 421.7799263000488, "explained_variance": 0.8968968987464905, "action_std_mean": 0.32587718963623047, "optimizer_iterations": 4.0, "lr": 6.059648e-05}
{"step": 1974272, "wall_time": 1790766993.3475847, "episodes_completed": 4.0, "mean_episode_reward": 243.4535617828369, "std_episode_reward": 176.3470898136446, "min_episode_reward": 17.628273010253906, "max_episode_reward": 474.0782165527344, "mean_episode_length": 108.5, "success_rate": 0.5, "collision_rate": 0.5, "out_of_bounds_rate": 0.0, "timeout_rate": 0.0, "policy_loss": 0.008587212301790714, "value_loss": 269.7752380371094, "entropy": 0.5953997075557709, "approx_kl": 0.010620352695696056, "clip_fraction": 0.0615234375, "grad_norm": 509.3230857849121, "explained_variance": 0.9222548007965088, "action_std_mean": 0.32588356733322144, "optimizer_iterations": 4.0, "lr": 6.055552e-05}
{"step": 1976320, "wall_time": 1790767000.8156586, "episodes_completed": 2.0, "mean_episode_reward": 418.26329040527344, "std_episode_reward": 112.05934143066406, "min_episode_reward": 306.2039489746094, "max_episode_reward": 530.3226318359375, "mean_episode_length": 133.5, "success_rate": 1.0, "collision_rate": 0.0, "out_of_bounds_rate": 0.0, "timeout_rate": 0.0, "policy_loss": 0.0052882228046655655, "value_loss": 214.88598251342773, "entropy": 0.5954713523387909, "approx_kl": 0.010356975486502051, "clip_fraction": 0.095703125, "grad_norm": 295.53128242492676, "explained_variance": 0.9299757480621338, "action_std_mean": 0.32588180899620056, "optimizer_iterations": 4.0, "lr": 6.0514559999999995e-05}
{"step": 1978368, "wall_time": 1790767008.216303, "episodes_completed": 11.0, "mean_episode_reward": 76.4098061431538, "std_episode_reward": 152.74013556430006, "min_episode_reward": -11.184733390808105, "max_episode_reward": 501.5647277832031, "mean_episode_length": 65.54545454545455, "success_rate": 0.36363636363636365, "collision_rate": 0.5454545454545454, "out_of_bounds_rate": 0.0, "timeout_rate": 0.09090909090909091, "policy_loss": 0.0012580552138388157, "value_loss": 411.5939178466797, "entropy": 0.5953669846057892, "approx_kl": 0.0031785750470589846, "clip_fraction": 0.0341796875, "grad_norm": 484.03598403930664, "explained_variance": 0.91568523645401, "action_std_mean": 0.3258426785469055, "optimizer_iterations": 4.0, "lr": 6.0473599999999996e-05}
{"step": 1980416, "wall_time": 1790767015.5220551, "episodes_completed": 3.0, "mean_episode_reward": 187.36226081848145, "std_episode_reward": 199.56378847447098, "min_episode_reward": 10.369848251342773, "max_episode_reward": 466.236572265625, "mean_episode_length": 56.333333333333336, "success_rate": 0.6666666666666666, "collision_rate": 0.3333333333333333, "out_of_bounds_rate": 0.0, "timeout_rate": 0.0, "policy_loss": 0.0010488773696124554, "value_loss": 584.0609893798828, "entropy": 0.5950787663459778, "approx_kl": 0.006906173890456557, "clip_fraction": 0.0665283203125, "grad_norm": 804.1470489501953, "explained_variance": 0.8819458484649658, "action_std_mean": 0.32579296827316284, "optimizer_iterations": 4.0, "lr": 6.043264e-05}
{"step": 1982464, "wall_time": 1790767024.9760785, "episodes_completed": 7.0, "mean_episode_reward": 161.38760714871543, "std_episode_reward": 199.4636345631296, "min_episode_reward": -30.44857406616211, "max_episode_reward": 473.00238037109375, "mean_episode_length": 105.85714285714286, "success_rate": 0.42857142857142855, "collision_rate": 0.2857142857142857, "out_of_bounds_rate": 0.0, "timeout_rate": 0.2857142857142857, "policy_loss": 0.008942506276071072, "value_loss": 496.29603576660156, "entropy": 0.5947969555854797, "approx_kl": 0.023909938521683216, "clip_fraction": 0.084228515625, "grad_norm": 654.0902633666992, "explained_variance": 0.8926369547843933, "action_std_mean": 0.3257547914981842, "optimizer_iterations": 4.0, "lr": 6.039167999999999e-05}
{"step": 1984512, "wall_time": 1790767033.47387, "episodes_completed": 4.0, "mean_episode_reward": 227.8594627380371, "std_episode_reward": 149.44278601120186, "min_episode_reward": 21.150146484375, "max_episode_reward": 380.0872497558594, "mean_episode_length": 132.5, "success_rate": 0.75, "collision_rate": 0.25, "out_of_bounds_rate": 0.0, "timeout_rate": 0.0, "policy_loss": 0.005989101715385914, "value_loss": 866.4424591064453, "entropy": 0.5945934653282166, "approx_kl": 0.01124959229491651, "clip_fraction": 0.095458984375, "grad_norm": 412.2685775756836, "explained_variance": 0.8930405378341675, "action_std_mean": 0.3257313668727875, "optimizer_iterations": 4.0, "lr": 6.0350720000000006e-05}
{"step": 1986560, "wall_time": 1790767042.0999744, "episodes_completed": 9.0, "mean_episode_reward": 151.41251193152533, "std_episode_reward": 181.0921239079361, "min_episode_reward": -10.271933555603027, "max_episode_reward": 506.2855529785156, "mean_episode_length": 69.44444444444444, "success_rate": 0.5555555555555556, "collision_rate": 0.4444444444444444, "out_of_bounds_rate": 0.0, "timeout_rate": 0.0, "policy_loss": 0.008602507412433624, "value_loss": 555.9506072998047, "entropy": 0.5944468677043915, "approx_kl": 0.006654409458860755, "clip_fraction": 0.0517578125, "grad_norm": 285.58003997802734, "explained_variance": 0.9083172082901001, "action_std_mean": 0.32569676637649536, "optimizer_iterations": 4.0, "lr": 6.030976000000001e-05}
{"step": 1988608, "wall_time": 1790767050.4962513, "episodes_completed": 10.0, "mean_episode_reward": 265.71945533752444, "std_episode_reward": 236.91694926879086, "min_episode_reward": -10.095829963684082, "max_episode_reward": 623.7735595703125, "mean_episode_length": 101.8, "success_rate": 0.6, "collision_rate": 0.3, "out_of_bounds_rate": 0.0, "timeout_rate": 0.1, "policy_loss": 0.01198240090161562, "value_loss": 539.9933776855469, "entropy": 0.5942105352878571, "approx_kl": 0.049912407994270325, "clip_fraction": 0.1368408203125, "grad_norm": 641.2114219665527, "explained_variance": 0.8647797703742981, "action_std_mean": 0.3256627321243286, "optimizer_iterations": 4.0, "lr": 6.02688e-05}
{"step": 1990656, "wall_time": 1790767059.049717, "episodes_completed": 9.0, "mean_episode_reward": 50.96476814481947, "std_episode_reward": 58.649953519913296, "min_episode_reward": -8.958393096923828, "max_episode_reward": 139.021484375, "mean_episode_length": 47.55555555555556, "success_rate": 0.4444444444444444, "collision_rate": 0.5555555555555556, "out_of_bounds_rate": 0.0, "timeout_rate": 0.0, "policy_loss": 0.0077877448638901114, "value_loss": 654.9388580322266, "entropy": 0.5940383672714233, "approx_kl": 0.005624065874144435, "clip_fraction": 0.0592041015625, "grad_norm": 530.1246528625488, "explained_variance": 0.8754078149795532, "action_std_mean": 0.3256397247314453, "optimizer_iterations": 4.0, "lr": 6.022784e-05}
{"step": 1992704, "wall_time": 1790767067.681929, "episodes_completed": 10.0, "mean_episode_reward": 89.28281154632569, "std_episode_reward": 133.6339939478368, "min_episode_reward": -20.410173416137695, "max_episode_reward": 366.2525939941406, "mean_episode_length": 75.7, "success_rate": 0.3, "collision_rate": 0.6, "out_of_bounds_rate": 0.0, "timeout_rate": 0.1, "policy_loss": 0.013124822056852281, "value_loss": 572.5160980224609, "entropy": 0.5939089059829712, "approx_kl": 0.020895593333989382, "clip_fraction": 0.0770263671875, "grad_norm": 758.0637092590332, "explained_variance": 0.8673215508460999, "action_std_mean": 0.3256273865699768, "optimizer_iterations": 4.0, "lr": 6.018688e-05}
{"step": 1994752, "wall_time": 1790767076.2589407, "episodes_completed": 9.0, "mean_episode_reward": 275.664863480462, "std_episode_reward": 180.22789162401241, "min_episode_reward": 2.7812414169311523, "max_episode_reward": 573.846923828125, "mean_episode_length": 93.77777777777777, "success_rate": 0.6666666666666666, "collision_rate": 0.3333333333333333, "out_of_bounds_rate": 0.0, "timeout_rate": 0.0, "policy_loss": 0.006364114582538605, "value_loss": 609.8315582275391, "entropy": 0.5938661098480225, "approx_kl": 0.008046478556934744, "clip_fraction": 0.066162109375, "grad_norm": 926.4072647094727, "explained_variance": 0.9061589241027832, "action_std_mean": 0.3256218731403351, "optimizer_iterations": 4.0, "lr": 6.014592000000001e-05}
{"step": 1996800, "wall_time": 1790767084.8126156, "episodes_completed": 5.0, "mean_episode_reward": 223.5329478263855, "std_episode_reward": 202.29102006748863, "min_episode_reward": 1.6770834922790527, "max_episode_reward": 585.4325561523438, "mean_episode_length": 125.4, "success_rate": 0.6, "collision_rate": 0.2, "out_of_bounds_rate": 0.0, "timeout_rate": 0.2, "policy_loss": 0.03784838691353798, "value_loss": 824.1445159912109, "entropy": 0.5938133299350739, "approx_kl": 0.05412682518362999, "clip_fraction": 0.1685791015625, "grad_norm": 570.8833694458008, "explained_variance": 0.9060859680175781, "action_std_mean": 0.3256121873855591, "optimizer_iterations": 4.0, "lr": 6.010496000000001e-05}
{"step": 1998848, "wall_time": 1790767093.1819339, "episodes_completed": 5.0, "mean_episode_reward": 178.73572463989257, "std_episode_reward": 113.64618282327775, "min_episode_reward": 17.109249114990234, "max_episode_reward": 294.4084777832031, "mean_episode_length": 65.6, "success_rate": 0.8, "collision_rate": 0.2, "out_of_bounds_rate": 0.0, "timeout_rate": 0.0, "policy_loss": 0.011183448135852814, "value_loss": 1013.9351654052734, "entropy": 0.5937671065330505, "approx_kl": 0.01374626625329256, "clip_fraction": 0.1239013671875, "grad_norm": 624.9999465942383, "explained_variance": 0.8480147123336792, "action_std_mean": 0.3256071209907532, "optimizer_iterations": 4.0, "lr": 6.0064000000000006e-05}
{"step": 2000896, "wall_time": 1790767101.592069, "episodes_completed": 8.0, "mean_episode_reward": 95.79522204399109, "std_episode_reward": 145.7760184000311, "min_episode_reward": -9.856547355651855, "max_episode_reward": 464.67138671875, "mean_episode_length": 58.25, "success_rate": 0.375, "collision_rate": 0.5, "out_of_bounds_rate": 0.0, "timeout_rate": 0.125, "policy_loss": 0.006316887214779854, "value_loss": 873.4414367675781, "entropy": 0.5937457084655762, "approx_kl": 0.006206528516486287, "clip_fraction": 0.057861328125, "grad_norm": 733.1927185058594, "explained_variance": 0.8722019195556641, "action_std_mean": 0.3256062865257263, "optimizer_iterations": 4.0, "lr": 6.002304000000001e-05}
{"step": 2002944, "wall_time": 1790767110.1808755, "episodes_completed": 11.0, "mean_episode_reward": 171.70403809980914, "std_episode_reward": 168.8818865371128, "min_episode_reward": -10.008482933044434, "max_episode_reward": 488.5817565917969, "mean_episode_length": 63.63636363636363, "success_rate": 0.6363636363636364, "collision_rate": 0.36363636363636365, "out_of_bounds_rate": 0.0, "timeout_rate": 0.0, "policy_loss": 0.003649875521659851, "value_loss": 863.5496368408203, "entropy": 0.5937493443489075, "approx_kl": 0.005093926622066647, "clip_fraction": 0.0460205078125, "grad_norm": 1537.6426315307617, "explained_variance": 0.8836893439292908, "action_std_mean": 0.32560932636260986, "optimizer_iterations": 4.0, "lr": 5.998208000000001e-05}
{"step": 2004992, "wall_time": 1790767118.6176803, "episodes_completed": 6.0, "mean_episode_reward": 221.04932917157808, "std_episode_reward": 118.54579838826817, "min_episode_reward": 0.14689666032791138, "max_episode_reward": 353.47393798828125, "mean_episode_length": 117.83333333333333, "success_rate": 0.8333333333333334, "collision_rate": 0.0, "out_of_bounds_rate": 0.0, "timeout_rate": 0.16666666666666666, "policy_loss": 0.033134087920188904, "value_loss": 859.1378631591797, "entropy": 0.5937702357769012, "approx_kl": 0.2510921135544777, "clip_fraction": 0.1058349609375, "grad_norm": 1066.3490142822266, "explained_variance": 0.89091956615448, "action_std_mean": 0.32561323046684265, "optimizer_iterations": 4.0, "lr": 5.994112000000001e-05}
{"step": 2007040, "wall_time": 1790767127.0895622, "episodes_completed": 13.0, "mean_episode_reward": 165.3812555899987, "std_episode_reward": 115.03821278171, "min_episode_reward": 12.404353141784668, "max_episode_reward": 322.2068786621094, "mean_episode_length": 69.46153846153847, "success_rate": 0.6153846153846154, "collision_rate": 0.38461538461538464, "out_of_bounds_rate": 0.0, "timeout_rate": 0.0, "policy_loss": 0.0016542356461286545, "value_loss": 706.6890869140625, "entropy": 0.5937954187393188, "approx_kl": 0.006405551568605006, "clip_fraction": 0.03466796875, "grad_norm": 836.7943878173828, "explained_variance": 0.8089475035667419, "action_std_mean": 0.32561537623405457, "optimizer_iterations": 4.0, "lr": 5.9900160000000004e-05}
{"step": 2009088, "wall_time": 1790767136.1244926, "episodes_completed": 5.0, "mean_episode_reward": 112.412797164917, "std_episode_reward": 121.93005820339586, "min_episode_reward": -9.935626029968262, "max_episode_reward": 285.1850891113281, "mean_episode_length": 62.8, "success_rate": 0.6, "collision_rate": 0.4, "out_of_bounds_rate": 0.0, "timeout_rate": 0.0, "policy_loss": 0.0017541758716106415, "value_loss": 921.1100769042969, "entropy": 0.5938014984130859, "approx_kl": 0.010597682208754122, "clip_fraction": 0.0277099609375, "grad_norm": 560.0217742919922, "explained_variance": 0.8724881410598755, "action_std_mean": 0.3256169259548187, "optimizer_iterations": 4.0, "lr": 5.9859200000000004e-05}
{"step": 2011136, "wall_time": 1790767144.891291, "episodes_completed": 7.0, "mean_episode_reward": 227.9486312866211, "std_episode_reward": 114.00093188923462, "min_episode_reward": 84.61431121826172, "max_episode_reward": 465.3629455566406, "mean_episode_length": 82.28571428571429, "success_rate": 0.7142857142857143, "collision_rate": 0.2857142857142857, "out_of_bounds_rate": 0.0, "timeout_rate": 0.0, "policy_loss": 0.004245365969836712, "value_loss": 545.9386749267578, "entropy": 0.5938063859939575, "approx_kl": 0.00700902653625235, "clip_fraction": 0.0712890625, "grad_norm": 686.6845321655273, "explained_variance": 0.8993158340454102, "action_std_mean": 0.32561105489730835, "optimizer_iterations": 4.0, "lr": 5.9818240000000005e-05}
{"step": 2013184, "wall_time": 1790767153.331366, "episodes_completed": 5.0, "mean_episode_reward": 164.9740556716919, "std_episode_reward": 207.62489197541746, "min_episode_reward": -11.396928787231445, "max_episode_reward": 534.302001953125, "mean_episode_length": 99.0, "success_rate": 0.6, "collision_rate": 0.4, "out_of_bounds_rate": 0.0, "timeout_rate": 0.0, "policy_loss": 0.0011777603067457676, "value_loss": 1001.4174194335938, "entropy": 0.5937579274177551, "approx_kl": 0.007322179619222879, "clip_fraction": 0.0311279296875, "grad_norm": 383.24853515625, "explained_variance": 0.9017901420593262, "action_std_mean": 0.3256075084209442, "optimizer_iterations": 4.0, "lr": 5.977728e-05}
{"step": 2015232, "wall_time": 1790767161.852451, "episodes_completed": 8.0, "mean_episode_reward": 279.33047914505005, "std_episode_reward": 279.82684531933023, "min_episode_reward": 15.882125854492188, "max_episode_reward": 780.4552001953125, "mean_episode_length": 92.0, "success_rate": 0.875, "collision_rate": 0.125, "out_of_bounds_rate": 0.0, "timeout_rate": 0.0, "policy_loss": 0.005474483594298363, "value_loss": 807.4007720947266, "entropy": 0.5937633514404297, "approx_kl": 0.011085853504482657, "clip_fraction": 0.056640625, "grad_norm": 748.5331802368164, "explained_variance": 0.8844687342643738, "action_std_mean": 0.3256158232688904, "optimizer_iterations": 4.0, "lr": 5.973632e-05}
{"step": 2017280, "wall_time": 1790767170.3228376, "episodes_completed": 4.0, "mean_episode_reward": 241.21989154815674, "std_episode_reward": 140.75692202751347, "min_episode_reward": 14.71670913696289, "max_episode_reward": 360.80877685546875, "mean_episode_length": 71.75, "success_rate": 1.0, "collision_rate": 0.0, "out_of_bounds_rate": 0.0, "timeout_rate": 0.0, "policy_loss": 0.000990276224911213, "value_loss": 909.3071136474609, "entropy": 0.5938352644443512, "approx_kl": 0.0056292477529495955, "clip_fraction": 0.060791015625, "grad_norm": 696.3318862915039, "explained_variance": 0.912529468536377, "action_std_mean": 0.3256303071975708, "optimizer_iterations": 4.0, "lr": 5.969536e-05}
{"step": 2019328, "wall_time": 1790767179.0907001, "episodes_completed": 11.0, "mean_episode_reward": 102.05670617385344, "std_episode_reward": 116.09376870631762, "min_episode_reward": -9.92629337310791, "max_episode_reward": 356.7502136230469, "mean_episode_length": 57.18181818181818, "success_rate": 0.45454545454545453, "collision_rate": 0.36363636363636365, "out_of_bounds_rate": 0.0, "timeout_rate": 0.18181818181818182, "policy_loss": 0.005081361625343561, "value_loss": 1033.6288757324219, "entropy": 0.5939247310161591, "approx_kl": 0.009455059072934091, "clip_fraction": 0.0777587890625, "grad_norm": 494.4835205078125, "explained_variance": 0.8308671712875366, "action_std_mean": 0.3256426751613617, "optimizer_iterations": 4.0, "lr": 5.9654399999999996e-05}
{"step": 2021376, "wall_time": 1790767187.4304292, "episodes_completed": 9.0, "mean_episode_reward": 220.35256131490073, "std_episode_reward": 310.91578499211937, "min_episode_reward": -10.199700355529785, "max_episode_reward": 851.4526977539062, "mean_episode_length": 77.11111111111111, "success_rate": 0.5555555555555556, "collision_rate": 0.4444444444444444, "out_of_bounds_rate": 0.0, "timeout_rate": 0.0, "policy_loss": 0.0016944860108196735, "value_loss": 1417.1765747070312, "entropy": 0.5939808189868927, "approx_kl": 0.001597360213054344, "clip_fraction": 0.0118408203125, "grad_norm": 560.9350509643555, "explained_variance": 0.7990872263908386, "action_std_mean": 0.32564687728881836, "optimizer_iterations": 4.0, "lr": 5.961344e-05}
{"step": 2023424, "wall_time": 1790767195.8591087, "episodes_completed": 8.0, "mean_episode_reward": 338.1184597015381, "std_episode_reward": 223.49863833903458, "min_episode_reward": 49.2645263671875, "max_episode_reward": 820.5191650390625, "mean_episode_length": 110.875, "success_rate": 0.75, "collision_rate": 0.25, "out_of_bounds_rate": 0.0, "timeout_rate": 0.0, "policy_loss": 0.00536361220292747, "value_loss": 626.1338653564453, "entropy": 0.5939918756484985, "approx_kl": 0.006252933759242296, "clip_fraction": 0.05908203125, "grad_norm": 697.7355422973633, "explained_variance": 0.8761616349220276, "action_std_mean": 0.32564324140548706, "optimizer_iterations": 4.0, "lr": 5.957248e-05}
{"step": 2025472, "wall_time": 1790767204.3715863, "episodes_completed": 8.0, "mean_episode_reward": 183.00727427005768, "std_episode_reward": 267.00875757011653, "min_episode_reward": -4.532904624938965, "max_episode_reward": 863.6058959960938, "mean_episode_length": 61.5, "success_rate": 0.5, "collision_rate": 0.5, "out_of_bounds_rate": 0.0, "timeout_rate": 0.0, "policy_loss": 0.0024215811863541603, "value_loss": 685.9694213867188, "entropy": 0.5939488410949707, "approx_kl": 0.005163008812814951, "clip_fraction": 0.0445556640625, "grad_norm": 320.25800704956055, "explained_variance": 0.8821902275085449, "action_std_mean": 0.325634241104126, "optimizer_iterations": 4.0, "lr": 5.953152e-05}
{"step": 2027520, "wall_time": 1790767212.8216126, "episodes_completed": 5.0, "mean_episode_reward": 204.13043937683105, "std_episode_reward": 152.2973973911599, "min_episode_reward": -9.894784927368164, "max_episode_reward": 357.1783752441406, "mean_episode_length": 95.6, "success_rate": 0.8, "collision_rate": 0.2, "out_of_bounds_rate": 0.0, "timeout_rate": 0.0, "policy_loss": 0.0015904316678643227, "value_loss": 413.6205062866211, "entropy": 0.5939087867736816, "approx_kl": 0.0077941230265423656, "clip_fraction": 0.0631103515625, "grad_norm": 290.53802490234375, "explained_variance": 0.9285266399383545, "action_std_mean": 0.32563483715057373, "optimizer_iterations": 4.0, "lr": 5.949055999999999e-05}
{"step": 2029568, "wall_time": 1790767221.3315873, "episodes_completed": 6.0, "mean_episode_reward": 312.2496081689994, "std_episode_reward": 362.4377942392059, "min_episode_reward": -19.093589782714844, "max_episode_reward": 959.5845336914062, "mean_episode_length": 135.16666666666666, "success_rate": 0.3333333333333333, "collision_rate": 0.5, "out_of_bounds_rate": 0.0, "timeout_rate": 0.16666666666666666, "policy_loss": 0.004571632016450167, "value_loss": 604.6631317138672, "entropy": 0.5939620733261108, "approx_kl": 0.009056200709892437, "clip_fraction": 0.0599365234375, "grad_norm": 290.05958557128906, "explained_variance": 0.9093496203422546, "action_std_mean": 0.3256552815437317, "optimizer_iterations": 4.0, "lr": 5.944960000000001e-05}
{"step": 2031616, "wall_time": 1790767229.9902568, "episodes_completed": 7.0, "mean_episode_reward": 323.18277718339647, "std_episode_reward": 279.2458853033628, "min_episode_reward": 1.604071021080017, "max_episode_reward": 866.0442504882812, "mean_episode_length": 98.0, "success_rate": 0.5714285714285714, "collision_rate": 0.2857142857142857, "out_of_bounds_rate": 0.0, "timeout_rate": 0.14285714285714285, "policy_loss": 0.001402419526129961, "value_loss": 810.3853302001953, "entropy": 0.5940850675106049, "approx_kl": 0.00934513844549656, "clip_fraction": 0.07421875, "grad_norm": 350.9016571044922, "explained_variance": 0.8871644735336304, "action_std_mean": 0.3256681561470032, "optimizer_iterations": 4.0, "lr": 5.940864e-05}
{"step": 2033664, "wall_time": 1790767238.5007958, "episodes_completed": 2.0, "mean_episode_reward": 84.43963813781738, "std_episode_reward": 95.70245170593262, "min_episode_reward": -11.262813568115234, "max_episode_reward": 180.14208984375, "mean_episode_length": 100.5, "success_rate": 0.5, "collision_rate": 0.5, "out_of_bounds_rate": 0.0, "timeout_rate": 0.0, "policy_loss": 0.0015210495330393314, "value_loss": 965.6513519287109, "entropy": 0.5941326022148132, "approx_kl": 0.002315520730917342, "clip_fraction": 0.0223388671875, "grad_norm": 359.15767669677734, "explained_variance": 0.9105862975120544, "action_std_mean": 0.32567083835601807, "optimizer_iterations": 4.0, "lr": 5.936768e-05}
{"step": 2035712, "wall_time": 1790767246.8746355, "episodes_completed": 3.0, "mean_episode_reward": 345.97549761335057, "std_episode_reward": 253.81189485030214, "min_episode_reward": -0.323995441198349, "max_episode_reward": 600.90673828125, "mean_episode_length": 120.66666666666667, "success_rate": 0.3333333333333333, "collision_rate": 0.3333333333333333, "out_of_bounds_rate": 0.0, "timeout_rate": 0.3333333333333333, "policy_loss": 0.00044893872109241784, "value_loss": 1104.3586120605469, "entropy": 0.5941404402256012, "approx_kl": 0.0009865670799626969, "clip_fraction": 0.0076904296875, "grad_norm": 431.0876693725586, "explained_variance": 0.8945903778076172, "action_std_mean": 0.3256703317165375, "optimizer_iterations": 4.0, "lr": 5.9326720000000004e-05}
{"step": 2037760, "wall_time": 1790767255.3242276, "episodes_completed": 10.0, "mean_episode_reward": 250.70935237407684, "std_episode_reward": 223.1600810806758, "min_episode_reward": -9.532989501953125, "max_episode_reward": 715.025146484375, "mean_episode_length": 84.4, "success_rate": 0.6, "collision_rate": 0.3, "out_of_bounds_rate": 0.0, "timeout_rate": 0.1, "policy_loss": 3.145262598991394e-05, "value_loss": 856.0280303955078, "entropy": 0.5941459536552429, "approx_kl": 0.003880701697198674, "clip_fraction": 0.0291748046875, "grad_norm": 554.9914169311523, "explained_variance": 0.856257438659668, "action_std_mean": 0.32567790150642395, "optimizer_iterations": 4.0, "lr": 5.928576e-05}
{"step": 2039808, "wall_time": 1790767263.7444432, "episodes_completed": 4.0, "mean_episode_reward": 205.6106882095337, "std_episode_reward": 232.52230204761617, "min_episode_reward": 17.010948181152344, "max_episode_reward": 599.5225219726562, "mean_episode_length": 92.25, "success_rate": 0.75, "collision_rate": 0.25, "out_of_bounds_rate": 0.0, "timeout_rate": 0.0, "policy_loss": 0.002081119455397129, "value_loss": 1032.94091796875, "entropy": 0.5942097008228302, "approx_kl": 0.005279629840515554, "clip_fraction": 0.063232421875, "grad_norm": 824.9482650756836, "explained_variance": 0.8543834090232849, "action_std_mean": 0.32568633556365967, "optimizer_iterations": 4.0, "lr": 5.92448e-05}
{"step": 2041856, "wall_time": 1790767272.2776945, "episodes_completed": 5.0, "mean_episode_reward": 250.87757034301757, "std_episode_reward": 260.57648208585175, "min_episode_reward": 14.715923309326172, "max_episode_reward": 749.2302856445312, "mean_episode_length": 79.8, "success_rate": 0.8, "collision_rate": 0.2, "out_of_bounds_rate": 0.0, "timeout_rate": 0.0, "policy_loss": 0.0008709859102964401, "value_loss": 666.9588165283203, "entropy": 0.5942554771900177, "approx_kl": 0.0032926874991972, "clip_fraction": 0.0250244140625, "grad_norm": 590.8278045654297, "explained_variance": 0.8994768857955933, "action_std_mean": 0.3256971538066864, "optimizer_iterations": 4.0, "lr": 5.9203840000000014e-05}
{"step": 2043904, "wall_time": 1790767280.8426409, "episodes_completed": 5.0, "mean_episode_reward": 194.80588912963867, "std_episode_reward": 150.5767562317427, "min_episode_reward": 25.412181854248047, "max_episode_reward": 441.0537414550781, "mean_episode_length": 83.4, "success_rate": 0.8, "collision_rate": 0.2, "out_of_bounds_rate": 0.0, "timeout_rate": 0.0, "policy_loss": 0.0008655143901705742, "value_loss": 532.4093627929688, "entropy": 0.5943149328231812, "approx_kl": 0.029977899976074696, "clip_fraction": 0.0771484375, "grad_norm": 213.78584671020508, "explained_variance": 0.919021487236023, "action_std_mean": 0.32569921016693115, "optimizer_iterations": 4.0, "lr": 5.916288000000001e-05}
{"step": 2045952, "wall_time": 1790767289.4264936, "episodes_completed": 6.0, "mean_episode_reward": 176.44561386108398, "std_episode_reward": 190.27359139013635, "min_episode_reward": -9.942728042602539, "max_episode_reward": 445.4565734863281, "mean_episode_length": 60.5, "success_rate": 0.5, "collision_rate": 0.5, "out_of_bounds_rate": 0.0, "timeout_rate": 0.0, "policy_loss": 0.002095610019750893, "value_loss": 512.0222396850586, "entropy": 0.5943208038806915, "approx_kl": 0.0053875861922279, "clip_fraction": 0.0389404296875, "grad_norm": 329.1388282775879, "explained_variance": 0.9220457077026367, "action_std_mean": 0.32570475339889526, "optimizer_iterations": 4.0, "lr": 5.912192000000001e-05}
{"step": 2048000, "wall_time": 1790767298.6315382, "episodes_completed": 8.0, "mean_episode_reward": 166.35665982961655, "std_episode_reward": 173.85166409827104, "min_episode_reward": -20.41937255859375, "max_episode_reward": 473.135009765625, "mean_episode_length": 80.125, "success_rate": 0.625, "collision_rate": 0.375, "out_of_bounds_rate": 0.0, "timeout_rate": 0.0, "policy_loss": 0.009357431903481483, "value_loss": 456.5493469238281, "entropy": 0.5943743288516998, "approx_kl": 0.00743050395976752, "clip_fraction": 0.0479736328125, "grad_norm": 435.49573135375977, "explained_variance": 0.9256696105003357, "action_std_mean": 0.3257147967815399, "optimizer_iterations": 4.0, "lr": 5.908096000000001e-05}
{"step": 2050048, "wall_time": 1790767309.1128397, "episodes_completed": 11.0, "mean_episode_reward": 110.6713567647067, "std_episode_reward": 149.85826476040694, "min_episode_reward": -21.834548950195312, "max_episode_reward": 463.02978515625, "mean_episode_length": 107.54545454545455, "success_rate": 0.45454545454545453, "collision_rate": 0.45454545454545453, "out_of_bounds_rate": 0.0, "timeout_rate": 0.09090909090909091, "policy_loss": 0.004490295425057411, "value_loss": 506.29244232177734, "entropy": 0.5944210290908813, "approx_kl": 0.008356355596333742, "clip_fraction": 0.06884765625, "grad_norm": 488.709041595459, "explained_variance": 0.8965895175933838, "action_std_mean": 0.3257162570953369, "optimizer_iterations": 4.0, "lr": 5.9040000000000004e-05}
{"step": 2052096, "wall_time": 1790767318.7013714, "episodes_completed": 11.0, "mean_episode_reward": 260.7486369393089, "std_episode_reward": 271.4486732183376, "min_episode_reward": -9.970695495605469, "max_episode_reward": 790.8302001953125, "mean_episode_length": 90.63636363636364, "success_rate": 0.6363636363636364, "collision_rate": 0.36363636363636365, "out_of_bounds_rate": 0.0, "timeout_rate": 0.0, "policy_loss": 0.0031140742357820272, "value_loss": 444.60267639160156, "entropy": 0.5944088101387024, "approx_kl": 0.005095943226478994, "clip_fraction": 0.0513916015625, "grad_norm": 510.7649917602539, "explained_variance": 0.8923038244247437, "action_std_mean": 0.32571113109588623, "optimizer_iterations": 4.0, "lr": 5.8999040000000005e-05}
{"step": 2054144, "wall_time": 1790767327.8303623, "episodes_completed": 3.0, "mean_episode_reward": 137.32282257080078, "std_episode_reward": 144.09418939812392, "min_episode_reward": 23.329998016357422, "max_episode_reward": 340.60296630859375, "mean_episode_length": 71.0, "success_rate": 0.3333333333333333, "collision_rate": 0.6666666666666666, "out_of_bounds_rate": 0.0, "timeout_rate": 0.0, "policy_loss": 0.02745147980749607, "value_loss": 608.9183502197266, "entropy": 0.5943752527236938, "approx_kl": 0.03130187466740608, "clip_fraction": 0.0946044921875, "grad_norm": 1321.0486450195312, "explained_variance": 0.8863493800163269, "action_std_mean": 0.3257060945034027, "optimizer_iterations": 4.0, "lr": 5.8958080000000006e-05}
{"step": 2056192, "wall_time": 1790767337.821282, "episodes_completed": 9.0, "mean_episode_reward": 137.67594559987387, "std_episode_reward": 173.64948323300794, "min_episode_reward": -10.021120071411133, "max_episode_reward": 507.69500732421875, "mean_episode_length": 75.66666666666667, "success_rate": 0.4444444444444444, "collision_rate": 0.5555555555555556, "out_of_bounds_rate": 0.0, "timeout_rate": 0.0, "policy_loss": -0.0018632691353559494, "value_loss": 518.4174041748047, "entropy": 0.5943492949008942, "approx_kl": 0.010684033390134573, "clip_fraction": 0.0574951171875, "grad_norm": 309.2372512817383, "explained_variance": 0.8980540037155151, "action_std_mean": 0.32570210099220276, "optimizer_iterations": 4.0, "lr": 5.891712e-05}
{"step": 2058240, "wall_time": 1790767346.8701699, "episodes_completed": 5.0, "mean_episode_reward": 185.43125076293944, "std_episode_reward": 232.18633575881375, "min_episode_reward": -23.04369354248047, "max_episode_reward": 507.61334228515625, "mean_episode_length": 102.2, "success_rate": 0.2, "collision_rate": 0.8, "out_of_bounds_rate": 0.0, "timeout_rate": 0.0, "policy_loss": 0.0012611005222424865, "value_loss": 768.2917175292969, "entropy": 0.5943300127983093, "approx_kl": 0.008780765172559768, "clip_fraction": 0.049560546875, "grad_norm": 389.3578414916992, "explained_variance": 0.9122211933135986, "action_std_mean": 0.3257030248641968, "optimizer_iterations": 4.0, "lr": 5.887616e-05}
{"step": 2060288, "wall_time": 1790767355.743474, "episodes_completed": 7.0, "mean_episode_reward": 291.71376732417514, "std_episode_reward": 200.63558182112885, "min_episode_reward": -6.369076728820801, "max_episode_reward": 524.8609619140625, "mean_episode_length": 121.85714285714286, "success_rate": 0.7142857142857143, "collision_rate": 0.2857142857142857, "out_of_bounds_rate": 0.0, "timeout_rate": 0.0, "policy_loss": 0.005109825637191534, "value_loss": 610.9653472900391, "entropy": 0.5943538844585419, "approx_kl": 0.007442243455443531, "clip_fraction": 0.0648193359375, "grad_norm": 417.5919952392578, "explained_variance": 0.8928175568580627, "action_std_mean": 0.3257106840610504, "optimizer_iterations": 4.0, "lr": 5.88352e-05}
{"step": 2062336, "wall_time": 1790767364.8385415, "episodes_completed": 1.0, "mean_episode_reward": 549.74951171875, "std_episode_reward": 0.0, "min_episode_reward": 549.74951171875, "max_episode_reward": 549.74951171875, "mean_episode_length": 189.0, "success_rate": 1.0, "collision_rate": 0.0, "out_of_bounds_rate": 0.0, "timeout_rate": 0.0, "policy_loss": 0.002647198736667633, "value_loss": 379.7041244506836, "entropy": 0.5944022238254547, "approx_kl": 0.005433121754322201, "clip_fraction": 0.0572509765625, "grad_norm": 394.7645454406738, "explained_variance": 0.9329809546470642, "action_std_mean": 0.3257162570953369, "optimizer_iterations": 4.0, "lr": 5.879424e-05}
{"step": 2064384, "wall_time": 1790767373.7377098, "episodes_completed": 8.0, "mean_episode_reward": 98.69881322234869, "std_episode_reward": 110.38042198529611, "min_episode_reward": -0.468950092792511, "max_episode_reward": 327.4618225097656, "mean_episode_length": 67.875, "success_rate": 0.375, "collision_rate": 0.375, "out_of_bounds_rate": 0.0, "timeout_rate": 0.25, "policy_loss": 0.0026436251355335116, "value_loss": 382.0460968017578, "entropy": 0.5944275856018066, "approx_kl": 0.0031304645526688546, "clip_fraction": 0.0150146484375, "grad_norm": 324.9569969177246, "explained_variance": 0.9081288576126099, "action_std_mean": 0.32572141289711, "optimizer_iterations": 4.0, "lr": 5.875328e-05}
{"step": 2066432, "wall_time": 1790767383.0332043, "episodes_completed": 4.0, "mean_episode_reward": 223.84045124053955, "std_episode_reward": 374.7942526563514, "min_episode_reward": -6.83738899230957, "max_episode_reward": 872.8214111328125, "mean_episode_length": 102.75, "success_rate": 0.5, "collision_rate": 0.5, "out_of_bounds_rate": 0.0, "timeout_rate": 0.0, "policy_loss": 0.0028205281123518944, "value_loss": 808.7482604980469, "entropy": 0.5944746434688568, "approx_kl": 0.004019218496978283, "clip_fraction": 0.0462646484375, "grad_norm": 325.37926483154297, "explained_variance": 0.9066838026046753, "action_std_mean": 0.32573437690734863, "optimizer_iterations": 4.0, "lr": 5.871232e-05}
{"step": 2068480, "wall_time": 1790767391.9548235, "episodes_completed": 4.0, "mean_episode_reward": 88.58083766698837, "std_episode_reward": 132.1376252017794, "min_episode_reward": 2.3419997692108154, "max_episode_reward": 317.1898193359375, "mean_episode_length": 106.0, "success_rate": 0.5, "collision_rate": 0.25, "out_of_bounds_rate": 0.0, "timeout_rate": 0.25, "policy_loss": 0.0035359691828489304, "value_loss": 731.5308532714844, "entropy": 0.5945722460746765, "approx_kl": 0.006680969323497266, "clip_fraction": 0.058349609375, "grad_norm": 483.87774658203125, "explained_variance": 0.9052926898002625, "action_std_mean": 0.3257526755332947, "optimizer_iterations": 4.0, "lr": 5.867136e-05}
{"step": 2070528, "wall_time": 1790767401.6013172, "episodes_completed": 5.0, "mean_episode_reward": 176.0213056564331, "std_episode_reward": 183.20741765213472, "min_episode_reward": -9.996243476867676, "max_episode_reward": 454.9605407714844, "mean_episode_length": 62.6, "success_rate": 0.8, "collision_rate": 0.2, "out_of_bounds_rate": 0.0, "timeout_rate": 0.0, "policy_loss": 0.0005131332436576486, "value_loss": 679.3539581298828, "entropy": 0.594683825969696, "approx_kl": 0.004286615934688598, "clip_fraction": 0.025146484375, "grad_norm": 483.7688751220703, "explained_variance": 0.9064565896987915, "action_std_mean": 0.32576924562454224, "optimizer_iterations": 4.0, "lr": 5.8630399999999993e-05}
{"step": 2072576, "wall_time": 1790767411.1467767, "episodes_completed": 3.0, "mean_episode_reward": 10.70801862080892, "std_episode_reward": 12.657987203017711, "min_episode_reward": -5.699463844299316, "max_episode_reward": 25.111183166503906, "mean_episode_length": 60.333333333333336, "success_rate": 0.3333333333333333, "collision_rate": 0.3333333333333333, "out_of_bounds_rate": 0.0, "timeout_rate": 0.3333333333333333, "policy_loss": 0.0005580075085163116, "value_loss": 1003.8309326171875, "entropy": 0.594775527715683, "approx_kl": 0.005370758997742087, "clip_fraction": 0.04833984375, "grad_norm": 828.2862319946289, "explained_variance": 0.8778148889541626, "action_std_mean": 0.32578152418136597, "optimizer_iterations": 4.0, "lr": 5.8589439999999994e-05}
{"step": 2074624, "wall_time": 1790767420.8248975, "episodes_completed": 4.0, "mean_episode_reward": 339.4568428993225, "std_episode_reward": 199.8709092895589, "min_episode_reward": 16.003183364868164, "max_episode_reward": 549.0150756835938, "mean_episode_length": 162.5, "success_rate": 0.75, "collision_rate": 0.25, "out_of_bounds_rate": 0.0, "timeout_rate": 0.0, "policy_loss": 0.0023541832342743874, "value_loss": 566.5876617431641, "entropy": 0.5948461294174194, "approx_kl": 0.004090199538040906, "clip_fraction": 0.0299072265625, "grad_norm": 646.9265289306641, "explained_variance": 0.9141711592674255, "action_std_mean": 0.3257937431335449, "optimizer_iterations": 4.0, "lr": 5.854848e-05}
{"step": 2076672, "wall_time": 1790767430.1454053, "episodes_completed": 5.0, "mean_episode_reward": 234.14326143860816, "std_episode_reward": 239.37348982924345, "min_episode_reward": -0.28371569514274597, "max_episode_reward": 655.3084106445312, "mean_episode_length": 79.6, "success_rate": 0.2, "collision_rate": 0.6, "out_of_bounds_rate": 0.0, "timeout_rate": 0.2, "policy_loss": 0.004851510748267174, "value_loss": 859.0476989746094, "entropy": 0.5949197113513947, "approx_kl": 0.011979779228568077, "clip_fraction": 0.062255859375, "grad_norm": 583.521614074707, "explained_variance": 0.8865785598754883, "action_std_mean": 0.3258039355278015, "optimizer_iterations": 4.0, "lr": 5.850752e-05}
{"step": 2078720, "wall_time": 1790767439.5761178, "episodes_completed": 4.0, "mean_episode_reward": 271.8382873535156, "std_episode_reward": 152.48602489324844, "min_episode_reward": 91.63607788085938, "max_episode_reward": 513.9405517578125, "mean_episode_length": 97.0, "success_rate": 0.75, "collision_rate": 0.25, "out_of_bounds_rate": 0.0, "timeout_rate": 0.0, "policy_loss": 0.013225174508988857, "value_loss": 601.7903594970703, "entropy": 0.5949572324752808, "approx_kl": 0.011793683283030987, "clip_fraction": 0.08203125, "grad_norm": 366.41962814331055, "explained_variance": 0.9222365021705627, "action_std_mean": 0.32579511404037476, "optimizer_iterations": 4.0, "lr": 5.8466560000000004e-05}
{"step": 2080768, "wall_time": 1790767449.0831413, "episodes_completed": 6.0, "mean_episode_reward": 152.8834597269694, "std_episode_reward": 192.2870804544541, "min_episode_reward": -9.897933959960938, "max_episode_reward": 496.9173583984375, "mean_episode_length": 50.5, "success_rate": 0.16666666666666666, "collision_rate": 0.8333333333333334, "out_of_bounds_rate": 0.0, "timeout_rate": 0.0, "policy_loss": 0.0079027502797544, "value_loss": 362.53649139404297, "entropy": 0.5948584079742432, "approx_kl": 0.004803632153198123, "clip_fraction": 0.0401611328125, "grad_norm": 730.7001247406006, "explained_variance": 0.8969937562942505, "action_std_mean": 0.32577836513519287, "optimizer_iterations": 4.0, "lr": 5.8425600000000005e-05}
{"step": 2082816, "wall_time": 1790767458.7125676, "episodes_completed": 4.0, "mean_episode_reward": 201.22287751361728, "std_episode_reward": 347.4988766365269, "min_episode_reward": 0.10279776155948639, "max_episode_reward": 803.10791015625, "mean_episode_length": 144.25, "success_rate": 0.25, "collision_rate": 0.0, "out_of_bounds_rate": 0.0, "timeout_rate": 0.75, "policy_loss": 0.0013928301632404327, "value_loss": 547.4432525634766, "entropy": 0.5947764217853546, "approx_kl": 0.014754183357581496, "clip_fraction": 0.0740966796875, "grad_norm": 343.81042861938477, "explained_variance": 0.9261685609817505, "action_std_mean": 0.3257662355899811, "optimizer_iterations": 4.0, "lr": 5.838464e-05}
{"step": 2084864, "wall_time": 1790767468.2778904, "episodes_completed": 4.0, "mean_episode_reward": 286.1287851333618, "std_episode_reward": 310.79920368369153, "min_episode_reward": -19.544193267822266, "max_episode_reward": 731.7632446289062, "mean_episode_length": 162.5, "success_rate": 0.5, "collision_rate": 0.5, "out_of_bounds_rate": 0.0, "timeout_rate": 0.0, "policy_loss": -0.0016003157943487167, "value_loss": 529.9049377441406, "entropy": 0.5946818590164185, "approx_kl": 0.03299865033477545, "clip_fraction": 0.037353515625, "grad_norm": 409.0774612426758, "explained_variance": 0.9237537384033203, "action_std_mean": 0.32574260234832764, "optimizer_iterations": 4.0, "lr": 5.834368e-05}
{"step": 2086912, "wall_time": 1790767477.7675269, "episodes_completed": 4.0, "mean_episode_reward": 275.1503143310547, "std_episode_reward": 158.8097217151624, "min_episode_reward": 18.421600341796875, "max_episode_reward": 443.3067932128906, "mean_episode_length": 123.5, "success_rate": 0.75, "collision_rate": 0.25, "out_of_bounds_rate": 0.0, "timeout_rate": 0.0, "policy_loss": 0.003361038863658905, "value_loss": 617.9524230957031, "entropy": 0.5945084691047668, "approx_kl": 0.010659088147804141, "clip_fraction": 0.078857421875, "grad_norm": 283.77954483032227, "explained_variance": 0.902229368686676, "action_std_mean": 0.32571107149124146, "optimizer_iterations": 4.0, "lr": 5.830272000000001e-05}
{"step": 2088960, "wall_time": 1790767487.4417422, "episodes_completed": 5.0, "mean_episode_reward": 95.03402004241943, "std_episode_reward": 92.57877411744299, "min_episode_reward": 4.950165748596191, "max_episode_reward": 267.06182861328125, "mean_episode_length": 66.4, "success_rate": 0.4, "collision_rate": 0.6, "out_of_bounds_rate": 0.0, "timeout_rate": 0.0, "policy_loss": 0.01048615318723023, "value_loss": 878.6660766601562, "entropy": 0.5943276584148407, "approx_kl": 0.03388494858518243, "clip_fraction": 0.068359375, "grad_norm": 551.068717956543, "explained_variance": 0.8712234497070312, "action_std_mean": 0.3256875276565552, "optimizer_iterations": 4.0, "lr": 5.826176000000001e-05}
{"step": 2091008, "wall_time": 1790767497.309195, "episodes_completed": 7.0, "mean_episode_reward": 149.46819373539515, "std_episode_reward": 223.72441222053433, "min_episode_reward": -9.922737121582031, "max_episode_reward": 660.48291015625, "mean_episode_length": 87.28571428571429, "success_rate": 0.42857142857142855, "collision_rate": 0.42857142857142855, "out_of_bounds_rate": 0.0, "timeout_rate": 0.14285714285714285, "policy_loss": 0.0034508267417550087, "value_loss": 789.9139099121094, "entropy": 0.5941920876502991, "approx_kl": 0.020996489794924855, "clip_fraction": 0.0673828125, "grad_norm": 784.656120300293, "explained_variance": 0.8851139545440674, "action_std_mean": 0.32566165924072266, "optimizer_iterations": 4.0, "lr": 5.822080000000001e-05}
{"step": 2093056, "wall_time": 1790767506.8535364, "episodes_completed": 6.0, "mean_episode_reward": 105.7658732732137, "std_episode_reward": 165.50051517073496, "min_episode_reward": -10.065495491027832, "max_episode_reward": 435.24853515625, "mean_episode_length": 47.5, "success_rate": 0.3333333333333333, "collision_rate": 0.6666666666666666, "out_of_bounds_rate": 0.0, "timeout_rate": 0.0, "policy_loss": 0.003763972781598568, "value_loss": 668.0336303710938, "entropy": 0.594011664390564, "approx_kl": 0.006097697245422751, "clip_fraction": 0.0360107421875, "grad_norm": 431.3729248046875, "explained_variance": 0.9069572687149048, "action_std_mean": 0.32562610507011414, "optimizer_iterations": 4.0, "lr": 5.8179840000000004e-05}
{"step": 2095104, "wall_time": 1790767516.373109, "episodes_completed": 11.0, "mean_episode_reward": 135.9862752827731, "std_episode_reward": 227.91507381900186, "min_episode_reward": -10.071157455444336, "max_episode_reward": 718.6107177734375, "mean_episode_length": 70.0909090909091, "success_rate": 0.5454545454545454, "collision_rate": 0.36363636363636365, "out_of_bounds_rate": 0.0, "timeout_rate": 0.09090909090909091, "policy_loss": 0.002467389451339841, "value_loss": 643.3392486572266, "entropy": 0.593758761882782, "approx_kl": 0.005943081341683865, "clip_fraction": 0.0465087890625, "grad_norm": 316.2861137390137, "explained_variance": 0.898204505443573, "action_std_mean": 0.3255796432495117, "optimizer_iterations": 4.0, "lr": 5.8138880000000005e-05}
{"step": 2097152, "wall_time": 1790767526.8005545, "episodes_completed": 3.0, "mean_episode_reward": 181.2866439819336, "std_episode_reward": 221.665142220789, "min_episode_reward": -42.196868896484375, "max_episode_reward": 483.40826416015625, "mean_episode_length": 82.33333333333333, "success_rate": 0.6666666666666666, "collision_rate": 0.3333333333333333, "out_of_bounds_rate": 0.0, "timeout_rate": 0.0, "policy_loss": 0.007121492177248001, "value_loss": 576.6174468994141, "entropy": 0.593485027551651, "approx_kl": 0.01421883306466043, "clip_fraction": 0.0498046875, "grad_norm": 302.05995178222656, "explained_variance": 0.9160881638526917, "action_std_mean": 0.3255385458469391, "optimizer_iterations": 4.0, "lr": 5.8097920000000006e-05}
{"step": 2099200, "wall_time": 1790767536.840539, "episodes_completed": 6.0, "mean_episode_reward": 147.25637594858804, "std_episode_reward": 143.44224264478112, "min_episode_reward": -10.071887969970703, "max_episode_reward": 342.49310302734375, "mean_episode_length": 97.5, "success_rate": 0.6666666666666666, "collision_rate": 0.3333333333333333, "out_of_bounds_rate": 0.0, "timeout_rate": 0.0, "policy_loss": -0.000990239903330803, "value_loss": 465.77149963378906, "entropy": 0.5932492315769196, "approx_kl": 0.003151309647364542, "clip_fraction": 0.0244140625, "grad_norm": 482.02576065063477, "explained_variance": 0.9291573166847229, "action_std_mean": 0.3255065083503723, "optimizer_iterations": 4.0, "lr": 5.805696000000001e-05}
{"step": 2101248, "wall_time": 1790767545.5241406, "episodes_completed": 3.0, "mean_episode_reward": 165.48215746879578, "std_episode_reward": 226.36785515618925, "min_episode_reward": -1.349700689315796, "max_episode_reward": 485.5179443359375, "mean_episode_length": 93.0, "success_rate": 0.3333333333333333, "collision_rate": 0.3333333333333333, "out_of_bounds_rate": 0.0, "timeout_rate": 0.3333333333333333, "policy_loss": 0.003150699660181999, "value_loss": 796.6569976806641, "entropy": 0.5930742621421814, "approx_kl": 0.00732016284018755, "clip_fraction": 0.043701171875, "grad_norm": 375.98382568359375, "explained_variance": 0.9069685935974121, "action_std_mean": 0.3254813551902771, "optimizer_iterations": 4.0, "lr": 5.8016e-05}
{"step": 2103296, "wall_time": 1790767554.6297607, "episodes_completed": 7.0, "mean_episode_reward": 208.52058873857771, "std_episode_reward": 213.0116435862734, "min_episode_reward": -5.435506820678711, "max_episode_reward": 598.4674682617188, "mean_episode_length": 76.85714285714286, "success_rate": 0.7142857142857143, "collision_rate": 0.2857142857142857, "out_of_bounds_rate": 0.0, "timeout_rate": 0.0, "policy_loss": 0.0025842434260994196, "value_loss": 577.5717163085938, "entropy": 0.5929210782051086, "approx_kl": 0.007008640968706459, "clip_fraction": 0.0758056640625, "grad_norm": 293.5395317077637, "explained_variance": 0.8952648639678955, "action_std_mean": 0.3254603445529938, "optimizer_iterations": 4.0, "lr": 5.797504e-05}
{"step": 2105344, "wall_time": 1790767563.1693392, "episodes_completed": 14.0, "mean_episode_reward": 128.8429459163121, "std_episode_reward": 174.8541548182665, "min_episode_reward": -9.98534870147705, "max_episode_reward": 561.4849853515625, "mean_episode_length": 62.0, "success_rate": 0.35714285714285715, "collision_rate": 0.6428571428571429, "out_of_bounds_rate": 0.0, "timeout_rate": 0.0, "policy_loss": 0.0019266079762019217, "value_loss": 653.2754821777344, "entropy": 0.5928357243537903, "approx_kl": 0.010218079201877117, "clip_fraction": 0.031005859375, "grad_norm": 673.8111305236816, "explained_variance": 0.8856249451637268, "action_std_mean": 0.325464129447937, "optimizer_iterations": 4.0, "lr": 5.7934080000000004e-05}
{"step": 2107392, "wall_time": 1790767571.5913599, "episodes_completed": 9.0, "mean_episode_reward": 292.88512403435175, "std_episode_reward": 260.20729047978006, "min_episode_reward": 1.4797042608261108, "max_episode_reward": 652.9722900390625, "mean_episode_length": 118.0, "success_rate": 0.2222222222222222, "collision_rate": 0.6666666666666666, "out_of_bounds_rate": 0.0, "timeout_rate": 0.1111111111111111, "policy_loss": 0.017285712528973818, "value_loss": 846.0726776123047, "entropy": 0.5929076373577118, "approx_kl": 0.051116339629516006, "clip_fraction": 0.1121826171875, "grad_norm": 1140.3188934326172, "explained_variance": 0.8403894305229187, "action_std_mean": 0.32547837495803833, "optimizer_iterations": 4.0, "lr": 5.789312e-05}
{"step": 2109440, "wall_time": 1790767580.1294212, "episodes_completed": 7.0, "mean_episode_reward": 253.0271876880101, "std_episode_reward": 274.31215010429236, "min_episode_reward": -4.374635219573975, "max_episode_reward": 704.900634765625, "mean_episode_length": 118.85714285714286, "success_rate": 0.5714285714285714, "collision_rate": 0.42857142857142855, "out_of_bounds_rate": 0.0, "timeout_rate": 0.0, "policy_loss": 0.018226744141429663, "value_loss": 730.4587097167969, "entropy": 0.5929798483848572, "approx_kl": 0.19491887465119362, "clip_fraction": 0.095703125, "grad_norm": 1287.1393737792969, "explained_variance": 0.8804928660392761, "action_std_mean": 0.32548588514328003, "optimizer_iterations": 4.0, "lr": 5.785216e-05}
{"step": 2111488, "wall_time": 1790767588.7114544, "episodes_completed": 5.0, "mean_episode_reward": 69.32183837890625, "std_episode_reward": 38.298459097491744, "min_episode_reward": 23.274219512939453, "max_episode_reward": 112.15119934082031, "mean_episode_length": 66.4, "success_rate": 0.6, "collision_rate": 0.4, "out_of_bounds_rate": 0.0, "timeout_rate": 0.0, "policy_loss": 0.011020451784133911, "value_loss": 913.2454071044922, "entropy": 0.5930073857307434, "approx_kl": 0.0634536724537611, "clip_fraction": 0.0885009765625, "grad_norm": 478.13944244384766, "explained_variance": 0.880048394203186, "action_std_mean": 0.3254852890968323, "optimizer_iterations": 4.0, "lr": 5.78112e-05}
{"step": 2113536, "wall_time": 1790767597.117546, "episodes_completed": 5.0, "mean_episode_reward": 195.10918693542482, "std_episode_reward": 132.73638567908773, "min_episode_reward": 14.383794784545898, "max_episode_reward": 360.3553466796875, "mean_episode_length": 69.2, "success_rate": 0.8, "collision_rate": 0.2, "out_of_bounds_rate": 0.0, "timeout_rate": 0.0, "policy_loss": 0.009632800705730915, "value_loss": 831.1038513183594, "entropy": 0.5929976403713226, "approx_kl": 0.013695016503334045, "clip_fraction": 0.060546875, "grad_norm": 436.3284683227539, "explained_variance": 0.8913167119026184, "action_std_mean": 0.32548511028289795, "optimizer_iterations": 4.0, "lr": 5.777024e-05}
{"step": 2115584, "wall_time": 1790767605.7169182, "episodes_completed": 8.0, "mean_episode_reward": 145.90024584531784, "std_episode_reward": 185.2600530785409, "min_episode_reward": -9.88927173614502, "max_episode_reward": 433.68096923828125, "mean_episode_length": 77.25, "success_rate": 0.5, "collision_rate": 0.5, "out_of_bounds_rate": 0.0, "timeout_rate": 0.0, "policy_loss": 0.012922137975692749, "value_loss": 687.2756805419922, "entropy": 0.5930056571960449, "approx_kl": 0.019179354887455702, "clip_fraction": 0.1246337890625, "grad_norm": 617.942008972168, "explained_variance": 0.9015325307846069, "action_std_mean": 0.32549044489860535, "optimizer_iterations": 4.0, "lr": 5.7729279999999995e-05}
{"step": 2117632, "wall_time": 1790767614.3015053, "episodes_completed": 4.0, "mean_episode_reward": 96.93517661094666, "std_episode_reward": 196.0624916608556, "min_episode_reward": -26.27848243713379, "max_episode_reward": 436.35516357421875, "mean_episode_length": 114.75, "success_rate": 0.0, "collision_rate": 1.0, "out_of_bounds_rate": 0.0, "timeout_rate": 0.0, "policy_loss": 0.0007843333296477795, "value_loss": 826.2174835205078, "entropy": 0.5930519998073578, "approx_kl": 0.005896409275010228, "clip_fraction": 0.06494140625, "grad_norm": 531.206298828125, "explained_variance": 0.8884626626968384, "action_std_mean": 0.3254967927932739, "optimizer_iterations": 4.0, "lr": 5.7688319999999996e-05}
{"step": 2119680, "wall_time": 1790767622.9426758, "episodes_completed": 7.0, "mean_episode_reward": 337.6219975607736, "std_episode_reward": 370.20841481047535, "min_episode_reward": -0.2121715545654297, "max_episode_reward": 945.6575927734375, "mean_episode_length": 168.85714285714286, "success_rate": 0.5714285714285714, "collision_rate": 0.42857142857142855, "out_of_bounds_rate": 0.0, "timeout_rate": 0.0, "policy_loss": -0.00012305192649364471, "value_loss": 739.3414764404297, "entropy": 0.5930914878845215, "approx_kl": 0.0036161982861813158, "clip_fraction": 0.01904296875, "grad_norm": 413.68865966796875, "explained_variance": 0.89946448802948, "action_std_mean": 0.325509250164032, "optimizer_iterations": 4.0, "lr": 5.764736e-05}
{"step": 2121728, "wall_time": 1790767631.4295096, "episodes_completed": 6.0, "mean_episode_reward": 204.4822465578715, "std_episode_reward": 196.5771105516553, "min_episode_reward": -10.16760540008545, "max_episode_reward": 578.3416137695312, "mean_episode_length": 80.0, "success_rate": 0.6666666666666666, "collision_rate": 0.3333333333333333, "out_of_bounds_rate": 0.0, "timeout_rate": 0.0, "policy_loss": 0.003198169404640794, "value_loss": 913.4289855957031, "entropy": 0.5931916534900665, "approx_kl": 0.011612213449552655, "clip_fraction": 0.04541015625, "grad_norm": 626.8482208251953, "explained_variance": 0.8741344809532166, "action_std_mean": 0.3255278468132019, "optimizer_iterations": 4.0, "lr": 5.7606400000000005e-05}
{"step": 2123776, "wall_time": 1790767639.8366947, "episodes_completed": 6.0, "mean_episode_reward": 315.95951143900555, "std_episode_reward": 185.10172981645496, "min_episode_reward": 61.26228713989258, "max_episode_reward": 540.6832885742188, "mean_episode_length": 121.16666666666667, "success_rate": 0.6666666666666666, "collision_rate": 0.3333333333333333, "out_of_bounds_rate": 0.0, "timeout_rate": 0.0, "policy_loss": 0.006342731416225433, "value_loss": 424.2558898925781, "entropy": 0.5933053195476532, "approx_kl": 0.014095024671405554, "clip_fraction": 0.068115234375, "grad_norm": 401.8331527709961, "explained_variance": 0.9169242978096008, "action_std_mean": 0.3255491554737091, "optimizer_iterations": 4.0, "lr": 5.7565440000000006e-05}
{"step": 2125824, "wall_time": 1790767648.5924408, "episodes_completed": 11.0, "mean_episode_reward": 183.14087442918256, "std_episode_reward": 159.08037699140215, "min_episode_reward": -12.320531845092773, "max_episode_reward": 419.9603576660156, "mean_episode_length": 68.18181818181819, "success_rate": 0.5454545454545454, "collision_rate": 0.45454545454545453, "out_of_bounds_rate": 0.0, "timeout_rate": 0.0, "policy_loss": -0.0010319924913346767, "value_loss": 787.5586090087891, "entropy": 0.5934428572654724, "approx_kl": 0.00624054652871564, "clip_fraction": 0.0416259765625, "grad_norm": 629.3769683837891, "explained_variance": 0.8509039878845215, "action_std_mean": 0.325569212436676, "optimizer_iterations": 4.0, "lr": 5.752448e-05}
{"step": 2127872, "wall_time": 1790767657.1541665, "episodes_completed": 7.0, "mean_episode_reward": 241.03135217939104, "std_episode_reward": 241.3420157331818, "min_episode_reward": 3.4177112579345703, "max_episode_reward": 700.60009765625, "mean_episode_length": 114.71428571428571, "success_rate": 0.42857142857142855, "collision_rate": 0.42857142857142855, "out_of_bounds_rate": 0.0, "timeout_rate": 0.14285714285714285, "policy_loss": 0.0009964306955225766, "value_loss": 743.2733612060547, "entropy": 0.5935544073581696, "approx_kl": 0.004262519301846623, "clip_fraction": 0.0474853515625, "grad_norm": 400.5535888671875, "explained_variance": 0.9018405675888062, "action_std_mean": 0.32558441162109375, "optimizer_iterations": 4.0, "lr": 5.748352e-05}
{"step": 2129920, "wall_time": 1790767665.5264382, "episodes_completed": 5.0, "mean_episode_reward": 293.3225578308105, "std_episode_reward": 246.15811544156193, "min_episode_reward": 35.899173736572266, "max_episode_reward": 693.0823364257812, "mean_episode_length": 118.8, "success_rate": 0.6, "collision_rate": 0.4, "out_of_bounds_rate": 0.0, "timeout_rate": 0.0, "policy_loss": 0.002078399993479252, "value_loss": 708.7627716064453, "entropy": 0.5936263799667358, "approx_kl": 0.006191203952766955, "clip_fraction": 0.0367431640625, "grad_norm": 542.5175132751465, "explained_variance": 0.8865417838096619, "action_std_mean": 0.32558774948120117, "optimizer_iterations": 4.0, "lr": 5.744256e-05}
