{"step": 8000, "wall_time": 1790157251.9344058, "episodes_completed": 76, "mean_episode_reward": -30.932086317162764, "std_episode_reward": 10.09474533018781, "min_episode_reward": -50.14083480834961, "max_episode_reward": 4.029043197631836, "mean_episode_length": 71.13157894736842, "success_rate": 0.0, "collision_rate": 1.0, "out_of_bounds_rate": 0.0, "timeout_rate": 0.0, "policy_loss": 0.1393959098458275, "value_loss": 47.64438343048096, "entropy": 0.8387232571840286, "approx_kl": 0.5269169583916664, "clip_fraction": 0.6454062759876251, "grad_norm": 20.817842483520508, "explained_variance": -4.124641418457031e-05, "action_std_mean": 0.36828476190567017}
{"step": 16000, "wall_time": 1790157284.014927, "episodes_completed": 109, "mean_episode_reward": -29.096215983049586, "std_episode_reward": 8.076304990036798, "min_episode_reward": -50.222267150878906, "max_episode_reward": -10.91164779663086, "mean_episode_length": 54.44954128440367, "success_rate": 0.0, "collision_rate": 1.0, "out_of_bounds_rate": 0.0, "timeout_rate": 0.0, "policy_loss": 0.0363786626532665, "value_loss": 61.50066566467285, "entropy": 0.8408067226409912, "approx_kl": 0.03911450132727623, "clip_fraction": 0.38865627348423004, "grad_norm": 31.95625066757202, "explained_variance": -0.0007612705230712891, "action_std_mean": 0.36862748861312866}
{"step": 24000, "wall_time": 1790157314.0633037, "episodes_completed": 68, "mean_episode_reward": -30.709372450323666, "std_episode_reward": 8.859330367342414, "min_episode_reward": -65.64151000976562, "max_episode_reward": -14.787778854370117, "mean_episode_length": 86.76470588235294, "success_rate": 0.0, "collision_rate": 1.0, "out_of_bounds_rate": 0.0, "timeout_rate": 0.0, "policy_loss": 0.016479806795715923, "value_loss": 42.17152786254883, "entropy": 0.8424964547157288, "approx_kl": 0.025847409386187792, "clip_fraction": 0.3525312691926956, "grad_norm": 27.35578441619873, "explained_variance": 0.00032699108123779297, "action_std_mean": 0.36889055371284485}
{"step": 32000, "wall_time": 1790157344.4594514, "episodes_completed": 54, "mean_episode_reward": -28.112392566822194, "std_episode_reward": 10.531914369530393, "min_episode_reward": -61.007659912109375, "max_episode_reward": -2.385986328125, "mean_episode_length": 82.87037037037037, "success_rate": 0.0, "collision_rate": 1.0, "out_of_bounds_rate": 0.0, "timeout_rate": 0.0, "policy_loss": 0.1246064464598895, "value_loss": 26.93562650680542, "entropy": 0.8437709957361221, "approx_kl": 0.361447311937809, "clip_fraction": 0.6603750288486481, "grad_norm": 20.458222270011902, "explained_variance": -0.0010106563568115234, "action_std_mean": 0.36907723546028137}
{"step": 40000, "wall_time": 1790157374.272197, "episodes_completed": 83, "mean_episode_reward": -28.99770856190877, "std_episode_reward": 12.95270343824356, "min_episode_reward": -59.98116683959961, "max_episode_reward": 51.98069381713867, "mean_episode_length": 66.144578313253, "success_rate": 0.012048192771084338, "collision_rate": 0.9879518072289156, "out_of_bounds_rate": 0.0, "timeout_rate": 0.0, "policy_loss": 0.09313989862799649, "value_loss": 45.296939849853516, "entropy": 0.8446939885616302, "approx_kl": 0.17754033207893372, "clip_fraction": 0.6113437861204147, "grad_norm": 31.36151885986328, "explained_variance": 0.00026100873947143555, "action_std_mean": 0.3692610263824463}
{"step": 48000, "wall_time": 1790157404.9225373, "episodes_completed": 74, "mean_episode_reward": -29.915209924852526, "std_episode_reward": 7.870890014396048, "min_episode_reward": -54.64838409423828, "max_episode_reward": -17.180465698242188, "mean_episode_length": 60.82432432432432, "success_rate": 0.0, "collision_rate": 1.0, "out_of_bounds_rate": 0.0, "timeout_rate": 0.0, "policy_loss": 0.05316074813902372, "value_loss": 38.29294013977051, "entropy": 0.8458291888237, "approx_kl": 0.07349495589733124, "clip_fraction": 0.5253750085830688, "grad_norm": 37.89539074897766, "explained_variance": 0.00040590763092041016, "action_std_mean": 0.3694843351840973}
{"step": 56000, "wall_time": 1790157435.719849, "episodes_completed": 67, "mean_episode_reward": -29.73381099416249, "std_episode_reward": 10.4572524774478, "min_episode_reward": -54.22052001953125, "max_episode_reward": 7.40666389465332, "mean_episode_length": 88.55223880597015, "success_rate": 0.0, "collision_rate": 1.0, "out_of_bounds_rate": 0.0, "timeout_rate": 0.0, "policy_loss": 0.01891719863377439, "value_loss": 35.118587493896484, "entropy": 0.8470014482736588, "approx_kl": 0.024133767932653427, "clip_fraction": 0.40137503296136856, "grad_norm": 30.88192343711853, "explained_variance": 9.09566879272461e-05, "action_std_mean": 0.3696918189525604}
{"step": 64000, "wall_time": 1790157465.5566187, "episodes_completed": 58, "mean_episode_reward": -29.674424681170233, "std_episode_reward": 9.853155010711143, "min_episode_reward": -50.382633209228516, "max_episode_reward": -13.055184364318848, "mean_episode_length": 95.22413793103448, "success_rate": 0.0, "collision_rate": 1.0, "out_of_bounds_rate": 0.0, "timeout_rate": 0.0, "policy_loss": 0.056600379876791784, "value_loss": 27.341615676879883, "entropy": 0.8480771780014038, "approx_kl": 0.10157565493136644, "clip_fraction": 0.5636875331401825, "grad_norm": 24.068682551383972, "explained_variance": -0.0003007650375366211, "action_std_mean": 0.36987924575805664}
{"step": 72000, "wall_time": 1790157495.6760426, "episodes_completed": 49, "mean_episode_reward": -30.354792692223374, "std_episode_reward": 11.396238268066414, "min_episode_reward": -54.55635452270508, "max_episode_reward": -9.32826042175293, "mean_episode_length": 71.83673469387755, "success_rate": 0.0, "collision_rate": 1.0, "out_of_bounds_rate": 0.0, "timeout_rate": 0.0, "policy_loss": 0.01932519488409179, "value_loss": 25.622777462005615, "entropy": 0.8490444421768188, "approx_kl": 0.02201829245314002, "clip_fraction": 0.40300001949071884, "grad_norm": 19.46780776977539, "explained_variance": -0.00019550323486328125, "action_std_mean": 0.3700227737426758}
{"step": 80000, "wall_time": 1790157526.81297, "episodes_completed": 54, "mean_episode_reward": -24.703464931911892, "std_episode_reward": 8.289927924498649, "min_episode_reward": -50.380615234375, "max_episode_reward": -10.50562572479248, "mean_episode_length": 111.12962962962963, "success_rate": 0.0, "collision_rate": 1.0, "out_of_bounds_rate": 0.0, "timeout_rate": 0.0, "policy_loss": 0.010836317669600248, "value_loss": 26.77271032333374, "entropy": 0.8497055470943451, "approx_kl": 0.011614540126174688, "clip_fraction": 0.24837501347064972, "grad_norm": 20.92962956428528, "explained_variance": 3.1054019927978516e-05, "action_std_mean": 0.3701220154762268}
{"step": 88000, "wall_time": 1790157556.9550493, "episodes_completed": 46, "mean_episode_reward": -27.3353156214175, "std_episode_reward": 9.102761035102985, "min_episode_reward": -50.5098991394043, "max_episode_reward": -11.88202953338623, "mean_episode_length": 82.21739130434783, "success_rate": 0.0, "collision_rate": 1.0, "out_of_bounds_rate": 0.0, "timeout_rate": 0.0, "policy_loss": 0.008470367074012497, "value_loss": 20.84009552001953, "entropy": 0.8501452207565308, "approx_kl": 0.014103337423875928, "clip_fraction": 0.31856250762939453, "grad_norm": 13.66592288017273, "explained_variance": -6.270408630371094e-05, "action_std_mean": 0.3701591193675995}
{"step": 96000, "wall_time": 1790157587.1522548, "episodes_completed": 49, "mean_episode_reward": -26.741033612465372, "std_episode_reward": 9.37748731334398, "min_episode_reward": -50.09698486328125, "max_episode_reward": -4.290592193603516, "mean_episode_length": 89.38775510204081, "success_rate": 0.0, "collision_rate": 1.0, "out_of_bounds_rate": 0.0, "timeout_rate": 0.0, "policy_loss": 0.006569942712550958, "value_loss": 20.32756519317627, "entropy": 0.8502827435731888, "approx_kl": 0.00756778649520129, "clip_fraction": 0.16353125823661685, "grad_norm": 14.382703065872192, "explained_variance": -0.00015914440155029297, "action_std_mean": 0.3701949715614319}
{"step": 104000, "wall_time": 1790157617.0174017, "episodes_completed": 41, "mean_episode_reward": -25.247235623801625, "std_episode_reward": 7.589353048005114, "min_episode_reward": -50.117183685302734, "max_episode_reward": -6.271669387817383, "mean_episode_length": 96.09756097560975, "success_rate": 0.0, "collision_rate": 1.0, "out_of_bounds_rate": 0.0, "timeout_rate": 0.0, "policy_loss": 0.005097413240931825, "value_loss": 19.12567901611328, "entropy": 0.8504847884178162, "approx_kl": 0.007028381260170136, "clip_fraction": 0.20068750879727304, "grad_norm": 12.430032014846802, "explained_variance": 1.4066696166992188e-05, "action_std_mean": 0.37020793557167053}
{"step": 112000, "wall_time": 1790157647.0586247, "episodes_completed": 32, "mean_episode_reward": -25.404180079698563, "std_episode_reward": 8.658796333978868, "min_episode_reward": -50.089412689208984, "max_episode_reward": -4.650888442993164, "mean_episode_length": 101.1875, "success_rate": 0.0, "collision_rate": 1.0, "out_of_bounds_rate": 0.0, "timeout_rate": 0.0, "policy_loss": 0.00012130736076487736, "value_loss": 13.564950942993164, "entropy": 0.8499663472175598, "approx_kl": 0.004105794709175825, "clip_fraction": 0.0976875051856041, "grad_norm": 2.9048650562763214, "explained_variance": -0.00016033649444580078, "action_std_mean": 0.3698682188987732}
{"step": 120000, "wall_time": 1790157677.063126, "episodes_completed": 31, "mean_episode_reward": -25.43828228981264, "std_episode_reward": 15.684766581678469, "min_episode_reward": -50.04304504394531, "max_episode_reward": 21.840293884277344, "mean_episode_length": 126.61290322580645, "success_rate": 0.0, "collision_rate": 1.0, "out_of_bounds_rate": 0.0, "timeout_rate": 0.0, "policy_loss": 0.06211142519116397, "value_loss": 13.626782417297363, "entropy": 0.847871333360672, "approx_kl": 0.11786876618862152, "clip_fraction": 0.5846875309944153, "grad_norm": 11.691033124923706, "explained_variance": -8.416175842285156e-05, "action_std_mean": 0.3695351481437683}
{"step": 128000, "wall_time": 1790157707.1881146, "episodes_completed": 34, "mean_episode_reward": -26.602421844706814, "std_episode_reward": 9.449303126441132, "min_episode_reward": -49.93490219116211, "max_episode_reward": -10.411935806274414, "mean_episode_length": 128.8235294117647, "success_rate": 0.0, "collision_rate": 1.0, "out_of_bounds_rate": 0.0, "timeout_rate": 0.0, "policy_loss": 0.06264651185274106, "value_loss": 14.7130126953125, "entropy": 0.8464643508195877, "approx_kl": 0.11669752933084965, "clip_fraction": 0.5940937846899033, "grad_norm": 11.23969841003418, "explained_variance": -0.00014710426330566406, "action_std_mean": 0.3693726658821106}
{"step": 136000, "wall_time": 1790157737.044683, "episodes_completed": 21, "mean_episode_reward": -24.322144054231188, "std_episode_reward": 6.888975782030494, "min_episode_reward": -50.072654724121094, "max_episode_reward": -14.84980297088623, "mean_episode_length": 143.57142857142858, "success_rate": 0.0, "collision_rate": 1.0, "out_of_bounds_rate": 0.0, "timeout_rate": 0.0, "policy_loss": 0.004830285103060328, "value_loss": 8.280609846115112, "entropy": 0.8456573635339737, "approx_kl": 0.012981728184968233, "clip_fraction": 0.23859375715255737, "grad_norm": 2.499997243285179, "explained_variance": -8.273124694824219e-05, "action_std_mean": 0.36920785903930664}
{"step": 144000, "wall_time": 1790157768.7768335, "episodes_completed": 24, "mean_episode_reward": -20.957773705323536, "std_episode_reward": 11.948796570387842, "min_episode_reward": -50.193302154541016, "max_episode_reward": 8.117177963256836, "mean_episode_length": 193.04166666666666, "success_rate": 0.0, "collision_rate": 0.9166666666666666, "out_of_bounds_rate": 0.0, "timeout_rate": 0.08333333333333333, "policy_loss": 0.012087792104342965, "value_loss": 8.522073745727539, "entropy": 0.8447607606649399, "approx_kl": 0.014067620562855154, "clip_fraction": 0.28396875225007534, "grad_norm": 5.772610902786255, "explained_variance": -0.00010907649993896484, "action_std_mean": 0.36904609203338623}
{"step": 152000, "wall_time": 1790157802.127696, "episodes_completed": 20, "mean_episode_reward": -22.15238928794861, "std_episode_reward": 10.032874157643324, "min_episode_reward": -50.15034866333008, "max_episode_reward": -3.069765090942383, "mean_episode_length": 151.95, "success_rate": 0.0, "collision_rate": 1.0, "out_of_bounds_rate": 0.0, "timeout_rate": 0.0, "policy_loss": 0.005279591945000162, "value_loss": 8.445544481277466, "entropy": 0.843871220946312, "approx_kl": 0.007147206109948456, "clip_fraction": 0.19818750955164433, "grad_norm": 6.530690550804138, "explained_variance": -0.0002499818801879883, "action_std_mean": 0.3688814640045166}
{"step": 160000, "wall_time": 1790157836.1019382, "episodes_completed": 35, "mean_episode_reward": -20.981775338309152, "std_episode_reward": 11.26351081851631, "min_episode_reward": -50.14302062988281, "max_episode_reward": 2.510650634765625, "mean_episode_length": 116.74285714285715, "success_rate": 0.0, "collision_rate": 1.0, "out_of_bounds_rate": 0.0, "timeout_rate": 0.0, "policy_loss": 0.004141795978415769, "value_loss": 14.04288387298584, "entropy": 0.8429240435361862, "approx_kl": 0.009320790704805404, "clip_fraction": 0.19606251176446676, "grad_norm": 3.72060090303421, "explained_variance": -0.00012183189392089844, "action_std_mean": 0.3686893880367279}
{"step": 168000, "wall_time": 1790157870.2790587, "episodes_completed": 19, "mean_episode_reward": -17.889404648228695, "std_episode_reward": 13.467974716121844, "min_episode_reward": -50.15586471557617, "max_episode_reward": 17.662109375, "mean_episode_length": 153.68421052631578, "success_rate": 0.0, "collision_rate": 1.0, "out_of_bounds_rate": 0.0, "timeout_rate": 0.0, "policy_loss": 0.0009425497218038537, "value_loss": 9.894684076309204, "entropy": 0.8419511765241623, "approx_kl": 0.002248879518447211, "clip_fraction": 0.05071875282737892, "grad_norm": 10.756410598754883, "explained_variance": -0.00019180774688720703, "action_std_mean": 0.3685418963432312}
{"step": 176000, "wall_time": 1790157902.020198, "episodes_completed": 27, "mean_episode_reward": -19.652087882713037, "std_episode_reward": 12.67013239919221, "min_episode_reward": -50.11756896972656, "max_episode_reward": 16.87563133239746, "mean_episode_length": 141.33333333333334, "success_rate": 0.0, "collision_rate": 0.9629629629629629, "out_of_bounds_rate": 0.0, "timeout_rate": 0.037037037037037035, "policy_loss": -0.0005980272606829207, "value_loss": 11.898117303848267, "entropy": 0.8412717580795288, "approx_kl": 0.003060309449210763, "clip_fraction": 0.059593751560896635, "grad_norm": 5.075372636318207, "explained_variance": -0.00011050701141357422, "action_std_mean": 0.36845993995666504}
{"step": 184000, "wall_time": 1790157933.4316592, "episodes_completed": 28, "mean_episode_reward": -19.363639082227433, "std_episode_reward": 11.524934277478621, "min_episode_reward": -50.00806427001953, "max_episode_reward": 2.5612354278564453, "mean_episode_length": 128.85714285714286, "success_rate": 0.0, "collision_rate": 1.0, "out_of_bounds_rate": 0.0, "timeout_rate": 0.0, "policy_loss": 0.0018341923735571974, "value_loss": 13.590804815292358, "entropy": 0.8409705758094788, "approx_kl": 0.0071979284984990954, "clip_fraction": 0.1769375056028366, "grad_norm": 8.034061312675476, "explained_variance": -0.00010919570922851562, "action_std_mean": 0.3684476613998413}
{"step": 192000, "wall_time": 1790157964.8855276, "episodes_completed": 19, "mean_episode_reward": -15.942371167634663, "std_episode_reward": 13.923416779914769, "min_episode_reward": -49.854427337646484, "max_episode_reward": 15.072015762329102, "mean_episode_length": 150.1578947368421, "success_rate": 0.0, "collision_rate": 1.0, "out_of_bounds_rate": 0.0, "timeout_rate": 0.0, "policy_loss": -0.00026936198626925645, "value_loss": 9.889760971069336, "entropy": 0.8409774452447891, "approx_kl": 0.0011528636532602832, "clip_fraction": 0.019718751165783033, "grad_norm": 12.087788581848145, "explained_variance": -0.0002390146255493164, "action_std_mean": 0.36845916509628296}
{"step": 200000, "wall_time": 1790157996.218523, "episodes_completed": 24, "mean_episode_reward": -12.860537976026535, "std_episode_reward": 18.584031918680292, "min_episode_reward": -50.077476501464844, "max_episode_reward": 39.40192413330078, "mean_episode_length": 145.41666666666666, "success_rate": 0.0, "collision_rate": 0.875, "out_of_bounds_rate": 0.0, "timeout_rate": 0.125, "policy_loss": -0.0008525095445000019, "value_loss": 11.417935848236084, "entropy": 0.8410164266824722, "approx_kl": 0.004265494004357606, "clip_fraction": 0.06796875409781933, "grad_norm": 12.561008214950562, "explained_variance": -0.00017654895782470703, "action_std_mean": 0.36846333742141724}
{"step": 208000, "wall_time": 1790158027.429838, "episodes_completed": 19, "mean_episode_reward": -12.065532082005552, "std_episode_reward": 13.273768647116052, "min_episode_reward": -25.154640197753906, "max_episode_reward": 12.119071960449219, "mean_episode_length": 106.73684210526316, "success_rate": 0.0, "collision_rate": 0.9473684210526315, "out_of_bounds_rate": 0.0, "timeout_rate": 0.05263157894736842, "policy_loss": 0.0007887049418568992, "value_loss": 10.311996936798096, "entropy": 0.8409948199987411, "approx_kl": 0.0018323379335924983, "clip_fraction": 0.034281250555068254, "grad_norm": 14.00095009803772, "explained_variance": -0.0002580881118774414, "action_std_mean": 0.36843186616897583}
{"step": 216000, "wall_time": 1790158061.0093222, "episodes_completed": 30, "mean_episode_reward": -14.097524285316467, "std_episode_reward": 24.031079322755676, "min_episode_reward": -50.23048400878906, "max_episode_reward": 51.1376838684082, "mean_episode_length": 104.26666666666667, "success_rate": 0.03333333333333333, "collision_rate": 0.9333333333333333, "out_of_bounds_rate": 0.0, "timeout_rate": 0.03333333333333333, "policy_loss": -0.0003498526025795812, "value_loss": 17.359460830688477, "entropy": 0.8407704532146454, "approx_kl": 0.0031241008546203375, "clip_fraction": 0.06084375409409404, "grad_norm": 13.492908000946045, "explained_variance": -2.562999725341797e-05, "action_std_mean": 0.3683934807777405}
{"step": 224000, "wall_time": 1790158098.6488671, "episodes_completed": 31, "mean_episode_reward": -11.889276735244259, "std_episode_reward": 28.47047406091156, "min_episode_reward": -49.952049255371094, "max_episode_reward": 59.64369201660156, "mean_episode_length": 124.7741935483871, "success_rate": 0.06451612903225806, "collision_rate": 0.9032258064516129, "out_of_bounds_rate": 0.0, "timeout_rate": 0.03225806451612903, "policy_loss": 4.547549388389527e-05, "value_loss": 21.408924102783203, "entropy": 0.8405720740556717, "approx_kl": 0.004175715032033622, "clip_fraction": 0.1421875050291419, "grad_norm": 14.199346780776978, "explained_variance": 4.738569259643555e-05, "action_std_mean": 0.36834585666656494}
{"step": 232000, "wall_time": 1790158132.785596, "episodes_completed": 22, "mean_episode_reward": -6.605902568860487, "std_episode_reward": 17.387908207009307, "min_episode_reward": -24.940282821655273, "max_episode_reward": 49.698036193847656, "mean_episode_length": 138.0, "success_rate": 0.0, "collision_rate": 0.9545454545454546, "out_of_bounds_rate": 0.0, "timeout_rate": 0.045454545454545456, "policy_loss": -0.00022956994920964036, "value_loss": 13.060029745101929, "entropy": 0.8403088450431824, "approx_kl": 0.0041178755345754325, "clip_fraction": 0.0900625055655837, "grad_norm": 14.1329345703125, "explained_variance": 0.0002257823944091797, "action_std_mean": 0.36831820011138916}
{"step": 240000, "wall_time": 1790158166.0110366, "episodes_completed": 37, "mean_episode_reward": -7.908061852326265, "std_episode_reward": 27.77056247536263, "min_episode_reward": -50.16293716430664, "max_episode_reward": 53.159461975097656, "mean_episode_length": 109.21621621621621, "success_rate": 0.08108108108108109, "collision_rate": 0.918918918918919, "out_of_bounds_rate": 0.0, "timeout_rate": 0.0, "policy_loss": -0.0005828600244712767, "value_loss": 25.189789295196533, "entropy": 0.8402380794286728, "approx_kl": 0.0018981232133228332, "clip_fraction": 0.029843751341104507, "grad_norm": 17.319875717163086, "explained_variance": -2.384185791015625e-06, "action_std_mean": 0.36831438541412354}
{"step": 248000, "wall_time": 1790158198.40981, "episodes_completed": 37, "mean_episode_reward": -16.61413659276189, "std_episode_reward": 14.299527533686403, "min_episode_reward": -49.85878372192383, "max_episode_reward": 23.584421157836914, "mean_episode_length": 119.54054054054055, "success_rate": 0.0, "collision_rate": 1.0, "out_of_bounds_rate": 0.0, "timeout_rate": 0.0, "policy_loss": -0.0003011408056479148, "value_loss": 19.749603748321533, "entropy": 0.8401200175285339, "approx_kl": 0.002677786716958508, "clip_fraction": 0.08181250467896461, "grad_norm": 5.431438446044922, "explained_variance": 0.0002052783966064453, "action_std_mean": 0.3682350516319275}
{"step": 256000, "wall_time": 1790158232.0484953, "episodes_completed": 18, "mean_episode_reward": -16.26613124211629, "std_episode_reward": 27.400548665654313, "min_episode_reward": -50.25581359863281, "max_episode_reward": 57.610469818115234, "mean_episode_length": 106.5, "success_rate": 0.05555555555555555, "collision_rate": 0.9444444444444444, "out_of_bounds_rate": 0.0, "timeout_rate": 0.0, "policy_loss": 0.006137815943919378, "value_loss": 13.761626720428467, "entropy": 0.8395585268735886, "approx_kl": 0.0064600718033034354, "clip_fraction": 0.22553125396370888, "grad_norm": 14.94863224029541, "explained_variance": 7.826089859008789e-05, "action_std_mean": 0.3681178092956543}
{"step": 264000, "wall_time": 1790158264.1650102, "episodes_completed": 23, "mean_episode_reward": -9.696727006331734, "std_episode_reward": 25.936398107348225, "min_episode_reward": -49.94575881958008, "max_episode_reward": 59.441383361816406, "mean_episode_length": 117.30434782608695, "success_rate": 0.08695652173913043, "collision_rate": 0.8695652173913043, "out_of_bounds_rate": 0.0, "timeout_rate": 0.043478260869565216, "policy_loss": 0.0062336773127318335, "value_loss": 17.443455696105957, "entropy": 0.8389473408460617, "approx_kl": 0.015153572661802173, "clip_fraction": 0.33390626311302185, "grad_norm": 12.550961971282959, "explained_variance": 0.0001461505889892578, "action_std_mean": 0.3680237829685211}
{"step": 272000, "wall_time": 1790158296.0540617, "episodes_completed": 33, "mean_episode_reward": -11.198065008177903, "std_episode_reward": 24.00181379353581, "min_episode_reward": -50.09904098510742, "max_episode_reward": 51.88157272338867, "mean_episode_length": 102.78787878787878, "success_rate": 0.06060606060606061, "collision_rate": 0.8787878787878788, "out_of_bounds_rate": 0.0, "timeout_rate": 0.06060606060606061, "policy_loss": 0.004691253416240215, "value_loss": 21.294198989868164, "entropy": 0.8384836316108704, "approx_kl": 0.010216014226898551, "clip_fraction": 0.2593125104904175, "grad_norm": 14.114457368850708, "explained_variance": 0.00019854307174682617, "action_std_mean": 0.36794209480285645}
{"step": 280000, "wall_time": 1790158327.3182473, "episodes_completed": 32, "mean_episode_reward": -8.284748200327158, "std_episode_reward": 26.363668283093176, "min_episode_reward": -49.94882583618164, "max_episode_reward": 65.0783920288086, "mean_episode_length": 122.46875, "success_rate": 0.0, "collision_rate": 0.9375, "out_of_bounds_rate": 0.0, "timeout_rate": 0.0625, "policy_loss": 0.0016117268275702146, "value_loss": 19.368316650390625, "entropy": 0.8380971699953079, "approx_kl": 0.004732937668450177, "clip_fraction": 0.10531250387430191, "grad_norm": 14.622159481048584, "explained_variance": 0.0001328587532043457, "action_std_mean": 0.36789804697036743}
{"step": 288000, "wall_time": 1790158359.1396992, "episodes_completed": 18, "mean_episode_reward": -12.64855013953315, "std_episode_reward": 16.48385424747806, "min_episode_reward": -33.60279083251953, "max_episode_reward": 34.085811614990234, "mean_episode_length": 124.88888888888889, "success_rate": 0.0, "collision_rate": 1.0, "out_of_bounds_rate": 0.0, "timeout_rate": 0.0, "policy_loss": 0.0003215747263747293, "value_loss": 12.633012294769287, "entropy": 0.8379124850034714, "approx_kl": 0.0020330410334281623, "clip_fraction": 0.0795312519185245, "grad_norm": 9.4930979013443, "explained_variance": 0.00020205974578857422, "action_std_mean": 0.3678629696369171}
{"step": 296000, "wall_time": 1790158391.6114378, "episodes_completed": 34, "mean_episode_reward": -15.382899424609016, "std_episode_reward": 25.42561478013232, "min_episode_reward": -50.08684158325195, "max_episode_reward": 69.57479858398438, "mean_episode_length": 101.05882352941177, "success_rate": 0.0, "collision_rate": 1.0, "out_of_bounds_rate": 0.0, "timeout_rate": 0.0, "policy_loss": 0.007158320292947051, "value_loss": 18.380956172943115, "entropy": 0.8375206142663956, "approx_kl": 0.011646076607576106, "clip_fraction": 0.182031255972106, "grad_norm": 3.7973636388778687, "explained_variance": 0.00018078088760375977, "action_std_mean": 0.36770346760749817}
{"step": 304000, "wall_time": 1790158424.160577, "episodes_completed": 30, "mean_episode_reward": -7.44540476401647, "std_episode_reward": 30.5593358052648, "min_episode_reward": -50.0805778503418, "max_episode_reward": 86.27677154541016, "mean_episode_length": 122.03333333333333, "success_rate": 0.06666666666666667, "collision_rate": 0.9, "out_of_bounds_rate": 0.0, "timeout_rate": 0.03333333333333333, "policy_loss": 0.0011970282212132588, "value_loss": 23.917461395263672, "entropy": 0.836476743221283, "approx_kl": 0.0025594043254386634, "clip_fraction": 0.044125002110376954, "grad_norm": 10.760652303695679, "explained_variance": 0.00010085105895996094, "action_std_mean": 0.36747634410858154}
{"step": 312000, "wall_time": 1790158455.528459, "episodes_completed": 26, "mean_episode_reward": -9.778590426995205, "std_episode_reward": 16.080515570872603, "min_episode_reward": -26.012887954711914, "max_episode_reward": 36.172340393066406, "mean_episode_length": 103.23076923076923, "success_rate": 0.0, "collision_rate": 0.9230769230769231, "out_of_bounds_rate": 0.0, "timeout_rate": 0.07692307692307693, "policy_loss": 0.00024650074373488984, "value_loss": 15.715198040008545, "entropy": 0.8352153599262238, "approx_kl": 0.0020139814005233347, "clip_fraction": 0.04143750108778477, "grad_norm": 8.565380930900574, "explained_variance": 0.00015151500701904297, "action_std_mean": 0.36725443601608276}
{"step": 320000, "wall_time": 1790158486.5277126, "episodes_completed": 22, "mean_episode_reward": -9.07489624890414, "std_episode_reward": 21.27630271010376, "min_episode_reward": -49.61273193359375, "max_episode_reward": 43.68029022216797, "mean_episode_length": 139.1818181818182, "success_rate": 0.0, "collision_rate": 1.0, "out_of_bounds_rate": 0.0, "timeout_rate": 0.0, "policy_loss": 0.0037304127103415796, "value_loss": 15.877720355987549, "entropy": 0.833969309926033, "approx_kl": 0.006609551914152689, "clip_fraction": 0.13831250742077827, "grad_norm": 6.7717554569244385, "explained_variance": 0.0001639723777770996, "action_std_mean": 0.36699920892715454}
{"step": 328000, "wall_time": 1790158517.6954274, "episodes_completed": 42, "mean_episode_reward": -15.432022480737595, "std_episode_reward": 21.388578534289426, "min_episode_reward": -49.96881103515625, "max_episode_reward": 67.93511962890625, "mean_episode_length": 118.80952380952381, "success_rate": 0.0, "collision_rate": 1.0, "out_of_bounds_rate": 0.0, "timeout_rate": 0.0, "policy_loss": -0.0011266031594714399, "value_loss": 27.186402320861816, "entropy": 0.8325626999139786, "approx_kl": 0.003923628290067427, "clip_fraction": 0.09425000194460154, "grad_norm": 7.983301043510437, "explained_variance": 0.0001685619354248047, "action_std_mean": 0.3667529225349426}
{"step": 336000, "wall_time": 1790158548.6642275, "episodes_completed": 27, "mean_episode_reward": 5.9030706959742085, "std_episode_reward": 41.479792419208856, "min_episode_reward": -50.226783752441406, "max_episode_reward": 95.30462646484375, "mean_episode_length": 135.33333333333334, "success_rate": 0.1111111111111111, "collision_rate": 0.8148148148148148, "out_of_bounds_rate": 0.0, "timeout_rate": 0.07407407407407407, "policy_loss": 0.00040436507697449997, "value_loss": 28.09968376159668, "entropy": 0.8313141912221909, "approx_kl": 0.002266710711410269, "clip_fraction": 0.09528125636279583, "grad_norm": 24.823795318603516, "explained_variance": 9.900331497192383e-05, "action_std_mean": 0.36655449867248535}
{"step": 344000, "wall_time": 1790158580.2070754, "episodes_completed": 26, "mean_episode_reward": -6.007400237596952, "std_episode_reward": 30.467081771757577, "min_episode_reward": -50.157012939453125, "max_episode_reward": 68.32685089111328, "mean_episode_length": 155.15384615384616, "success_rate": 0.0, "collision_rate": 0.9615384615384616, "out_of_bounds_rate": 0.0, "timeout_rate": 0.038461538461538464, "policy_loss": -0.000757959162772659, "value_loss": 18.277202606201172, "entropy": 0.8303490281105042, "approx_kl": 0.0016696583916200325, "clip_fraction": 0.03915625251829624, "grad_norm": 7.901243090629578, "explained_variance": 0.0004768967628479004, "action_std_mean": 0.3664197027683258}
{"step": 352000, "wall_time": 1790158613.957956, "episodes_completed": 28, "mean_episode_reward": -7.272141700344426, "std_episode_reward": 20.87928666233838, "min_episode_reward": -50.30171585083008, "max_episode_reward": 50.105796813964844, "mean_episode_length": 121.25, "success_rate": 0.0, "collision_rate": 0.9642857142857143, "out_of_bounds_rate": 0.0, "timeout_rate": 0.03571428571428571, "policy_loss": -0.0001327586221231969, "value_loss": 20.68186902999878, "entropy": 0.8297185450792313, "approx_kl": 0.0015306417335523292, "clip_fraction": 0.034250001452164724, "grad_norm": 9.478444337844849, "explained_variance": 0.0004916787147521973, "action_std_mean": 0.3663257956504822}
{"step": 360000, "wall_time": 1790158644.3571, "episodes_completed": 35, "mean_episode_reward": -3.792139952523368, "std_episode_reward": 27.164149702806125, "min_episode_reward": -49.57441711425781, "max_episode_reward": 79.60559844970703, "mean_episode_length": 135.74285714285713, "success_rate": 0.0, "collision_rate": 1.0, "out_of_bounds_rate": 0.0, "timeout_rate": 0.0, "policy_loss": 0.00010543206112934023, "value_loss": 26.093334674835205, "entropy": 0.8292523473501205, "approx_kl": 0.0035279231378808618, "clip_fraction": 0.06821875181049109, "grad_norm": 8.764963746070862, "explained_variance": 0.0006915926933288574, "action_std_mean": 0.3662545382976532}
{"step": 368000, "wall_time": 1790158674.7725153, "episodes_completed": 27, "mean_episode_reward": -4.846771231404057, "std_episode_reward": 22.86212606374556, "min_episode_reward": -49.787925720214844, "max_episode_reward": 62.725608825683594, "mean_episode_length": 170.0, "success_rate": 0.0, "collision_rate": 0.9629629629629629, "out_of_bounds_rate": 0.0, "timeout_rate": 0.037037037037037035, "policy_loss": -0.00025070381681141507, "value_loss": 21.843703269958496, "entropy": 0.8288130760192871, "approx_kl": 0.0022294478403637186, "clip_fraction": 0.057968751061707735, "grad_norm": 10.289759993553162, "explained_variance": 0.0011287927627563477, "action_std_mean": 0.3661453127861023}
{"step": 376000, "wall_time": 1790158705.3917098, "episodes_completed": 44, "mean_episode_reward": -5.194553331895308, "std_episode_reward": 33.94819187139087, "min_episode_reward": -50.49510955810547, "max_episode_reward": 101.15526580810547, "mean_episode_length": 111.81818181818181, "success_rate": 0.0, "collision_rate": 1.0, "out_of_bounds_rate": 0.0, "timeout_rate": 0.0, "policy_loss": 0.00021550560009209185, "value_loss": 31.437549114227295, "entropy": 0.8282198905944824, "approx_kl": 0.0015045850777823944, "clip_fraction": 0.09093750407919288, "grad_norm": 9.608277082443237, "explained_variance": 0.0018554925918579102, "action_std_mean": 0.3660541772842407}
{"step": 384000, "wall_time": 1790158735.7689776, "episodes_completed": 31, "mean_episode_reward": -3.5519941636631565, "std_episode_reward": 27.68605408586211, "min_episode_reward": -50.22431564331055, "max_episode_reward": 59.09349060058594, "mean_episode_length": 105.90322580645162, "success_rate": 0.03225806451612903, "collision_rate": 0.9354838709677419, "out_of_bounds_rate": 0.0, "timeout_rate": 0.03225806451612903, "policy_loss": 0.003664583413163225, "value_loss": 27.351609706878662, "entropy": 0.8277165293693542, "approx_kl": 0.006491219508461654, "clip_fraction": 0.15143750794231892, "grad_norm": 15.563078165054321, "explained_variance": 0.017733216285705566, "action_std_mean": 0.3659502863883972}
{"step": 392000, "wall_time": 1790158766.521841, "episodes_completed": 40, "mean_episode_reward": -9.664758920669556, "std_episode_reward": 27.988201991528385, "min_episode_reward": -50.08396530151367, "max_episode_reward": 70.78669738769531, "mean_episode_length": 100.15, "success_rate": 0.0, "collision_rate": 0.95, "out_of_bounds_rate": 0.0, "timeout_rate": 0.05, "policy_loss": 0.03728822898119688, "value_loss": 28.158912658691406, "entropy": 0.827155128121376, "approx_kl": 0.04607434757053852, "clip_fraction": 0.37971877306699753, "grad_norm": 11.586209774017334, "explained_variance": 0.03188610076904297, "action_std_mean": 0.36587369441986084}
{"step": 400000, "wall_time": 1790158797.9468882, "episodes_completed": 40, "mean_episode_reward": -5.550736689567566, "std_episode_reward": 29.35449769074987, "min_episode_reward": -50.12801742553711, "max_episode_reward": 82.08372497558594, "mean_episode_length": 100.65, "success_rate": 0.075, "collision_rate": 0.925, "out_of_bounds_rate": 0.0, "timeout_rate": 0.0, "policy_loss": 0.005214961415622721, "value_loss": 37.92468738555908, "entropy": 0.8269198387861252, "approx_kl": 0.01188596896827221, "clip_fraction": 0.23237501084804535, "grad_norm": 11.276017427444458, "explained_variance": 0.029288053512573242, "action_std_mean": 0.36588382720947266}
{"step": 408000, "wall_time": 1790158828.6514146, "episodes_completed": 38, "mean_episode_reward": -5.049706107691715, "std_episode_reward": 26.44552962686969, "min_episode_reward": -49.71952438354492, "max_episode_reward": 63.04215621948242, "mean_episode_length": 81.52631578947368, "success_rate": 0.10526315789473684, "collision_rate": 0.8947368421052632, "out_of_bounds_rate": 0.0, "timeout_rate": 0.0, "policy_loss": 0.01226816093875116, "value_loss": 36.94544792175293, "entropy": 0.8270542472600937, "approx_kl": 0.025328029179945588, "clip_fraction": 0.4037500321865082, "grad_norm": 15.39464521408081, "explained_variance": 0.04966014623641968, "action_std_mean": 0.3659142255783081}
{"step": 416000, "wall_time": 1790158859.2382562, "episodes_completed": 40, "mean_episode_reward": -0.9748316287994385, "std_episode_reward": 26.88573457853464, "min_episode_reward": -50.12279510498047, "max_episode_reward": 56.274322509765625, "mean_episode_length": 87.225, "success_rate": 0.125, "collision_rate": 0.875, "out_of_bounds_rate": 0.0, "timeout_rate": 0.0, "policy_loss": 0.006434325267560825, "value_loss": 38.06548309326172, "entropy": 0.8272735774517059, "approx_kl": 0.008217496797442436, "clip_fraction": 0.21309376135468483, "grad_norm": 7.943731784820557, "explained_variance": 0.008489251136779785, "action_std_mean": 0.3659828305244446}
{"step": 424000, "wall_time": 1790158890.406653, "episodes_completed": 40, "mean_episode_reward": -4.606693160533905, "std_episode_reward": 31.229936487458975, "min_episode_reward": -50.31576156616211, "max_episode_reward": 85.19129943847656, "mean_episode_length": 111.125, "success_rate": 0.1, "collision_rate": 0.875, "out_of_bounds_rate": 0.0, "timeout_rate": 0.025, "policy_loss": 0.016494187660515358, "value_loss": 40.43599796295166, "entropy": 0.8276718407869339, "approx_kl": 0.02116743940860033, "clip_fraction": 0.3552187755703926, "grad_norm": 20.2662570476532, "explained_variance": 0.0794750452041626, "action_std_mean": 0.36604437232017517}
{"step": 432000, "wall_time": 1790158925.1631684, "episodes_completed": 62, "mean_episode_reward": -17.34409358424525, "std_episode_reward": 25.06658676596459, "min_episode_reward": -50.240875244140625, "max_episode_reward": 50.718544006347656, "mean_episode_length": 74.66129032258064, "success_rate": 0.0, "collision_rate": 1.0, "out_of_bounds_rate": 0.0, "timeout_rate": 0.0, "policy_loss": 0.0023405660513089455, "value_loss": 40.57120418548584, "entropy": 0.827926516532898, "approx_kl": 0.007901337463408709, "clip_fraction": 0.19790625758469105, "grad_norm": 8.030422568321228, "explained_variance": 0.10008126497268677, "action_std_mean": 0.36605381965637207}
{"step": 440000, "wall_time": 1790158955.6174412, "episodes_completed": 59, "mean_episode_reward": -3.045466600838354, "std_episode_reward": 32.55858692791631, "min_episode_reward": -49.838809967041016, "max_episode_reward": 109.11173248291016, "mean_episode_length": 94.57627118644068, "success_rate": 0.0, "collision_rate": 1.0, "out_of_bounds_rate": 0.0, "timeout_rate": 0.0, "policy_loss": 0.002728588261175946, "value_loss": 45.57182693481445, "entropy": 0.8278863281011581, "approx_kl": 0.010661423089914024, "clip_fraction": 0.21453125774860382, "grad_norm": 20.715465545654297, "explained_variance": 0.13045287132263184, "action_std_mean": 0.3660462498664856}
{"step": 448000, "wall_time": 1790158986.0897534, "episodes_completed": 42, "mean_episode_reward": -12.359358515058245, "std_episode_reward": 28.877510557836427, "min_episode_reward": -49.976898193359375, "max_episode_reward": 108.9637222290039, "mean_episode_length": 89.47619047619048, "success_rate": 0.0, "collision_rate": 1.0, "out_of_bounds_rate": 0.0, "timeout_rate": 0.0, "policy_loss": -0.0003709239993479052, "value_loss": 31.03755283355713, "entropy": 0.8279374986886978, "approx_kl": 0.007096232962794602, "clip_fraction": 0.17537500709295273, "grad_norm": 10.583794236183167, "explained_variance": 0.2192528247833252, "action_std_mean": 0.36609435081481934}
{"step": 456000, "wall_time": 1790159016.7554367, "episodes_completed": 24, "mean_episode_reward": -5.049383203188579, "std_episode_reward": 23.166242395730823, "min_episode_reward": -49.57687759399414, "max_episode_reward": 51.32217788696289, "mean_episode_length": 114.625, "success_rate": 0.041666666666666664, "collision_rate": 0.9583333333333334, "out_of_bounds_rate": 0.0, "timeout_rate": 0.0, "policy_loss": -0.002443866887129831, "value_loss": 19.244365215301514, "entropy": 0.8282934576272964, "approx_kl": 0.005167345865629613, "clip_fraction": 0.13128125853836536, "grad_norm": 5.604174494743347, "explained_variance": 0.186414897441864, "action_std_mean": 0.36615362763404846}
{"step": 464000, "wall_time": 1790159047.4051082, "episodes_completed": 40, "mean_episode_reward": -7.035170602798462, "std_episode_reward": 28.412045978236677, "min_episode_reward": -50.067447662353516, "max_episode_reward": 68.5274887084961, "mean_episode_length": 119.6, "success_rate": 0.0, "collision_rate": 0.975, "out_of_bounds_rate": 0.0, "timeout_rate": 0.025, "policy_loss": 0.0020318718587513107, "value_loss": 27.744836807250977, "entropy": 0.8284852653741837, "approx_kl": 0.010848203906789422, "clip_fraction": 0.21403125673532486, "grad_norm": 13.22878885269165, "explained_variance": 0.22331637144088745, "action_std_mean": 0.36616823077201843}
{"step": 472000, "wall_time": 1790159077.7340472, "episodes_completed": 39, "mean_episode_reward": -1.7478527808800721, "std_episode_reward": 32.5313786009661, "min_episode_reward": -49.990848541259766, "max_episode_reward": 76.75404357910156, "mean_episode_length": 119.6923076923077, "success_rate": 0.02564102564102564, "collision_rate": 0.9487179487179487, "out_of_bounds_rate": 0.0, "timeout_rate": 0.02564102564102564, "policy_loss": 0.0006060138502943513, "value_loss": 30.604615688323975, "entropy": 0.8285852074623108, "approx_kl": 0.004382101818919182, "clip_fraction": 0.13221875950694084, "grad_norm": 13.071412086486816, "explained_variance": 0.2502208948135376, "action_std_mean": 0.36618995666503906}
{"step": 480000, "wall_time": 1790159109.2956243, "episodes_completed": 32, "mean_episode_reward": 6.970765237696469, "std_episode_reward": 47.06223904583674, "min_episode_reward": -49.91458511352539, "max_episode_reward": 218.82476806640625, "mean_episode_length": 149.46875, "success_rate": 0.03125, "collision_rate": 0.90625, "out_of_bounds_rate": 0.0, "timeout_rate": 0.0625, "policy_loss": 0.0010916667792482126, "value_loss": 28.950406551361084, "entropy": 0.8286989480257034, "approx_kl": 0.0059637077501975, "clip_fraction": 0.13909375481307507, "grad_norm": 16.119991779327393, "explained_variance": 0.37542814016342163, "action_std_mean": 0.36620086431503296}
{"step": 488000, "wall_time": 1790159142.5978293, "episodes_completed": 36, "mean_episode_reward": -5.454404168658787, "std_episode_reward": 27.991027763561984, "min_episode_reward": -50.292808532714844, "max_episode_reward": 62.185585021972656, "mean_episode_length": 106.66666666666667, "success_rate": 0.027777777777777776, "collision_rate": 0.9722222222222222, "out_of_bounds_rate": 0.0, "timeout_rate": 0.0, "policy_loss": 8.37411789689213e-05, "value_loss": 28.58653211593628, "entropy": 0.8287360370159149, "approx_kl": 0.005757880746386945, "clip_fraction": 0.1639062575995922, "grad_norm": 15.670946598052979, "explained_variance": 0.30065226554870605, "action_std_mean": 0.3662124276161194}
{"step": 496000, "wall_time": 1790159176.501738, "episodes_completed": 33, "mean_episode_reward": -7.898004185069691, "std_episode_reward": 27.48704323130935, "min_episode_reward": -50.12342834472656, "max_episode_reward": 81.69349670410156, "mean_episode_length": 94.96969696969697, "success_rate": 0.0, "collision_rate": 1.0, "out_of_bounds_rate": 0.0, "timeout_rate": 0.0, "policy_loss": 0.0016464462745934272, "value_loss": 26.4698429107666, "entropy": 0.8288295865058899, "approx_kl": 0.0015113439731067047, "clip_fraction": 0.04259375075343996, "grad_norm": 11.220966577529907, "explained_variance": 0.3414306044578552, "action_std_mean": 0.3662315905094147}
{"step": 504000, "wall_time": 1790159211.7389722, "episodes_completed": 51, "mean_episode_reward": -6.4550541148466225, "std_episode_reward": 30.31173418639347, "min_episode_reward": -49.96330261230469, "max_episode_reward": 88.94538879394531, "mean_episode_length": 91.50980392156863, "success_rate": 0.0196078431372549, "collision_rate": 0.9803921568627451, "out_of_bounds_rate": 0.0, "timeout_rate": 0.0, "policy_loss": 0.005186688631773018, "value_loss": 41.56975841522217, "entropy": 0.8289100378751755, "approx_kl": 0.006032134289853275, "clip_fraction": 0.16503125615417957, "grad_norm": 23.14123845100403, "explained_variance": 0.24360501766204834, "action_std_mean": 0.3662370443344116}
{"step": 512000, "wall_time": 1790159244.6652875, "episodes_completed": 31, "mean_episode_reward": 18.32588997963936, "std_episode_reward": 46.746543776882056, "min_episode_reward": -49.777347564697266, "max_episode_reward": 167.931884765625, "mean_episode_length": 150.80645161290323, "success_rate": 0.16129032258064516, "collision_rate": 0.8064516129032258, "out_of_bounds_rate": 0.0, "timeout_rate": 0.03225806451612903, "policy_loss": 0.00048588709381891526, "value_loss": 40.040035247802734, "entropy": 0.8288989067077637, "approx_kl": 0.0014200833393260837, "clip_fraction": 0.031281251925975084, "grad_norm": 20.249892234802246, "explained_variance": 0.26452696323394775, "action_std_mean": 0.3662184476852417}
{"step": 520000, "wall_time": 1790159277.3151793, "episodes_completed": 44, "mean_episode_reward": 5.92281139980663, "std_episode_reward": 44.06670558701552, "min_episode_reward": -50.1171760559082, "max_episode_reward": 129.63157653808594, "mean_episode_length": 105.56818181818181, "success_rate": 0.1590909090909091, "collision_rate": 0.8409090909090909, "out_of_bounds_rate": 0.0, "timeout_rate": 0.0, "policy_loss": 0.0005147409614947307, "value_loss": 45.23395252227783, "entropy": 0.8287553787231445, "approx_kl": 0.003530050627887249, "clip_fraction": 0.0745000010356307, "grad_norm": 21.70784044265747, "explained_variance": 0.1913142204284668, "action_std_mean": 0.3661842346191406}
{"step": 528000, "wall_time": 1790159312.0106244, "episodes_completed": 33, "mean_episode_reward": 9.06626117590702, "std_episode_reward": 40.58456428098445, "min_episode_reward": -50.03969192504883, "max_episode_reward": 84.88026428222656, "mean_episode_length": 119.66666666666667, "success_rate": 0.15151515151515152, "collision_rate": 0.8484848484848485, "out_of_bounds_rate": 0.0, "timeout_rate": 0.0, "policy_loss": 0.0023494623315056806, "value_loss": 39.85310649871826, "entropy": 0.8285498023033142, "approx_kl": 0.0019197955407435074, "clip_fraction": 0.06868750229477882, "grad_norm": 19.64056921005249, "explained_variance": 0.24928629398345947, "action_std_mean": 0.36613982915878296}
{"step": 536000, "wall_time": 1790159344.330148, "episodes_completed": 55, "mean_episode_reward": 1.1896166714754972, "std_episode_reward": 44.001311899576365, "min_episode_reward": -50.03180694580078, "max_episode_reward": 144.5094451904297, "mean_episode_length": 87.81818181818181, "success_rate": 0.05454545454545454, "collision_rate": 0.9454545454545454, "out_of_bounds_rate": 0.0, "timeout_rate": 0.0, "policy_loss": 0.0040554987790528685, "value_loss": 49.32674217224121, "entropy": 0.8283205926418304, "approx_kl": 0.005994074163027108, "clip_fraction": 0.14165625721216202, "grad_norm": 25.080760955810547, "explained_variance": 0.24324959516525269, "action_std_mean": 0.3661108613014221}
{"step": 544000, "wall_time": 1790159376.3794975, "episodes_completed": 60, "mean_episode_reward": -3.3748459974924723, "std_episode_reward": 31.074139914157374, "min_episode_reward": -49.86952590942383, "max_episode_reward": 80.79402160644531, "mean_episode_length": 79.26666666666667, "success_rate": 0.08333333333333333, "collision_rate": 0.9166666666666666, "out_of_bounds_rate": 0.0, "timeout_rate": 0.0, "policy_loss": 0.0039994956324809205, "value_loss": 53.054861068725586, "entropy": 0.828181579709053, "approx_kl": 0.0066256915451958776, "clip_fraction": 0.11828125640749931, "grad_norm": 18.00664782524109, "explained_variance": 0.1523708701133728, "action_std_mean": 0.36608514189720154}
{"step": 552000, "wall_time": 1790159411.6752892, "episodes_completed": 44, "mean_episode_reward": -0.3970747644251043, "std_episode_reward": 35.773335176399115, "min_episode_reward": -50.209808349609375, "max_episode_reward": 117.69265747070312, "mean_episode_length": 95.36363636363636, "success_rate": 0.11363636363636363, "collision_rate": 0.8863636363636364, "out_of_bounds_rate": 0.0, "timeout_rate": 0.0, "policy_loss": 0.0018812643102137372, "value_loss": 42.16530895233154, "entropy": 0.8280047327280045, "approx_kl": 0.0030889171175658703, "clip_fraction": 0.043156251311302185, "grad_norm": 16.84542679786682, "explained_variance": 0.19208616018295288, "action_std_mean": 0.3660271167755127}
{"step": 560000, "wall_time": 1790159445.7604752, "episodes_completed": 56, "mean_episode_reward": 1.959999442100525, "std_episode_reward": 36.38885123937589, "min_episode_reward": -49.97587585449219, "max_episode_reward": 95.31629943847656, "mean_episode_length": 99.25, "success_rate": 0.14285714285714285, "collision_rate": 0.8571428571428571, "out_of_bounds_rate": 0.0, "timeout_rate": 0.0, "policy_loss": 0.0022183048102888403, "value_loss": 54.94926357269287, "entropy": 0.8276425302028656, "approx_kl": 0.006567135569639504, "clip_fraction": 0.14165625721216202, "grad_norm": 19.669601917266846, "explained_variance": 0.18113666772842407, "action_std_mean": 0.36596763134002686}
{"step": 568000, "wall_time": 1790159480.5022454, "episodes_completed": 59, "mean_episode_reward": 2.255218505859375, "std_episode_reward": 36.46411323400995, "min_episode_reward": -50.21128845214844, "max_episode_reward": 106.83906555175781, "mean_episode_length": 82.83050847457628, "success_rate": 0.1016949152542373, "collision_rate": 0.8983050847457628, "out_of_bounds_rate": 0.0, "timeout_rate": 0.0, "policy_loss": 0.005136298367055314, "value_loss": 59.27732849121094, "entropy": 0.8273811340332031, "approx_kl": 0.006087577843572944, "clip_fraction": 0.11315625719726086, "grad_norm": 32.81063365936279, "explained_variance": 0.20940297842025757, "action_std_mean": 0.36593949794769287}
{"step": 576000, "wall_time": 1790159515.235198, "episodes_completed": 49, "mean_episode_reward": -0.12373350104507135, "std_episode_reward": 32.47653417686462, "min_episode_reward": -49.89540100097656, "max_episode_reward": 97.91706848144531, "mean_episode_length": 106.14285714285714, "success_rate": 0.08163265306122448, "collision_rate": 0.9183673469387755, "out_of_bounds_rate": 0.0, "timeout_rate": 0.0, "policy_loss": -0.00016814101458290098, "value_loss": 44.30640506744385, "entropy": 0.8272418975830078, "approx_kl": 0.0024612538109067827, "clip_fraction": 0.06625000294297934, "grad_norm": 13.312403678894043, "explained_variance": 0.23055416345596313, "action_std_mean": 0.36590367555618286}
{"step": 584000, "wall_time": 1790159546.157279, "episodes_completed": 60, "mean_episode_reward": 8.742899386088054, "std_episode_reward": 38.99711848756651, "min_episode_reward": -49.8854866027832, "max_episode_reward": 140.23367309570312, "mean_episode_length": 96.7, "success_rate": 0.18333333333333332, "collision_rate": 0.8166666666666667, "out_of_bounds_rate": 0.0, "timeout_rate": 0.0, "policy_loss": 0.0027263614106923795, "value_loss": 67.72059440612793, "entropy": 0.8270337134599686, "approx_kl": 0.003280383243691176, "clip_fraction": 0.06934375502169132, "grad_norm": 27.610294818878174, "explained_variance": 0.14057594537734985, "action_std_mean": 0.365877628326416}
{"step": 592000, "wall_time": 1790159577.2141747, "episodes_completed": 68, "mean_episode_reward": 10.070241689682007, "std_episode_reward": 48.20609730129758, "min_episode_reward": -49.95147705078125, "max_episode_reward": 170.5973663330078, "mean_episode_length": 92.3970588235294, "success_rate": 0.16176470588235295, "collision_rate": 0.8382352941176471, "out_of_bounds_rate": 0.0, "timeout_rate": 0.0, "policy_loss": 0.0019197321380488575, "value_loss": 67.36754989624023, "entropy": 0.8269565850496292, "approx_kl": 0.0028112575237173587, "clip_fraction": 0.07309375517070293, "grad_norm": 21.994803190231323, "explained_variance": 0.18599212169647217, "action_std_mean": 0.36588290333747864}
{"step": 600000, "wall_time": 1790159608.4176064, "episodes_completed": 82, "mean_episode_reward": -6.0603519067531675, "std_episode_reward": 32.673937889959504, "min_episode_reward": -50.202125549316406, "max_episode_reward": 103.3067626953125, "mean_episode_length": 72.10975609756098, "success_rate": 0.06097560975609756, "collision_rate": 0.9390243902439024, "out_of_bounds_rate": 0.0, "timeout_rate": 0.0, "policy_loss": 0.0010082724676467592, "value_loss": 63.4291934967041, "entropy": 0.8270098567008972, "approx_kl": 0.004156330483965576, "clip_fraction": 0.09743750467896461, "grad_norm": 19.325560569763184, "explained_variance": 0.18995797634124756, "action_std_mean": 0.3658905327320099}
{"step": 608000, "wall_time": 1790159638.8742507, "episodes_completed": 54, "mean_episode_reward": 18.350391070048016, "std_episode_reward": 51.072398398028305, "min_episode_reward": -49.976261138916016, "max_episode_reward": 196.22219848632812, "mean_episode_length": 108.5, "success_rate": 0.18518518518518517, "collision_rate": 0.8148148148148148, "out_of_bounds_rate": 0.0, "timeout_rate": 0.0, "policy_loss": -0.00017703724055895265, "value_loss": 63.318705558776855, "entropy": 0.8270278126001358, "approx_kl": 0.004284464754164219, "clip_fraction": 0.08568750601261854, "grad_norm": 26.293644428253174, "explained_variance": 0.196308434009552, "action_std_mean": 0.3658868670463562}
{"step": 616000, "wall_time": 1790159672.2215414, "episodes_completed": 62, "mean_episode_reward": 2.8064311550509546, "std_episode_reward": 41.166983844327525, "min_episode_reward": -50.04730987548828, "max_episode_reward": 112.00712585449219, "mean_episode_length": 91.43548387096774, "success_rate": 0.14516129032258066, "collision_rate": 0.8548387096774194, "out_of_bounds_rate": 0.0, "timeout_rate": 0.0, "policy_loss": -1.156328944151852e-06, "value_loss": 60.077341079711914, "entropy": 0.8269829154014587, "approx_kl": 0.001512336646555923, "clip_fraction": 0.04040625225752592, "grad_norm": 26.66327714920044, "explained_variance": 0.24919891357421875, "action_std_mean": 0.3658682703971863}
{"step": 624000, "wall_time": 1790159708.874241, "episodes_completed": 53, "mean_episode_reward": 10.23872195549731, "std_episode_reward": 44.5224204551293, "min_episode_reward": -50.00775909423828, "max_episode_reward": 149.59165954589844, "mean_episode_length": 101.0754716981132, "success_rate": 0.1509433962264151, "collision_rate": 0.8490566037735849, "out_of_bounds_rate": 0.0, "timeout_rate": 0.0, "policy_loss": 0.00038449049553856973, "value_loss": 60.46303462982178, "entropy": 0.8268638402223587, "approx_kl": 0.0006977008197281975, "clip_fraction": 0.04156250273808837, "grad_norm": 29.974048614501953, "explained_variance": 0.20339781045913696, "action_std_mean": 0.3658490777015686}
{"step": 632000, "wall_time": 1790159742.2565527, "episodes_completed": 70, "mean_episode_reward": 7.26178891318185, "std_episode_reward": 41.44118789518074, "min_episode_reward": -50.09104537963867, "max_episode_reward": 196.0419921875, "mean_episode_length": 84.94285714285714, "success_rate": 0.12857142857142856, "collision_rate": 0.8714285714285714, "out_of_bounds_rate": 0.0, "timeout_rate": 0.0, "policy_loss": 0.0003499300585536047, "value_loss": 69.21844863891602, "entropy": 0.8268032222986221, "approx_kl": 0.002886997550376691, "clip_fraction": 0.058281252917367965, "grad_norm": 21.759217023849487, "explained_variance": 0.17474514245986938, "action_std_mean": 0.36586084961891174}
{"step": 640000, "wall_time": 1790159773.1000078, "episodes_completed": 75, "mean_episode_reward": -1.3147781117757162, "std_episode_reward": 31.839708283210893, "min_episode_reward": -49.95882034301758, "max_episode_reward": 92.90540313720703, "mean_episode_length": 73.41333333333333, "success_rate": 0.12, "collision_rate": 0.88, "out_of_bounds_rate": 0.0, "timeout_rate": 0.0, "policy_loss": -0.0005093727434286599, "value_loss": 71.05916213989258, "entropy": 0.8269245624542236, "approx_kl": 0.00186557526467368, "clip_fraction": 0.021562501176958904, "grad_norm": 22.839654445648193, "explained_variance": 0.21337759494781494, "action_std_mean": 0.3658859431743622}
{"step": 648000, "wall_time": 1790159803.6407857, "episodes_completed": 79, "mean_episode_reward": 1.3365565915650959, "std_episode_reward": 32.464310135001064, "min_episode_reward": -49.85063552856445, "max_episode_reward": 91.08969116210938, "mean_episode_length": 73.88607594936708, "success_rate": 0.12658227848101267, "collision_rate": 0.8734177215189873, "out_of_bounds_rate": 0.0, "timeout_rate": 0.0, "policy_loss": 6.729698543495033e-05, "value_loss": 73.26299285888672, "entropy": 0.8270494043827057, "approx_kl": 0.0003218154479327495, "clip_fraction": 0.014750000846106559, "grad_norm": 36.96955490112305, "explained_variance": 0.21513235569000244, "action_std_mean": 0.36590898036956787}
{"step": 656000, "wall_time": 1790159833.678065, "episodes_completed": 56, "mean_episode_reward": 16.362871953419276, "std_episode_reward": 44.88073536030059, "min_episode_reward": -49.74808120727539, "max_episode_reward": 128.7232666015625, "mean_episode_length": 109.33928571428571, "success_rate": 0.17857142857142858, "collision_rate": 0.8214285714285714, "out_of_bounds_rate": 0.0, "timeout_rate": 0.0, "policy_loss": -0.0002508444930426901, "value_loss": 63.79790782928467, "entropy": 0.827186718583107, "approx_kl": 0.0012819943367503583, "clip_fraction": 0.010812500375322998, "grad_norm": 41.766525745391846, "explained_variance": 0.19669395685195923, "action_std_mean": 0.3659391403198242}
{"step": 664000, "wall_time": 1790159863.9207525, "episodes_completed": 54, "mean_episode_reward": 8.110603879999232, "std_episode_reward": 41.75745084160144, "min_episode_reward": -49.933868408203125, "max_episode_reward": 129.8378448486328, "mean_episode_length": 94.83333333333333, "success_rate": 0.16666666666666666, "collision_rate": 0.8333333333333334, "out_of_bounds_rate": 0.0, "timeout_rate": 0.0, "policy_loss": 0.0001722745985607843, "value_loss": 58.39165782928467, "entropy": 0.8273375183343887, "approx_kl": 0.002146824903320521, "clip_fraction": 0.027406251057982445, "grad_norm": 47.697635650634766, "explained_variance": 0.2670576572418213, "action_std_mean": 0.3659549355506897}
{"step": 672000, "wall_time": 1790159894.4798646, "episodes_completed": 65, "mean_episode_reward": 0.893446790255033, "std_episode_reward": 34.272801609066995, "min_episode_reward": -49.9549674987793, "max_episode_reward": 133.64505004882812, "mean_episode_length": 80.56923076923077, "success_rate": 0.1076923076923077, "collision_rate": 0.8923076923076924, "out_of_bounds_rate": 0.0, "timeout_rate": 0.0, "policy_loss": -0.00021802140169890905, "value_loss": 58.36073303222656, "entropy": 0.8273901492357254, "approx_kl": 0.0018705908441916108, "clip_fraction": 0.021250001154839993, "grad_norm": 29.225017070770264, "explained_variance": 0.29801493883132935, "action_std_mean": 0.36595743894577026}
{"step": 680000, "wall_time": 1790159925.3432467, "episodes_completed": 90, "mean_episode_reward": 3.986455048455132, "std_episode_reward": 39.29965415858973, "min_episode_reward": -50.00992965698242, "max_episode_reward": 145.52395629882812, "mean_episode_length": 71.97777777777777, "success_rate": 0.1111111111111111, "collision_rate": 0.8888888888888888, "out_of_bounds_rate": 0.0, "timeout_rate": 0.0, "policy_loss": -4.30039190759679e-05, "value_loss": 83.7291374206543, "entropy": 0.8273829519748688, "approx_kl": 0.0014664002083009109, "clip_fraction": 0.022187501657754183, "grad_norm": 63.80492401123047, "explained_variance": 0.2262592911720276, "action_std_mean": 0.3659518361091614}
{"step": 688000, "wall_time": 1790159955.1515799, "episodes_completed": 69, "mean_episode_reward": 1.1238895775615305, "std_episode_reward": 40.652712681135235, "min_episode_reward": -50.03899383544922, "max_episode_reward": 149.10365295410156, "mean_episode_length": 74.95652173913044, "success_rate": 0.07246376811594203, "collision_rate": 0.927536231884058, "out_of_bounds_rate": 0.0, "timeout_rate": 0.0, "policy_loss": 0.0018036796466915916, "value_loss": 62.397682189941406, "entropy": 0.8273793160915375, "approx_kl": 0.0031133131124079227, "clip_fraction": 0.06693750340491533, "grad_norm": 44.355713844299316, "explained_variance": 0.3338524103164673, "action_std_mean": 0.365963876247406}
{"step": 696000, "wall_time": 1790159985.3588078, "episodes_completed": 85, "mean_episode_reward": 2.7984947877771713, "std_episode_reward": 42.647047153349135, "min_episode_reward": -49.83447265625, "max_episode_reward": 104.74642944335938, "mean_episode_length": 78.15294117647059, "success_rate": 0.16470588235294117, "collision_rate": 0.8352941176470589, "out_of_bounds_rate": 0.0, "timeout_rate": 0.0, "policy_loss": 0.0009819379388936733, "value_loss": 70.62543487548828, "entropy": 0.8274851143360138, "approx_kl": 0.002970812376588583, "clip_fraction": 0.07418750133365393, "grad_norm": 36.83047389984131, "explained_variance": 0.2629432678222656, "action_std_mean": 0.3659907281398773}
{"step": 704000, "wall_time": 1790160015.3906686, "episodes_completed": 62, "mean_episode_reward": 2.7180497877059446, "std_episode_reward": 37.10139559541703, "min_episode_reward": -49.77732467651367, "max_episode_reward": 114.45068359375, "mean_episode_length": 84.7741935483871, "success_rate": 0.0967741935483871, "collision_rate": 0.9032258064516129, "out_of_bounds_rate": 0.0, "timeout_rate": 0.0, "policy_loss": 0.003818809838267212, "value_loss": 56.98628330230713, "entropy": 0.8276161253452301, "approx_kl": 0.006318582920357585, "clip_fraction": 0.09968750551342964, "grad_norm": 53.811954498291016, "explained_variance": 0.364807665348053, "action_std_mean": 0.36600810289382935}
{"step": 712000, "wall_time": 1790160049.5882845, "episodes_completed": 88, "mean_episode_reward": -1.3543449315157803, "std_episode_reward": 34.449357489067445, "min_episode_reward": -49.77838897705078, "max_episode_reward": 156.62696838378906, "mean_episode_length": 66.18181818181819, "success_rate": 0.10227272727272728, "collision_rate": 0.8977272727272727, "out_of_bounds_rate": 0.0, "timeout_rate": 0.0, "policy_loss": 0.001557988217566253, "value_loss": 69.46564102172852, "entropy": 0.8277034014463425, "approx_kl": 0.005480606516357511, "clip_fraction": 0.13831250928342342, "grad_norm": 77.50074672698975, "explained_variance": 0.3293478488922119, "action_std_mean": 0.36602312326431274}
{"step": 720000, "wall_time": 1790160082.9557676, "episodes_completed": 51, "mean_episode_reward": 5.082223518221986, "std_episode_reward": 42.14611170766376, "min_episode_reward": -49.72917556762695, "max_episode_reward": 144.51165771484375, "mean_episode_length": 93.09803921568627, "success_rate": 0.1568627450980392, "collision_rate": 0.8431372549019608, "out_of_bounds_rate": 0.0, "timeout_rate": 0.0, "policy_loss": 0.004550008797087113, "value_loss": 54.354042053222656, "entropy": 0.8277835696935654, "approx_kl": 0.003197758924216032, "clip_fraction": 0.050250002183020115, "grad_norm": 54.05656909942627, "explained_variance": 0.2958391308784485, "action_std_mean": 0.36603879928588867}
{"step": 728000, "wall_time": 1790160113.5725207, "episodes_completed": 72, "mean_episode_reward": 6.501761833826701, "std_episode_reward": 40.05335729914168, "min_episode_reward": -49.85256576538086, "max_episode_reward": 147.5279541015625, "mean_episode_length": 78.08333333333333, "success_rate": 0.16666666666666666, "collision_rate": 0.8333333333333334, "out_of_bounds_rate": 0.0, "timeout_rate": 0.0, "policy_loss": 0.0016786869387144243, "value_loss": 66.77716445922852, "entropy": 0.8278821259737015, "approx_kl": 0.001088290664483793, "clip_fraction": 0.029125000815838575, "grad_norm": 62.37444877624512, "explained_variance": 0.3567333221435547, "action_std_mean": 0.3660621643066406}
{"step": 736000, "wall_time": 1790160143.6740406, "episodes_completed": 71, "mean_episode_reward": 6.072502539191447, "std_episode_reward": 41.63147963928726, "min_episode_reward": -50.048858642578125, "max_episode_reward": 138.13717651367188, "mean_episode_length": 87.71830985915493, "success_rate": 0.1267605633802817, "collision_rate": 0.8732394366197183, "out_of_bounds_rate": 0.0, "timeout_rate": 0.0, "policy_loss": 0.0008560333506901774, "value_loss": 66.73627853393555, "entropy": 0.8280352354049683, "approx_kl": 0.002109648456098512, "clip_fraction": 0.026750001590698957, "grad_norm": 48.7755012512207, "explained_variance": 0.35614585876464844, "action_std_mean": 0.3660959005355835}
{"step": 744000, "wall_time": 1790160175.4408107, "episodes_completed": 54, "mean_episode_reward": 12.314743059652823, "std_episode_reward": 50.24743418129896, "min_episode_reward": -49.92881393432617, "max_episode_reward": 139.32516479492188, "mean_episode_length": 113.53703703703704, "success_rate": 0.2222222222222222, "collision_rate": 0.7777777777777778, "out_of_bounds_rate": 0.0, "timeout_rate": 0.0, "policy_loss": 0.001230822655256425, "value_loss": 56.34144592285156, "entropy": 0.8281795382499695, "approx_kl": 0.0015606291126459837, "clip_fraction": 0.04803125187754631, "grad_norm": 34.13039445877075, "explained_variance": 0.2972555160522461, "action_std_mean": 0.3661004602909088}
{"step": 752000, "wall_time": 1790160207.7745254, "episodes_completed": 58, "mean_episode_reward": 8.804042224226327, "std_episode_reward": 45.854870941966524, "min_episode_reward": -50.03209686279297, "max_episode_reward": 174.76708984375, "mean_episode_length": 95.1896551724138, "success_rate": 0.15517241379310345, "collision_rate": 0.8448275862068966, "out_of_bounds_rate": 0.0, "timeout_rate": 0.0, "policy_loss": -0.0005061350158208633, "value_loss": 54.05933094024658, "entropy": 0.8281621634960175, "approx_kl": 0.0007869580877013505, "clip_fraction": 0.012093750585336238, "grad_norm": 39.08483934402466, "explained_variance": 0.33237147331237793, "action_std_mean": 0.3660951256752014}
{"step": 760000, "wall_time": 1790160240.489485, "episodes_completed": 71, "mean_episode_reward": 0.8588725345235475, "std_episode_reward": 35.21345616394161, "min_episode_reward": -49.85115051269531, "max_episode_reward": 152.50927734375, "mean_episode_length": 74.50704225352112, "success_rate": 0.08450704225352113, "collision_rate": 0.9154929577464789, "out_of_bounds_rate": 0.0, "timeout_rate": 0.0, "policy_loss": 0.0019834376669023435, "value_loss": 64.8649845123291, "entropy": 0.8281327039003372, "approx_kl": 0.0014499371609417722, "clip_fraction": 0.06300000380724669, "grad_norm": 107.32763290405273, "explained_variance": 0.3057621717453003, "action_std_mean": 0.3660886883735657}
{"step": 768000, "wall_time": 1790160271.3747098, "episodes_completed": 69, "mean_episode_reward": -1.8728105987327686, "std_episode_reward": 28.599380108703947, "min_episode_reward": -49.71772766113281, "max_episode_reward": 72.19500732421875, "mean_episode_length": 71.23188405797102, "success_rate": 0.11594202898550725, "collision_rate": 0.8840579710144928, "out_of_bounds_rate": 0.0, "timeout_rate": 0.0, "policy_loss": 0.00010961484699500978, "value_loss": 60.961161613464355, "entropy": 0.8280856013298035, "approx_kl": 0.0023933537886478007, "clip_fraction": 0.04503125254996121, "grad_norm": 59.31374168395996, "explained_variance": 0.30308324098587036, "action_std_mean": 0.36607542634010315}
{"step": 776000, "wall_time": 1790160302.1002138, "episodes_completed": 68, "mean_episode_reward": 4.733433723449707, "std_episode_reward": 35.740704715095035, "min_episode_reward": -49.93338394165039, "max_episode_reward": 144.69729614257812, "mean_episode_length": 91.76470588235294, "success_rate": 0.10294117647058823, "collision_rate": 0.8970588235294118, "out_of_bounds_rate": 0.0, "timeout_rate": 0.0, "policy_loss": 0.0009068918846314999, "value_loss": 64.62286758422852, "entropy": 0.827985092997551, "approx_kl": 0.0007253053045133129, "clip_fraction": 0.018281250726431608, "grad_norm": 77.54309606552124, "explained_variance": 0.2927170395851135, "action_std_mean": 0.36604756116867065}
{"step": 784000, "wall_time": 1790160332.8259435, "episodes_completed": 70, "mean_episode_reward": -0.20622734342302596, "std_episode_reward": 37.46037221343571, "min_episode_reward": -50.05839920043945, "max_episode_reward": 116.82888793945312, "mean_episode_length": 83.14285714285714, "success_rate": 0.04285714285714286, "collision_rate": 0.9571428571428572, "out_of_bounds_rate": 0.0, "timeout_rate": 0.0, "policy_loss": 0.0012043648575199711, "value_loss": 57.41245937347412, "entropy": 0.8278246223926544, "approx_kl": 0.0013842623666278087, "clip_fraction": 0.01765625085681677, "grad_norm": 48.82749366760254, "explained_variance": 0.3944862484931946, "action_std_mean": 0.36601799726486206}
{"step": 792000, "wall_time": 1790160363.8309357, "episodes_completed": 66, "mean_episode_reward": 5.093237746845592, "std_episode_reward": 42.64337023512078, "min_episode_reward": -49.801204681396484, "max_episode_reward": 120.10185241699219, "mean_episode_length": 86.18181818181819, "success_rate": 0.16666666666666666, "collision_rate": 0.8333333333333334, "out_of_bounds_rate": 0.0, "timeout_rate": 0.0, "policy_loss": 0.0009499402702786153, "value_loss": 59.27369689941406, "entropy": 0.8276852369308472, "approx_kl": 0.0025218160590156913, "clip_fraction": 0.02856250060722232, "grad_norm": 48.10018062591553, "explained_variance": 0.3236348032951355, "action_std_mean": 0.3660021126270294}
{"step": 800000, "wall_time": 1790160394.1481316, "episodes_completed": 74, "mean_episode_reward": -8.387483248839507, "std_episode_reward": 30.311951120345793, "min_episode_reward": -49.98819351196289, "max_episode_reward": 98.88331604003906, "mean_episode_length": 65.93243243243244, "success_rate": 0.05405405405405406, "collision_rate": 0.9459459459459459, "out_of_bounds_rate": 0.0, "timeout_rate": 0.0, "policy_loss": 0.0016812048382126021, "value_loss": 61.824113845825195, "entropy": 0.827612116932869, "approx_kl": 0.0015083630933077075, "clip_fraction": 0.025281251408159733, "grad_norm": 94.30547332763672, "explained_variance": 0.28231436014175415, "action_std_mean": 0.3659881353378296}
{"step": 808000, "wall_time": 1790160424.9088113, "episodes_completed": 68, "mean_episode_reward": 8.976552837035236, "std_episode_reward": 38.81840612517671, "min_episode_reward": -49.79175567626953, "max_episode_reward": 136.5446319580078, "mean_episode_length": 92.73529411764706, "success_rate": 0.14705882352941177, "collision_rate": 0.8529411764705882, "out_of_bounds_rate": 0.0, "timeout_rate": 0.0, "policy_loss": 0.0005172205294949883, "value_loss": 66.89091682434082, "entropy": 0.8275469690561295, "approx_kl": 0.002138077645213343, "clip_fraction": 0.02125000045634806, "grad_norm": 71.9926347732544, "explained_variance": 0.33142536878585815, "action_std_mean": 0.36598312854766846}
{"step": 816000, "wall_time": 1790160460.052976, "episodes_completed": 62, "mean_episode_reward": 8.240426155828661, "std_episode_reward": 37.94856107655093, "min_episode_reward": -49.933624267578125, "max_episode_reward": 135.3404998779297, "mean_episode_length": 90.91935483870968, "success_rate": 0.12903225806451613, "collision_rate": 0.8709677419354839, "out_of_bounds_rate": 0.0, "timeout_rate": 0.0, "policy_loss": 0.00040078880087812685, "value_loss": 63.025166511535645, "entropy": 0.8275317847728729, "approx_kl": 0.0011135551540064625, "clip_fraction": 0.014906250318745151, "grad_norm": 61.42103958129883, "explained_variance": 0.3497278690338135, "action_std_mean": 0.3659813404083252}
{"step": 824000, "wall_time": 1790160493.845248, "episodes_completed": 66, "mean_episode_reward": 1.069450248371471, "std_episode_reward": 35.918057669589096, "min_episode_reward": -50.042850494384766, "max_episode_reward": 114.46046447753906, "mean_episode_length": 78.28787878787878, "success_rate": 0.09090909090909091, "collision_rate": 0.9090909090909091, "out_of_bounds_rate": 0.0, "timeout_rate": 0.0, "policy_loss": -0.0002737217133254033, "value_loss": 58.32271671295166, "entropy": 0.8275064826011658, "approx_kl": 0.0004408370587043464, "clip_fraction": 0.003562500060070306, "grad_norm": 72.66873359680176, "explained_variance": 0.293540358543396, "action_std_mean": 0.3659706115722656}
{"step": 832000, "wall_time": 1790160526.994845, "episodes_completed": 71, "mean_episode_reward": 9.251052802717181, "std_episode_reward": 40.568906492191644, "min_episode_reward": -49.74113845825195, "max_episode_reward": 156.8408966064453, "mean_episode_length": 83.45070422535211, "success_rate": 0.16901408450704225, "collision_rate": 0.8309859154929577, "out_of_bounds_rate": 0.0, "timeout_rate": 0.0, "policy_loss": -0.00013703060436820458, "value_loss": 69.12296867370605, "entropy": 0.827440932393074, "approx_kl": 0.0010424986685393378, "clip_fraction": 0.0089062504703179, "grad_norm": 62.17239475250244, "explained_variance": 0.26970869302749634, "action_std_mean": 0.3659576177597046}
{"step": 840000, "wall_time": 1790160559.7543402, "episodes_completed": 60, "mean_episode_reward": 0.3482618808746338, "std_episode_reward": 43.95626582655912, "min_episode_reward": -49.9483642578125, "max_episode_reward": 151.8529815673828, "mean_episode_length": 87.75, "success_rate": 0.08333333333333333, "collision_rate": 0.9166666666666666, "out_of_bounds_rate": 0.0, "timeout_rate": 0.0, "policy_loss": 0.0010789766679519808, "value_loss": 54.75156116485596, "entropy": 0.8273515105247498, "approx_kl": 0.0019824138144031167, "clip_fraction": 0.012843750650063157, "grad_norm": 33.66045093536377, "explained_variance": 0.39080822467803955, "action_std_mean": 0.36593306064605713}
{"step": 848000, "wall_time": 1790160590.1313732, "episodes_completed": 62, "mean_episode_reward": 7.056777061954621, "std_episode_reward": 39.43574761665554, "min_episode_reward": -49.86226272583008, "max_episode_reward": 151.39065551757812, "mean_episode_length": 94.35483870967742, "success_rate": 0.14516129032258066, "collision_rate": 0.8548387096774194, "out_of_bounds_rate": 0.0, "timeout_rate": 0.0, "policy_loss": 0.0003189153763524244, "value_loss": 62.9295072555542, "entropy": 0.8272089064121246, "approx_kl": 0.00043546166125452146, "clip_fraction": 0.012531250715255737, "grad_norm": 46.472042083740234, "explained_variance": 0.2990516424179077, "action_std_mean": 0.36590883135795593}
{"step": 856000, "wall_time": 1790160621.0028474, "episodes_completed": 75, "mean_episode_reward": -2.3148353068033853, "std_episode_reward": 33.61955084327409, "min_episode_reward": -49.66889572143555, "max_episode_reward": 102.33695220947266, "mean_episode_length": 79.01333333333334, "success_rate": 0.10666666666666667, "collision_rate": 0.8933333333333333, "out_of_bounds_rate": 0.0, "timeout_rate": 0.0, "policy_loss": -0.0002245411882758619, "value_loss": 59.679656982421875, "entropy": 0.827086478471756, "approx_kl": 0.004121525853406638, "clip_fraction": 0.0594375011860393, "grad_norm": 58.536001205444336, "explained_variance": 0.357158362865448, "action_std_mean": 0.36588799953460693}
{"step": 864000, "wall_time": 1790160652.5960307, "episodes_completed": 46, "mean_episode_reward": 12.354799871859344, "std_episode_reward": 49.177920213223935, "min_episode_reward": -50.212650299072266, "max_episode_reward": 149.74034118652344, "mean_episode_length": 119.06521739130434, "success_rate": 0.21739130434782608, "collision_rate": 0.782608695652174, "out_of_bounds_rate": 0.0, "timeout_rate": 0.0, "policy_loss": 0.0009787350458791977, "value_loss": 51.68125247955322, "entropy": 0.8269937485456467, "approx_kl": 0.002751254942268133, "clip_fraction": 0.040281252935528755, "grad_norm": 74.55903816223145, "explained_variance": 0.4054596424102783, "action_std_mean": 0.36588096618652344}
{"step": 872000, "wall_time": 1790160688.4529293, "episodes_completed": 69, "mean_episode_reward": 2.83549610082654, "std_episode_reward": 39.700447312056, "min_episode_reward": -50.17811584472656, "max_episode_reward": 129.04470825195312, "mean_episode_length": 75.10144927536231, "success_rate": 0.11594202898550725, "collision_rate": 0.8840579710144928, "out_of_bounds_rate": 0.0, "timeout_rate": 0.0, "policy_loss": 0.0015920505840332222, "value_loss": 65.95025825500488, "entropy": 0.826980322599411, "approx_kl": 0.00355709734139964, "clip_fraction": 0.05718750320374966, "grad_norm": 116.76649761199951, "explained_variance": 0.3854385018348694, "action_std_mean": 0.36588355898857117}
{"step": 880000, "wall_time": 1790160721.527262, "episodes_completed": 61, "mean_episode_reward": 3.9355047882580365, "std_episode_reward": 45.274336235916834, "min_episode_reward": -50.13701248168945, "max_episode_reward": 194.62350463867188, "mean_episode_length": 92.88524590163935, "success_rate": 0.09836065573770492, "collision_rate": 0.9016393442622951, "out_of_bounds_rate": 0.0, "timeout_rate": 0.0, "policy_loss": 0.0004653101204894483, "value_loss": 54.929019927978516, "entropy": 0.8270047605037689, "approx_kl": 0.0006412378861568868, "clip_fraction": 0.016500000841915607, "grad_norm": 56.751418113708496, "explained_variance": 0.43595510721206665, "action_std_mean": 0.36589035391807556}
{"step": 888000, "wall_time": 1790160756.7866156, "episodes_completed": 60, "mean_episode_reward": 6.521968015034994, "std_episode_reward": 41.620677851025825, "min_episode_reward": -50.00410079956055, "max_episode_reward": 117.59902954101562, "mean_episode_length": 91.5, "success_rate": 0.13333333333333333, "collision_rate": 0.8666666666666667, "out_of_bounds_rate": 0.0, "timeout_rate": 0.0, "policy_loss": -0.0005911731921950381, "value_loss": 50.69539451599121, "entropy": 0.8270073980093002, "approx_kl": 0.001075175270671025, "clip_fraction": 0.007593750488013029, "grad_norm": 41.13610506057739, "explained_variance": 0.4580830931663513, "action_std_mean": 0.36587339639663696}
{"step": 896000, "wall_time": 1790160790.9477785, "episodes_completed": 49, "mean_episode_reward": 15.389237540108818, "std_episode_reward": 44.76585700578086, "min_episode_reward": -49.84828567504883, "max_episode_reward": 119.9627456665039, "mean_episode_length": 120.3265306122449, "success_rate": 0.22448979591836735, "collision_rate": 0.7755102040816326, "out_of_bounds_rate": 0.0, "timeout_rate": 0.0, "policy_loss": 0.0005542126062791919, "value_loss": 56.75391387939453, "entropy": 0.8268851786851883, "approx_kl": -0.00014997270227468107, "clip_fraction": 0.021968751214444637, "grad_norm": 51.78653144836426, "explained_variance": 0.38687580823898315, "action_std_mean": 0.36584970355033875}
{"step": 904000, "wall_time": 1790160824.4594083, "episodes_completed": 51, "mean_episode_reward": 10.598874428692985, "std_episode_reward": 50.31153567756193, "min_episode_reward": -49.779869079589844, "max_episode_reward": 228.45120239257812, "mean_episode_length": 95.96078431372548, "success_rate": 0.09803921568627451, "collision_rate": 0.9019607843137255, "out_of_bounds_rate": 0.0, "timeout_rate": 0.0, "policy_loss": -0.00024607515803654056, "value_loss": 52.69865131378174, "entropy": 0.826738566160202, "approx_kl": 0.002224185795057565, "clip_fraction": 0.034187501412816346, "grad_norm": 40.11785173416138, "explained_variance": 0.38321030139923096, "action_std_mean": 0.3658129870891571}
{"step": 912000, "wall_time": 1790160856.3468647, "episodes_completed": 60, "mean_episode_reward": 1.2486646493275961, "std_episode_reward": 31.60042865229278, "min_episode_reward": -49.7806396484375, "max_episode_reward": 104.34162902832031, "mean_episode_length": 83.95, "success_rate": 0.13333333333333333, "collision_rate": 0.8666666666666667, "out_of_bounds_rate": 0.0, "timeout_rate": 0.0, "policy_loss": -0.0009237070179077822, "value_loss": 52.885640144348145, "entropy": 0.8265209496021271, "approx_kl": 0.002258756649098359, "clip_fraction": 0.0580000048794318, "grad_norm": 36.35530948638916, "explained_variance": 0.4532284736633301, "action_std_mean": 0.3657712936401367}
{"step": 920000, "wall_time": 1790160890.3780344, "episodes_completed": 71, "mean_episode_reward": -0.34385620708196935, "std_episode_reward": 32.027049031801575, "min_episode_reward": -49.93567657470703, "max_episode_reward": 96.86418914794922, "mean_episode_length": 69.46478873239437, "success_rate": 0.09859154929577464, "collision_rate": 0.9014084507042254, "out_of_bounds_rate": 0.0, "timeout_rate": 0.0, "policy_loss": 0.0005523080996936436, "value_loss": 65.25728607177734, "entropy": 0.8262806981801987, "approx_kl": 0.0013009032254558406, "clip_fraction": 0.029468751265085302, "grad_norm": 46.10738945007324, "explained_variance": 0.3971819281578064, "action_std_mean": 0.365717351436615}
{"step": 928000, "wall_time": 1790160921.7851908, "episodes_completed": 50, "mean_episode_reward": 3.8880540180206298, "std_episode_reward": 39.37397170010311, "min_episode_reward": -49.86818313598633, "max_episode_reward": 130.97705078125, "mean_episode_length": 112.32, "success_rate": 0.1, "collision_rate": 0.88, "out_of_bounds_rate": 0.0, "timeout_rate": 0.02, "policy_loss": 8.41352943389273e-05, "value_loss": 45.27253723144531, "entropy": 0.8259549289941788, "approx_kl": 0.00252627361624036, "clip_fraction": 0.026187500916421413, "grad_norm": 59.483336448669434, "explained_variance": 0.5549434423446655, "action_std_mean": 0.365656316280365}
{"step": 936000, "wall_time": 1790160952.6398668, "episodes_completed": 67, "mean_episode_reward": 5.807334558287663, "std_episode_reward": 44.314282738363936, "min_episode_reward": -49.92864227294922, "max_episode_reward": 129.06723022460938, "mean_episode_length": 87.16417910447761, "success_rate": 0.14925373134328357, "collision_rate": 0.8507462686567164, "out_of_bounds_rate": 0.0, "timeout_rate": 0.0, "policy_loss": -0.0007486286407801801, "value_loss": 56.273263931274414, "entropy": 0.8256790190935135, "approx_kl": 0.001472120260586962, "clip_fraction": 0.02553125162376091, "grad_norm": 54.68639898300171, "explained_variance": 0.4640962481498718, "action_std_mean": 0.36563223600387573}
{"step": 944000, "wall_time": 1790160984.368648, "episodes_completed": 53, "mean_episode_reward": 12.409459150062418, "std_episode_reward": 52.156347374817955, "min_episode_reward": -50.02009963989258, "max_episode_reward": 209.48223876953125, "mean_episode_length": 114.60377358490567, "success_rate": 0.18867924528301888, "collision_rate": 0.8113207547169812, "out_of_bounds_rate": 0.0, "timeout_rate": 0.0, "policy_loss": 0.00043016149461627684, "value_loss": 48.064767837524414, "entropy": 0.8256244957447052, "approx_kl": 0.0015687702834839001, "clip_fraction": 0.02981250174343586, "grad_norm": 46.57827949523926, "explained_variance": 0.5055032968521118, "action_std_mean": 0.365639865398407}
{"step": 952000, "wall_time": 1790161019.981912, "episodes_completed": 63, "mean_episode_reward": 6.483176549275716, "std_episode_reward": 42.26471235176949, "min_episode_reward": -49.92673873901367, "max_episode_reward": 124.19083404541016, "mean_episode_length": 100.92063492063492, "success_rate": 0.09523809523809523, "collision_rate": 0.9047619047619048, "out_of_bounds_rate": 0.0, "timeout_rate": 0.0, "policy_loss": 0.004086627915967256, "value_loss": 56.719319343566895, "entropy": 0.8256790339946747, "approx_kl": 0.008176105446182191, "clip_fraction": 0.17475000582635403, "grad_norm": 87.13780784606934, "explained_variance": 0.5032632350921631, "action_std_mean": 0.36564695835113525}
{"step": 960000, "wall_time": 1790161054.0871465, "episodes_completed": 52, "mean_episode_reward": 3.145453618122981, "std_episode_reward": 42.06780404824279, "min_episode_reward": -49.73971939086914, "max_episode_reward": 176.1497344970703, "mean_episode_length": 92.63461538461539, "success_rate": 0.057692307692307696, "collision_rate": 0.9423076923076923, "out_of_bounds_rate": 0.0, "timeout_rate": 0.0, "policy_loss": 0.0018953715157986606, "value_loss": 48.76396942138672, "entropy": 0.8257134407758713, "approx_kl": 0.00394907032023184, "clip_fraction": 0.0928125036880374, "grad_norm": 60.05029106140137, "explained_variance": 0.5103985071182251, "action_std_mean": 0.3656582236289978}
{"step": 968000, "wall_time": 1790161084.8923736, "episodes_completed": 70, "mean_episode_reward": 2.841648551395961, "std_episode_reward": 40.92309863739274, "min_episode_reward": -49.95366668701172, "max_episode_reward": 155.48675537109375, "mean_episode_length": 72.8, "success_rate": 0.17142857142857143, "collision_rate": 0.8285714285714286, "out_of_bounds_rate": 0.0, "timeout_rate": 0.0, "policy_loss": 0.002377081942046111, "value_loss": 69.00045394897461, "entropy": 0.8258031606674194, "approx_kl": 0.004672297218348831, "clip_fraction": 0.07637500297278166, "grad_norm": 81.1238431930542, "explained_variance": 0.41939646005630493, "action_std_mean": 0.3656805157661438}
{"step": 976000, "wall_time": 1790161115.5757606, "episodes_completed": 49, "mean_episode_reward": 15.541467452535825, "std_episode_reward": 47.79572743890987, "min_episode_reward": -50.0672492980957, "max_episode_reward": 144.4238739013672, "mean_episode_length": 113.42857142857143, "success_rate": 0.1836734693877551, "collision_rate": 0.8163265306122449, "out_of_bounds_rate": 0.0, "timeout_rate": 0.0, "policy_loss": -0.0007777371782575759, "value_loss": 54.04280948638916, "entropy": 0.8259185701608658, "approx_kl": 0.0013331316149560735, "clip_fraction": 0.02553125051781535, "grad_norm": 75.38456344604492, "explained_variance": 0.4439067244529724, "action_std_mean": 0.3656960129737854}
{"step": 984000, "wall_time": 1790161146.34785, "episodes_completed": 52, "mean_episode_reward": 15.31949494435237, "std_episode_reward": 47.69414660145711, "min_episode_reward": -49.66836166381836, "max_episode_reward": 171.52142333984375, "mean_episode_length": 113.67307692307692, "success_rate": 0.19230769230769232, "collision_rate": 0.8076923076923077, "out_of_bounds_rate": 0.0, "timeout_rate": 0.0, "policy_loss": -0.0006054995189477275, "value_loss": 54.137258529663086, "entropy": 0.8259977400302887, "approx_kl": 0.0013453869905788451, "clip_fraction": 0.01578125036030542, "grad_norm": 52.70873165130615, "explained_variance": 0.45989954471588135, "action_std_mean": 0.36571216583251953}
{"step": 992000, "wall_time": 1790161177.8893127, "episodes_completed": 72, "mean_episode_reward": 2.1464603741963706, "std_episode_reward": 41.57266995232867, "min_episode_reward": -50.03315734863281, "max_episode_reward": 186.95697021484375, "mean_episode_length": 77.29166666666667, "success_rate": 0.16666666666666666, "collision_rate": 0.8333333333333334, "out_of_bounds_rate": 0.0, "timeout_rate": 0.0, "policy_loss": -0.0010549545461544518, "value_loss": 66.45123291015625, "entropy": 0.8260846883058548, "approx_kl": 0.0028729585465043783, "clip_fraction": 0.03396875178441405, "grad_norm": 80.15778350830078, "explained_variance": 0.4215356707572937, "action_std_mean": 0.36572563648223877}
{"step": 1000000, "wall_time": 1790161211.3885078, "episodes_completed": 50, "mean_episode_reward": 9.102459087371827, "std_episode_reward": 39.24238713016878, "min_episode_reward": -49.76251983642578, "max_episode_reward": 76.52654266357422, "mean_episode_length": 95.78, "success_rate": 0.22, "collision_rate": 0.78, "out_of_bounds_rate": 0.0, "timeout_rate": 0.0, "policy_loss": 2.8420449147414928e-05, "value_loss": 51.63048458099365, "entropy": 0.8261490315198898, "approx_kl": 0.0004856927153014112, "clip_fraction": 0.008125000313157216, "grad_norm": 86.4357852935791, "explained_variance": 0.4659024477005005, "action_std_mean": 0.36573541164398193}
{"step": 1008000, "wall_time": 1790161244.9026747, "episodes_completed": 65, "mean_episode_reward": 12.576238250732422, "std_episode_reward": 45.4765639404742, "min_episode_reward": -50.171302795410156, "max_episode_reward": 170.6351318359375, "mean_episode_length": 86.55384615384615, "success_rate": 0.2, "collision_rate": 0.8, "out_of_bounds_rate": 0.0, "timeout_rate": 0.0, "policy_loss": 4.239368620251316e-05, "value_loss": 70.87422561645508, "entropy": 0.8262176960706711, "approx_kl": 0.0011743619397748262, "clip_fraction": 0.015562500164378434, "grad_norm": 55.50232172012329, "explained_variance": 0.39688122272491455, "action_std_mean": 0.36575669050216675}
{"step": 1016000, "wall_time": 1790161278.275402, "episodes_completed": 64, "mean_episode_reward": 6.856745019555092, "std_episode_reward": 43.88549046378946, "min_episode_reward": -50.07854461669922, "max_episode_reward": 125.67031860351562, "mean_episode_length": 92.75, "success_rate": 0.140625, "collision_rate": 0.859375, "out_of_bounds_rate": 0.0, "timeout_rate": 0.0, "policy_loss": -0.00011819839983950864, "value_loss": 56.945180892944336, "entropy": 0.8263418674468994, "approx_kl": 0.00032405467391072307, "clip_fraction": 0.004968750345142325, "grad_norm": 71.58364486694336, "explained_variance": 0.48008251190185547, "action_std_mean": 0.3657749891281128}
{"step": 1024000, "wall_time": 1790161310.1132371, "episodes_completed": 48, "mean_episode_reward": 1.8037120699882507, "std_episode_reward": 40.126150094198245, "min_episode_reward": -50.299720764160156, "max_episode_reward": 161.78421020507812, "mean_episode_length": 83.29166666666667, "success_rate": 0.10416666666666667, "collision_rate": 0.8958333333333334, "out_of_bounds_rate": 0.0, "timeout_rate": 0.0, "policy_loss": -5.9839250090565343e-05, "value_loss": 48.388465881347656, "entropy": 0.8264052718877792, "approx_kl": 0.0006775466608814895, "clip_fraction": 0.0102812501572771, "grad_norm": 122.4655818939209, "explained_variance": 0.4318320155143738, "action_std_mean": 0.36577433347702026}
{"step": 1032000, "wall_time": 1790161342.820194, "episodes_completed": 51, "mean_episode_reward": 1.1534587635713465, "std_episode_reward": 34.73164321206613, "min_episode_reward": -50.00809860229492, "max_episode_reward": 109.20975494384766, "mean_episode_length": 98.47058823529412, "success_rate": 0.11764705882352941, "collision_rate": 0.8823529411764706, "out_of_bounds_rate": 0.0, "timeout_rate": 0.0, "policy_loss": 0.00019746590650177032, "value_loss": 48.5484676361084, "entropy": 0.8263969123363495, "approx_kl": 0.0015840835112612695, "clip_fraction": 0.015937500866129994, "grad_norm": 67.58198356628418, "explained_variance": 0.4779064655303955, "action_std_mean": 0.3657785654067993}
{"step": 1040000, "wall_time": 1790161378.7750075, "episodes_completed": 68, "mean_episode_reward": 6.995806974523208, "std_episode_reward": 39.939986715641275, "min_episode_reward": -49.93568801879883, "max_episode_reward": 110.40930938720703, "mean_episode_length": 76.69117647058823, "success_rate": 0.23529411764705882, "collision_rate": 0.7647058823529411, "out_of_bounds_rate": 0.0, "timeout_rate": 0.0, "policy_loss": 0.00019305134446767624, "value_loss": 62.64602279663086, "entropy": 0.8264200240373611, "approx_kl": 0.0003000583856191952, "clip_fraction": 0.013625000603497028, "grad_norm": 68.20302295684814, "explained_variance": 0.4810184836387634, "action_std_mean": 0.365774929523468}
{"step": 1048000, "wall_time": 1790161410.7627857, "episodes_completed": 66, "mean_episode_reward": 3.973378138108687, "std_episode_reward": 41.90812241032569, "min_episode_reward": -49.837669372558594, "max_episode_reward": 131.14434814453125, "mean_episode_length": 75.81818181818181, "success_rate": 0.15151515151515152, "collision_rate": 0.8484848484848485, "out_of_bounds_rate": 0.0, "timeout_rate": 0.0, "policy_loss": 0.0004522891258824657, "value_loss": 54.84177589416504, "entropy": 0.8263727873563766, "approx_kl": 0.0009988520032493398, "clip_fraction": 0.014906250522471964, "grad_norm": 123.38173484802246, "explained_variance": 0.4845445156097412, "action_std_mean": 0.3657631278038025}
{"step": 1056000, "wall_time": 1790161442.4577544, "episodes_completed": 49, "mean_episode_reward": 14.60304678702841, "std_episode_reward": 42.398403700691645, "min_episode_reward": -49.86272048950195, "max_episode_reward": 128.39564514160156, "mean_episode_length": 104.6734693877551, "success_rate": 0.1836734693877551, "collision_rate": 0.8163265306122449, "out_of_bounds_rate": 0.0, "timeout_rate": 0.0, "policy_loss": -0.00013648104866259558, "value_loss": 53.75037670135498, "entropy": 0.8263203352689743, "approx_kl": 0.0016934640443651006, "clip_fraction": 0.03203125228174031, "grad_norm": 106.57389259338379, "explained_variance": 0.4746975898742676, "action_std_mean": 0.36575835943222046}
{"step": 1064000, "wall_time": 1790161477.024921, "episodes_completed": 47, "mean_episode_reward": 19.4291477609188, "std_episode_reward": 50.88651710183365, "min_episode_reward": -50.131378173828125, "max_episode_reward": 138.4765167236328, "mean_episode_length": 105.87234042553192, "success_rate": 0.2553191489361702, "collision_rate": 0.7446808510638298, "out_of_bounds_rate": 0.0, "timeout_rate": 0.0, "policy_loss": -7.444000788314753e-05, "value_loss": 45.2069616317749, "entropy": 0.8263020217418671, "approx_kl": 0.0005832339920743834, "clip_fraction": 0.00971875066170469, "grad_norm": 94.22909736633301, "explained_variance": 0.5959492325782776, "action_std_mean": 0.3657548427581787}
{"step": 1072000, "wall_time": 1790161508.8041327, "episodes_completed": 69, "mean_episode_reward": 6.1887049467667286, "std_episode_reward": 34.92901539696798, "min_episode_reward": -49.76136779785156, "max_episode_reward": 97.5653076171875, "mean_episode_length": 77.79710144927536, "success_rate": 0.14492753623188406, "collision_rate": 0.855072463768116, "out_of_bounds_rate": 0.0, "timeout_rate": 0.0, "policy_loss": 0.0003611498120590362, "value_loss": 58.20445156097412, "entropy": 0.8262916952371597, "approx_kl": 0.0021926220651948825, "clip_fraction": 0.04115625296253711, "grad_norm": 120.37187385559082, "explained_variance": 0.4884340167045593, "action_std_mean": 0.3657575845718384}
{"step": 1080000, "wall_time": 1790161542.9510887, "episodes_completed": 38, "mean_episode_reward": 15.117760683360853, "std_episode_reward": 46.7242292996518, "min_episode_reward": -49.76350021362305, "max_episode_reward": 191.28509521484375, "mean_episode_length": 102.13157894736842, "success_rate": 0.21052631578947367, "collision_rate": 0.7894736842105263, "out_of_bounds_rate": 0.0, "timeout_rate": 0.0, "policy_loss": -0.0004206924744645235, "value_loss": 44.40225410461426, "entropy": 0.8262908309698105, "approx_kl": 0.0011747433163691312, "clip_fraction": 0.01165625057183206, "grad_norm": 94.53068733215332, "explained_variance": 0.4999374747276306, "action_std_mean": 0.3657454252243042}
{"step": 1088000, "wall_time": 1790161579.9698913, "episodes_completed": 62, "mean_episode_reward": 8.152201360271823, "std_episode_reward": 39.44069771982721, "min_episode_reward": -50.02207565307617, "max_episode_reward": 148.00030517578125, "mean_episode_length": 91.12903225806451, "success_rate": 0.1774193548387097, "collision_rate": 0.8225806451612904, "out_of_bounds_rate": 0.0, "timeout_rate": 0.0, "policy_loss": -0.00024023463201605644, "value_loss": 58.193732261657715, "entropy": 0.8261990547180176, "approx_kl": 0.0029457950149662793, "clip_fraction": 0.050968751311302185, "grad_norm": 128.45074462890625, "explained_variance": 0.4953175187110901, "action_std_mean": 0.36572709679603577}
{"step": 1096000, "wall_time": 1790161615.8910162, "episodes_completed": 67, "mean_episode_reward": 10.228738898661598, "std_episode_reward": 44.40685693039755, "min_episode_reward": -49.92969512939453, "max_episode_reward": 164.72511291503906, "mean_episode_length": 92.23880597014926, "success_rate": 0.1791044776119403, "collision_rate": 0.8208955223880597, "out_of_bounds_rate": 0.0, "timeout_rate": 0.0, "policy_loss": -0.00016785956980269745, "value_loss": 59.60124969482422, "entropy": 0.8261039406061172, "approx_kl": 0.0006007110423524864, "clip_fraction": 0.0028125002281740308, "grad_norm": 81.39492321014404, "explained_variance": 0.5410168766975403, "action_std_mean": 0.3657117486000061}
{"step": 1104000, "wall_time": 1790161651.5157402, "episodes_completed": 62, "mean_episode_reward": 15.474251700985816, "std_episode_reward": 49.180807025681915, "min_episode_reward": -49.97086715698242, "max_episode_reward": 162.18190002441406, "mean_episode_length": 97.5, "success_rate": 0.20967741935483872, "collision_rate": 0.7903225806451613, "out_of_bounds_rate": 0.0, "timeout_rate": 0.0, "policy_loss": -0.0005466919204915044, "value_loss": 61.37448215484619, "entropy": 0.8260290920734406, "approx_kl": 0.00014619462672271766, "clip_fraction": 0.001875000056315912, "grad_norm": 129.63098335266113, "explained_variance": 0.501581072807312, "action_std_mean": 0.3657008409500122}
{"step": 1112000, "wall_time": 1790161682.0394557, "episodes_completed": 57, "mean_episode_reward": 11.078152154621325, "std_episode_reward": 47.878636412781844, "min_episode_reward": -50.12010955810547, "max_episode_reward": 163.96636962890625, "mean_episode_length": 99.0701754385965, "success_rate": 0.15789473684210525, "collision_rate": 0.8421052631578947, "out_of_bounds_rate": 0.0, "timeout_rate": 0.0, "policy_loss": 1.1519783749136536e-06, "value_loss": 50.337117195129395, "entropy": 0.8259843289852142, "approx_kl": 0.000659680474200286, "clip_fraction": 0.004687500237196218, "grad_norm": 269.7157278060913, "explained_variance": 0.5182968378067017, "action_std_mean": 0.36569875478744507}
{"step": 1120000, "wall_time": 1790161713.3902895, "episodes_completed": 65, "mean_episode_reward": 0.5690057754516602, "std_episode_reward": 35.175040149658926, "min_episode_reward": -49.524349212646484, "max_episode_reward": 153.91348266601562, "mean_episode_length": 88.86153846153846, "success_rate": 0.06153846153846154, "collision_rate": 0.9384615384615385, "out_of_bounds_rate": 0.0, "timeout_rate": 0.0, "policy_loss": -0.0006802506709935319, "value_loss": 56.76253604888916, "entropy": 0.8259705305099487, "approx_kl": 0.00037794864329043776, "clip_fraction": 0.004906250338535756, "grad_norm": 79.14283561706543, "explained_variance": 0.5149072408676147, "action_std_mean": 0.365688681602478}
{"step": 1128000, "wall_time": 1790161746.1502213, "episodes_completed": 65, "mean_episode_reward": 13.510004131610577, "std_episode_reward": 50.548750076672896, "min_episode_reward": -49.99794006347656, "max_episode_reward": 171.63107299804688, "mean_episode_length": 101.01538461538462, "success_rate": 0.07692307692307693, "collision_rate": 0.9230769230769231, "out_of_bounds_rate": 0.0, "timeout_rate": 0.0, "policy_loss": 1.9886492213072593e-05, "value_loss": 57.521841049194336, "entropy": 0.8258990794420242, "approx_kl": 0.0005372070299927145, "clip_fraction": 0.006281250272877514, "grad_norm": 129.8853359222412, "explained_variance": 0.5537580251693726, "action_std_mean": 0.36567598581314087}
{"step": 1136000, "wall_time": 1790161779.2597294, "episodes_completed": 52, "mean_episode_reward": 11.006838633463932, "std_episode_reward": 48.259524102850065, "min_episode_reward": -50.19551467895508, "max_episode_reward": 125.84419250488281, "mean_episode_length": 93.40384615384616, "success_rate": 0.1346153846153846, "collision_rate": 0.8653846153846154, "out_of_bounds_rate": 0.0, "timeout_rate": 0.0, "policy_loss": -7.738804818613332e-05, "value_loss": 49.9473934173584, "entropy": 0.8258490115404129, "approx_kl": 0.00056569271691842, "clip_fraction": 0.01631250069476664, "grad_norm": 129.57077598571777, "explained_variance": 0.5461836457252502, "action_std_mean": 0.3656741976737976}
{"step": 1144000, "wall_time": 1790161815.4109075, "episodes_completed": 83, "mean_episode_reward": 2.68599756079984, "std_episode_reward": 47.54001264493742, "min_episode_reward": -50.251102447509766, "max_episode_reward": 212.9493865966797, "mean_episode_length": 79.72289156626506, "success_rate": 0.10843373493975904, "collision_rate": 0.891566265060241, "out_of_bounds_rate": 0.0, "timeout_rate": 0.0, "policy_loss": -0.0003438088944711648, "value_loss": 67.36325073242188, "entropy": 0.8258514404296875, "approx_kl": 0.0004920081773889251, "clip_fraction": 0.002156250033294782, "grad_norm": 110.08530902862549, "explained_variance": 0.5054934024810791, "action_std_mean": 0.3656753897666931}
{"step": 1152000, "wall_time": 1790161856.3081896, "episodes_completed": 66, "mean_episode_reward": 14.819599108262496, "std_episode_reward": 48.48249661158586, "min_episode_reward": -50.02168655395508, "max_episode_reward": 178.0321807861328, "mean_episode_length": 92.84848484848484, "success_rate": 0.21212121212121213, "collision_rate": 0.7878787878787878, "out_of_bounds_rate": 0.0, "timeout_rate": 0.0, "policy_loss": -0.0002942085335959632, "value_loss": 60.83712196350098, "entropy": 0.8258585333824158, "approx_kl": 0.0008073891076492146, "clip_fraction": 0.018406250746920705, "grad_norm": 108.1430025100708, "explained_variance": 0.5918053984642029, "action_std_mean": 0.3656776547431946}
{"step": 1160000, "wall_time": 1790161889.2578526, "episodes_completed": 73, "mean_episode_reward": 8.909962301384914, "std_episode_reward": 45.09655944535321, "min_episode_reward": -49.90168762207031, "max_episode_reward": 164.0931396484375, "mean_episode_length": 83.9041095890411, "success_rate": 0.1095890410958904, "collision_rate": 0.8904109589041096, "out_of_bounds_rate": 0.0, "timeout_rate": 0.0, "policy_loss": 0.0005168896028190373, "value_loss": 63.606056213378906, "entropy": 0.8258674144744873, "approx_kl": 0.001279649746720679, "clip_fraction": 0.01246875082142651, "grad_norm": 196.46347618103027, "explained_variance": 0.5322515368461609, "action_std_mean": 0.3656766712665558}
{"step": 1168000, "wall_time": 1790161923.885543, "episodes_completed": 54, "mean_episode_reward": 3.4213701354132757, "std_episode_reward": 50.164233498116566, "min_episode_reward": -50.08501434326172, "max_episode_reward": 208.0776824951172, "mean_episode_length": 77.0, "success_rate": 0.14814814814814814, "collision_rate": 0.8518518518518519, "out_of_bounds_rate": 0.0, "timeout_rate": 0.0, "policy_loss": -0.0005276069886859247, "value_loss": 48.308956146240234, "entropy": 0.8258669823408127, "approx_kl": 0.0003557871823431924, "clip_fraction": 0.003625000230385922, "grad_norm": 161.65737628936768, "explained_variance": 0.5832614302635193, "action_std_mean": 0.36568373441696167}
{"step": 1176000, "wall_time": 1790161956.4774325, "episodes_completed": 64, "mean_episode_reward": 2.0168851613998413, "std_episode_reward": 37.61412136313673, "min_episode_reward": -50.07058334350586, "max_episode_reward": 126.20875549316406, "mean_episode_length": 81.265625, "success_rate": 0.09375, "collision_rate": 0.90625, "out_of_bounds_rate": 0.0, "timeout_rate": 0.0, "policy_loss": 7.232761488562556e-05, "value_loss": 57.25236797332764, "entropy": 0.8259437382221222, "approx_kl": 0.0013804381887894124, "clip_fraction": 0.017500000656582415, "grad_norm": 70.45585823059082, "explained_variance": 0.5537294149398804, "action_std_mean": 0.3657073974609375}
{"step": 1184000, "wall_time": 1790161990.725668, "episodes_completed": 57, "mean_episode_reward": 6.408611849734657, "std_episode_reward": 36.836384590739144, "min_episode_reward": -49.976200103759766, "max_episode_reward": 132.6387481689453, "mean_episode_length": 104.42105263157895, "success_rate": 0.12280701754385964, "collision_rate": 0.8771929824561403, "out_of_bounds_rate": 0.0, "timeout_rate": 0.0, "policy_loss": -0.0007284491171593022, "value_loss": 56.895755767822266, "entropy": 0.8260861039161682, "approx_kl": 0.0010169862580369227, "clip_fraction": 0.014281251147622243, "grad_norm": 75.96578311920166, "explained_variance": 0.5069746971130371, "action_std_mean": 0.36573565006256104}
{"step": 1192000, "wall_time": 1790162034.8048224, "episodes_completed": 57, "mean_episode_reward": 7.9970243018970155, "std_episode_reward": 50.41162174425403, "min_episode_reward": -50.12013626098633, "max_episode_reward": 216.84176635742188, "mean_episode_length": 86.14035087719299, "success_rate": 0.12280701754385964, "collision_rate": 0.8771929824561403, "out_of_bounds_rate": 0.0, "timeout_rate": 0.0, "policy_loss": -0.0006057605984968184, "value_loss": 57.086087226867676, "entropy": 0.8262406289577484, "approx_kl": 0.0019437356677372009, "clip_fraction": 0.011656250979285687, "grad_norm": 130.03746223449707, "explained_variance": 0.5129764080047607, "action_std_mean": 0.3657621741294861}
