{"step": 8192, "wall_time": 1789921537.193929, "episodes_completed": 60, "mean_episode_reward": -29.096808369954427, "policy_loss": 0.07979213097132742, "value_loss": 39.65990591049194, "entropy": 0.8398090079426765, "approx_kl": 0.213205695617944, "clip_fraction": 0.5471038818359375}
{"step": 16384, "wall_time": 1789921597.1255777, "episodes_completed": 36, "mean_episode_reward": -26.02637394931581, "policy_loss": 0.02858890569768846, "value_loss": 19.454009771347046, "entropy": 0.8440604731440544, "approx_kl": 0.06827164720743895, "clip_fraction": 0.445404052734375}
{"step": 24576, "wall_time": 1789921657.2250328, "episodes_completed": 36, "mean_episode_reward": -26.840525653627182, "policy_loss": 0.06521305534988642, "value_loss": 19.819568872451782, "entropy": 0.8478229343891144, "approx_kl": 0.1618606997653842, "clip_fraction": 0.6081085205078125}
{"step": 32768, "wall_time": 1789921716.5984046, "episodes_completed": 42, "mean_episode_reward": -22.23481117579199, "policy_loss": 0.028904003091156483, "value_loss": 20.458929538726807, "entropy": 0.8513049483299255, "approx_kl": 0.04809899046085775, "clip_fraction": 0.4222869873046875}
{"step": 40960, "wall_time": 1789921777.8872025, "episodes_completed": 38, "mean_episode_reward": -25.775255956147845, "policy_loss": 0.010619880864396691, "value_loss": 20.02411437034607, "entropy": 0.8538695499300957, "approx_kl": 0.022794454009272158, "clip_fraction": 0.252532958984375}
{"step": 49152, "wall_time": 1789921836.6302707, "episodes_completed": 42, "mean_episode_reward": -23.872650731177558, "policy_loss": 0.007741020992398262, "value_loss": 19.7788565158844, "entropy": 0.8553507030010223, "approx_kl": 0.018692533660214394, "clip_fraction": 0.1686248779296875}
{"step": 57344, "wall_time": 1789921895.4215562, "episodes_completed": 38, "mean_episode_reward": -23.923004508410628, "policy_loss": 0.008802769239991903, "value_loss": 17.250853538513184, "entropy": 0.8563164919614792, "approx_kl": 0.027099958155304193, "clip_fraction": 0.261962890625}
{"step": 65536, "wall_time": 1789921953.4670527, "episodes_completed": 43, "mean_episode_reward": -23.119358890278395, "policy_loss": 0.0055694206384941936, "value_loss": 17.987707138061523, "entropy": 0.857960008084774, "approx_kl": 0.01851541898213327, "clip_fraction": 0.1985321044921875}
{"step": 73728, "wall_time": 1789922012.2233868, "episodes_completed": 49, "mean_episode_reward": -24.403000360848953, "policy_loss": 0.0024361235555261374, "value_loss": 22.96532702445984, "entropy": 0.8588019534945488, "approx_kl": 0.006827335266279988, "clip_fraction": 0.0980072021484375}
{"step": 81920, "wall_time": 1789922070.5181663, "episodes_completed": 36, "mean_episode_reward": -23.47591456522544, "policy_loss": 0.0002542478032410145, "value_loss": 15.580034613609314, "entropy": 0.858390137553215, "approx_kl": 0.005833226954564452, "clip_fraction": 0.080535888671875}
{"step": 90112, "wall_time": 1789922130.004495, "episodes_completed": 38, "mean_episode_reward": -19.90304838983636, "policy_loss": -0.000861381646245718, "value_loss": 13.794743418693542, "entropy": 0.8575806468725204, "approx_kl": 0.004076105484273285, "clip_fraction": 0.03411865234375}
{"step": 98304, "wall_time": 1789922188.5315194, "episodes_completed": 32, "mean_episode_reward": -19.11210496816784, "policy_loss": 0.00047723925672471523, "value_loss": 11.049414873123169, "entropy": 0.8566954806447029, "approx_kl": 0.011465970135759562, "clip_fraction": 0.1353302001953125}
{"step": 106496, "wall_time": 1789922247.5382535, "episodes_completed": 36, "mean_episode_reward": -22.463025169240105, "policy_loss": 0.000692801084369421, "value_loss": 15.288884282112122, "entropy": 0.8545192331075668, "approx_kl": 0.007362495642155409, "clip_fraction": 0.0908203125}
{"step": 114688, "wall_time": 1789922306.9967656, "episodes_completed": 47, "mean_episode_reward": -22.48028854312415, "policy_loss": -0.0015789152821525931, "value_loss": 16.920860052108765, "entropy": 0.8537393286824226, "approx_kl": 0.006620780273806304, "clip_fraction": 0.0682525634765625}
{"step": 122880, "wall_time": 1789922365.0322273, "episodes_completed": 30, "mean_episode_reward": -19.173073149720828, "policy_loss": 0.00011071679182350636, "value_loss": 10.20348858833313, "entropy": 0.8551517874002457, "approx_kl": 0.010769321816042066, "clip_fraction": 0.141693115234375}
{"step": 131072, "wall_time": 1789922423.5230258, "episodes_completed": 51, "mean_episode_reward": -21.652391968988905, "policy_loss": 0.0033892325591295958, "value_loss": 19.228209972381592, "entropy": 0.8591140508651733, "approx_kl": 0.009327587569714524, "clip_fraction": 0.123809814453125}
{"step": 139264, "wall_time": 1789922482.2822657, "episodes_completed": 35, "mean_episode_reward": -20.083118926627296, "policy_loss": 0.006948399357497692, "value_loss": 12.719353437423706, "entropy": 0.8622091263532639, "approx_kl": 0.01665063959080726, "clip_fraction": 0.20330810546875}
{"step": 147456, "wall_time": 1789922541.0980642, "episodes_completed": 41, "mean_episode_reward": -19.939754747762912, "policy_loss": 0.0028439866146072745, "value_loss": 13.534568309783936, "entropy": 0.8631564825773239, "approx_kl": 0.00925833499059081, "clip_fraction": 0.1107330322265625}
{"step": 155648, "wall_time": 1789922600.6287723, "episodes_completed": 35, "mean_episode_reward": -18.733039989961046, "policy_loss": -0.0013195367064327002, "value_loss": 11.159690141677856, "entropy": 0.8661633655428886, "approx_kl": 0.011065812315791845, "clip_fraction": 0.1266632080078125}
{"step": 163840, "wall_time": 1789922660.141523, "episodes_completed": 41, "mean_episode_reward": -20.301132110924257, "policy_loss": 0.002351706847548485, "value_loss": 14.136703252792358, "entropy": 0.8716421648859978, "approx_kl": 0.011844913504319265, "clip_fraction": 0.1467132568359375}
{"step": 172032, "wall_time": 1789922719.041919, "episodes_completed": 40, "mean_episode_reward": -17.08836243674159, "policy_loss": 0.008902647066861391, "value_loss": 12.600234031677246, "entropy": 0.8741631582379341, "approx_kl": 0.021356320707127452, "clip_fraction": 0.253875732421875}
{"step": 180224, "wall_time": 1789922777.8425527, "episodes_completed": 35, "mean_episode_reward": -21.06840659550258, "policy_loss": 0.001796487020328641, "value_loss": 13.162384033203125, "entropy": 0.8757269605994225, "approx_kl": 0.00939170247875154, "clip_fraction": 0.1169586181640625}
{"step": 188416, "wall_time": 1789922837.0489118, "episodes_completed": 42, "mean_episode_reward": -18.990310325863817, "policy_loss": -0.0013147168792784214, "value_loss": 13.17616355419159, "entropy": 0.8768063336610794, "approx_kl": 0.007320726930629462, "clip_fraction": 0.0715179443359375}
{"step": 196608, "wall_time": 1789922892.9212835, "episodes_completed": 29, "mean_episode_reward": -14.785030395820224, "policy_loss": -0.002050306648015976, "value_loss": 8.409582138061523, "entropy": 0.8778609484434128, "approx_kl": 0.008250399550888687, "clip_fraction": 0.1256561279296875}
{"step": 204800, "wall_time": 1789922949.6494439, "episodes_completed": 29, "mean_episode_reward": -16.194503438883814, "policy_loss": -0.00018705986440181732, "value_loss": 12.438260555267334, "entropy": 0.8789176791906357, "approx_kl": 0.005291890469379723, "clip_fraction": 0.060516357421875}
{"step": 212992, "wall_time": 1789923008.4854667, "episodes_completed": 32, "mean_episode_reward": -16.651127537246794, "policy_loss": -0.0006078490987420082, "value_loss": 9.810543060302734, "entropy": 0.879509374499321, "approx_kl": 0.007045773701975122, "clip_fraction": 0.0804290771484375}
{"step": 221184, "wall_time": 1789923066.7886891, "episodes_completed": 35, "mean_episode_reward": -19.17307668668883, "policy_loss": -0.0013451348058879375, "value_loss": 10.209673404693604, "entropy": 0.880878746509552, "approx_kl": 0.007111034356057644, "clip_fraction": 0.0820465087890625}
{"step": 229376, "wall_time": 1789923126.8421605, "episodes_completed": 35, "mean_episode_reward": -16.099548154217857, "policy_loss": -0.0005422444082796574, "value_loss": 11.805469632148743, "entropy": 0.8831601664423943, "approx_kl": 0.006423243437893689, "clip_fraction": 0.0784912109375}
{"step": 237568, "wall_time": 1789923186.3990808, "episodes_completed": 47, "mean_episode_reward": -19.0177800262228, "policy_loss": 0.0012072038371115923, "value_loss": 13.454576849937439, "entropy": 0.8850627914071083, "approx_kl": 0.010496392089407891, "clip_fraction": 0.1334075927734375}
{"step": 245760, "wall_time": 1789923245.2941394, "episodes_completed": 32, "mean_episode_reward": -13.070934776216745, "policy_loss": -0.0007402233313769102, "value_loss": 11.742634773254395, "entropy": 0.886056438088417, "approx_kl": 0.007986299809999764, "clip_fraction": 0.0748748779296875}
{"step": 253952, "wall_time": 1789923303.9360669, "episodes_completed": 31, "mean_episode_reward": -14.858131610578106, "policy_loss": -0.0010421562474220991, "value_loss": 9.019976139068604, "entropy": 0.8874372765421867, "approx_kl": 0.004415565985254943, "clip_fraction": 0.040069580078125}
{"step": 262144, "wall_time": 1789923363.8620214, "episodes_completed": 43, "mean_episode_reward": -15.128882352002831, "policy_loss": 0.0004523959942162037, "value_loss": 13.449736714363098, "entropy": 0.8898733928799629, "approx_kl": 0.008403701474890113, "clip_fraction": 0.0887603759765625}
{"step": 270336, "wall_time": 1789923424.1493642, "episodes_completed": 36, "mean_episode_reward": -13.987268265129792, "policy_loss": -0.0017310776165686548, "value_loss": 12.768359541893005, "entropy": 0.8916920199990273, "approx_kl": 0.008448686843621545, "clip_fraction": 0.129486083984375}
{"step": 278528, "wall_time": 1789923483.7031102, "episodes_completed": 35, "mean_episode_reward": -14.926852342060634, "policy_loss": -4.056585021317005e-05, "value_loss": 10.048999071121216, "entropy": 0.8924212232232094, "approx_kl": 0.0084629710909212, "clip_fraction": 0.1124267578125}
{"step": 286720, "wall_time": 1789923543.9860053, "episodes_completed": 38, "mean_episode_reward": -15.89711104019692, "policy_loss": -0.003412716556340456, "value_loss": 10.691588640213013, "entropy": 0.8927924185991287, "approx_kl": 0.004356363773695193, "clip_fraction": 0.0515289306640625}
{"step": 294912, "wall_time": 1789923603.557162, "episodes_completed": 39, "mean_episode_reward": -15.971551713271019, "policy_loss": -0.00029051629826426506, "value_loss": 9.943809628486633, "entropy": 0.8930579423904419, "approx_kl": 0.008937607432017103, "clip_fraction": 0.10498046875}
{"step": 303104, "wall_time": 1789923663.2579236, "episodes_completed": 32, "mean_episode_reward": -14.68239334737882, "policy_loss": -0.00040131621062755585, "value_loss": 8.625929713249207, "entropy": 0.8936245813965797, "approx_kl": 0.0071899075992405415, "clip_fraction": 0.1013336181640625}
{"step": 311296, "wall_time": 1789923722.9276972, "episodes_completed": 29, "mean_episode_reward": -14.60165705351994, "policy_loss": -0.00021611526608467102, "value_loss": 7.650384843349457, "entropy": 0.8939163982868195, "approx_kl": 0.004363177620689385, "clip_fraction": 0.072662353515625}
{"step": 319488, "wall_time": 1789923782.3018985, "episodes_completed": 35, "mean_episode_reward": -12.236515579904829, "policy_loss": -0.001383933238685131, "value_loss": 6.869065463542938, "entropy": 0.8943169265985489, "approx_kl": 0.005468684030347504, "clip_fraction": 0.0797882080078125}
{"step": 327680, "wall_time": 1789923842.2620022, "episodes_completed": 34, "mean_episode_reward": -13.346371790942024, "policy_loss": -0.001734951976686716, "value_loss": 12.071083426475525, "entropy": 0.8946297913789749, "approx_kl": 0.006039147468982264, "clip_fraction": 0.0706787109375}
{"step": 335872, "wall_time": 1789923902.2492628, "episodes_completed": 30, "mean_episode_reward": -12.059535678227743, "policy_loss": -0.0030881380662322044, "value_loss": 7.582018494606018, "entropy": 0.8947234451770782, "approx_kl": 0.0049670397565932944, "clip_fraction": 0.0536346435546875}
{"step": 344064, "wall_time": 1789923961.9170501, "episodes_completed": 36, "mean_episode_reward": -13.740418546729618, "policy_loss": -0.0009128204546868801, "value_loss": 9.165088415145874, "entropy": 0.8949515968561172, "approx_kl": 0.0024720836136111757, "clip_fraction": 0.0370330810546875}
{"step": 352256, "wall_time": 1789924021.2676382, "episodes_completed": 30, "mean_episode_reward": -11.612807250022888, "policy_loss": -0.0006154850125312805, "value_loss": 6.424967646598816, "entropy": 0.8947924599051476, "approx_kl": 0.009327200154075399, "clip_fraction": 0.1102294921875}
{"step": 360448, "wall_time": 1789924080.8508215, "episodes_completed": 37, "mean_episode_reward": -16.822732979784142, "policy_loss": -0.0014808541163802147, "value_loss": 10.08857786655426, "entropy": 0.8939462825655937, "approx_kl": 0.004662992974772351, "clip_fraction": 0.04791259765625}
{"step": 368640, "wall_time": 1789924140.404399, "episodes_completed": 40, "mean_episode_reward": -15.441623347997666, "policy_loss": 0.0007578489603474736, "value_loss": 11.504390597343445, "entropy": 0.8931259885430336, "approx_kl": 0.006641584855969995, "clip_fraction": 0.076873779296875}
{"step": 376832, "wall_time": 1789924196.812869, "episodes_completed": 33, "mean_episode_reward": -12.534907629995635, "policy_loss": -0.0004903338849544525, "value_loss": 9.340110898017883, "entropy": 0.8925834968686104, "approx_kl": 0.0058197656471747905, "clip_fraction": 0.0834808349609375}
{"step": 385024, "wall_time": 1789924252.5376387, "episodes_completed": 38, "mean_episode_reward": -13.958784204564596, "policy_loss": -0.0004784091142937541, "value_loss": 9.08565902709961, "entropy": 0.8920796886086464, "approx_kl": 0.0040027564245974645, "clip_fraction": 0.03765869140625}
{"step": 393216, "wall_time": 1789924308.2177298, "episodes_completed": 45, "mean_episode_reward": -18.017023007074993, "policy_loss": -0.0009213932789862156, "value_loss": 10.986630082130432, "entropy": 0.8913822397589684, "approx_kl": 0.005427205585874617, "clip_fraction": 0.0648651123046875}
{"step": 401408, "wall_time": 1789924363.3060296, "episodes_completed": 33, "mean_episode_reward": -14.02915154984503, "policy_loss": 0.00041194725781679153, "value_loss": 10.73392629623413, "entropy": 0.8913147449493408, "approx_kl": 0.007301270961761475, "clip_fraction": 0.0998382568359375}
{"step": 409600, "wall_time": 1789924418.405036, "episodes_completed": 41, "mean_episode_reward": -13.818753603754974, "policy_loss": 0.002012438140809536, "value_loss": 9.847181558609009, "entropy": 0.89131710678339, "approx_kl": 0.01026150953839533, "clip_fraction": 0.111968994140625}
{"step": 417792, "wall_time": 1789924473.4014764, "episodes_completed": 35, "mean_episode_reward": -15.244231835007668, "policy_loss": 0.0007259948179125786, "value_loss": 8.43970263004303, "entropy": 0.891388788819313, "approx_kl": 0.009140085079707205, "clip_fraction": 0.1156463623046875}
{"step": 425984, "wall_time": 1789924528.4014363, "episodes_completed": 37, "mean_episode_reward": -16.000159414132703, "policy_loss": -0.0011597806587815285, "value_loss": 12.036731362342834, "entropy": 0.891375221312046, "approx_kl": 0.008225440644309856, "clip_fraction": 0.107452392578125}
{"step": 434176, "wall_time": 1789924584.143428, "episodes_completed": 38, "mean_episode_reward": -15.735171073361448, "policy_loss": 0.0014192601665854454, "value_loss": 9.612533807754517, "entropy": 0.8915892094373703, "approx_kl": 0.008853228238876909, "clip_fraction": 0.1134185791015625}
{"step": 442368, "wall_time": 1789924639.815628, "episodes_completed": 35, "mean_episode_reward": -14.05315682888031, "policy_loss": 0.0006862059235572815, "value_loss": 10.148799538612366, "entropy": 0.8914406076073647, "approx_kl": 0.004167980951024219, "clip_fraction": 0.058197021484375}
{"step": 450560, "wall_time": 1789924694.4992926, "episodes_completed": 39, "mean_episode_reward": -17.23909489925091, "policy_loss": 3.626156831160188e-05, "value_loss": 13.092484474182129, "entropy": 0.8912516683340073, "approx_kl": 0.006693456933135167, "clip_fraction": 0.08221435546875}
{"step": 458752, "wall_time": 1789924749.9554572, "episodes_completed": 37, "mean_episode_reward": -12.556807865967622, "policy_loss": -0.0019220313988626003, "value_loss": 18.179489612579346, "entropy": 0.8913125544786453, "approx_kl": 0.008181197568774223, "clip_fraction": 0.10675048828125}
{"step": 466944, "wall_time": 1789924815.076554, "episodes_completed": 36, "mean_episode_reward": -13.13599869940016, "policy_loss": 0.0009356848895549774, "value_loss": 15.028667092323303, "entropy": 0.8917089998722076, "approx_kl": 0.0069726953661302105, "clip_fraction": 0.0754852294921875}
{"step": 475136, "wall_time": 1789924872.1653113, "episodes_completed": 37, "mean_episode_reward": -9.517060569009265, "policy_loss": 0.00045820753439329565, "value_loss": 13.475000500679016, "entropy": 0.8919360041618347, "approx_kl": 0.006335457554087043, "clip_fraction": 0.0764007568359375}
{"step": 483328, "wall_time": 1789924925.7308803, "episodes_completed": 38, "mean_episode_reward": -15.848870706597442, "policy_loss": 0.00023115251678973436, "value_loss": 11.334897875785828, "entropy": 0.8918621689081192, "approx_kl": 0.005887657607672736, "clip_fraction": 0.0598297119140625}
{"step": 491520, "wall_time": 1789924978.920097, "episodes_completed": 36, "mean_episode_reward": -14.807274805174934, "policy_loss": 0.0008358496706932783, "value_loss": 9.852959752082825, "entropy": 0.8919559195637703, "approx_kl": 0.004369642163510434, "clip_fraction": 0.066131591796875}
{"step": 499712, "wall_time": 1789925032.7347748, "episodes_completed": 34, "mean_episode_reward": -15.041830535978079, "policy_loss": 0.0020234720286680385, "value_loss": 9.92103624343872, "entropy": 0.8919756412506104, "approx_kl": 0.006778863782528788, "clip_fraction": 0.0941314697265625}
{"step": 507904, "wall_time": 1789925086.0687199, "episodes_completed": 26, "mean_episode_reward": -3.3111252796191435, "policy_loss": 0.0013101021759212017, "value_loss": 11.616511821746826, "entropy": 0.8916723430156708, "approx_kl": 0.0060652179818134755, "clip_fraction": 0.0609893798828125}
{"step": 516096, "wall_time": 1789925138.8655324, "episodes_completed": 25, "mean_episode_reward": -10.113423482179641, "policy_loss": -0.00014838576316833496, "value_loss": 7.910302221775055, "entropy": 0.8915144205093384, "approx_kl": 0.005679532150679734, "clip_fraction": 0.0771942138671875}
{"step": 524288, "wall_time": 1789925192.3997304, "episodes_completed": 31, "mean_episode_reward": -12.011751153776723, "policy_loss": 0.0001904703676700592, "value_loss": 9.582342147827148, "entropy": 0.8909108564257622, "approx_kl": 0.0059560658992268145, "clip_fraction": 0.090301513671875}
{"step": 532480, "wall_time": 1789925245.0528696, "episodes_completed": 32, "mean_episode_reward": -12.353692403063178, "policy_loss": 0.0020820465870201588, "value_loss": 10.026986837387085, "entropy": 0.8905575722455978, "approx_kl": 0.007503226748667657, "clip_fraction": 0.080413818359375}
{"step": 540672, "wall_time": 1789925298.0871737, "episodes_completed": 38, "mean_episode_reward": -14.277244251025351, "policy_loss": -0.00012179592158645391, "value_loss": 10.0252925157547, "entropy": 0.8908756002783775, "approx_kl": 0.004543501330772415, "clip_fraction": 0.0572357177734375}
{"step": 548864, "wall_time": 1789925351.0313318, "episodes_completed": 34, "mean_episode_reward": -7.956755093353636, "policy_loss": -0.001079595647752285, "value_loss": 8.724926471710205, "entropy": 0.8909496888518333, "approx_kl": 0.005360681738238782, "clip_fraction": 0.0670928955078125}
{"step": 557056, "wall_time": 1789925403.9300294, "episodes_completed": 40, "mean_episode_reward": -14.635502000618725, "policy_loss": 0.000895531615242362, "value_loss": 12.357377290725708, "entropy": 0.8905843868851662, "approx_kl": 0.004267298776539974, "clip_fraction": 0.0448455810546875}
{"step": 565248, "wall_time": 1789925456.5151298, "episodes_completed": 46, "mean_episode_reward": -14.632034395375978, "policy_loss": 0.0018042977899312973, "value_loss": 12.220030665397644, "entropy": 0.8905919790267944, "approx_kl": 0.005830781883560121, "clip_fraction": 0.06011962890625}
{"step": 573440, "wall_time": 1789925509.2552054, "episodes_completed": 38, "mean_episode_reward": -15.288329645207053, "policy_loss": 0.0011981227435171604, "value_loss": 12.281133651733398, "entropy": 0.8904369994997978, "approx_kl": 0.004130876332055777, "clip_fraction": 0.054901123046875}
{"step": 581632, "wall_time": 1789925562.8269694, "episodes_completed": 42, "mean_episode_reward": -7.9612694183985395, "policy_loss": -0.0004106941632926464, "value_loss": 16.03108298778534, "entropy": 0.8903056681156158, "approx_kl": 0.005028898536693305, "clip_fraction": 0.0617828369140625}
{"step": 589824, "wall_time": 1789925617.0929062, "episodes_completed": 31, "mean_episode_reward": -15.963211626775804, "policy_loss": -0.0005719391629099846, "value_loss": 10.068102240562439, "entropy": 0.8898373544216156, "approx_kl": 0.006328111106995493, "clip_fraction": 0.0689239501953125}
{"step": 598016, "wall_time": 1789925669.9429917, "episodes_completed": 45, "mean_episode_reward": -15.568264751964145, "policy_loss": 0.002077310811728239, "value_loss": 10.310465455055237, "entropy": 0.8893329575657845, "approx_kl": 0.007584113511256874, "clip_fraction": 0.0795745849609375}
{"step": 606208, "wall_time": 1789925722.8227756, "episodes_completed": 39, "mean_episode_reward": -13.860902288021185, "policy_loss": 0.0009804819710552692, "value_loss": 16.11193537712097, "entropy": 0.8890304788947105, "approx_kl": 0.0050319836009293795, "clip_fraction": 0.048919677734375}
{"step": 614400, "wall_time": 1789925775.6914604, "episodes_completed": 45, "mean_episode_reward": -17.65913914706972, "policy_loss": -0.0022832555696368217, "value_loss": 12.110394716262817, "entropy": 0.888811856508255, "approx_kl": 0.004874629303230904, "clip_fraction": 0.049041748046875}
{"step": 622592, "wall_time": 1789925828.24096, "episodes_completed": 38, "mean_episode_reward": -16.518289051557844, "policy_loss": -0.0015404310543090105, "value_loss": 11.671048998832703, "entropy": 0.8888896033167839, "approx_kl": 0.005069539358373731, "clip_fraction": 0.0675201416015625}
{"step": 630784, "wall_time": 1789925881.4017456, "episodes_completed": 36, "mean_episode_reward": -11.844672095547947, "policy_loss": 0.00018403353169560432, "value_loss": 11.380840301513672, "entropy": 0.8890764191746712, "approx_kl": 0.005174372199689969, "clip_fraction": 0.050811767578125}
{"step": 638976, "wall_time": 1789925934.2824657, "episodes_completed": 32, "mean_episode_reward": -14.443759705871344, "policy_loss": 0.0010193637572228909, "value_loss": 9.897748470306396, "entropy": 0.8895547315478325, "approx_kl": 0.006939098064322025, "clip_fraction": 0.093292236328125}
{"step": 647168, "wall_time": 1789925986.9583519, "episodes_completed": 33, "mean_episode_reward": -14.599778731664022, "policy_loss": 0.0006106896325945854, "value_loss": 7.489649474620819, "entropy": 0.8897750005126, "approx_kl": 0.013329346431419253, "clip_fraction": 0.16888427734375}
{"step": 655360, "wall_time": 1789926039.043155, "episodes_completed": 32, "mean_episode_reward": -9.987639365717769, "policy_loss": 0.0007958195637911558, "value_loss": 9.258612990379333, "entropy": 0.8897218629717827, "approx_kl": 0.008317397674545646, "clip_fraction": 0.1217041015625}
{"step": 663552, "wall_time": 1789926092.8600748, "episodes_completed": 31, "mean_episode_reward": -17.25679758287245, "policy_loss": 0.0005802842788398266, "value_loss": 9.07546079158783, "entropy": 0.8894710019230843, "approx_kl": 0.00886955065652728, "clip_fraction": 0.11309814453125}
{"step": 671744, "wall_time": 1789926145.5517268, "episodes_completed": 40, "mean_episode_reward": -16.62050841934979, "policy_loss": 1.0704970918595791e-05, "value_loss": 8.304348826408386, "entropy": 0.8892937079071999, "approx_kl": 0.010171612637350336, "clip_fraction": 0.1511688232421875}
{"step": 679936, "wall_time": 1789926198.4876158, "episodes_completed": 41, "mean_episode_reward": -18.20338649284549, "policy_loss": 0.0031214456539601088, "value_loss": 11.729329943656921, "entropy": 0.8890846371650696, "approx_kl": 0.013487630058079958, "clip_fraction": 0.1586761474609375}
{"step": 688128, "wall_time": 1789926251.612458, "episodes_completed": 41, "mean_episode_reward": -19.922409342556463, "policy_loss": 0.002501834649592638, "value_loss": 9.009533286094666, "entropy": 0.8888249397277832, "approx_kl": 0.013766111573204398, "clip_fraction": 0.1547698974609375}
{"step": 696320, "wall_time": 1789926304.2593935, "episodes_completed": 34, "mean_episode_reward": -15.218897203969604, "policy_loss": 0.000389693770557642, "value_loss": 8.560016214847565, "entropy": 0.8888895139098167, "approx_kl": 0.010132201889064163, "clip_fraction": 0.1197357177734375}
{"step": 704512, "wall_time": 1789926367.2591283, "episodes_completed": 30, "mean_episode_reward": -14.545198548833529, "policy_loss": 0.004570799646899104, "value_loss": 9.560058236122131, "entropy": 0.8893098905682564, "approx_kl": 0.017529209842905402, "clip_fraction": 0.1847381591796875}
{"step": 712704, "wall_time": 1789926430.2643127, "episodes_completed": 34, "mean_episode_reward": -18.380761859171532, "policy_loss": 0.001641137059777975, "value_loss": 13.209676384925842, "entropy": 0.8896112516522408, "approx_kl": 0.011619428638368845, "clip_fraction": 0.1335601806640625}
{"step": 720896, "wall_time": 1789926491.0749385, "episodes_completed": 25, "mean_episode_reward": -17.478844780921936, "policy_loss": 0.007126604439690709, "value_loss": 7.117999196052551, "entropy": 0.8895297199487686, "approx_kl": 0.01779994391836226, "clip_fraction": 0.2181549072265625}
{"step": 729088, "wall_time": 1789926547.6971948, "episodes_completed": 35, "mean_episode_reward": -14.186555128438131, "policy_loss": 0.0003169821575284004, "value_loss": 8.794764280319214, "entropy": 0.8897456452250481, "approx_kl": 0.01470251486171037, "clip_fraction": 0.1713409423828125}
{"step": 737280, "wall_time": 1789926604.9254425, "episodes_completed": 35, "mean_episode_reward": -17.69494396873883, "policy_loss": -0.001025012694299221, "value_loss": 8.85938572883606, "entropy": 0.8902645260095596, "approx_kl": 0.00792669245856814, "clip_fraction": 0.1181488037109375}
{"step": 745472, "wall_time": 1789926657.7716665, "episodes_completed": 26, "mean_episode_reward": -14.077453871759085, "policy_loss": -0.0014199491124600172, "value_loss": 5.760181963443756, "entropy": 0.8909473419189453, "approx_kl": 0.011195726925507188, "clip_fraction": 0.13800048828125}
{"step": 753664, "wall_time": 1789926711.029897, "episodes_completed": 31, "mean_episode_reward": -11.40632929965373, "policy_loss": -8.741498459130526e-05, "value_loss": 8.346848130226135, "entropy": 0.891294315457344, "approx_kl": 0.006504450226202607, "clip_fraction": 0.088226318359375}
{"step": 761856, "wall_time": 1789926764.458682, "episodes_completed": 30, "mean_episode_reward": -12.473495557904243, "policy_loss": 0.0006605847738683224, "value_loss": 8.371637403964996, "entropy": 0.8916938602924347, "approx_kl": 0.0046955498328316025, "clip_fraction": 0.0634765625}
{"step": 770048, "wall_time": 1789926817.6401446, "episodes_completed": 29, "mean_episode_reward": -7.611569481677022, "policy_loss": 0.003244271967560053, "value_loss": 10.448116302490234, "entropy": 0.8917658254504204, "approx_kl": 0.013234622136224061, "clip_fraction": 0.1812896728515625}
{"step": 778240, "wall_time": 1789926870.3237562, "episodes_completed": 25, "mean_episode_reward": -12.879597780704499, "policy_loss": 0.0033791952300816774, "value_loss": 5.930286526679993, "entropy": 0.8910351768136024, "approx_kl": 0.01577499642735347, "clip_fraction": 0.2212371826171875}
{"step": 786432, "wall_time": 1789926923.3760276, "episodes_completed": 34, "mean_episode_reward": -11.086333264322842, "policy_loss": 0.0004354473203420639, "value_loss": 7.329072415828705, "entropy": 0.8900897353887558, "approx_kl": 0.007686211523832753, "clip_fraction": 0.1296234130859375}
{"step": 794624, "wall_time": 1789926976.8629558, "episodes_completed": 34, "mean_episode_reward": -11.160596524967866, "policy_loss": 0.0010758447460830212, "value_loss": 8.262524247169495, "entropy": 0.8893080651760101, "approx_kl": 0.008911184908356518, "clip_fraction": 0.125091552734375}
{"step": 802816, "wall_time": 1789927029.7130485, "episodes_completed": 31, "mean_episode_reward": -9.946872596779178, "policy_loss": 0.003129494725726545, "value_loss": 10.599698305130005, "entropy": 0.8889081180095673, "approx_kl": 0.010358608502428979, "clip_fraction": 0.1397552490234375}
{"step": 811008, "wall_time": 1789927082.153445, "episodes_completed": 39, "mean_episode_reward": -16.985666542863235, "policy_loss": 0.0005492907948791981, "value_loss": 11.599986910820007, "entropy": 0.8889233991503716, "approx_kl": 0.006322192260995507, "clip_fraction": 0.0746002197265625}
{"step": 819200, "wall_time": 1789927134.7901998, "episodes_completed": 38, "mean_episode_reward": -11.659534259846335, "policy_loss": 0.0014652905520051718, "value_loss": 12.994100451469421, "entropy": 0.8887102454900742, "approx_kl": 0.0059366289133322425, "clip_fraction": 0.090606689453125}
{"step": 827392, "wall_time": 1789927187.5423157, "episodes_completed": 40, "mean_episode_reward": -14.833975820243358, "policy_loss": 0.0023905388079583645, "value_loss": 9.285235404968262, "entropy": 0.8887248411774635, "approx_kl": 0.007326644554268569, "clip_fraction": 0.09259033203125}
{"step": 835584, "wall_time": 1789927240.682086, "episodes_completed": 34, "mean_episode_reward": -15.475125085781603, "policy_loss": -0.001150899799540639, "value_loss": 8.659366369247437, "entropy": 0.8890422955155373, "approx_kl": 0.004544052826531697, "clip_fraction": 0.0597686767578125}
{"step": 843776, "wall_time": 1789927292.5483785, "episodes_completed": 37, "mean_episode_reward": -14.994319426046836, "policy_loss": 0.004333321820013225, "value_loss": 8.514467000961304, "entropy": 0.889030247926712, "approx_kl": 0.006910542491823435, "clip_fraction": 0.09521484375}
{"step": 851968, "wall_time": 1789927344.7887447, "episodes_completed": 32, "mean_episode_reward": -15.666041433811188, "policy_loss": -0.0015315311029553413, "value_loss": 8.598259806632996, "entropy": 0.8882743269205093, "approx_kl": 0.005939837050391361, "clip_fraction": 0.0619354248046875}
{"step": 860160, "wall_time": 1789927396.9616182, "episodes_completed": 43, "mean_episode_reward": -18.200406404775244, "policy_loss": 0.002227594144642353, "value_loss": 8.835709571838379, "entropy": 0.8874841928482056, "approx_kl": 0.00784472335362807, "clip_fraction": 0.090545654296875}
{"step": 868352, "wall_time": 1789927449.571687, "episodes_completed": 32, "mean_episode_reward": -13.583825791836716, "policy_loss": 0.0025676609948277473, "value_loss": 8.899210691452026, "entropy": 0.8866425678133965, "approx_kl": 0.007262400991749018, "clip_fraction": 0.0828399658203125}
{"step": 876544, "wall_time": 1789927502.8093655, "episodes_completed": 44, "mean_episode_reward": -13.19501703740521, "policy_loss": -0.00011826245463453233, "value_loss": 13.121446251869202, "entropy": 0.8865172863006592, "approx_kl": 0.005056551191955805, "clip_fraction": 0.057861328125}
{"step": 884736, "wall_time": 1789927555.330688, "episodes_completed": 34, "mean_episode_reward": -10.507629305124283, "policy_loss": -0.00221772282384336, "value_loss": 10.217261791229248, "entropy": 0.886560432612896, "approx_kl": 0.010426083346828818, "clip_fraction": 0.120574951171875}
{"step": 892928, "wall_time": 1789927608.1180503, "episodes_completed": 36, "mean_episode_reward": -17.744753759768273, "policy_loss": 0.0019684392027556896, "value_loss": 9.508330225944519, "entropy": 0.8865146860480309, "approx_kl": 0.006694581708870828, "clip_fraction": 0.074005126953125}
{"step": 901120, "wall_time": 1789927660.9643962, "episodes_completed": 31, "mean_episode_reward": -14.785177096243828, "policy_loss": 0.0009753417689353228, "value_loss": 9.214727640151978, "entropy": 0.8864335343241692, "approx_kl": 0.009866410429822281, "clip_fraction": 0.1289520263671875}
{"step": 909312, "wall_time": 1789927712.952913, "episodes_completed": 24, "mean_episode_reward": -11.535814474026362, "policy_loss": 6.315158680081367e-05, "value_loss": 6.826871454715729, "entropy": 0.8866284936666489, "approx_kl": 0.011239295068662614, "clip_fraction": 0.1312408447265625}
{"step": 917504, "wall_time": 1789927765.4868574, "episodes_completed": 33, "mean_episode_reward": -12.377508491277695, "policy_loss": -0.0008791708387434483, "value_loss": 11.892637014389038, "entropy": 0.88774424046278, "approx_kl": 0.005037164693931118, "clip_fraction": 0.0634613037109375}
{"step": 925696, "wall_time": 1789927818.3259008, "episodes_completed": 29, "mean_episode_reward": -12.471840702254196, "policy_loss": -0.003298624884337187, "value_loss": 6.818121254444122, "entropy": 0.8881955668330193, "approx_kl": 0.005406631622463465, "clip_fraction": 0.0936279296875}
{"step": 933888, "wall_time": 1789927871.6324296, "episodes_completed": 26, "mean_episode_reward": -15.713867114140438, "policy_loss": 0.00010129855945706367, "value_loss": 6.544581115245819, "entropy": 0.8881597816944122, "approx_kl": 0.008293844352010638, "clip_fraction": 0.094390869140625}
{"step": 942080, "wall_time": 1789927925.1124854, "episodes_completed": 31, "mean_episode_reward": -13.684137056912146, "policy_loss": -9.582540951669216e-05, "value_loss": 11.704110503196716, "entropy": 0.8876902684569359, "approx_kl": 0.010933900717645884, "clip_fraction": 0.1420440673828125}
{"step": 950272, "wall_time": 1789927977.9759984, "episodes_completed": 38, "mean_episode_reward": -15.026194337951509, "policy_loss": 0.003615702735260129, "value_loss": 12.651060104370117, "entropy": 0.8874047994613647, "approx_kl": 0.009635779511881992, "clip_fraction": 0.1442413330078125}
{"step": 958464, "wall_time": 1789928030.541036, "episodes_completed": 28, "mean_episode_reward": -9.522190404789788, "policy_loss": -0.0012498234864324331, "value_loss": 6.788464188575745, "entropy": 0.8872466832399368, "approx_kl": 0.010190646629780531, "clip_fraction": 0.1065216064453125}
{"step": 966656, "wall_time": 1789928083.672637, "episodes_completed": 32, "mean_episode_reward": -12.651758942753077, "policy_loss": -0.0005197413265705109, "value_loss": 13.652979016304016, "entropy": 0.8872938975691795, "approx_kl": 0.003157071609166451, "clip_fraction": 0.0360565185546875}
{"step": 974848, "wall_time": 1789928136.2240925, "episodes_completed": 28, "mean_episode_reward": -10.155528097812619, "policy_loss": -0.0004251874051988125, "value_loss": 9.406450152397156, "entropy": 0.8876643627882004, "approx_kl": 0.007937372225569561, "clip_fraction": 0.0660247802734375}
{"step": 983040, "wall_time": 1789928189.0020158, "episodes_completed": 38, "mean_episode_reward": -10.422039113154536, "policy_loss": 0.003931150422431529, "value_loss": 14.745659112930298, "entropy": 0.8877708837389946, "approx_kl": 0.008746536797843874, "clip_fraction": 0.0800323486328125}
{"step": 991232, "wall_time": 1789928242.1595254, "episodes_completed": 38, "mean_episode_reward": -7.237935790890141, "policy_loss": -1.6357749700546265e-05, "value_loss": 15.30192220211029, "entropy": 0.8877811208367348, "approx_kl": 0.006024425500072539, "clip_fraction": 0.05511474609375}
{"step": 999424, "wall_time": 1789928294.5205078, "episodes_completed": 26, "mean_episode_reward": -12.576828110676546, "policy_loss": 0.00013984204269945621, "value_loss": 8.013440251350403, "entropy": 0.8878823891282082, "approx_kl": 0.006422195438062772, "clip_fraction": 0.081817626953125}
{"step": 1007616, "wall_time": 1789928347.60251, "episodes_completed": 27, "mean_episode_reward": -6.468611531787449, "policy_loss": 0.002826981828548014, "value_loss": 8.185839891433716, "entropy": 0.8884912356734276, "approx_kl": 0.009290229296311736, "clip_fraction": 0.1077728271484375}
{"step": 1015808, "wall_time": 1789928400.4276164, "episodes_completed": 30, "mean_episode_reward": -12.365873996416727, "policy_loss": 0.0002848026342689991, "value_loss": 12.759802222251892, "entropy": 0.8890414386987686, "approx_kl": 0.012203482328914106, "clip_fraction": 0.182037353515625}
{"step": 1024000, "wall_time": 1789928453.1023943, "episodes_completed": 47, "mean_episode_reward": -17.914641120490877, "policy_loss": 0.0037308831233531237, "value_loss": 16.311283349990845, "entropy": 0.8893151134252548, "approx_kl": 0.016804561659228057, "clip_fraction": 0.17974853515625}
{"step": 1032192, "wall_time": 1789928505.8468063, "episodes_completed": 31, "mean_episode_reward": -15.252097813352462, "policy_loss": -0.00018268427811563015, "value_loss": 12.820379376411438, "entropy": 0.8895146250724792, "approx_kl": 0.011667139187920839, "clip_fraction": 0.157135009765625}
{"step": 1040384, "wall_time": 1789928559.200836, "episodes_completed": 34, "mean_episode_reward": -12.271331076236333, "policy_loss": -0.0012333148624747992, "value_loss": 12.063289880752563, "entropy": 0.8899855315685272, "approx_kl": 0.01376370491925627, "clip_fraction": 0.1736602783203125}
{"step": 1048576, "wall_time": 1789928612.3879566, "episodes_completed": 35, "mean_episode_reward": -12.25901744408267, "policy_loss": 0.00020874780602753162, "value_loss": 12.125499725341797, "entropy": 0.8907809630036354, "approx_kl": 0.008859480352839455, "clip_fraction": 0.1248626708984375}
{"step": 1056768, "wall_time": 1789928665.024789, "episodes_completed": 25, "mean_episode_reward": -13.926136543750763, "policy_loss": 0.0012408397160470486, "value_loss": 8.895294785499573, "entropy": 0.8921650424599648, "approx_kl": 0.008151401620125398, "clip_fraction": 0.0936126708984375}
{"step": 1064960, "wall_time": 1789928717.5186563, "episodes_completed": 32, "mean_episode_reward": -16.017708502244204, "policy_loss": -0.001417151652276516, "value_loss": 8.962364792823792, "entropy": 0.8932712823152542, "approx_kl": 0.013177160348277539, "clip_fraction": 0.1649169921875}
{"step": 1073152, "wall_time": 1789928770.6723924, "episodes_completed": 36, "mean_episode_reward": -11.911431367198626, "policy_loss": 0.0013812949182465672, "value_loss": 13.948510885238647, "entropy": 0.8938208967447281, "approx_kl": 0.010223772376775742, "clip_fraction": 0.1269378662109375}
{"step": 1081344, "wall_time": 1789928824.1410394, "episodes_completed": 35, "mean_episode_reward": -6.25712870487145, "policy_loss": 0.000821148045361042, "value_loss": 16.87297487258911, "entropy": 0.8942810818552971, "approx_kl": 0.008664980676257983, "clip_fraction": 0.11932373046875}
{"step": 1089536, "wall_time": 1789928877.2969801, "episodes_completed": 32, "mean_episode_reward": -10.742335561546497, "policy_loss": -0.001398155465722084, "value_loss": 15.28672707080841, "entropy": 0.8954527750611305, "approx_kl": 0.011820346349850297, "clip_fraction": 0.1417388916015625}
{"step": 1097728, "wall_time": 1789928930.8093054, "episodes_completed": 31, "mean_episode_reward": -12.878922788366195, "policy_loss": -0.0031771226786077023, "value_loss": 7.670392453670502, "entropy": 0.896480493247509, "approx_kl": 0.012960240128450096, "clip_fraction": 0.152008056640625}
{"step": 1105920, "wall_time": 1789928984.0958035, "episodes_completed": 27, "mean_episode_reward": -7.493370918212114, "policy_loss": -0.0006885053589940071, "value_loss": 8.959388494491577, "entropy": 0.8971995562314987, "approx_kl": 0.007301148914848454, "clip_fraction": 0.0937347412109375}
{"step": 1114112, "wall_time": 1789929037.7410004, "episodes_completed": 35, "mean_episode_reward": -8.706930676315512, "policy_loss": 0.0022090980783104897, "value_loss": 12.364524960517883, "entropy": 0.8985906764864922, "approx_kl": 0.017172471358207986, "clip_fraction": 0.215301513671875}
{"step": 1122304, "wall_time": 1789929091.020921, "episodes_completed": 25, "mean_episode_reward": -6.515125067830086, "policy_loss": -0.002501273760572076, "value_loss": 5.981556236743927, "entropy": 0.899625651538372, "approx_kl": 0.00966864448855631, "clip_fraction": 0.1397247314453125}
{"step": 1130496, "wall_time": 1789929143.5648072, "episodes_completed": 33, "mean_episode_reward": -9.430702843449332, "policy_loss": 0.0012504649930633605, "value_loss": 14.121803045272827, "entropy": 0.9003610238432884, "approx_kl": 0.008268326753750443, "clip_fraction": 0.0889739990234375}
{"step": 1138688, "wall_time": 1789929197.0651128, "episodes_completed": 36, "mean_episode_reward": -9.446586918499735, "policy_loss": 0.0045027765445411205, "value_loss": 10.8450847864151, "entropy": 0.9005585089325905, "approx_kl": 0.01163741562049836, "clip_fraction": 0.12615966796875}
{"step": 1146880, "wall_time": 1789929250.0727515, "episodes_completed": 39, "mean_episode_reward": -9.37694174127701, "policy_loss": 0.0009101130999624729, "value_loss": 12.571403861045837, "entropy": 0.9004037529230118, "approx_kl": 0.009308180655352771, "clip_fraction": 0.1272125244140625}
{"step": 1155072, "wall_time": 1789929303.5670946, "episodes_completed": 36, "mean_episode_reward": -4.3404872682359485, "policy_loss": 0.001090003177523613, "value_loss": 20.57135796546936, "entropy": 0.9004348739981651, "approx_kl": 0.006321109278360382, "clip_fraction": 0.101104736328125}
{"step": 1163264, "wall_time": 1789929356.4982011, "episodes_completed": 35, "mean_episode_reward": -10.003737310000828, "policy_loss": 0.001628262922167778, "value_loss": 14.549227595329285, "entropy": 0.900634840130806, "approx_kl": 0.011732337065041065, "clip_fraction": 0.13348388671875}
{"step": 1171456, "wall_time": 1789929409.2837887, "episodes_completed": 33, "mean_episode_reward": -11.82718790661205, "policy_loss": 0.001265543745830655, "value_loss": 9.809277892112732, "entropy": 0.9009454846382141, "approx_kl": 0.008486646926030517, "clip_fraction": 0.08184814453125}
{"step": 1179648, "wall_time": 1789929462.5429761, "episodes_completed": 34, "mean_episode_reward": -13.958183453363532, "policy_loss": 0.005183058558031917, "value_loss": 12.3741215467453, "entropy": 0.9010656327009201, "approx_kl": 0.012512086521383026, "clip_fraction": 0.134918212890625}
{"step": 1187840, "wall_time": 1789929515.0887396, "episodes_completed": 24, "mean_episode_reward": -9.524173241108656, "policy_loss": 0.005639894399791956, "value_loss": 8.477967143058777, "entropy": 0.9017880782485008, "approx_kl": 0.012785201222868636, "clip_fraction": 0.146942138671875}
{"step": 1196032, "wall_time": 1789929567.6511753, "episodes_completed": 24, "mean_episode_reward": -7.36351166293025, "policy_loss": 0.005225966335274279, "value_loss": 8.079637587070465, "entropy": 0.9029585123062134, "approx_kl": 0.01441115647321567, "clip_fraction": 0.1750335693359375}
{"step": 1204224, "wall_time": 1789929620.0931833, "episodes_completed": 33, "mean_episode_reward": -11.305639328322176, "policy_loss": 0.006156868068501353, "value_loss": 9.058132648468018, "entropy": 0.9043548181653023, "approx_kl": 0.014203451108187437, "clip_fraction": 0.195831298828125}
{"step": 1212416, "wall_time": 1789929672.802982, "episodes_completed": 23, "mean_episode_reward": -4.582097475943358, "policy_loss": -0.0003291845787316561, "value_loss": 11.878490447998047, "entropy": 0.9059570506215096, "approx_kl": 0.009350573061965406, "clip_fraction": 0.1189727783203125}
{"step": 1220608, "wall_time": 1789929725.8371391, "episodes_completed": 34, "mean_episode_reward": -16.660627905498533, "policy_loss": 0.004576297244057059, "value_loss": 8.49332845211029, "entropy": 0.90693099796772, "approx_kl": 0.0116494718240574, "clip_fraction": 0.1381683349609375}
{"step": 1228800, "wall_time": 1789929778.456957, "episodes_completed": 37, "mean_episode_reward": -7.663438559786694, "policy_loss": 0.0036734725581482053, "value_loss": 16.19532799720764, "entropy": 0.9075101315975189, "approx_kl": 0.015027970657683909, "clip_fraction": 0.1688232421875}
{"step": 1236992, "wall_time": 1789929831.2955353, "episodes_completed": 31, "mean_episode_reward": -11.463525560594373, "policy_loss": 0.003737424500286579, "value_loss": 10.345974802970886, "entropy": 0.9080326780676842, "approx_kl": 0.015166389872319996, "clip_fraction": 0.2014923095703125}
{"step": 1245184, "wall_time": 1789929884.3648827, "episodes_completed": 28, "mean_episode_reward": -8.44192197067397, "policy_loss": 0.015613969648256898, "value_loss": 11.403539896011353, "entropy": 0.9091513082385063, "approx_kl": 0.035284561570733786, "clip_fraction": 0.334320068359375}
{"step": 1253376, "wall_time": 1789929936.94465, "episodes_completed": 35, "mean_episode_reward": -13.43164496421814, "policy_loss": 0.006589170545339584, "value_loss": 10.213533878326416, "entropy": 0.9103963151574135, "approx_kl": 0.01640435861190781, "clip_fraction": 0.2230377197265625}
{"step": 1261568, "wall_time": 1789929989.5193431, "episodes_completed": 50, "mean_episode_reward": -14.552912388145923, "policy_loss": 0.004388332134112716, "value_loss": 16.34803032875061, "entropy": 0.9121508002281189, "approx_kl": 0.00863279786426574, "clip_fraction": 0.104583740234375}
{"step": 1269760, "wall_time": 1789930042.5322363, "episodes_completed": 36, "mean_episode_reward": -7.773153541816606, "policy_loss": 0.004323478788137436, "value_loss": 14.478214621543884, "entropy": 0.9126781523227692, "approx_kl": 0.005993425351334736, "clip_fraction": 0.070343017578125}
{"step": 1277952, "wall_time": 1789930095.8947315, "episodes_completed": 37, "mean_episode_reward": -10.054330110549927, "policy_loss": 0.004426378291100264, "value_loss": 9.138163566589355, "entropy": 0.9124986082315445, "approx_kl": 0.011130771483294666, "clip_fraction": 0.1264801025390625}
{"step": 1286144, "wall_time": 1789930148.6973317, "episodes_completed": 38, "mean_episode_reward": -10.367458928572503, "policy_loss": 0.004217768320813775, "value_loss": 9.406550884246826, "entropy": 0.9130072519183159, "approx_kl": 0.0076580310123972595, "clip_fraction": 0.084136962890625}
{"step": 1294336, "wall_time": 1789930201.282837, "episodes_completed": 26, "mean_episode_reward": -7.973077196341294, "policy_loss": 0.00011343244113959372, "value_loss": 11.74905002117157, "entropy": 0.9140768870711327, "approx_kl": 0.008968406124040484, "clip_fraction": 0.1201629638671875}
{"step": 1302528, "wall_time": 1789930254.7386932, "episodes_completed": 40, "mean_episode_reward": -15.326174448803068, "policy_loss": 0.003507763147354126, "value_loss": 11.747325420379639, "entropy": 0.9145130589604378, "approx_kl": 0.012624546536244452, "clip_fraction": 0.135711669921875}
{"step": 1310720, "wall_time": 1789930308.041005, "episodes_completed": 32, "mean_episode_reward": -10.061261840164661, "policy_loss": 0.005294887814670801, "value_loss": 7.765303015708923, "entropy": 0.9148091375827789, "approx_kl": 0.008595580467954278, "clip_fraction": 0.114776611328125}
{"step": 1318912, "wall_time": 1789930361.1567888, "episodes_completed": 28, "mean_episode_reward": -10.774469460759844, "policy_loss": 0.002501488197594881, "value_loss": 10.402743101119995, "entropy": 0.9156653434038162, "approx_kl": 0.008190323482267559, "clip_fraction": 0.08953857421875}
{"step": 1327104, "wall_time": 1789930414.2196844, "episodes_completed": 32, "mean_episode_reward": -9.071308743441477, "policy_loss": 0.0014536771923303604, "value_loss": 9.066537618637085, "entropy": 0.9164612591266632, "approx_kl": 0.009356885333545506, "clip_fraction": 0.1075439453125}
{"step": 1335296, "wall_time": 1789930467.0327404, "episodes_completed": 28, "mean_episode_reward": -13.885321093457085, "policy_loss": 0.003970162244513631, "value_loss": 9.441102981567383, "entropy": 0.9164805263280869, "approx_kl": 0.0071172422904055566, "clip_fraction": 0.081634521484375}
{"step": 1343488, "wall_time": 1789930520.046782, "episodes_completed": 26, "mean_episode_reward": -12.888110289206871, "policy_loss": 0.002427524435915984, "value_loss": 7.536599814891815, "entropy": 0.9160572364926338, "approx_kl": 0.007624012068845332, "clip_fraction": 0.0767059326171875}
{"step": 1351680, "wall_time": 1789930572.806674, "episodes_completed": 33, "mean_episode_reward": -5.587739302692088, "policy_loss": 0.003030013758689165, "value_loss": 12.040928602218628, "entropy": 0.916144385933876, "approx_kl": 0.010820113646332175, "clip_fraction": 0.110321044921875}
{"step": 1359872, "wall_time": 1789930625.6480906, "episodes_completed": 33, "mean_episode_reward": -8.352026551058799, "policy_loss": 0.003271020483225584, "value_loss": 12.955700516700745, "entropy": 0.9167008101940155, "approx_kl": 0.008398693171329796, "clip_fraction": 0.0926513671875}
{"step": 1368064, "wall_time": 1789930678.270347, "episodes_completed": 30, "mean_episode_reward": -11.548196884493032, "policy_loss": 0.0029890635050833225, "value_loss": 7.921979486942291, "entropy": 0.9169149920344353, "approx_kl": 0.01012583466945216, "clip_fraction": 0.122161865234375}
{"step": 1376256, "wall_time": 1789930730.329837, "episodes_completed": 31, "mean_episode_reward": -10.724954470271065, "policy_loss": 0.0016678465181030333, "value_loss": 13.147804856300354, "entropy": 0.917042464017868, "approx_kl": 0.006734484515618533, "clip_fraction": 0.067352294921875}
{"step": 1384448, "wall_time": 1789930782.7756348, "episodes_completed": 31, "mean_episode_reward": -11.209457176346932, "policy_loss": 0.001926604425534606, "value_loss": 7.649220764636993, "entropy": 0.9173433482646942, "approx_kl": 0.006808120408095419, "clip_fraction": 0.0924072265625}
{"step": 1392640, "wall_time": 1789930835.366439, "episodes_completed": 32, "mean_episode_reward": -10.414090611040592, "policy_loss": 0.002207330893725157, "value_loss": 13.316023349761963, "entropy": 0.9178123325109482, "approx_kl": 0.007833959360141307, "clip_fraction": 0.099609375}
{"step": 1400832, "wall_time": 1789930888.291515, "episodes_completed": 35, "mean_episode_reward": -13.186598140852793, "policy_loss": 0.001937525114044547, "value_loss": 11.605804085731506, "entropy": 0.9188942685723305, "approx_kl": 0.012386330403387547, "clip_fraction": 0.120147705078125}
{"step": 1409024, "wall_time": 1789930941.0608118, "episodes_completed": 31, "mean_episode_reward": -11.883677850807867, "policy_loss": 0.0027365940622985363, "value_loss": 12.722532749176025, "entropy": 0.9185240492224693, "approx_kl": 0.00841033214237541, "clip_fraction": 0.0854339599609375}
{"step": 1417216, "wall_time": 1789930994.3395398, "episodes_completed": 33, "mean_episode_reward": -10.147985647122065, "policy_loss": 0.0013497079780790955, "value_loss": 10.545135855674744, "entropy": 0.9183454141020775, "approx_kl": 0.008675744538777508, "clip_fraction": 0.1071624755859375}
{"step": 1425408, "wall_time": 1789931046.9864113, "episodes_completed": 33, "mean_episode_reward": -7.035011851426327, "policy_loss": 0.006613637087866664, "value_loss": 14.944469809532166, "entropy": 0.9187149927020073, "approx_kl": 0.015478701854590327, "clip_fraction": 0.117218017578125}
{"step": 1433600, "wall_time": 1789931099.6260123, "episodes_completed": 31, "mean_episode_reward": -14.77141077191599, "policy_loss": 0.0036487651523202658, "value_loss": 12.089466571807861, "entropy": 0.9190758317708969, "approx_kl": 0.012948422692716122, "clip_fraction": 0.118438720703125}
{"step": 1441792, "wall_time": 1789931152.4349656, "episodes_completed": 28, "mean_episode_reward": -9.777400245357837, "policy_loss": 0.00269623298663646, "value_loss": 15.371144771575928, "entropy": 0.9192457869648933, "approx_kl": 0.007179910346167162, "clip_fraction": 0.0772705078125}
{"step": 1449984, "wall_time": 1789931205.0343194, "episodes_completed": 25, "mean_episode_reward": -6.5600138282775875, "policy_loss": 0.004490334307774901, "value_loss": 12.17181122303009, "entropy": 0.9189180359244347, "approx_kl": 0.006083317333832383, "clip_fraction": 0.0834808349609375}
{"step": 1458176, "wall_time": 1789931257.320455, "episodes_completed": 25, "mean_episode_reward": -14.353992255330086, "policy_loss": 0.0041026032995432615, "value_loss": 10.97053074836731, "entropy": 0.9182786494493484, "approx_kl": 0.009093582804780453, "clip_fraction": 0.1051788330078125}
{"step": 1466368, "wall_time": 1789931310.0299203, "episodes_completed": 40, "mean_episode_reward": -10.80166667662561, "policy_loss": 0.0032355738803744316, "value_loss": 14.204104661941528, "entropy": 0.9177970811724663, "approx_kl": 0.006573787977686152, "clip_fraction": 0.0921783447265625}
{"step": 1474560, "wall_time": 1789931362.1608179, "episodes_completed": 35, "mean_episode_reward": -12.690306666919163, "policy_loss": 0.0010868024546653032, "value_loss": 11.631974339485168, "entropy": 0.9176822379231453, "approx_kl": 0.0070825982838869095, "clip_fraction": 0.07635498046875}
{"step": 1482752, "wall_time": 1789931414.9541938, "episodes_completed": 44, "mean_episode_reward": -15.761133970354091, "policy_loss": 0.00400662119500339, "value_loss": 14.53564739227295, "entropy": 0.9174545556306839, "approx_kl": 0.011204591719433665, "clip_fraction": 0.1236114501953125}
{"step": 1490944, "wall_time": 1789931467.516518, "episodes_completed": 40, "mean_episode_reward": -7.67756115719676, "policy_loss": 0.0027951793745160103, "value_loss": 19.79200839996338, "entropy": 0.9169735759496689, "approx_kl": 0.008310738834552467, "clip_fraction": 0.07855224609375}
{"step": 1499136, "wall_time": 1789931520.9002235, "episodes_completed": 29, "mean_episode_reward": 0.4609642768728322, "policy_loss": -0.001644409028813243, "value_loss": 13.50184416770935, "entropy": 0.9168079867959023, "approx_kl": 0.004998699856514577, "clip_fraction": 0.0579986572265625}
{"step": 1507328, "wall_time": 1789931573.2332716, "episodes_completed": 41, "mean_episode_reward": -15.136838377975836, "policy_loss": 0.0008347649127244949, "value_loss": 16.709943771362305, "entropy": 0.9174036011099815, "approx_kl": 0.00944420212181285, "clip_fraction": 0.101287841796875}
{"step": 1515520, "wall_time": 1789931625.6939185, "episodes_completed": 30, "mean_episode_reward": -7.268299980958303, "policy_loss": 0.0008489843457937241, "value_loss": 15.008389830589294, "entropy": 0.9180357530713081, "approx_kl": 0.006788230035454035, "clip_fraction": 0.111175537109375}
{"step": 1523712, "wall_time": 1789931678.4166768, "episodes_completed": 44, "mean_episode_reward": -13.12150611863895, "policy_loss": 0.0021133105037733912, "value_loss": 14.722314834594727, "entropy": 0.9182253777980804, "approx_kl": 0.010063554858788848, "clip_fraction": 0.1039886474609375}
{"step": 1531904, "wall_time": 1789931731.389206, "episodes_completed": 44, "mean_episode_reward": -15.443530902266502, "policy_loss": 0.009362256154417992, "value_loss": 16.14908468723297, "entropy": 0.9182715564966202, "approx_kl": 0.014974083518609405, "clip_fraction": 0.1267242431640625}
{"step": 1540096, "wall_time": 1789931783.3581831, "episodes_completed": 35, "mean_episode_reward": -13.698087913649422, "policy_loss": 0.001699981454294175, "value_loss": 17.54825496673584, "entropy": 0.9190294966101646, "approx_kl": 0.010001991293393075, "clip_fraction": 0.1320037841796875}
{"step": 1548288, "wall_time": 1789931836.1849887, "episodes_completed": 40, "mean_episode_reward": -12.070430491492152, "policy_loss": 0.0025239763781428337, "value_loss": 15.224884986877441, "entropy": 0.9193713590502739, "approx_kl": 0.009331534849479795, "clip_fraction": 0.099853515625}
{"step": 1556480, "wall_time": 1789931888.6874962, "episodes_completed": 34, "mean_episode_reward": -13.38035167315427, "policy_loss": 0.0015150108374655247, "value_loss": 9.929556846618652, "entropy": 0.9190676510334015, "approx_kl": 0.008615941042080522, "clip_fraction": 0.08673095703125}
{"step": 1564672, "wall_time": 1789931941.432555, "episodes_completed": 36, "mean_episode_reward": -9.295653109749159, "policy_loss": 0.002613384393043816, "value_loss": 14.747548222541809, "entropy": 0.9179374501109123, "approx_kl": 0.006633801065618172, "clip_fraction": 0.0781402587890625}
{"step": 1572864, "wall_time": 1789931995.400233, "episodes_completed": 41, "mean_episode_reward": -11.998977095615572, "policy_loss": 0.00479680101852864, "value_loss": 16.587809801101685, "entropy": 0.91721361130476, "approx_kl": 0.016665556002408266, "clip_fraction": 0.1696319580078125}
{"step": 1581056, "wall_time": 1789932048.6363719, "episodes_completed": 41, "mean_episode_reward": -15.537392872135813, "policy_loss": -0.00040753406938165426, "value_loss": 15.293123960494995, "entropy": 0.9174906462430954, "approx_kl": 0.008077145961578935, "clip_fraction": 0.1079254150390625}
{"step": 1589248, "wall_time": 1789932101.4778748, "episodes_completed": 37, "mean_episode_reward": -17.32189602465243, "policy_loss": 0.002378302626311779, "value_loss": 10.562407612800598, "entropy": 0.9178586974740028, "approx_kl": 0.007872070098528638, "clip_fraction": 0.10784912109375}
{"step": 1597440, "wall_time": 1789932154.3426726, "episodes_completed": 38, "mean_episode_reward": -3.553825841922509, "policy_loss": 0.0018008989281952381, "value_loss": 23.33636474609375, "entropy": 0.9182845056056976, "approx_kl": 0.006765029029338621, "clip_fraction": 0.079742431640625}
{"step": 1605632, "wall_time": 1789932206.6560464, "episodes_completed": 39, "mean_episode_reward": -14.110158123458044, "policy_loss": 0.005165201728232205, "value_loss": 15.074348092079163, "entropy": 0.9189036190509796, "approx_kl": 0.008216107671614736, "clip_fraction": 0.12091064453125}
{"step": 1613824, "wall_time": 1789932259.694913, "episodes_completed": 32, "mean_episode_reward": -14.498491456732154, "policy_loss": 0.002136737108230591, "value_loss": 11.359431624412537, "entropy": 0.9190583750605583, "approx_kl": 0.0077092505525797606, "clip_fraction": 0.089263916015625}
{"step": 1622016, "wall_time": 1789932312.8884854, "episodes_completed": 38, "mean_episode_reward": -10.666060970017785, "policy_loss": 0.00430000014603138, "value_loss": 11.685622930526733, "entropy": 0.9190938174724579, "approx_kl": 0.009885717910947278, "clip_fraction": 0.092620849609375}
{"step": 1630208, "wall_time": 1789932365.383716, "episodes_completed": 45, "mean_episode_reward": -11.783807688289219, "policy_loss": 0.0009891181252896786, "value_loss": 20.110199689865112, "entropy": 0.9185034409165382, "approx_kl": 0.008134141884511337, "clip_fraction": 0.111907958984375}
{"step": 1638400, "wall_time": 1789932417.6058474, "episodes_completed": 49, "mean_episode_reward": -17.04070826939174, "policy_loss": 0.011872489005327225, "value_loss": 14.291832208633423, "entropy": 0.9177633970975876, "approx_kl": 0.015632762224413455, "clip_fraction": 0.180328369140625}
{"step": 1646592, "wall_time": 1789932470.5745823, "episodes_completed": 47, "mean_episode_reward": -16.652701555414403, "policy_loss": 0.009210802949382924, "value_loss": 15.15311086177826, "entropy": 0.9174518510699272, "approx_kl": 0.015407719882205129, "clip_fraction": 0.156097412109375}
{"step": 1654784, "wall_time": 1789932523.4935253, "episodes_completed": 54, "mean_episode_reward": -14.994197368621826, "policy_loss": 0.0020139258122071624, "value_loss": 23.711852073669434, "entropy": 0.9173760116100311, "approx_kl": 0.006069430033676326, "clip_fraction": 0.0833740234375}
{"step": 1662976, "wall_time": 1789932576.6270006, "episodes_completed": 31, "mean_episode_reward": -11.655288884716649, "policy_loss": 0.0035078111686743796, "value_loss": 9.281937599182129, "entropy": 0.9177929982542992, "approx_kl": 0.009060226555448025, "clip_fraction": 0.0864410400390625}
{"step": 1671168, "wall_time": 1789932629.5686007, "episodes_completed": 46, "mean_episode_reward": -18.84659263621206, "policy_loss": 0.0008862940594553947, "value_loss": 11.869843482971191, "entropy": 0.9179760739207268, "approx_kl": 0.012000634451396763, "clip_fraction": 0.12408447265625}
{"step": 1679360, "wall_time": 1789932682.5326607, "episodes_completed": 42, "mean_episode_reward": -15.380042541594733, "policy_loss": 0.0022198406513780355, "value_loss": 12.610044240951538, "entropy": 0.9178767651319504, "approx_kl": 0.009020224359119311, "clip_fraction": 0.1065826416015625}
{"step": 1687552, "wall_time": 1789932735.6829703, "episodes_completed": 37, "mean_episode_reward": -11.655633083469159, "policy_loss": -0.0019049913389608264, "value_loss": 15.716856837272644, "entropy": 0.9176607206463814, "approx_kl": 0.01202359574381262, "clip_fraction": 0.1490631103515625}
{"step": 1695744, "wall_time": 1789932788.3847227, "episodes_completed": 39, "mean_episode_reward": -15.637727725200165, "policy_loss": 0.002406701445579529, "value_loss": 16.839858531951904, "entropy": 0.9177031219005585, "approx_kl": 0.009797816863283515, "clip_fraction": 0.1132965087890625}
{"step": 1703936, "wall_time": 1789932840.3867793, "episodes_completed": 40, "mean_episode_reward": -16.54317674860358, "policy_loss": 0.0007770512020215392, "value_loss": 9.854752659797668, "entropy": 0.9184235781431198, "approx_kl": 0.00795343607023824, "clip_fraction": 0.1078338623046875}
{"step": 1712128, "wall_time": 1789932892.730034, "episodes_completed": 45, "mean_episode_reward": -19.360137091742622, "policy_loss": 0.0031432005343958735, "value_loss": 9.793309569358826, "entropy": 0.9194729626178741, "approx_kl": 0.011996715678833425, "clip_fraction": 0.1684722900390625}
{"step": 1720320, "wall_time": 1789932945.0699315, "episodes_completed": 49, "mean_episode_reward": -19.28476619842101, "policy_loss": -0.0007493628654628992, "value_loss": 13.308139204978943, "entropy": 0.9200159162282944, "approx_kl": 0.008975279750302434, "clip_fraction": 0.1136627197265625}
{"step": 1728512, "wall_time": 1789932997.3025267, "episodes_completed": 53, "mean_episode_reward": -20.497137797328662, "policy_loss": 0.0008146001491695642, "value_loss": 11.234186172485352, "entropy": 0.9207187220454216, "approx_kl": 0.008235027780756354, "clip_fraction": 0.110321044921875}
{"step": 1736704, "wall_time": 1789933049.879349, "episodes_completed": 37, "mean_episode_reward": -20.719883789887298, "policy_loss": 0.005013460759073496, "value_loss": 8.168511152267456, "entropy": 0.9214379712939262, "approx_kl": 0.012714594835415483, "clip_fraction": 0.18524169921875}
{"step": 1744896, "wall_time": 1789933102.529024, "episodes_completed": 47, "mean_episode_reward": -18.824325886178524, "policy_loss": 0.005872678942978382, "value_loss": 17.41397273540497, "entropy": 0.9220936372876167, "approx_kl": 0.013083344441838562, "clip_fraction": 0.1778106689453125}
{"step": 1753088, "wall_time": 1789933155.0159163, "episodes_completed": 44, "mean_episode_reward": -19.751058312979612, "policy_loss": 0.0007982634415384382, "value_loss": 10.56967806816101, "entropy": 0.9225373789668083, "approx_kl": 0.008520870469510555, "clip_fraction": 0.111572265625}
{"step": 1761280, "wall_time": 1789933207.4980607, "episodes_completed": 43, "mean_episode_reward": -18.638542583862016, "policy_loss": 0.0012008128687739372, "value_loss": 8.449843049049377, "entropy": 0.9223325476050377, "approx_kl": 0.0068974173336755484, "clip_fraction": 0.100982666015625}
{"step": 1769472, "wall_time": 1789933259.873346, "episodes_completed": 49, "mean_episode_reward": -16.730606799222986, "policy_loss": 0.010603009723126888, "value_loss": 14.140621066093445, "entropy": 0.9219534546136856, "approx_kl": 0.01948546280618757, "clip_fraction": 0.2193145751953125}
{"step": 1777664, "wall_time": 1789933312.2358243, "episodes_completed": 45, "mean_episode_reward": -20.740420722961424, "policy_loss": -0.0007316654082387686, "value_loss": 9.19540524482727, "entropy": 0.9226163849234581, "approx_kl": 0.004824033367185621, "clip_fraction": 0.05487060546875}
{"step": 1785856, "wall_time": 1789933364.5536187, "episodes_completed": 34, "mean_episode_reward": -19.55958664417267, "policy_loss": 0.002997900824993849, "value_loss": 7.844453155994415, "entropy": 0.9233954027295113, "approx_kl": 0.017413565728929825, "clip_fraction": 0.191650390625}
{"step": 1794048, "wall_time": 1789933416.8521967, "episodes_completed": 37, "mean_episode_reward": -17.064542538410908, "policy_loss": 0.0002921086270362139, "value_loss": 9.506313920021057, "entropy": 0.9243990555405617, "approx_kl": 0.009174586040899158, "clip_fraction": 0.1261138916015625}
{"step": 1802240, "wall_time": 1789933469.6123059, "episodes_completed": 38, "mean_episode_reward": -16.59514456516818, "policy_loss": -0.0012659897620324045, "value_loss": 10.751493692398071, "entropy": 0.9246770814061165, "approx_kl": 0.008227411832194775, "clip_fraction": 0.1001739501953125}
{"step": 1810432, "wall_time": 1789933521.9234588, "episodes_completed": 25, "mean_episode_reward": -12.957662257552148, "policy_loss": -0.0011464491835795343, "value_loss": 9.914428949356079, "entropy": 0.9252969622612, "approx_kl": 0.00881074636708945, "clip_fraction": 0.099151611328125}
{"step": 1818624, "wall_time": 1789933574.948584, "episodes_completed": 40, "mean_episode_reward": -14.105487501621246, "policy_loss": 0.0007482352666556835, "value_loss": 12.851950883865356, "entropy": 0.9259201139211655, "approx_kl": 0.005557747514103539, "clip_fraction": 0.1009674072265625}
{"step": 1826816, "wall_time": 1789933627.6518202, "episodes_completed": 41, "mean_episode_reward": -18.087667707853566, "policy_loss": -0.0002565360628068447, "value_loss": 12.381908297538757, "entropy": 0.9261331260204315, "approx_kl": 0.007367099809926003, "clip_fraction": 0.09356689453125}
{"step": 1835008, "wall_time": 1789933680.391478, "episodes_completed": 50, "mean_episode_reward": -15.816050390005111, "policy_loss": 0.0015149323735386133, "value_loss": 18.372546911239624, "entropy": 0.9257528558373451, "approx_kl": 0.007920168805867434, "clip_fraction": 0.1033477783203125}
{"step": 1843200, "wall_time": 1789933732.852425, "episodes_completed": 43, "mean_episode_reward": -20.124808870082678, "policy_loss": -0.00040908390656113625, "value_loss": 10.060410022735596, "entropy": 0.924805074930191, "approx_kl": 0.0072108792955987155, "clip_fraction": 0.094818115234375}
{"step": 1851392, "wall_time": 1789933785.5295777, "episodes_completed": 44, "mean_episode_reward": -21.08920773592862, "policy_loss": -0.0003614665474742651, "value_loss": 9.765831232070923, "entropy": 0.9241444319486618, "approx_kl": 0.008439147219178267, "clip_fraction": 0.08203125}
{"step": 1859584, "wall_time": 1789933838.1377094, "episodes_completed": 36, "mean_episode_reward": -10.914478739102682, "policy_loss": 0.0010896062012761831, "value_loss": 13.786848306655884, "entropy": 0.9248756915330887, "approx_kl": 0.007424590643495321, "clip_fraction": 0.0869140625}
{"step": 1867776, "wall_time": 1789933890.88992, "episodes_completed": 31, "mean_episode_reward": -14.100916637528327, "policy_loss": 0.0010672088246792555, "value_loss": 11.196605682373047, "entropy": 0.9259971603751183, "approx_kl": 0.010300234600435942, "clip_fraction": 0.113006591796875}
{"step": 1875968, "wall_time": 1789933943.8053174, "episodes_completed": 30, "mean_episode_reward": -19.105330924193066, "policy_loss": 0.0003207812551409006, "value_loss": 7.287553608417511, "entropy": 0.9263817593455315, "approx_kl": 0.009598948527127504, "clip_fraction": 0.0969085693359375}
{"step": 1884160, "wall_time": 1789933996.9185886, "episodes_completed": 30, "mean_episode_reward": -14.186040125290553, "policy_loss": 0.0001474139280617237, "value_loss": 7.936566233634949, "entropy": 0.9270295724272728, "approx_kl": 0.010186989195062779, "clip_fraction": 0.1222381591796875}
{"step": 1892352, "wall_time": 1789934049.4704895, "episodes_completed": 36, "mean_episode_reward": -18.00801334116194, "policy_loss": -0.0005953942891210318, "value_loss": 7.969205617904663, "entropy": 0.9275062009692192, "approx_kl": 0.0073927706107497215, "clip_fraction": 0.085662841796875}
{"step": 1900544, "wall_time": 1789934102.4445207, "episodes_completed": 34, "mean_episode_reward": -12.189903602880591, "policy_loss": 0.0005708076059818268, "value_loss": 10.431530833244324, "entropy": 0.9286348894238472, "approx_kl": 0.008534999622497708, "clip_fraction": 0.0975494384765625}
{"step": 1908736, "wall_time": 1789934155.4478433, "episodes_completed": 33, "mean_episode_reward": -21.340403327436157, "policy_loss": 0.003011351451277733, "value_loss": 6.506659030914307, "entropy": 0.9294544532895088, "approx_kl": 0.014897781307809055, "clip_fraction": 0.1736907958984375}
{"step": 1916928, "wall_time": 1789934208.9414244, "episodes_completed": 31, "mean_episode_reward": -13.60524345213367, "policy_loss": 0.04476736846845597, "value_loss": 10.993869543075562, "entropy": 0.9299345090985298, "approx_kl": 0.10855393996462226, "clip_fraction": 0.5144195556640625}
{"step": 1925120, "wall_time": 1789934261.781701, "episodes_completed": 30, "mean_episode_reward": -16.205025804042815, "policy_loss": 0.03108698781579733, "value_loss": 10.231527209281921, "entropy": 0.9330302476882935, "approx_kl": 0.051702562370337546, "clip_fraction": 0.39971923828125}
{"step": 1933312, "wall_time": 1789934314.2873466, "episodes_completed": 35, "mean_episode_reward": -14.919779900142125, "policy_loss": 0.011844872031360865, "value_loss": 11.579659223556519, "entropy": 0.9367412775754929, "approx_kl": 0.032087389612570405, "clip_fraction": 0.3389434814453125}
{"step": 1941504, "wall_time": 1789934366.721226, "episodes_completed": 30, "mean_episode_reward": -15.569301064809164, "policy_loss": -0.0003184715751558542, "value_loss": 9.811189889907837, "entropy": 0.9393512830138206, "approx_kl": 0.006919108142028563, "clip_fraction": 0.0855255126953125}
{"step": 1949696, "wall_time": 1789934419.093947, "episodes_completed": 30, "mean_episode_reward": -16.404855911185344, "policy_loss": -0.0010970077710226178, "value_loss": 10.758344769477844, "entropy": 0.9414721950888634, "approx_kl": 0.0061949974042363465, "clip_fraction": 0.0899200439453125}
{"step": 1957888, "wall_time": 1789934472.000815, "episodes_completed": 29, "mean_episode_reward": -11.030071106450311, "policy_loss": -0.0014303502393886447, "value_loss": 7.569249391555786, "entropy": 0.9422572404146194, "approx_kl": 0.008456380281131715, "clip_fraction": 0.10064697265625}
{"step": 1966080, "wall_time": 1789934524.4805233, "episodes_completed": 33, "mean_episode_reward": -18.513288953087546, "policy_loss": 0.00020228326320648193, "value_loss": 7.812147855758667, "entropy": 0.9424409940838814, "approx_kl": 0.005458574363728985, "clip_fraction": 0.05987548828125}
{"step": 1974272, "wall_time": 1789934577.6873093, "episodes_completed": 39, "mean_episode_reward": -11.954965035120646, "policy_loss": -0.0004982121754437685, "value_loss": 19.651627779006958, "entropy": 0.9425848871469498, "approx_kl": 0.007594074006192386, "clip_fraction": 0.11083984375}
{"step": 1982464, "wall_time": 1789934629.566578, "episodes_completed": 36, "mean_episode_reward": -14.003012001514435, "policy_loss": -0.0012113719712942839, "value_loss": 10.587973237037659, "entropy": 0.9435920640826225, "approx_kl": 0.003847674059215933, "clip_fraction": 0.0453338623046875}
{"step": 1990656, "wall_time": 1789934682.1158333, "episodes_completed": 38, "mean_episode_reward": -15.555138900091773, "policy_loss": -0.001043674536049366, "value_loss": 13.909311532974243, "entropy": 0.9448528215289116, "approx_kl": 0.006136605574283749, "clip_fraction": 0.0595703125}
{"step": 1998848, "wall_time": 1789934735.118993, "episodes_completed": 34, "mean_episode_reward": -16.183491065221673, "policy_loss": -0.0031794216483831406, "value_loss": 7.672185599803925, "entropy": 0.9457360506057739, "approx_kl": 0.008915429876651615, "clip_fraction": 0.1156158447265625}
{"step": 2007040, "wall_time": 1789934787.9521186, "episodes_completed": 35, "mean_episode_reward": -18.198811950002398, "policy_loss": -0.0008912589401006699, "value_loss": 7.2904751896858215, "entropy": 0.9466223269701004, "approx_kl": 0.007659956230781972, "clip_fraction": 0.0802459716796875}
{"step": 2015232, "wall_time": 1789934840.468099, "episodes_completed": 31, "mean_episode_reward": -14.710992354539133, "policy_loss": -0.0006191011052578688, "value_loss": 6.239939451217651, "entropy": 0.9469288364052773, "approx_kl": 0.010804102814290673, "clip_fraction": 0.130096435546875}
{"step": 2023424, "wall_time": 1789934892.8137596, "episodes_completed": 36, "mean_episode_reward": -16.11046852916479, "policy_loss": -7.969664875417948e-05, "value_loss": 8.438605189323425, "entropy": 0.9461909681558609, "approx_kl": 0.007300416240468621, "clip_fraction": 0.091156005859375}
{"step": 2031616, "wall_time": 1789934945.0388052, "episodes_completed": 32, "mean_episode_reward": -13.582408424466848, "policy_loss": 0.001002981560304761, "value_loss": 11.448861479759216, "entropy": 0.9462160691618919, "approx_kl": 0.005561145953834057, "clip_fraction": 0.0682220458984375}
{"step": 2039808, "wall_time": 1789934998.3609042, "episodes_completed": 29, "mean_episode_reward": -10.584231551351218, "policy_loss": -0.0010158895747736096, "value_loss": 8.435055255889893, "entropy": 0.9462907463312149, "approx_kl": 0.00474973555537872, "clip_fraction": 0.0617828369140625}
{"step": 2048000, "wall_time": 1789935051.4090095, "episodes_completed": 32, "mean_episode_reward": -15.635893404483795, "policy_loss": 0.0013243828434497118, "value_loss": 8.396453976631165, "entropy": 0.9464233592152596, "approx_kl": 0.00907717359950766, "clip_fraction": 0.108184814453125}
{"step": 2056192, "wall_time": 1789935104.5190556, "episodes_completed": 37, "mean_episode_reward": -15.208813872893113, "policy_loss": -0.0022623008117079735, "value_loss": 9.335446238517761, "entropy": 0.9457977265119553, "approx_kl": 0.00887890878948383, "clip_fraction": 0.0909423828125}
{"step": 2064384, "wall_time": 1789935156.8358922, "episodes_completed": 25, "mean_episode_reward": -13.982616281509399, "policy_loss": 0.00044543034164234996, "value_loss": 12.625543117523193, "entropy": 0.9449955523014069, "approx_kl": 0.0053745812037959695, "clip_fraction": 0.0806427001953125}
{"step": 2072576, "wall_time": 1789935209.0374372, "episodes_completed": 36, "mean_episode_reward": -5.224479940305981, "policy_loss": 0.00034366361796855927, "value_loss": 18.068458318710327, "entropy": 0.9445905387401581, "approx_kl": 0.007628676714375615, "clip_fraction": 0.0938873291015625}
{"step": 2080768, "wall_time": 1789935260.991966, "episodes_completed": 30, "mean_episode_reward": -14.143979342778524, "policy_loss": -0.0005149661446921527, "value_loss": 10.271592736244202, "entropy": 0.9463675320148468, "approx_kl": 0.005339009003364481, "clip_fraction": 0.0767822265625}
{"step": 2088960, "wall_time": 1789935313.9890614, "episodes_completed": 30, "mean_episode_reward": -9.120304230848948, "policy_loss": -0.0008405597181990743, "value_loss": 12.333280563354492, "entropy": 0.9481162652373314, "approx_kl": 0.00683722278336063, "clip_fraction": 0.0760498046875}
{"step": 2097152, "wall_time": 1789935365.978485, "episodes_completed": 36, "mean_episode_reward": -15.202892541574935, "policy_loss": 0.0021687407279387116, "value_loss": 10.141903400421143, "entropy": 0.9485219940543175, "approx_kl": 0.00849270902108401, "clip_fraction": 0.1107330322265625}
{"step": 2105344, "wall_time": 1789935419.0376618, "episodes_completed": 37, "mean_episode_reward": -13.752836672035423, "policy_loss": 0.004616845399141312, "value_loss": 9.915661811828613, "entropy": 0.9484787881374359, "approx_kl": 0.007999603927601129, "clip_fraction": 0.101226806640625}
{"step": 2113536, "wall_time": 1789935471.8033597, "episodes_completed": 36, "mean_episode_reward": -14.371856540441513, "policy_loss": 0.0009704844560474157, "value_loss": 9.537582755088806, "entropy": 0.9486254155635834, "approx_kl": 0.008893388934666291, "clip_fraction": 0.1202850341796875}
{"step": 2121728, "wall_time": 1789935525.1932616, "episodes_completed": 29, "mean_episode_reward": -13.809868430269175, "policy_loss": -0.0014419653452932835, "value_loss": 9.399266242980957, "entropy": 0.9484339132905006, "approx_kl": 0.007863335602451116, "clip_fraction": 0.08721923828125}
{"step": 2129920, "wall_time": 1789935577.8311708, "episodes_completed": 30, "mean_episode_reward": -12.270360987385114, "policy_loss": 0.0013741916045546532, "value_loss": 8.294168949127197, "entropy": 0.9474519565701485, "approx_kl": 0.008924672205466777, "clip_fraction": 0.0914306640625}
{"step": 2138112, "wall_time": 1789935630.0718427, "episodes_completed": 27, "mean_episode_reward": -17.60743421095389, "policy_loss": -0.00039862957783043385, "value_loss": 9.869879484176636, "entropy": 0.9455476179718971, "approx_kl": 0.0051572736410889775, "clip_fraction": 0.082855224609375}
{"step": 2146304, "wall_time": 1789935683.0808773, "episodes_completed": 37, "mean_episode_reward": -11.191117365215275, "policy_loss": -0.00014880578964948654, "value_loss": 8.790002703666687, "entropy": 0.9438976272940636, "approx_kl": 0.006694398762192577, "clip_fraction": 0.0648345947265625}
{"step": 2154496, "wall_time": 1789935735.458818, "episodes_completed": 34, "mean_episode_reward": -10.65490207601996, "policy_loss": -0.0002166558988392353, "value_loss": 12.116440296173096, "entropy": 0.9447747319936752, "approx_kl": 0.0034773715888150036, "clip_fraction": 0.0398406982421875}
{"step": 2162688, "wall_time": 1789935788.1467988, "episodes_completed": 29, "mean_episode_reward": -13.281682643140185, "policy_loss": -0.00014229340013116598, "value_loss": 6.740823984146118, "entropy": 0.9463217407464981, "approx_kl": 0.0073115871055051684, "clip_fraction": 0.0763702392578125}
{"step": 2170880, "wall_time": 1789935840.8406718, "episodes_completed": 29, "mean_episode_reward": -14.734292042666468, "policy_loss": 0.0013833532575517893, "value_loss": 8.260988473892212, "entropy": 0.9470036998391151, "approx_kl": 0.008954762590292376, "clip_fraction": 0.0960540771484375}
{"step": 2179072, "wall_time": 1789935893.4882271, "episodes_completed": 27, "mean_episode_reward": -9.1126803777836, "policy_loss": 0.004386407323181629, "value_loss": 9.320513844490051, "entropy": 0.9471374079585075, "approx_kl": 0.012232766835950315, "clip_fraction": 0.1587371826171875}
{"step": 2187264, "wall_time": 1789935946.1213431, "episodes_completed": 40, "mean_episode_reward": -17.528483721613885, "policy_loss": 0.0008459712844341993, "value_loss": 6.987575948238373, "entropy": 0.9466993361711502, "approx_kl": 0.010853373183635995, "clip_fraction": 0.1363067626953125}
{"step": 2195456, "wall_time": 1789935998.2138655, "episodes_completed": 31, "mean_episode_reward": -18.27699392841708, "policy_loss": 0.006805196404457092, "value_loss": 8.335340023040771, "entropy": 0.945334181189537, "approx_kl": 0.015045151463709772, "clip_fraction": 0.1782684326171875}
{"step": 2203648, "wall_time": 1789936050.831168, "episodes_completed": 28, "mean_episode_reward": -12.353631615638733, "policy_loss": -0.0006757386727258563, "value_loss": 7.590885937213898, "entropy": 0.9445253238081932, "approx_kl": 0.01067441888153553, "clip_fraction": 0.128509521484375}
{"step": 2211840, "wall_time": 1789936103.378314, "episodes_completed": 28, "mean_episode_reward": -7.297527024788516, "policy_loss": -0.0004749236541101709, "value_loss": 10.53162431716919, "entropy": 0.942808672785759, "approx_kl": 0.004980083860573359, "clip_fraction": 0.07208251953125}
{"step": 2220032, "wall_time": 1789936155.7745512, "episodes_completed": 34, "mean_episode_reward": -8.964251140022979, "policy_loss": 0.011299472069367766, "value_loss": 11.18945860862732, "entropy": 0.9412505850195885, "approx_kl": 0.006871348086860962, "clip_fraction": 0.0673828125}
{"step": 2228224, "wall_time": 1789936208.6338658, "episodes_completed": 27, "mean_episode_reward": -10.928385213569358, "policy_loss": -0.0026562754064798355, "value_loss": 4.5835999846458435, "entropy": 0.940401166677475, "approx_kl": 0.006464155339926947, "clip_fraction": 0.103271484375}
{"step": 2236416, "wall_time": 1789936261.8195848, "episodes_completed": 26, "mean_episode_reward": -7.74058519418423, "policy_loss": -0.00010457076132297516, "value_loss": 6.45305860042572, "entropy": 0.939472921192646, "approx_kl": 0.007838248129701242, "clip_fraction": 0.0836181640625}
{"step": 2244608, "wall_time": 1789936314.767241, "episodes_completed": 37, "mean_episode_reward": -12.103433490806335, "policy_loss": 0.0025243419222533703, "value_loss": 12.45547640323639, "entropy": 0.9390130043029785, "approx_kl": 0.007735198858426884, "clip_fraction": 0.09423828125}
{"step": 2252800, "wall_time": 1789936368.305955, "episodes_completed": 32, "mean_episode_reward": -17.28607443254441, "policy_loss": 0.0003285938873887062, "value_loss": 6.969517230987549, "entropy": 0.9383985251188278, "approx_kl": 0.012838269816711545, "clip_fraction": 0.1687469482421875}
{"step": 2260992, "wall_time": 1789936421.4435844, "episodes_completed": 37, "mean_episode_reward": -9.608634111446303, "policy_loss": -0.00016218749806284904, "value_loss": 9.523576378822327, "entropy": 0.9374077990651131, "approx_kl": 0.006121387472376227, "clip_fraction": 0.063201904296875}
{"step": 2269184, "wall_time": 1789936474.0211477, "episodes_completed": 33, "mean_episode_reward": -16.415965068972472, "policy_loss": -6.326544098556042e-05, "value_loss": 8.919434905052185, "entropy": 0.9369585812091827, "approx_kl": 0.004043926252052188, "clip_fraction": 0.06134033203125}
{"step": 2277376, "wall_time": 1789936526.4710307, "episodes_completed": 39, "mean_episode_reward": -10.820586611063053, "policy_loss": 0.0028716688975691795, "value_loss": 16.595948219299316, "entropy": 0.9370913952589035, "approx_kl": 0.009269421803764999, "clip_fraction": 0.0990753173828125}
{"step": 2285568, "wall_time": 1789936578.9907532, "episodes_completed": 41, "mean_episode_reward": -13.001099292824907, "policy_loss": 0.0019323064479976892, "value_loss": 14.345212578773499, "entropy": 0.9370723441243172, "approx_kl": 0.008991551294457167, "clip_fraction": 0.09405517578125}
{"step": 2293760, "wall_time": 1789936631.6456823, "episodes_completed": 34, "mean_episode_reward": -18.56160500119714, "policy_loss": 0.0014256029389798641, "value_loss": 10.85913896560669, "entropy": 0.9377775117754936, "approx_kl": 0.010181447141803801, "clip_fraction": 0.10791015625}
{"step": 2301952, "wall_time": 1789936684.1042814, "episodes_completed": 38, "mean_episode_reward": -12.56132101385217, "policy_loss": -0.00043904274934902787, "value_loss": 14.636550664901733, "entropy": 0.9389255195856094, "approx_kl": 0.011089792707934976, "clip_fraction": 0.1194915771484375}
{"step": 2310144, "wall_time": 1789936736.7334936, "episodes_completed": 33, "mean_episode_reward": -12.6685439564965, "policy_loss": 0.006060138810425997, "value_loss": 12.683096885681152, "entropy": 0.9399808421730995, "approx_kl": 0.01195735321380198, "clip_fraction": 0.1470184326171875}
{"step": 2318336, "wall_time": 1789936789.46476, "episodes_completed": 33, "mean_episode_reward": -11.859933802575776, "policy_loss": 0.001880159368738532, "value_loss": 11.10461711883545, "entropy": 0.9398387148976326, "approx_kl": 0.011447729833889753, "clip_fraction": 0.136016845703125}
{"step": 2326528, "wall_time": 1789936842.0911944, "episodes_completed": 41, "mean_episode_reward": -12.295953083329085, "policy_loss": 0.013953173300251365, "value_loss": 11.269736766815186, "entropy": 0.9375531524419785, "approx_kl": 0.019529618555679917, "clip_fraction": 0.214019775390625}
{"step": 2334720, "wall_time": 1789936894.754015, "episodes_completed": 30, "mean_episode_reward": -7.793793531258901, "policy_loss": 0.0037500812904909253, "value_loss": 13.971785545349121, "entropy": 0.9361771494150162, "approx_kl": 0.01045526412781328, "clip_fraction": 0.1216278076171875}
{"step": 2342912, "wall_time": 1789936948.1285903, "episodes_completed": 28, "mean_episode_reward": -7.296894949461732, "policy_loss": 0.002074659103527665, "value_loss": 10.142757654190063, "entropy": 0.9354114755988121, "approx_kl": 0.0071544398670084774, "clip_fraction": 0.0858917236328125}
{"step": 2351104, "wall_time": 1789937000.8347538, "episodes_completed": 23, "mean_episode_reward": -2.6008761499239053, "policy_loss": -0.0003099025343544781, "value_loss": 8.180264353752136, "entropy": 0.9352592304348946, "approx_kl": 0.008754581562243402, "clip_fraction": 0.09002685546875}
{"step": 2359296, "wall_time": 1789937053.7538235, "episodes_completed": 39, "mean_episode_reward": -16.5961332321167, "policy_loss": 0.004823470488190651, "value_loss": 7.653079509735107, "entropy": 0.9354310408234596, "approx_kl": 0.01390176359564066, "clip_fraction": 0.171905517578125}
{"step": 2367488, "wall_time": 1789937106.4938385, "episodes_completed": 31, "mean_episode_reward": -11.967899949319902, "policy_loss": 0.0031473692506551743, "value_loss": 12.91710102558136, "entropy": 0.9350680261850357, "approx_kl": 0.008643685141578317, "clip_fraction": 0.1130828857421875}
{"step": 2375680, "wall_time": 1789937159.3889909, "episodes_completed": 23, "mean_episode_reward": -9.16638017737347, "policy_loss": 0.0011466643773019314, "value_loss": 8.819165349006653, "entropy": 0.9349449053406715, "approx_kl": 0.009603936574421823, "clip_fraction": 0.10968017578125}
{"step": 2383872, "wall_time": 1789937211.6981392, "episodes_completed": 26, "mean_episode_reward": -9.974887118889736, "policy_loss": 0.0011500996770337224, "value_loss": 8.070934414863586, "entropy": 0.9369227737188339, "approx_kl": 0.01109883573371917, "clip_fraction": 0.125579833984375}
{"step": 2392064, "wall_time": 1789937264.7570906, "episodes_completed": 29, "mean_episode_reward": -14.896698030932196, "policy_loss": 7.129402365535498e-05, "value_loss": 6.74608987569809, "entropy": 0.9387549683451653, "approx_kl": 0.0067112118122167885, "clip_fraction": 0.0990447998046875}
{"step": 2400256, "wall_time": 1789937317.6679676, "episodes_completed": 28, "mean_episode_reward": -6.0572832237396925, "policy_loss": 0.0021639543119817972, "value_loss": 11.916401863098145, "entropy": 0.9402747750282288, "approx_kl": 0.01149354813969694, "clip_fraction": 0.11822509765625}
{"step": 2408448, "wall_time": 1789937370.7262378, "episodes_completed": 36, "mean_episode_reward": -7.909404640396436, "policy_loss": 0.0034500337205827236, "value_loss": 16.627418279647827, "entropy": 0.9416463971138, "approx_kl": 0.010626507457345724, "clip_fraction": 0.134857177734375}
{"step": 2416640, "wall_time": 1789937423.6648068, "episodes_completed": 26, "mean_episode_reward": -5.750523362165461, "policy_loss": -0.0017450780142098665, "value_loss": 11.307064771652222, "entropy": 0.9429448917508125, "approx_kl": 0.007428341137710959, "clip_fraction": 0.084564208984375}
{"step": 2424832, "wall_time": 1789937476.3950443, "episodes_completed": 32, "mean_episode_reward": -13.662697538733482, "policy_loss": 8.012319449335337e-05, "value_loss": 9.001339077949524, "entropy": 0.9439382627606392, "approx_kl": 0.010205131489783525, "clip_fraction": 0.111480712890625}
{"step": 2433024, "wall_time": 1789937528.4250634, "episodes_completed": 34, "mean_episode_reward": -11.934946658254107, "policy_loss": 0.001248287851922214, "value_loss": 8.150569796562195, "entropy": 0.9438656568527222, "approx_kl": 0.008650530420709401, "clip_fraction": 0.0935821533203125}
{"step": 2441216, "wall_time": 1789937581.7971191, "episodes_completed": 30, "mean_episode_reward": -6.126808579762777, "policy_loss": 0.004275348735973239, "value_loss": 14.969018697738647, "entropy": 0.9432166889309883, "approx_kl": 0.013661647564731538, "clip_fraction": 0.179290771484375}
{"step": 2449408, "wall_time": 1789937634.6006856, "episodes_completed": 25, "mean_episode_reward": 2.4437861336767672, "policy_loss": 0.0034346631728112698, "value_loss": 19.841246604919434, "entropy": 0.9434466883540154, "approx_kl": 0.010204463033005595, "clip_fraction": 0.1124725341796875}
{"step": 2457600, "wall_time": 1789937687.2206554, "episodes_completed": 30, "mean_episode_reward": -3.845258420581619, "policy_loss": 0.0005333069711923599, "value_loss": 16.655416250228882, "entropy": 0.9439855068922043, "approx_kl": 0.010337754967622459, "clip_fraction": 0.1281585693359375}
{"step": 2465792, "wall_time": 1789937740.5429475, "episodes_completed": 29, "mean_episode_reward": -7.677261675226277, "policy_loss": 0.0012347600422799587, "value_loss": 12.62656557559967, "entropy": 0.9444181844592094, "approx_kl": 0.01128547424741555, "clip_fraction": 0.125885009765625}
{"step": 2473984, "wall_time": 1789937793.8557777, "episodes_completed": 27, "mean_episode_reward": -9.114455774978355, "policy_loss": 0.0026697420398704708, "value_loss": 14.597577214241028, "entropy": 0.944681853055954, "approx_kl": 0.016593974200077355, "clip_fraction": 0.148651123046875}
{"step": 2482176, "wall_time": 1789937846.0896666, "episodes_completed": 34, "mean_episode_reward": -5.399335472159745, "policy_loss": 0.009670090628787875, "value_loss": 17.57188582420349, "entropy": 0.9445845037698746, "approx_kl": 0.02512050955556333, "clip_fraction": 0.26580810546875}
{"step": 2490368, "wall_time": 1789937898.8842297, "episodes_completed": 35, "mean_episode_reward": -7.736129234518324, "policy_loss": 0.005589730106294155, "value_loss": 14.201566696166992, "entropy": 0.9453658759593964, "approx_kl": 0.018460049061104655, "clip_fraction": 0.211181640625}
{"step": 2498560, "wall_time": 1789937951.59661, "episodes_completed": 30, "mean_episode_reward": -6.892557563384374, "policy_loss": 0.000514407642185688, "value_loss": 9.003837943077087, "entropy": 0.9457507729530334, "approx_kl": 0.008381271327380091, "clip_fraction": 0.10748291015625}
{"step": 2506752, "wall_time": 1789938003.6143365, "episodes_completed": 38, "mean_episode_reward": -0.746567955926845, "policy_loss": 0.005361560499295592, "value_loss": 23.68509578704834, "entropy": 0.9468549713492393, "approx_kl": 0.018120998982340097, "clip_fraction": 0.2222442626953125}
{"step": 2514944, "wall_time": 1789938056.5654182, "episodes_completed": 40, "mean_episode_reward": -11.694103263318539, "policy_loss": 0.00011587375774979591, "value_loss": 21.706871271133423, "entropy": 0.9478126838803291, "approx_kl": 0.007630406471434981, "clip_fraction": 0.092529296875}
{"step": 2523136, "wall_time": 1789938108.9275835, "episodes_completed": 36, "mean_episode_reward": -4.341154053807259, "policy_loss": 0.0035438972990959883, "value_loss": 21.33644461631775, "entropy": 0.9494068995118141, "approx_kl": 0.016217374592088163, "clip_fraction": 0.188690185546875}
{"step": 2531328, "wall_time": 1789938161.3926249, "episodes_completed": 26, "mean_episode_reward": -4.654696122528269, "policy_loss": 0.004164398182183504, "value_loss": 14.353970646858215, "entropy": 0.9501929357647896, "approx_kl": 0.015658818650990725, "clip_fraction": 0.1913299560546875}
{"step": 2539520, "wall_time": 1789938213.9998634, "episodes_completed": 35, "mean_episode_reward": -15.016668998130731, "policy_loss": 0.0003602798096835613, "value_loss": 13.77584683895111, "entropy": 0.9507226347923279, "approx_kl": 0.010198814037721604, "clip_fraction": 0.110595703125}
{"step": 2547712, "wall_time": 1789938266.8684425, "episodes_completed": 37, "mean_episode_reward": -11.329545406070915, "policy_loss": 0.0020991298370063305, "value_loss": 15.420941233634949, "entropy": 0.9513886123895645, "approx_kl": 0.009103887568926439, "clip_fraction": 0.0934600830078125}
{"step": 2555904, "wall_time": 1789938319.793, "episodes_completed": 33, "mean_episode_reward": -11.362402751590267, "policy_loss": 0.003609922365285456, "value_loss": 17.7215793132782, "entropy": 0.952491357922554, "approx_kl": 0.009316625131759793, "clip_fraction": 0.0859832763671875}
{"step": 2564096, "wall_time": 1789938373.210573, "episodes_completed": 33, "mean_episode_reward": -0.363109548886617, "policy_loss": 0.0010517957853153348, "value_loss": 17.251310110092163, "entropy": 0.953654870390892, "approx_kl": 0.00755659191054292, "clip_fraction": 0.0980377197265625}
{"step": 2572288, "wall_time": 1789938426.5602183, "episodes_completed": 34, "mean_episode_reward": -7.5558699194122765, "policy_loss": -0.001215991796925664, "value_loss": 10.494732022285461, "entropy": 0.9546473175287247, "approx_kl": 0.006838592380518094, "clip_fraction": 0.0811309814453125}
{"step": 2580480, "wall_time": 1789938479.745514, "episodes_completed": 29, "mean_episode_reward": 2.431966835054858, "policy_loss": 0.005644688266329467, "value_loss": 20.63399600982666, "entropy": 0.9568100050091743, "approx_kl": 0.019137342635076493, "clip_fraction": 0.2089691162109375}
{"step": 2588672, "wall_time": 1789938532.061408, "episodes_completed": 33, "mean_episode_reward": -12.18270419583176, "policy_loss": -0.0006184971134644002, "value_loss": 16.57763934135437, "entropy": 0.9592500850558281, "approx_kl": 0.00721538154175505, "clip_fraction": 0.0916290283203125}
{"step": 2596864, "wall_time": 1789938584.7775958, "episodes_completed": 39, "mean_episode_reward": -13.747927592350887, "policy_loss": -0.0002897079102694988, "value_loss": 14.131320238113403, "entropy": 0.9600236117839813, "approx_kl": 0.009856984368525445, "clip_fraction": 0.1038055419921875}
{"step": 2605056, "wall_time": 1789938637.3470051, "episodes_completed": 32, "mean_episode_reward": -8.394545000046492, "policy_loss": 4.5493245124816895e-05, "value_loss": 17.023494720458984, "entropy": 0.9595542848110199, "approx_kl": 0.005126969947014004, "clip_fraction": 0.0706787109375}
{"step": 2613248, "wall_time": 1789938690.0314112, "episodes_completed": 32, "mean_episode_reward": -1.944698441773653, "policy_loss": 0.0038474355824291706, "value_loss": 20.755589485168457, "entropy": 0.9576508551836014, "approx_kl": 0.010321682668291032, "clip_fraction": 0.1233367919921875}
{"step": 2621440, "wall_time": 1789938742.8571694, "episodes_completed": 38, "mean_episode_reward": -11.760314214778575, "policy_loss": 0.002629342954605818, "value_loss": 16.831777095794678, "entropy": 0.9572284370660782, "approx_kl": 0.010345596936531365, "clip_fraction": 0.11590576171875}
{"step": 2629632, "wall_time": 1789938795.212956, "episodes_completed": 38, "mean_episode_reward": -12.089616490037818, "policy_loss": 0.0031232498586177826, "value_loss": 17.053661584854126, "entropy": 0.9573139399290085, "approx_kl": 0.008082252403255552, "clip_fraction": 0.1123504638671875}
{"step": 2637824, "wall_time": 1789938848.1543803, "episodes_completed": 33, "mean_episode_reward": -7.48869547699437, "policy_loss": -1.2234202586114407e-05, "value_loss": 17.190460920333862, "entropy": 0.9574557542800903, "approx_kl": 0.008016302599571645, "clip_fraction": 0.0725860595703125}
{"step": 2646016, "wall_time": 1789938900.6487532, "episodes_completed": 34, "mean_episode_reward": -8.039618744569665, "policy_loss": 0.0016487948596477509, "value_loss": 17.635602951049805, "entropy": 0.9575177058577538, "approx_kl": 0.007069274957757443, "clip_fraction": 0.1026763916015625}
{"step": 2654208, "wall_time": 1789938953.3622744, "episodes_completed": 34, "mean_episode_reward": -15.770025258116862, "policy_loss": -0.0002447798615321517, "value_loss": 14.910573363304138, "entropy": 0.9578053057193756, "approx_kl": 0.006905649875989184, "clip_fraction": 0.095123291015625}
{"step": 2662400, "wall_time": 1789939006.3052225, "episodes_completed": 31, "mean_episode_reward": -10.263540252322152, "policy_loss": 0.0017306739464402199, "value_loss": 13.13886845111847, "entropy": 0.9580871760845184, "approx_kl": 0.00867766710871365, "clip_fraction": 0.1073760986328125}
{"step": 2670592, "wall_time": 1789939059.2486236, "episodes_completed": 37, "mean_episode_reward": -9.705866364208427, "policy_loss": 0.0018686088733375072, "value_loss": 20.03671908378601, "entropy": 0.9581100270152092, "approx_kl": 0.012100390711566433, "clip_fraction": 0.1201934814453125}
{"step": 2678784, "wall_time": 1789939112.3197286, "episodes_completed": 21, "mean_episode_reward": -3.657439572470529, "policy_loss": 0.0030671549029648304, "value_loss": 13.700689792633057, "entropy": 0.9580118134617805, "approx_kl": 0.010335617291275412, "clip_fraction": 0.114990234375}
{"step": 2686976, "wall_time": 1789939164.9717634, "episodes_completed": 34, "mean_episode_reward": -15.529701716759625, "policy_loss": 0.003548132721334696, "value_loss": 12.18199908733368, "entropy": 0.95859145373106, "approx_kl": 0.010109340539202094, "clip_fraction": 0.124908447265625}
{"step": 2695168, "wall_time": 1789939217.719615, "episodes_completed": 35, "mean_episode_reward": -8.469695445469448, "policy_loss": 0.011595171701628715, "value_loss": 20.201260328292847, "entropy": 0.9596381932497025, "approx_kl": 0.027708073263056576, "clip_fraction": 0.2885284423828125}
{"step": 2703360, "wall_time": 1789939270.5102599, "episodes_completed": 29, "mean_episode_reward": -4.809568033136171, "policy_loss": 0.008188934822101146, "value_loss": 15.790924429893494, "entropy": 0.9601574391126633, "approx_kl": 0.016464291722513735, "clip_fraction": 0.2004547119140625}
{"step": 2711552, "wall_time": 1789939323.595619, "episodes_completed": 38, "mean_episode_reward": -15.308875228229322, "policy_loss": 0.0006292093312367797, "value_loss": 15.158630847930908, "entropy": 0.9613921940326691, "approx_kl": 0.009554882417432964, "clip_fraction": 0.1262969970703125}
{"step": 2719744, "wall_time": 1789939376.4566703, "episodes_completed": 30, "mean_episode_reward": -8.834229751427968, "policy_loss": 0.0020909681916236877, "value_loss": 15.220375061035156, "entropy": 0.9634067267179489, "approx_kl": 0.010288622637744993, "clip_fraction": 0.1467437744140625}
{"step": 2727936, "wall_time": 1789939429.5621986, "episodes_completed": 35, "mean_episode_reward": -9.495643426690783, "policy_loss": 0.0051968630868941545, "value_loss": 20.246609449386597, "entropy": 0.9655160680413246, "approx_kl": 0.011563008418306708, "clip_fraction": 0.1452178955078125}
{"step": 2736128, "wall_time": 1789939482.5108588, "episodes_completed": 33, "mean_episode_reward": -9.519519184574936, "policy_loss": 0.0044168746098876, "value_loss": 17.811758756637573, "entropy": 0.9671274721622467, "approx_kl": 0.017071533482521772, "clip_fraction": 0.1940765380859375}
{"step": 2744320, "wall_time": 1789939534.9684665, "episodes_completed": 33, "mean_episode_reward": -8.68438699209329, "policy_loss": 0.0032931627647485584, "value_loss": 17.844439268112183, "entropy": 0.969150997698307, "approx_kl": 0.01207684411201626, "clip_fraction": 0.1531524658203125}
{"step": 2752512, "wall_time": 1789939587.3197649, "episodes_completed": 35, "mean_episode_reward": -10.136885598727636, "policy_loss": 0.0079967868514359, "value_loss": 15.001480221748352, "entropy": 0.971053309738636, "approx_kl": 0.02009951521176845, "clip_fraction": 0.220458984375}
{"step": 2760704, "wall_time": 1789939639.4779632, "episodes_completed": 33, "mean_episode_reward": -13.86419813560717, "policy_loss": 0.006277752807363868, "value_loss": 16.47098970413208, "entropy": 0.9726307168602943, "approx_kl": 0.01212590595241636, "clip_fraction": 0.1653594970703125}
{"step": 2768896, "wall_time": 1789939691.6245153, "episodes_completed": 50, "mean_episode_reward": -14.459930511713027, "policy_loss": 0.0023662876919843256, "value_loss": 23.343690872192383, "entropy": 0.974540464580059, "approx_kl": 0.011040248180506751, "clip_fraction": 0.1282958984375}
{"step": 2777088, "wall_time": 1789939744.3821936, "episodes_completed": 34, "mean_episode_reward": -12.770468753926894, "policy_loss": 0.0030872770003043115, "value_loss": 15.896338701248169, "entropy": 0.9762110635638237, "approx_kl": 0.009130605671089143, "clip_fraction": 0.1224212646484375}
{"step": 2785280, "wall_time": 1789939795.8027472, "episodes_completed": 36, "mean_episode_reward": -13.186230899559128, "policy_loss": -0.0010189609602093697, "value_loss": 14.916627049446106, "entropy": 0.9773643091320992, "approx_kl": 0.010212544264504686, "clip_fraction": 0.1259307861328125}
{"step": 2793472, "wall_time": 1789939848.5612202, "episodes_completed": 37, "mean_episode_reward": -12.428837850287154, "policy_loss": 0.0025606665876694024, "value_loss": 18.125754833221436, "entropy": 0.9778356105089188, "approx_kl": 0.014484871760942042, "clip_fraction": 0.1635589599609375}
{"step": 2801664, "wall_time": 1789939900.4842122, "episodes_completed": 35, "mean_episode_reward": -3.3813804490225654, "policy_loss": 0.009414098924025893, "value_loss": 21.29803228378296, "entropy": 0.978790320456028, "approx_kl": 0.020488609210588038, "clip_fraction": 0.241241455078125}
{"step": 2809856, "wall_time": 1789939953.1581862, "episodes_completed": 35, "mean_episode_reward": -9.894928070477077, "policy_loss": 0.0020327921956777573, "value_loss": 17.414859771728516, "entropy": 0.9794290959835052, "approx_kl": 0.014328883029520512, "clip_fraction": 0.2013092041015625}
{"step": 2818048, "wall_time": 1789940005.8802931, "episodes_completed": 34, "mean_episode_reward": -5.76926551759243, "policy_loss": 0.003409889992326498, "value_loss": 15.106104016304016, "entropy": 0.9800909906625748, "approx_kl": 0.012973142467672005, "clip_fraction": 0.1671600341796875}
{"step": 2826240, "wall_time": 1789940058.4376152, "episodes_completed": 25, "mean_episode_reward": 2.440379877090454, "policy_loss": 0.005779460072517395, "value_loss": 19.99888038635254, "entropy": 0.9811218678951263, "approx_kl": 0.02023115282645449, "clip_fraction": 0.221771240234375}
{"step": 2834432, "wall_time": 1789940111.7807984, "episodes_completed": 36, "mean_episode_reward": -4.460689816210005, "policy_loss": 0.013817193917930126, "value_loss": 15.912181377410889, "entropy": 0.9829206019639969, "approx_kl": 0.029672838747501373, "clip_fraction": 0.284942626953125}
{"step": 2842624, "wall_time": 1789940164.6250782, "episodes_completed": 32, "mean_episode_reward": -14.045873537659645, "policy_loss": 0.020174162928014994, "value_loss": 14.673772811889648, "entropy": 0.9849754944443703, "approx_kl": 0.038640130776911974, "clip_fraction": 0.3423919677734375}
{"step": 2850816, "wall_time": 1789940216.8144307, "episodes_completed": 35, "mean_episode_reward": -8.049438368422644, "policy_loss": 0.010333181824535131, "value_loss": 17.45334529876709, "entropy": 0.9881635531783104, "approx_kl": 0.026504445704631507, "clip_fraction": 0.28369140625}
{"step": 2859008, "wall_time": 1789940269.9103577, "episodes_completed": 35, "mean_episode_reward": -8.471615717240743, "policy_loss": 0.01606207760050893, "value_loss": 12.372373938560486, "entropy": 0.9914926216006279, "approx_kl": 0.03455916722305119, "clip_fraction": 0.3170623779296875}
{"step": 2867200, "wall_time": 1789940322.236393, "episodes_completed": 32, "mean_episode_reward": -3.2668060585856438, "policy_loss": 0.011645543156191707, "value_loss": 16.25410294532776, "entropy": 0.9940008074045181, "approx_kl": 0.01492443063762039, "clip_fraction": 0.18438720703125}
{"step": 2875392, "wall_time": 1789940374.918707, "episodes_completed": 30, "mean_episode_reward": -7.158330207069715, "policy_loss": 0.0025280179688706994, "value_loss": 15.140450835227966, "entropy": 0.995159275829792, "approx_kl": 0.010722894337959588, "clip_fraction": 0.139129638671875}
{"step": 2883584, "wall_time": 1789940427.9086297, "episodes_completed": 32, "mean_episode_reward": -1.943537138402462, "policy_loss": 0.0021991226822137833, "value_loss": 16.763025045394897, "entropy": 0.9956011176109314, "approx_kl": 0.008153543225489557, "clip_fraction": 0.11053466796875}
{"step": 2891776, "wall_time": 1789940480.486321, "episodes_completed": 30, "mean_episode_reward": 4.499901966253916, "policy_loss": 0.0005428758449852467, "value_loss": 21.768707036972046, "entropy": 0.9961801692843437, "approx_kl": 0.009543638996547088, "clip_fraction": 0.1095123291015625}
{"step": 2899968, "wall_time": 1789940533.0438626, "episodes_completed": 32, "mean_episode_reward": -8.109237626194954, "policy_loss": 0.004066728986799717, "value_loss": 16.474469900131226, "entropy": 0.9968473166227341, "approx_kl": 0.013547506183385849, "clip_fraction": 0.1568145751953125}
{"step": 2908160, "wall_time": 1789940585.5733771, "episodes_completed": 26, "mean_episode_reward": -3.157987314921159, "policy_loss": -0.0002027361188083887, "value_loss": 12.19068717956543, "entropy": 0.9966939091682434, "approx_kl": 0.008839695597998798, "clip_fraction": 0.100738525390625}
{"step": 2916352, "wall_time": 1789940638.6735232, "episodes_completed": 33, "mean_episode_reward": -6.402139221176957, "policy_loss": 0.004904977977275848, "value_loss": 12.69899582862854, "entropy": 0.996400311589241, "approx_kl": 0.010761154058855027, "clip_fraction": 0.1228485107421875}
{"step": 2924544, "wall_time": 1789940692.2726033, "episodes_completed": 30, "mean_episode_reward": 7.530780095855395, "policy_loss": 0.0003508729860186577, "value_loss": 23.070148706436157, "entropy": 0.9961793273687363, "approx_kl": 0.007065991056151688, "clip_fraction": 0.0788116455078125}
{"step": 2932736, "wall_time": 1789940745.087429, "episodes_completed": 33, "mean_episode_reward": -2.7160044583407315, "policy_loss": 0.003436445025727153, "value_loss": 16.680423974990845, "entropy": 0.9962421134114265, "approx_kl": 0.007036123104626313, "clip_fraction": 0.079864501953125}
{"step": 2940928, "wall_time": 1789940797.1976073, "episodes_completed": 29, "mean_episode_reward": -2.2210481249052902, "policy_loss": 0.0010873565915971994, "value_loss": 20.272530794143677, "entropy": 0.9958934932947159, "approx_kl": 0.010273968509864062, "clip_fraction": 0.123077392578125}
{"step": 2949120, "wall_time": 1789940850.0840302, "episodes_completed": 33, "mean_episode_reward": -5.210438499396497, "policy_loss": 0.004599980311468244, "value_loss": 14.289787292480469, "entropy": 0.9947445541620255, "approx_kl": 0.008895602135453373, "clip_fraction": 0.095672607421875}
{"step": 2957312, "wall_time": 1789940902.4713376, "episodes_completed": 32, "mean_episode_reward": -2.819177694618702, "policy_loss": 0.005123148672282696, "value_loss": 18.10721516609192, "entropy": 0.9948892071843147, "approx_kl": 0.012714426673483104, "clip_fraction": 0.1436920166015625}
{"step": 2965504, "wall_time": 1789940955.229719, "episodes_completed": 37, "mean_episode_reward": -4.762958752142416, "policy_loss": 0.009774679783731699, "value_loss": 18.07452368736267, "entropy": 0.9953068047761917, "approx_kl": 0.018390527402516454, "clip_fraction": 0.24407958984375}
{"step": 2973696, "wall_time": 1789941008.0427532, "episodes_completed": 38, "mean_episode_reward": -8.656093904846593, "policy_loss": 0.005359639646485448, "value_loss": 15.924756169319153, "entropy": 0.9962945580482483, "approx_kl": 0.012313438288401812, "clip_fraction": 0.154144287109375}
{"step": 2981888, "wall_time": 1789941060.340022, "episodes_completed": 35, "mean_episode_reward": -2.092011628832136, "policy_loss": 0.00546471041161567, "value_loss": 24.091411113739014, "entropy": 0.9981273785233498, "approx_kl": 0.017537723062559962, "clip_fraction": 0.1940765380859375}
{"step": 2990080, "wall_time": 1789941113.3106394, "episodes_completed": 41, "mean_episode_reward": -5.814480695782638, "policy_loss": 0.002590206917375326, "value_loss": 18.468058109283447, "entropy": 0.9994011968374252, "approx_kl": 0.016886592260561883, "clip_fraction": 0.1513519287109375}
{"step": 2998272, "wall_time": 1789941165.7983835, "episodes_completed": 29, "mean_episode_reward": -2.673370328442804, "policy_loss": 0.0036065003369003534, "value_loss": 13.570249795913696, "entropy": 0.99982700496912, "approx_kl": 0.011512582772411406, "clip_fraction": 0.107757568359375}
{"step": 3006464, "wall_time": 1789941218.6770039, "episodes_completed": 34, "mean_episode_reward": -3.3653868664713467, "policy_loss": 0.007639019284397364, "value_loss": 18.149834632873535, "entropy": 0.9991495311260223, "approx_kl": 0.015304568223655224, "clip_fraction": 0.1508636474609375}
{"step": 3014656, "wall_time": 1789941271.6796234, "episodes_completed": 29, "mean_episode_reward": -3.2967712796967605, "policy_loss": 0.000185331329703331, "value_loss": 18.99993920326233, "entropy": 0.9993214085698128, "approx_kl": 0.011439409398008138, "clip_fraction": 0.0825958251953125}
{"step": 3022848, "wall_time": 1789941324.442217, "episodes_completed": 31, "mean_episode_reward": -1.3675895871654633, "policy_loss": 0.0023200139148684684, "value_loss": 15.14070475101471, "entropy": 1.0000266954302788, "approx_kl": 0.011229708732571453, "clip_fraction": 0.1127166748046875}
{"step": 3031040, "wall_time": 1789941377.3612835, "episodes_completed": 27, "mean_episode_reward": 1.9376911079442058, "policy_loss": 0.003075005079153925, "value_loss": 14.794724225997925, "entropy": 1.000198319554329, "approx_kl": 0.005453587989904918, "clip_fraction": 0.063140869140625}
{"step": 3039232, "wall_time": 1789941430.1866336, "episodes_completed": 42, "mean_episode_reward": -7.165239027568272, "policy_loss": 0.004202814307063818, "value_loss": 25.137741565704346, "entropy": 1.0015267580747604, "approx_kl": 0.015051998547278345, "clip_fraction": 0.1467742919921875}
{"step": 3047424, "wall_time": 1789941483.2079046, "episodes_completed": 29, "mean_episode_reward": 8.813559943232043, "policy_loss": 0.00123729114420712, "value_loss": 22.54949975013733, "entropy": 1.002947062253952, "approx_kl": 0.009159424720564857, "clip_fraction": 0.09844970703125}
{"step": 3055616, "wall_time": 1789941536.277708, "episodes_completed": 39, "mean_episode_reward": 0.32825034398298997, "policy_loss": 0.000247191172093153, "value_loss": 26.677658557891846, "entropy": 1.003190591931343, "approx_kl": 0.008691366121638566, "clip_fraction": 0.096099853515625}
{"step": 3063808, "wall_time": 1789941589.4854412, "episodes_completed": 33, "mean_episode_reward": -4.7232629042683225, "policy_loss": 0.004731913097202778, "value_loss": 16.68308115005493, "entropy": 1.0032063573598862, "approx_kl": 0.009092397114727646, "clip_fraction": 0.0911712646484375}
{"step": 3072000, "wall_time": 1789941642.0902252, "episodes_completed": 26, "mean_episode_reward": 1.3603830956495726, "policy_loss": 0.0009729289449751377, "value_loss": 19.00350260734558, "entropy": 1.0019077211618423, "approx_kl": 0.006903051398694515, "clip_fraction": 0.066680908203125}
{"step": 3080192, "wall_time": 1789941694.794192, "episodes_completed": 27, "mean_episode_reward": 8.565103265974257, "policy_loss": 0.003300896380096674, "value_loss": 16.431514263153076, "entropy": 1.0012347549200058, "approx_kl": 0.005200957879424095, "clip_fraction": 0.079620361328125}
{"step": 3088384, "wall_time": 1789941747.554368, "episodes_completed": 32, "mean_episode_reward": -0.4393518208526075, "policy_loss": 0.00022732838988304138, "value_loss": 20.085280418395996, "entropy": 1.0011704564094543, "approx_kl": 0.005270951252896339, "clip_fraction": 0.06689453125}
{"step": 3096576, "wall_time": 1789941800.5298946, "episodes_completed": 32, "mean_episode_reward": -8.676884762942791, "policy_loss": 0.00024305889382958412, "value_loss": 14.17061185836792, "entropy": 0.9999784529209137, "approx_kl": 0.005429694807389751, "clip_fraction": 0.0684967041015625}
{"step": 3104768, "wall_time": 1789941853.8800087, "episodes_completed": 32, "mean_episode_reward": 3.489919354673475, "policy_loss": 0.0023854379542171955, "value_loss": 16.634565830230713, "entropy": 0.9976994171738625, "approx_kl": 0.013339254190213978, "clip_fraction": 0.138580322265625}
{"step": 3112960, "wall_time": 1789941906.9997516, "episodes_completed": 37, "mean_episode_reward": -2.053350248348874, "policy_loss": 0.0048456096556037664, "value_loss": 18.44206166267395, "entropy": 0.9960411414504051, "approx_kl": 0.01071472599869594, "clip_fraction": 0.0942535400390625}
{"step": 3121152, "wall_time": 1789941959.7175357, "episodes_completed": 31, "mean_episode_reward": -7.625444700641017, "policy_loss": 0.0011039598612114787, "value_loss": 13.072205543518066, "entropy": 0.9947866424918175, "approx_kl": 0.006262190523557365, "clip_fraction": 0.08599853515625}
{"step": 3129344, "wall_time": 1789942012.3684475, "episodes_completed": 28, "mean_episode_reward": 4.336419137460845, "policy_loss": 0.0031112408032640815, "value_loss": 20.87126612663269, "entropy": 0.9935322478413582, "approx_kl": 0.008579619694501162, "clip_fraction": 0.0906219482421875}
{"step": 3137536, "wall_time": 1789942065.3019967, "episodes_completed": 27, "mean_episode_reward": 14.58032695700725, "policy_loss": 0.001370328653138131, "value_loss": 17.181068420410156, "entropy": 0.9938284456729889, "approx_kl": 0.009332451620139182, "clip_fraction": 0.11224365234375}
{"step": 3145728, "wall_time": 1789942118.499005, "episodes_completed": 30, "mean_episode_reward": -1.8471255660057069, "policy_loss": 0.0029960235115140676, "value_loss": 15.123773574829102, "entropy": 0.9945163130760193, "approx_kl": 0.007074365974403918, "clip_fraction": 0.09228515625}
{"step": 3153920, "wall_time": 1789942171.198329, "episodes_completed": 28, "mean_episode_reward": 5.8327277925397665, "policy_loss": 0.005119513138197362, "value_loss": 23.617353439331055, "entropy": 0.9958852380514145, "approx_kl": 0.013704741548281163, "clip_fraction": 0.1200103759765625}
{"step": 3162112, "wall_time": 1789942223.8522432, "episodes_completed": 30, "mean_episode_reward": 6.867842554052671, "policy_loss": 0.00483516464009881, "value_loss": 23.03444504737854, "entropy": 0.9979296624660492, "approx_kl": 0.009165336901787668, "clip_fraction": 0.10748291015625}
{"step": 3170304, "wall_time": 1789942277.0958488, "episodes_completed": 31, "mean_episode_reward": 5.776947705976425, "policy_loss": 0.005665353033691645, "value_loss": 13.306758761405945, "entropy": 1.0004382207989693, "approx_kl": 0.01010278519243002, "clip_fraction": 0.0944061279296875}
{"step": 3178496, "wall_time": 1789942329.5360162, "episodes_completed": 32, "mean_episode_reward": -7.988119971938431, "policy_loss": 0.002597787417471409, "value_loss": 21.038870334625244, "entropy": 1.0033749788999557, "approx_kl": 0.007922134042019024, "clip_fraction": 0.1085205078125}
{"step": 3186688, "wall_time": 1789942382.213308, "episodes_completed": 25, "mean_episode_reward": 4.989689617156983, "policy_loss": 0.008065684698522091, "value_loss": 14.419609785079956, "entropy": 1.0050467401742935, "approx_kl": 0.024819494923576713, "clip_fraction": 0.15167236328125}
{"step": 3194880, "wall_time": 1789942434.7307587, "episodes_completed": 33, "mean_episode_reward": -4.2242276415680395, "policy_loss": 0.0046950374962762, "value_loss": 22.322935342788696, "entropy": 1.005776047706604, "approx_kl": 0.013616953510791063, "clip_fraction": 0.1318206787109375}
{"step": 3203072, "wall_time": 1789942486.8717687, "episodes_completed": 26, "mean_episode_reward": 11.153167506823173, "policy_loss": 0.004934104159474373, "value_loss": 19.32240319252014, "entropy": 1.0062295645475388, "approx_kl": 0.011487154464703053, "clip_fraction": 0.0847015380859375}
{"step": 3211264, "wall_time": 1789942539.1222136, "episodes_completed": 29, "mean_episode_reward": 3.0900304070834457, "policy_loss": -0.0007171547040343285, "value_loss": 15.713735818862915, "entropy": 1.007116511464119, "approx_kl": 0.005693294762750156, "clip_fraction": 0.0806732177734375}
{"step": 3219456, "wall_time": 1789942591.5422747, "episodes_completed": 30, "mean_episode_reward": 2.8221606731414797, "policy_loss": 0.00047363806515932083, "value_loss": 15.462458610534668, "entropy": 1.0078310668468475, "approx_kl": 0.011453486571554095, "clip_fraction": 0.086029052734375}
{"step": 3227648, "wall_time": 1789942644.7952907, "episodes_completed": 26, "mean_episode_reward": 5.658284978224681, "policy_loss": 0.0008520493283867836, "value_loss": 12.620630502700806, "entropy": 1.0087722688913345, "approx_kl": 0.009859938349109143, "clip_fraction": 0.1156158447265625}
{"step": 3235840, "wall_time": 1789942697.701966, "episodes_completed": 33, "mean_episode_reward": -2.771938648681636, "policy_loss": 0.007700375048443675, "value_loss": 16.487752199172974, "entropy": 1.0093283355236053, "approx_kl": 0.017570489668287337, "clip_fraction": 0.2116241455078125}
{"step": 3244032, "wall_time": 1789942750.6160676, "episodes_completed": 33, "mean_episode_reward": 2.298783566012527, "policy_loss": 0.006511839863378555, "value_loss": 25.87823247909546, "entropy": 1.0096101015806198, "approx_kl": 0.023291457444429398, "clip_fraction": 0.2374267578125}
{"step": 3252224, "wall_time": 1789942803.8554173, "episodes_completed": 34, "mean_episode_reward": 7.708953230477431, "policy_loss": 0.00038783339550718665, "value_loss": 20.573614358901978, "entropy": 1.0098975002765656, "approx_kl": 0.008619683707365766, "clip_fraction": 0.1082916259765625}
{"step": 3260416, "wall_time": 1789942857.1441529, "episodes_completed": 30, "mean_episode_reward": -2.4183298627535503, "policy_loss": 0.002469589002430439, "value_loss": 12.277952909469604, "entropy": 1.0095471441745758, "approx_kl": 0.008137063647154719, "clip_fraction": 0.1150970458984375}
{"step": 3268608, "wall_time": 1789942910.1459408, "episodes_completed": 29, "mean_episode_reward": 0.5113899245344359, "policy_loss": 0.010574362007901073, "value_loss": 15.482797384262085, "entropy": 1.008743703365326, "approx_kl": 0.013845342444255948, "clip_fraction": 0.13323974609375}
{"step": 3276800, "wall_time": 1789942962.9893236, "episodes_completed": 26, "mean_episode_reward": -1.0839026788106332, "policy_loss": 0.0007134615443646908, "value_loss": 18.70666766166687, "entropy": 1.0090938210487366, "approx_kl": 0.00851964351022616, "clip_fraction": 0.0935211181640625}
{"step": 3284992, "wall_time": 1789943015.4596052, "episodes_completed": 28, "mean_episode_reward": -1.440827978508813, "policy_loss": 0.0020146898896200582, "value_loss": 16.32002091407776, "entropy": 1.0106468498706818, "approx_kl": 0.007937080052215606, "clip_fraction": 0.0886688232421875}
{"step": 3293184, "wall_time": 1789943068.6456764, "episodes_completed": 34, "mean_episode_reward": -8.351381766883765, "policy_loss": 0.0022979669738560915, "value_loss": 20.316887140274048, "entropy": 1.0113477259874344, "approx_kl": 0.008685506269102916, "clip_fraction": 0.10302734375}
{"step": 3301376, "wall_time": 1789943121.5803347, "episodes_completed": 24, "mean_episode_reward": 10.65271870791912, "policy_loss": 0.0013929831329733133, "value_loss": 16.883546590805054, "entropy": 1.0128946900367737, "approx_kl": 0.011277219746261835, "clip_fraction": 0.1358184814453125}
{"step": 3309568, "wall_time": 1789943173.9477344, "episodes_completed": 40, "mean_episode_reward": -9.299880224466325, "policy_loss": 0.0022709027398377657, "value_loss": 21.501725435256958, "entropy": 1.014507234096527, "approx_kl": 0.010659682273399085, "clip_fraction": 0.133514404296875}
{"step": 3317760, "wall_time": 1789943227.0498793, "episodes_completed": 31, "mean_episode_reward": -5.820297664211642, "policy_loss": 0.0020192191004753113, "value_loss": 16.26751136779785, "entropy": 1.0163116306066513, "approx_kl": 0.013969969470053911, "clip_fraction": 0.1543731689453125}
{"step": 3325952, "wall_time": 1789943279.6524394, "episodes_completed": 33, "mean_episode_reward": 1.5747952551552744, "policy_loss": 0.00890506210271269, "value_loss": 25.62787413597107, "entropy": 1.0175556391477585, "approx_kl": 0.02272769098635763, "clip_fraction": 0.23785400390625}
{"step": 3334144, "wall_time": 1789943332.6921885, "episodes_completed": 28, "mean_episode_reward": 10.147740550605315, "policy_loss": 0.0028788147028535604, "value_loss": 16.931575298309326, "entropy": 1.018100455403328, "approx_kl": 0.008168435742845759, "clip_fraction": 0.0825347900390625}
{"step": 3342336, "wall_time": 1789943385.3253648, "episodes_completed": 37, "mean_episode_reward": -2.8641285219708004, "policy_loss": 0.0019880414474755526, "value_loss": 22.075013160705566, "entropy": 1.0183912962675095, "approx_kl": 0.009595171606633812, "clip_fraction": 0.1045074462890625}
{"step": 3350528, "wall_time": 1789943438.0568063, "episodes_completed": 37, "mean_episode_reward": -3.6975401736594535, "policy_loss": 0.004293560632504523, "value_loss": 16.05420219898224, "entropy": 1.0191914588212967, "approx_kl": 0.010614045022521168, "clip_fraction": 0.106964111328125}
{"step": 3358720, "wall_time": 1789943490.655098, "episodes_completed": 40, "mean_episode_reward": -3.910619559884071, "policy_loss": 0.004235824686475098, "value_loss": 21.17586088180542, "entropy": 1.0193775743246078, "approx_kl": 0.010899550426984206, "clip_fraction": 0.1159515380859375}
{"step": 3366912, "wall_time": 1789943543.4721353, "episodes_completed": 31, "mean_episode_reward": -2.9556021055867596, "policy_loss": 0.0006724540144205093, "value_loss": 16.25500237941742, "entropy": 1.0191519260406494, "approx_kl": 0.006248861958738416, "clip_fraction": 0.0693206787109375}
{"step": 3375104, "wall_time": 1789943596.4546688, "episodes_completed": 27, "mean_episode_reward": 1.2909433311886258, "policy_loss": 0.002204621210694313, "value_loss": 15.385263204574585, "entropy": 1.0191970616579056, "approx_kl": 0.006384805761626922, "clip_fraction": 0.0833282470703125}
{"step": 3383296, "wall_time": 1789943649.3724856, "episodes_completed": 27, "mean_episode_reward": 1.9418309032917023, "policy_loss": 0.005285507999360561, "value_loss": 14.980335712432861, "entropy": 1.0215300917625427, "approx_kl": 0.008155909337801859, "clip_fraction": 0.0837249755859375}
{"step": 3391488, "wall_time": 1789943702.2562842, "episodes_completed": 38, "mean_episode_reward": -1.5473784816108251, "policy_loss": 0.005058325827121735, "value_loss": 15.921825766563416, "entropy": 1.021746814250946, "approx_kl": 0.007765547634335235, "clip_fraction": 0.0973052978515625}
{"step": 3399680, "wall_time": 1789943755.0981596, "episodes_completed": 30, "mean_episode_reward": 0.7545485883951187, "policy_loss": 0.0031462842598557472, "value_loss": 16.00653576850891, "entropy": 1.0218636691570282, "approx_kl": 0.01132939092349261, "clip_fraction": 0.1337738037109375}
{"step": 3407872, "wall_time": 1789943808.060704, "episodes_completed": 40, "mean_episode_reward": 8.083050161600113, "policy_loss": 0.0035637260880321264, "value_loss": 24.57559823989868, "entropy": 1.0223689675331116, "approx_kl": 0.011107547965366393, "clip_fraction": 0.111541748046875}
{"step": 3416064, "wall_time": 1789943860.9597635, "episodes_completed": 28, "mean_episode_reward": 8.142042398452759, "policy_loss": 0.004855315433815122, "value_loss": 14.430157780647278, "entropy": 1.0228431969881058, "approx_kl": 0.007356912828981876, "clip_fraction": 0.1167755126953125}
{"step": 3424256, "wall_time": 1789943913.614283, "episodes_completed": 35, "mean_episode_reward": 3.9934128974165235, "policy_loss": 0.001689747063210234, "value_loss": 20.289936542510986, "entropy": 1.022771567106247, "approx_kl": 0.009807674738112837, "clip_fraction": 0.09552001953125}
{"step": 3432448, "wall_time": 1789943966.8951077, "episodes_completed": 27, "mean_episode_reward": 4.076595109921914, "policy_loss": -0.0019839515443891287, "value_loss": 18.019949674606323, "entropy": 1.0235743671655655, "approx_kl": 0.004900208441540599, "clip_fraction": 0.061767578125}
{"step": 3440640, "wall_time": 1789944019.62093, "episodes_completed": 29, "mean_episode_reward": -7.017125927168747, "policy_loss": 0.006521233590319753, "value_loss": 17.425495386123657, "entropy": 1.0240797847509384, "approx_kl": 0.013469200232066214, "clip_fraction": 0.140472412109375}
{"step": 3448832, "wall_time": 1789944072.0035992, "episodes_completed": 33, "mean_episode_reward": 0.35649168130123254, "policy_loss": 0.005949852871708572, "value_loss": 16.44636559486389, "entropy": 1.025156557559967, "approx_kl": 0.013896375137846917, "clip_fraction": 0.180908203125}
{"step": 3457024, "wall_time": 1789944125.186282, "episodes_completed": 31, "mean_episode_reward": 3.8326033699897026, "policy_loss": 0.003346022218465805, "value_loss": 19.843021392822266, "entropy": 1.026168242096901, "approx_kl": 0.010254535591229796, "clip_fraction": 0.1285858154296875}
{"step": 3465216, "wall_time": 1789944178.1903248, "episodes_completed": 28, "mean_episode_reward": 14.515457121389252, "policy_loss": 0.0022923432989045978, "value_loss": 15.669307351112366, "entropy": 1.0271254628896713, "approx_kl": 0.004138989694183692, "clip_fraction": 0.0492095947265625}
{"step": 3473408, "wall_time": 1789944230.9890368, "episodes_completed": 24, "mean_episode_reward": 6.799386254201333, "policy_loss": 0.002996523631736636, "value_loss": 13.6423020362854, "entropy": 1.0273403376340866, "approx_kl": 0.007362252101302147, "clip_fraction": 0.0876312255859375}
{"step": 3481600, "wall_time": 1789944283.6422973, "episodes_completed": 32, "mean_episode_reward": 13.336633488535881, "policy_loss": 0.0017400409560650587, "value_loss": 21.245871543884277, "entropy": 1.0267339050769806, "approx_kl": 0.007221864303573966, "clip_fraction": 0.0695648193359375}
{"step": 3489792, "wall_time": 1789944336.0443566, "episodes_completed": 34, "mean_episode_reward": -4.639416922541225, "policy_loss": 0.00046805664896965027, "value_loss": 10.477928876876831, "entropy": 1.0261429250240326, "approx_kl": 0.007601403282023966, "clip_fraction": 0.0904693603515625}
{"step": 3497984, "wall_time": 1789944388.560486, "episodes_completed": 32, "mean_episode_reward": -2.850958799943328, "policy_loss": 0.0012873988598585129, "value_loss": 14.339025020599365, "entropy": 1.0248072296380997, "approx_kl": 0.008343065739609301, "clip_fraction": 0.1172943115234375}
{"step": 3506176, "wall_time": 1789944440.965117, "episodes_completed": 34, "mean_episode_reward": 3.7718670420786915, "policy_loss": 0.000695421826094389, "value_loss": 14.852457642555237, "entropy": 1.0239557325839996, "approx_kl": 0.007459013868356124, "clip_fraction": 0.085357666015625}
{"step": 3514368, "wall_time": 1789944493.9126801, "episodes_completed": 26, "mean_episode_reward": 23.623795096690838, "policy_loss": 0.0027192188426852226, "value_loss": 12.64767050743103, "entropy": 1.0240328758955002, "approx_kl": 0.013018225668929517, "clip_fraction": 0.14764404296875}
{"step": 3522560, "wall_time": 1789944546.4863293, "episodes_completed": 30, "mean_episode_reward": -1.8845781415700913, "policy_loss": 0.006356702418997884, "value_loss": 13.889690518379211, "entropy": 1.0228313505649567, "approx_kl": 0.013891579583287239, "clip_fraction": 0.1480560302734375}
{"step": 3530752, "wall_time": 1789944598.906236, "episodes_completed": 31, "mean_episode_reward": -6.4963081498299875, "policy_loss": 0.005679548718035221, "value_loss": 20.465880393981934, "entropy": 1.0228249281644821, "approx_kl": 0.014716559904627502, "clip_fraction": 0.17535400390625}
{"step": 3538944, "wall_time": 1789944651.2739282, "episodes_completed": 28, "mean_episode_reward": -11.17875554731914, "policy_loss": 0.003552389534888789, "value_loss": 10.884403109550476, "entropy": 1.0232980847358704, "approx_kl": 0.013828498485963792, "clip_fraction": 0.137115478515625}
{"step": 3547136, "wall_time": 1789944703.9545355, "episodes_completed": 30, "mean_episode_reward": 6.876731281727553, "policy_loss": 0.004711436340585351, "value_loss": 23.26126790046692, "entropy": 1.0242606699466705, "approx_kl": 0.017157056368887424, "clip_fraction": 0.187591552734375}
{"step": 3555328, "wall_time": 1789944756.782535, "episodes_completed": 38, "mean_episode_reward": 3.3461175121759115, "policy_loss": 0.0025628013536334038, "value_loss": 20.683237075805664, "entropy": 1.0256065130233765, "approx_kl": 0.016086597344838083, "clip_fraction": 0.179351806640625}
{"step": 3563520, "wall_time": 1789944809.1811953, "episodes_completed": 29, "mean_episode_reward": 0.630888531947958, "policy_loss": 0.004318278515711427, "value_loss": 13.762757420539856, "entropy": 1.0269109308719635, "approx_kl": 0.015976793540176004, "clip_fraction": 0.132598876953125}
{"step": 3571712, "wall_time": 1789944861.7732124, "episodes_completed": 27, "mean_episode_reward": -0.7857878539297316, "policy_loss": 0.008620961802080274, "value_loss": 15.580042719841003, "entropy": 1.028176173567772, "approx_kl": 0.02127700881101191, "clip_fraction": 0.230316162109375}
{"step": 3579904, "wall_time": 1789944914.2402573, "episodes_completed": 39, "mean_episode_reward": -0.7954065702282466, "policy_loss": 0.0008411654271185398, "value_loss": 18.304226636886597, "entropy": 1.0292826294898987, "approx_kl": 0.009758126747328788, "clip_fraction": 0.1116943359375}
{"step": 3588096, "wall_time": 1789944967.496216, "episodes_completed": 36, "mean_episode_reward": -0.9541750848293304, "policy_loss": 0.0028389659710228443, "value_loss": 18.4623703956604, "entropy": 1.0301731675863266, "approx_kl": 0.011168140365043655, "clip_fraction": 0.10467529296875}
{"step": 3596288, "wall_time": 1789945019.8557608, "episodes_completed": 35, "mean_episode_reward": -2.1345959867749897, "policy_loss": 0.003239339333958924, "value_loss": 23.141793966293335, "entropy": 1.0296336561441422, "approx_kl": 0.011087793856859207, "clip_fraction": 0.1074981689453125}
{"step": 3604480, "wall_time": 1789945072.762051, "episodes_completed": 24, "mean_episode_reward": 9.061043575406075, "policy_loss": 0.002475877641700208, "value_loss": 12.53268814086914, "entropy": 1.0297296792268753, "approx_kl": 0.023964698426425457, "clip_fraction": 0.20489501953125}
{"step": 3612672, "wall_time": 1789945125.454325, "episodes_completed": 31, "mean_episode_reward": -8.961761547673133, "policy_loss": -0.00027742120437324047, "value_loss": 13.862419724464417, "entropy": 1.0302474349737167, "approx_kl": 0.0092195940669626, "clip_fraction": 0.110504150390625}
{"step": 3620864, "wall_time": 1789945177.9823136, "episodes_completed": 31, "mean_episode_reward": -8.49612619175065, "policy_loss": 0.002866762923076749, "value_loss": 13.129387617111206, "entropy": 1.0299735069274902, "approx_kl": 0.010039216082077473, "clip_fraction": 0.10858154296875}
{"step": 3629056, "wall_time": 1789945230.0417845, "episodes_completed": 31, "mean_episode_reward": 10.575612241702695, "policy_loss": 0.005913926288485527, "value_loss": 18.440462827682495, "entropy": 1.030399039387703, "approx_kl": 0.015723513322882354, "clip_fraction": 0.1459503173828125}
{"step": 3637248, "wall_time": 1789945282.6128592, "episodes_completed": 32, "mean_episode_reward": -1.8886492918245494, "policy_loss": 0.001244930550456047, "value_loss": 17.203968048095703, "entropy": 1.0312471091747284, "approx_kl": 0.010521692805923522, "clip_fraction": 0.146881103515625}
{"step": 3645440, "wall_time": 1789945334.4829254, "episodes_completed": 35, "mean_episode_reward": -2.972900344644274, "policy_loss": 0.0012206770479679108, "value_loss": 22.651562690734863, "entropy": 1.0327229052782059, "approx_kl": 0.008807276841253042, "clip_fraction": 0.0986328125}
{"step": 3653632, "wall_time": 1789945387.5365465, "episodes_completed": 29, "mean_episode_reward": -9.922504618250091, "policy_loss": 0.0007887415704317391, "value_loss": 14.55970013141632, "entropy": 1.0338300913572311, "approx_kl": 0.012287219848076347, "clip_fraction": 0.1441650390625}
{"step": 3661824, "wall_time": 1789945439.793145, "episodes_completed": 37, "mean_episode_reward": -7.723724980612059, "policy_loss": -0.001555230817757547, "value_loss": 19.06963062286377, "entropy": 1.034345656633377, "approx_kl": 0.008834962602122687, "clip_fraction": 0.0960693359375}
{"step": 3670016, "wall_time": 1789945492.8017285, "episodes_completed": 38, "mean_episode_reward": -7.799583195855743, "policy_loss": 0.005899768584640697, "value_loss": 18.14601421356201, "entropy": 1.0350830405950546, "approx_kl": 0.013956742768641561, "clip_fraction": 0.1639251708984375}
{"step": 3678208, "wall_time": 1789945545.0929155, "episodes_completed": 29, "mean_episode_reward": -6.773592439191095, "policy_loss": 0.005997808882966638, "value_loss": 17.958871364593506, "entropy": 1.0355637073516846, "approx_kl": 0.02046325523406267, "clip_fraction": 0.2256927490234375}
{"step": 3686400, "wall_time": 1789945597.615562, "episodes_completed": 36, "mean_episode_reward": -3.292290408992105, "policy_loss": 0.0010615324135869741, "value_loss": 18.961071729660034, "entropy": 1.0363951623439789, "approx_kl": 0.010633969737682492, "clip_fraction": 0.1360931396484375}
{"step": 3694592, "wall_time": 1789945650.333975, "episodes_completed": 40, "mean_episode_reward": -9.491481276229024, "policy_loss": 0.004554165061563253, "value_loss": 18.37585711479187, "entropy": 1.0373776704072952, "approx_kl": 0.014877466950565577, "clip_fraction": 0.1631622314453125}
{"step": 3702784, "wall_time": 1789945702.7973213, "episodes_completed": 41, "mean_episode_reward": -10.65738975710985, "policy_loss": 0.0016235467046499252, "value_loss": 23.708660364151, "entropy": 1.0378977209329605, "approx_kl": 0.012139217695221305, "clip_fraction": 0.128875732421875}
{"step": 3710976, "wall_time": 1789945755.0754967, "episodes_completed": 39, "mean_episode_reward": -1.8946223778602405, "policy_loss": 0.006006029725540429, "value_loss": 19.104180335998535, "entropy": 1.0383873879909515, "approx_kl": 0.013358773780055344, "clip_fraction": 0.11883544921875}
{"step": 3719168, "wall_time": 1789945807.6991408, "episodes_completed": 30, "mean_episode_reward": 3.2867444564898807, "policy_loss": 0.0013383845798671246, "value_loss": 14.954824924468994, "entropy": 1.0394319891929626, "approx_kl": 0.010621508292388171, "clip_fraction": 0.1174163818359375}
{"step": 3727360, "wall_time": 1789945860.7206771, "episodes_completed": 28, "mean_episode_reward": 4.81431035058839, "policy_loss": 0.004143436439335346, "value_loss": 17.302928686141968, "entropy": 1.0404883325099945, "approx_kl": 0.013485493225743994, "clip_fraction": 0.154510498046875}
{"step": 3735552, "wall_time": 1789945914.134533, "episodes_completed": 25, "mean_episode_reward": -7.298104238510132, "policy_loss": 0.0020962469279766083, "value_loss": 13.001637935638428, "entropy": 1.0412259101867676, "approx_kl": 0.011717459303326905, "clip_fraction": 0.1198577880859375}
{"step": 3743744, "wall_time": 1789945966.1863844, "episodes_completed": 37, "mean_episode_reward": -10.949367616023567, "policy_loss": 0.005257772980257869, "value_loss": 15.907349467277527, "entropy": 1.0430269539356232, "approx_kl": 0.00770513154566288, "clip_fraction": 0.0900115966796875}
{"step": 3751936, "wall_time": 1789946018.7053177, "episodes_completed": 37, "mean_episode_reward": 1.1392026245594025, "policy_loss": 0.0036111125955358148, "value_loss": 22.443098068237305, "entropy": 1.0438740253448486, "approx_kl": 0.013042391918133944, "clip_fraction": 0.139373779296875}
{"step": 3760128, "wall_time": 1789946071.425239, "episodes_completed": 35, "mean_episode_reward": -4.5877413072756354, "policy_loss": 0.0028171461308375, "value_loss": 23.859581470489502, "entropy": 1.0445390492677689, "approx_kl": 0.01216501381713897, "clip_fraction": 0.0986175537109375}
{"step": 3768320, "wall_time": 1789946124.0921695, "episodes_completed": 31, "mean_episode_reward": 2.101369514580696, "policy_loss": 0.0021197921596467495, "value_loss": 16.74786376953125, "entropy": 1.0451056957244873, "approx_kl": 0.010730565059930086, "clip_fraction": 0.122283935546875}
{"step": 3776512, "wall_time": 1789946177.1438603, "episodes_completed": 37, "mean_episode_reward": -5.560627789110751, "policy_loss": 0.0007892043795436621, "value_loss": 19.957348585128784, "entropy": 1.045080542564392, "approx_kl": 0.01141890767030418, "clip_fraction": 0.1346282958984375}
{"step": 3784704, "wall_time": 1789946229.6444519, "episodes_completed": 29, "mean_episode_reward": 2.9331118485023238, "policy_loss": 0.0023811408318579197, "value_loss": 23.87113857269287, "entropy": 1.0445925295352936, "approx_kl": 0.010603203962091357, "clip_fraction": 0.115570068359375}
{"step": 3792896, "wall_time": 1789946282.202403, "episodes_completed": 29, "mean_episode_reward": 5.594615142920921, "policy_loss": 0.0038847425021231174, "value_loss": 18.02083444595337, "entropy": 1.0442277640104294, "approx_kl": 0.010081294312840328, "clip_fraction": 0.1163330078125}
{"step": 3801088, "wall_time": 1789946334.2737637, "episodes_completed": 29, "mean_episode_reward": 4.543322106887555, "policy_loss": 0.004208028083667159, "value_loss": 16.390164375305176, "entropy": 1.043982669711113, "approx_kl": 0.013991250307299197, "clip_fraction": 0.1387939453125}
{"step": 3809280, "wall_time": 1789946386.9690247, "episodes_completed": 30, "mean_episode_reward": 4.640176365772883, "policy_loss": 0.007421468733809888, "value_loss": 16.663103818893433, "entropy": 1.0450808256864548, "approx_kl": 0.020376112428493798, "clip_fraction": 0.1817169189453125}
{"step": 3817472, "wall_time": 1789946439.5901525, "episodes_completed": 27, "mean_episode_reward": -0.6811649004618326, "policy_loss": 0.00024843448773026466, "value_loss": 17.769593000411987, "entropy": 1.046426683664322, "approx_kl": 0.009109640086535364, "clip_fraction": 0.0955657958984375}
{"step": 3825664, "wall_time": 1789946492.0002842, "episodes_completed": 33, "mean_episode_reward": -2.5843046908125733, "policy_loss": 0.001631846884265542, "value_loss": 18.408286094665527, "entropy": 1.0477393120527267, "approx_kl": 0.011712965846527368, "clip_fraction": 0.0932769775390625}
{"step": 3833856, "wall_time": 1789946544.7379134, "episodes_completed": 28, "mean_episode_reward": 0.9778706899711064, "policy_loss": 0.005247744498774409, "value_loss": 21.190716981887817, "entropy": 1.0486284047365189, "approx_kl": 0.013192381244152784, "clip_fraction": 0.1541900634765625}
{"step": 3842048, "wall_time": 1789946597.1790907, "episodes_completed": 41, "mean_episode_reward": -2.5152367804108597, "policy_loss": 0.0015392675995826721, "value_loss": 22.716378211975098, "entropy": 1.0493390262126923, "approx_kl": 0.008739079581573606, "clip_fraction": 0.1073455810546875}
{"step": 3850240, "wall_time": 1789946648.9794683, "episodes_completed": 32, "mean_episode_reward": -6.376269489526749, "policy_loss": 0.002217987785115838, "value_loss": 15.67010247707367, "entropy": 1.0506723523139954, "approx_kl": 0.011003670806530863, "clip_fraction": 0.1230316162109375}
{"step": 3858432, "wall_time": 1789946701.3216362, "episodes_completed": 34, "mean_episode_reward": 10.869255742605995, "policy_loss": 0.0022379376168828458, "value_loss": 22.204415321350098, "entropy": 1.0515428632497787, "approx_kl": 0.011010689428076148, "clip_fraction": 0.1535797119140625}
{"step": 3866624, "wall_time": 1789946754.4457371, "episodes_completed": 33, "mean_episode_reward": 4.793804554776712, "policy_loss": 0.0009670136496424675, "value_loss": 19.82937979698181, "entropy": 1.0524772107601166, "approx_kl": 0.0077046657097525895, "clip_fraction": 0.093841552734375}
{"step": 3874816, "wall_time": 1789946806.500109, "episodes_completed": 28, "mean_episode_reward": 13.651217592614037, "policy_loss": 0.0016863427590578794, "value_loss": 21.133613348007202, "entropy": 1.054304912686348, "approx_kl": 0.009592839982360601, "clip_fraction": 0.109771728515625}
{"step": 3883008, "wall_time": 1789946858.8434258, "episodes_completed": 45, "mean_episode_reward": 3.3693526691860622, "policy_loss": -0.001852001529186964, "value_loss": 23.463712453842163, "entropy": 1.0558152347803116, "approx_kl": 0.008346127142431214, "clip_fraction": 0.08489990234375}
{"step": 3891200, "wall_time": 1789946911.5226595, "episodes_completed": 26, "mean_episode_reward": 12.611840559886051, "policy_loss": 0.0005925928708165884, "value_loss": 15.049783706665039, "entropy": 1.056489273905754, "approx_kl": 0.011244888504734263, "clip_fraction": 0.1190948486328125}
{"step": 3899392, "wall_time": 1789946963.5292351, "episodes_completed": 26, "mean_episode_reward": 3.7148415606755476, "policy_loss": 0.003275441355071962, "value_loss": 13.589101552963257, "entropy": 1.056744009256363, "approx_kl": 0.006888452393468469, "clip_fraction": 0.0758056640625}
{"step": 3907584, "wall_time": 1789947016.4299085, "episodes_completed": 33, "mean_episode_reward": 7.73955432212714, "policy_loss": 0.00029897200874984264, "value_loss": 19.330976247787476, "entropy": 1.0574186444282532, "approx_kl": 0.009111337480135262, "clip_fraction": 0.1087493896484375}
{"step": 3915776, "wall_time": 1789947069.1376073, "episodes_completed": 32, "mean_episode_reward": 14.425210235640407, "policy_loss": 0.0033823699923232198, "value_loss": 17.719088077545166, "entropy": 1.0582192987203598, "approx_kl": 0.015223244787193835, "clip_fraction": 0.18212890625}
{"step": 3923968, "wall_time": 1789947122.4878716, "episodes_completed": 27, "mean_episode_reward": 9.748713751633963, "policy_loss": 0.001943622948601842, "value_loss": 10.77969491481781, "entropy": 1.0592115819454193, "approx_kl": 0.00955874752253294, "clip_fraction": 0.13543701171875}
{"step": 3932160, "wall_time": 1789947175.3193202, "episodes_completed": 33, "mean_episode_reward": 4.638887799655397, "policy_loss": 0.001779509475454688, "value_loss": 15.24056327342987, "entropy": 1.0592450350522995, "approx_kl": 0.011005164589732885, "clip_fraction": 0.1383819580078125}
{"step": 3940352, "wall_time": 1789947227.8154886, "episodes_completed": 26, "mean_episode_reward": 14.209408264893751, "policy_loss": -0.0004809172824025154, "value_loss": 14.942993879318237, "entropy": 1.0592915266752243, "approx_kl": 0.009871308284346014, "clip_fraction": 0.11419677734375}
{"step": 3948544, "wall_time": 1789947280.4490206, "episodes_completed": 29, "mean_episode_reward": 8.941439769391355, "policy_loss": 0.003523862862493843, "value_loss": 14.309980630874634, "entropy": 1.0598587840795517, "approx_kl": 0.008398948237299919, "clip_fraction": 0.116546630859375}
{"step": 3956736, "wall_time": 1789947332.8704343, "episodes_completed": 28, "mean_episode_reward": 4.076566244874682, "policy_loss": 0.007669413927942514, "value_loss": 14.651902198791504, "entropy": 1.0607029050588608, "approx_kl": 0.020709969801828265, "clip_fraction": 0.1851654052734375}
{"step": 3964928, "wall_time": 1789947385.5976572, "episodes_completed": 28, "mean_episode_reward": 6.190051042607853, "policy_loss": 0.0014324472285807133, "value_loss": 13.345441818237305, "entropy": 1.0614470094442368, "approx_kl": 0.007188235525973141, "clip_fraction": 0.088409423828125}
{"step": 3973120, "wall_time": 1789947438.3777742, "episodes_completed": 24, "mean_episode_reward": -3.4379270722468696, "policy_loss": 0.0022199086379259825, "value_loss": 13.115320801734924, "entropy": 1.062064215540886, "approx_kl": 0.008460379700409248, "clip_fraction": 0.1126251220703125}
{"step": 3981312, "wall_time": 1789947490.8456113, "episodes_completed": 29, "mean_episode_reward": 5.49040532908563, "policy_loss": 0.012128366623073816, "value_loss": 18.172977924346924, "entropy": 1.0634367913007736, "approx_kl": 0.02234807121567428, "clip_fraction": 0.2529449462890625}
{"step": 3989504, "wall_time": 1789947543.097374, "episodes_completed": 29, "mean_episode_reward": 39.542391937354516, "policy_loss": 0.006645272835157812, "value_loss": 16.863195657730103, "entropy": 1.065421387553215, "approx_kl": 0.015094084432348609, "clip_fraction": 0.1634979248046875}
{"step": 3997696, "wall_time": 1789947595.0961716, "episodes_completed": 29, "mean_episode_reward": 8.669028841215988, "policy_loss": 0.005429198150523007, "value_loss": 20.98954486846924, "entropy": 1.067047119140625, "approx_kl": 0.01753984100650996, "clip_fraction": 0.1679840087890625}
{"step": 4005888, "wall_time": 1789947647.5872295, "episodes_completed": 37, "mean_episode_reward": 19.519838600545317, "policy_loss": 0.0030974424444139004, "value_loss": 23.854685306549072, "entropy": 1.0674860626459122, "approx_kl": 0.009110742015764117, "clip_fraction": 0.101409912109375}
{"step": 4014080, "wall_time": 1789947700.2394238, "episodes_completed": 30, "mean_episode_reward": 27.873901295661927, "policy_loss": 0.001473084557801485, "value_loss": 18.85105562210083, "entropy": 1.0680555701255798, "approx_kl": 0.004700098390458152, "clip_fraction": 0.0449676513671875}
{"step": 4022272, "wall_time": 1789947753.4649448, "episodes_completed": 22, "mean_episode_reward": -2.337432511150837, "policy_loss": -0.00035696360282599926, "value_loss": 9.490924954414368, "entropy": 1.0678530484437943, "approx_kl": 0.007264700274390634, "clip_fraction": 0.0856170654296875}
{"step": 4030464, "wall_time": 1789947806.5222273, "episodes_completed": 29, "mean_episode_reward": 10.525437589863252, "policy_loss": 0.004911263706162572, "value_loss": 13.878724336624146, "entropy": 1.0659698098897934, "approx_kl": 0.01675626018550247, "clip_fraction": 0.186859130859375}
{"step": 4038656, "wall_time": 1789947859.422695, "episodes_completed": 30, "mean_episode_reward": 11.18126302063465, "policy_loss": 0.001099511282518506, "value_loss": 16.39473557472229, "entropy": 1.0645006150007248, "approx_kl": 0.008541015296941623, "clip_fraction": 0.07598876953125}
{"step": 4046848, "wall_time": 1789947912.6025386, "episodes_completed": 30, "mean_episode_reward": 6.814939187218745, "policy_loss": 0.00817648763768375, "value_loss": 22.145235776901245, "entropy": 1.06444251537323, "approx_kl": 0.018196155200712383, "clip_fraction": 0.212890625}
{"step": 4055040, "wall_time": 1789947965.297218, "episodes_completed": 28, "mean_episode_reward": 14.535702487719911, "policy_loss": 0.0030169778037816286, "value_loss": 19.75688147544861, "entropy": 1.0649952590465546, "approx_kl": 0.012351824552752078, "clip_fraction": 0.1298065185546875}
{"step": 4063232, "wall_time": 1789948018.0041518, "episodes_completed": 38, "mean_episode_reward": 12.128011814857784, "policy_loss": 0.001243849634192884, "value_loss": 23.290189743041992, "entropy": 1.0658250600099564, "approx_kl": 0.0065525648824404925, "clip_fraction": 0.067138671875}
{"step": 4071424, "wall_time": 1789948071.016518, "episodes_completed": 30, "mean_episode_reward": 14.230864031985401, "policy_loss": 0.00047785346396267414, "value_loss": 16.12326145172119, "entropy": 1.066297397017479, "approx_kl": 0.014308080804767087, "clip_fraction": 0.1463165283203125}
{"step": 4079616, "wall_time": 1789948123.1706164, "episodes_completed": 34, "mean_episode_reward": 6.907149612903595, "policy_loss": 0.0017374821472913027, "value_loss": 13.627973079681396, "entropy": 1.0660772323608398, "approx_kl": 0.013928484579082578, "clip_fraction": 0.1177825927734375}
{"step": 4087808, "wall_time": 1789948175.855589, "episodes_completed": 27, "mean_episode_reward": 13.297018554475573, "policy_loss": 0.004646942252293229, "value_loss": 16.239827394485474, "entropy": 1.0681580603122711, "approx_kl": 0.01044292887672782, "clip_fraction": 0.1226806640625}
{"step": 4096000, "wall_time": 1789948228.1230843, "episodes_completed": 32, "mean_episode_reward": 12.089009725488722, "policy_loss": 0.002171273692511022, "value_loss": 23.042274951934814, "entropy": 1.0707728266716003, "approx_kl": 0.00981942139333114, "clip_fraction": 0.1043853759765625}
{"step": 4104192, "wall_time": 1789948280.2540858, "episodes_completed": 27, "mean_episode_reward": 14.748835069161874, "policy_loss": 0.009393512271344662, "value_loss": 21.521109104156494, "entropy": 1.0724243372678757, "approx_kl": 0.020090609090402722, "clip_fraction": 0.22161865234375}
{"step": 4112384, "wall_time": 1789948333.3631241, "episodes_completed": 31, "mean_episode_reward": 17.688211294912524, "policy_loss": 0.003282858873717487, "value_loss": 17.37172532081604, "entropy": 1.0727344155311584, "approx_kl": 0.006097968609537929, "clip_fraction": 0.0644683837890625}
{"step": 4120576, "wall_time": 1789948385.5547907, "episodes_completed": 26, "mean_episode_reward": 17.454664554733498, "policy_loss": 0.005069235572591424, "value_loss": 17.95599865913391, "entropy": 1.0715756714344025, "approx_kl": 0.014026382588781416, "clip_fraction": 0.1669921875}
{"step": 4128768, "wall_time": 1789948438.2677903, "episodes_completed": 35, "mean_episode_reward": 10.31774046250752, "policy_loss": 0.009976716712117195, "value_loss": 21.645637035369873, "entropy": 1.0712577104568481, "approx_kl": 0.017524413124192506, "clip_fraction": 0.1986083984375}
{"step": 4136960, "wall_time": 1789948491.231005, "episodes_completed": 18, "mean_episode_reward": 12.792539662785, "policy_loss": 0.01774445315822959, "value_loss": 10.355051636695862, "entropy": 1.071281060576439, "approx_kl": 0.0452914466150105, "clip_fraction": 0.370208740234375}
{"step": 4145152, "wall_time": 1789948543.9233482, "episodes_completed": 26, "mean_episode_reward": -1.305633660692435, "policy_loss": 0.005780969513580203, "value_loss": 11.718067169189453, "entropy": 1.0740031749010086, "approx_kl": 0.018266243394464254, "clip_fraction": 0.216827392578125}
{"step": 4153344, "wall_time": 1789948597.0029194, "episodes_completed": 28, "mean_episode_reward": 3.91294630457248, "policy_loss": 0.007303531048819423, "value_loss": 17.28826665878296, "entropy": 1.0753118693828583, "approx_kl": 0.018372650258243084, "clip_fraction": 0.194976806640625}
{"step": 4161536, "wall_time": 1789948650.1266155, "episodes_completed": 25, "mean_episode_reward": -3.0528535270690917, "policy_loss": 0.004405115032568574, "value_loss": 16.47508406639099, "entropy": 1.0763733983039856, "approx_kl": 0.01388788118492812, "clip_fraction": 0.1481781005859375}
{"step": 4169728, "wall_time": 1789948702.970756, "episodes_completed": 26, "mean_episode_reward": 14.685399470420984, "policy_loss": 0.009458776097744703, "value_loss": 19.581515789031982, "entropy": 1.0774215906858444, "approx_kl": 0.025850365636870265, "clip_fraction": 0.2553558349609375}
{"step": 4177920, "wall_time": 1789948755.7563968, "episodes_completed": 31, "mean_episode_reward": 0.3064857807851607, "policy_loss": 0.005453356076031923, "value_loss": 15.7189621925354, "entropy": 1.0791980624198914, "approx_kl": 0.016548047307878733, "clip_fraction": 0.1537933349609375}
{"step": 4186112, "wall_time": 1789948808.3731112, "episodes_completed": 26, "mean_episode_reward": 3.869885864166113, "policy_loss": 0.006477976916357875, "value_loss": 16.575109481811523, "entropy": 1.0807841569185257, "approx_kl": 0.016719174454919994, "clip_fraction": 0.1741790771484375}
{"step": 4194304, "wall_time": 1789948861.2953122, "episodes_completed": 24, "mean_episode_reward": 17.844537655512493, "policy_loss": 0.005047936108894646, "value_loss": 11.562691807746887, "entropy": 1.0835947692394257, "approx_kl": 0.015381574397906661, "clip_fraction": 0.1785888671875}
{"step": 4202496, "wall_time": 1789948914.1638954, "episodes_completed": 26, "mean_episode_reward": 2.821796978322359, "policy_loss": 0.00867368746548891, "value_loss": 12.04136037826538, "entropy": 1.085507869720459, "approx_kl": 0.016189391375519335, "clip_fraction": 0.1286163330078125}
{"step": 4210688, "wall_time": 1789948966.8374724, "episodes_completed": 40, "mean_episode_reward": 18.506578624621035, "policy_loss": 0.0090380331967026, "value_loss": 24.896281719207764, "entropy": 1.0874158591032028, "approx_kl": 0.013044324819929898, "clip_fraction": 0.17523193359375}
{"step": 4218880, "wall_time": 1789949018.9379413, "episodes_completed": 29, "mean_episode_reward": 21.64523361469137, "policy_loss": 0.005382647970691323, "value_loss": 19.75109314918518, "entropy": 1.0884042084217072, "approx_kl": 0.012452906928956509, "clip_fraction": 0.1395263671875}
{"step": 4227072, "wall_time": 1789949071.8934646, "episodes_completed": 28, "mean_episode_reward": 25.73888651388032, "policy_loss": 0.015438377624377608, "value_loss": 18.160051822662354, "entropy": 1.089310646057129, "approx_kl": 0.020842126570641994, "clip_fraction": 0.1933135986328125}
{"step": 4235264, "wall_time": 1789949124.364695, "episodes_completed": 33, "mean_episode_reward": 12.837024354573453, "policy_loss": 0.006496991962194443, "value_loss": 22.451273679733276, "entropy": 1.0909828692674637, "approx_kl": 0.01269535388564691, "clip_fraction": 0.1369171142578125}
{"step": 4243456, "wall_time": 1789949177.1608214, "episodes_completed": 25, "mean_episode_reward": 21.968858556747435, "policy_loss": 0.006433593342080712, "value_loss": 19.592695474624634, "entropy": 1.0926568806171417, "approx_kl": 0.021940856706351042, "clip_fraction": 0.2095489501953125}
{"step": 4251648, "wall_time": 1789949229.1311953, "episodes_completed": 30, "mean_episode_reward": 14.26097793976466, "policy_loss": 0.00864790054038167, "value_loss": 16.78981876373291, "entropy": 1.0948513448238373, "approx_kl": 0.017909996677190065, "clip_fraction": 0.2258453369140625}
{"step": 4259840, "wall_time": 1789949281.8761542, "episodes_completed": 30, "mean_episode_reward": 8.948076365391413, "policy_loss": 0.0033398293890058994, "value_loss": 15.782940030097961, "entropy": 1.0960074067115784, "approx_kl": 0.016923282528296113, "clip_fraction": 0.200408935546875}
{"step": 4268032, "wall_time": 1789949335.054264, "episodes_completed": 27, "mean_episode_reward": 2.22797588231387, "policy_loss": 0.002071336144581437, "value_loss": 10.839065313339233, "entropy": 1.0955780148506165, "approx_kl": 0.011880851932801306, "clip_fraction": 0.123809814453125}
{"step": 4276224, "wall_time": 1789949387.6730042, "episodes_completed": 34, "mean_episode_reward": 7.744899490300347, "policy_loss": 0.022696556989103556, "value_loss": 23.526137828826904, "entropy": 1.0967412292957306, "approx_kl": 0.05677413265220821, "clip_fraction": 0.4040985107421875}
{"step": 4284416, "wall_time": 1789949440.6237497, "episodes_completed": 27, "mean_episode_reward": 14.243554044652868, "policy_loss": 0.007216231431812048, "value_loss": 16.422531485557556, "entropy": 1.0989391654729843, "approx_kl": 0.019099624827504158, "clip_fraction": 0.1640777587890625}
{"step": 4292608, "wall_time": 1789949493.3811707, "episodes_completed": 28, "mean_episode_reward": 8.31616343983582, "policy_loss": 0.0017736701993271708, "value_loss": 14.029517889022827, "entropy": 1.1014752238988876, "approx_kl": 0.015257824881700799, "clip_fraction": 0.1437530517578125}
{"step": 4300800, "wall_time": 1789949546.1362047, "episodes_completed": 25, "mean_episode_reward": 14.977210450172425, "policy_loss": 0.0073702278605196625, "value_loss": 12.004986882209778, "entropy": 1.1064879596233368, "approx_kl": 0.02193867228925228, "clip_fraction": 0.2474517822265625}
{"step": 4308992, "wall_time": 1789949599.0059056, "episodes_completed": 37, "mean_episode_reward": 0.6756649367712639, "policy_loss": 0.010016621090471745, "value_loss": 22.33576488494873, "entropy": 1.1100777983665466, "approx_kl": 0.01872001844458282, "clip_fraction": 0.208831787109375}
{"step": 4317184, "wall_time": 1789949651.780083, "episodes_completed": 37, "mean_episode_reward": 21.67950048962155, "policy_loss": 0.01817567367106676, "value_loss": 19.883201599121094, "entropy": 1.112519010901451, "approx_kl": 0.043517814483493567, "clip_fraction": 0.365264892578125}
{"step": 4325376, "wall_time": 1789949705.1843715, "episodes_completed": 31, "mean_episode_reward": 8.187240078564614, "policy_loss": 0.004606919828802347, "value_loss": 21.575675010681152, "entropy": 1.1136842370033264, "approx_kl": 0.020540168043226004, "clip_fraction": 0.2002716064453125}
{"step": 4333568, "wall_time": 1789949757.5215633, "episodes_completed": 33, "mean_episode_reward": 7.7278200532450825, "policy_loss": 0.006240661256015301, "value_loss": 19.41057252883911, "entropy": 1.1132761090993881, "approx_kl": 0.016163120395503938, "clip_fraction": 0.158538818359375}
{"step": 4341760, "wall_time": 1789949810.2240126, "episodes_completed": 31, "mean_episode_reward": 14.848461312632407, "policy_loss": 0.003727665520273149, "value_loss": 22.280242681503296, "entropy": 1.1137722879648209, "approx_kl": 0.010360850079450756, "clip_fraction": 0.0836029052734375}
{"step": 4349952, "wall_time": 1789949863.1271834, "episodes_completed": 28, "mean_episode_reward": 23.23359790444374, "policy_loss": 0.0024276666808873415, "value_loss": 12.309290409088135, "entropy": 1.1149386167526245, "approx_kl": 0.012412996009516064, "clip_fraction": 0.1631927490234375}
{"step": 4358144, "wall_time": 1789949915.8582742, "episodes_completed": 31, "mean_episode_reward": 7.628438172801848, "policy_loss": 0.0029039341025054455, "value_loss": 17.635494709014893, "entropy": 1.114870622754097, "approx_kl": 0.011091471242252737, "clip_fraction": 0.0979461669921875}
{"step": 4366336, "wall_time": 1789949967.9997456, "episodes_completed": 30, "mean_episode_reward": 29.163776451100905, "policy_loss": 0.0007727807387709618, "value_loss": 21.215372562408447, "entropy": 1.1154129058122635, "approx_kl": 0.003645127115305513, "clip_fraction": 0.06329345703125}
{"step": 4374528, "wall_time": 1789950020.4563532, "episodes_completed": 33, "mean_episode_reward": 21.58433875170621, "policy_loss": 0.0019819268491119146, "value_loss": 18.55595827102661, "entropy": 1.1153341084718704, "approx_kl": 0.0068083557998761535, "clip_fraction": 0.0845489501953125}
{"step": 4382720, "wall_time": 1789950073.1283975, "episodes_completed": 23, "mean_episode_reward": 14.39141713730667, "policy_loss": 0.0006095314165577292, "value_loss": 15.478501200675964, "entropy": 1.1142399609088898, "approx_kl": 0.008352080039912835, "clip_fraction": 0.0901031494140625}
{"step": 4390912, "wall_time": 1789950124.6177142, "episodes_completed": 31, "mean_episode_reward": 17.153532966010033, "policy_loss": 0.006930410396307707, "value_loss": 16.83031129837036, "entropy": 1.113988921046257, "approx_kl": 0.01927074446575716, "clip_fraction": 0.1996002197265625}
{"step": 4399104, "wall_time": 1789950176.6744866, "episodes_completed": 27, "mean_episode_reward": 28.763844264050324, "policy_loss": 0.0044242013245821, "value_loss": 19.433835983276367, "entropy": 1.1147350668907166, "approx_kl": 0.016317397821694613, "clip_fraction": 0.16259765625}
{"step": 4407296, "wall_time": 1789950229.9080749, "episodes_completed": 30, "mean_episode_reward": 8.92622067828973, "policy_loss": 0.006222545285709202, "value_loss": 22.479552268981934, "entropy": 1.1159502416849136, "approx_kl": 0.01727983565069735, "clip_fraction": 0.1653289794921875}
{"step": 4415488, "wall_time": 1789950283.2676542, "episodes_completed": 31, "mean_episode_reward": 14.260735996307865, "policy_loss": 0.0064679563511163, "value_loss": 20.318300247192383, "entropy": 1.1173784732818604, "approx_kl": 0.019061866216361523, "clip_fraction": 0.1574859619140625}
{"step": 4423680, "wall_time": 1789950335.9736748, "episodes_completed": 32, "mean_episode_reward": 15.944384928792715, "policy_loss": 0.0026308843516744673, "value_loss": 12.160397410392761, "entropy": 1.1182465255260468, "approx_kl": 0.009317517513409257, "clip_fraction": 0.12884521484375}
{"step": 4431872, "wall_time": 1789950389.219951, "episodes_completed": 30, "mean_episode_reward": 21.273063250631093, "policy_loss": 0.009893534472212195, "value_loss": 21.18759775161743, "entropy": 1.11916883289814, "approx_kl": 0.01719059096649289, "clip_fraction": 0.1628570556640625}
{"step": 4440064, "wall_time": 1789950441.9229608, "episodes_completed": 32, "mean_episode_reward": 17.06794999539852, "policy_loss": 0.003196948440745473, "value_loss": 15.022331476211548, "entropy": 1.1198913753032684, "approx_kl": 0.01715623529162258, "clip_fraction": 0.14947509765625}
{"step": 4448256, "wall_time": 1789950494.7379704, "episodes_completed": 33, "mean_episode_reward": 11.298385150504835, "policy_loss": 0.0010658660903573036, "value_loss": 20.768424034118652, "entropy": 1.1212809383869171, "approx_kl": 0.009520716470433399, "clip_fraction": 0.0931549072265625}
{"step": 4456448, "wall_time": 1789950547.5564213, "episodes_completed": 32, "mean_episode_reward": 16.899959713220596, "policy_loss": 0.00509355467511341, "value_loss": 14.441624879837036, "entropy": 1.1228012442588806, "approx_kl": 0.009579346515238285, "clip_fraction": 0.13555908203125}
{"step": 4464640, "wall_time": 1789950600.1518946, "episodes_completed": 30, "mean_episode_reward": 13.152157175540925, "policy_loss": 0.005307218991219997, "value_loss": 10.970938324928284, "entropy": 1.1237772405147552, "approx_kl": 0.01095653953962028, "clip_fraction": 0.1375579833984375}
{"step": 4472832, "wall_time": 1789950653.262074, "episodes_completed": 30, "mean_episode_reward": 6.178958761692047, "policy_loss": 0.00594323081895709, "value_loss": 16.186816811561584, "entropy": 1.1244482845067978, "approx_kl": 0.013055951800197363, "clip_fraction": 0.1620635986328125}
{"step": 4481024, "wall_time": 1789950706.407339, "episodes_completed": 29, "mean_episode_reward": 16.390729004709886, "policy_loss": -0.0011091071646660566, "value_loss": 9.973233938217163, "entropy": 1.1247885674238205, "approx_kl": 0.008485478698275983, "clip_fraction": 0.101531982421875}
{"step": 4489216, "wall_time": 1789950759.234598, "episodes_completed": 34, "mean_episode_reward": 6.001425904386184, "policy_loss": 0.004265381256118417, "value_loss": 21.886614322662354, "entropy": 1.1242361068725586, "approx_kl": 0.012326818541623652, "clip_fraction": 0.1193389892578125}
{"step": 4497408, "wall_time": 1789950812.0647728, "episodes_completed": 21, "mean_episode_reward": 23.499273183799925, "policy_loss": 0.0017149563645944, "value_loss": 9.980554819107056, "entropy": 1.1250342577695847, "approx_kl": 0.010014554369263351, "clip_fraction": 0.1107330322265625}
{"step": 4505600, "wall_time": 1789950865.3672144, "episodes_completed": 24, "mean_episode_reward": 12.157898113752404, "policy_loss": -0.0007226478774100542, "value_loss": 16.51956582069397, "entropy": 1.1255791187286377, "approx_kl": 0.00977328620501794, "clip_fraction": 0.092315673828125}
{"step": 4513792, "wall_time": 1789950918.027026, "episodes_completed": 22, "mean_episode_reward": 22.375973040407356, "policy_loss": 0.002513779094442725, "value_loss": 18.784396171569824, "entropy": 1.1259746104478836, "approx_kl": 0.009022054757224396, "clip_fraction": 0.096405029296875}
{"step": 4521984, "wall_time": 1789950970.7415109, "episodes_completed": 27, "mean_episode_reward": 22.47290207280053, "policy_loss": 0.0033500310964882374, "value_loss": 17.9104323387146, "entropy": 1.1274842768907547, "approx_kl": 0.011184650007635355, "clip_fraction": 0.13043212890625}
{"step": 4530176, "wall_time": 1789951023.8699293, "episodes_completed": 23, "mean_episode_reward": 7.335712443551292, "policy_loss": 0.003969328012317419, "value_loss": 10.396008253097534, "entropy": 1.1286531686782837, "approx_kl": 0.013079822238069028, "clip_fraction": 0.1258087158203125}
{"step": 4538368, "wall_time": 1789951076.5160475, "episodes_completed": 32, "mean_episode_reward": 13.961017936468124, "policy_loss": 0.0026319788303226233, "value_loss": 14.521352529525757, "entropy": 1.1301907896995544, "approx_kl": 0.01042622813838534, "clip_fraction": 0.13226318359375}
{"step": 4546560, "wall_time": 1789951129.259267, "episodes_completed": 29, "mean_episode_reward": 3.7458777509886643, "policy_loss": 0.014743006555363536, "value_loss": 17.67079186439514, "entropy": 1.1325296759605408, "approx_kl": 0.028862410690635443, "clip_fraction": 0.2901611328125}
{"step": 4554752, "wall_time": 1789951181.4997544, "episodes_completed": 31, "mean_episode_reward": 10.735265952925529, "policy_loss": 0.0006742349360138178, "value_loss": 17.14892315864563, "entropy": 1.1356018334627151, "approx_kl": 0.00900280784117058, "clip_fraction": 0.10784912109375}
{"step": 4562944, "wall_time": 1789951234.41057, "episodes_completed": 31, "mean_episode_reward": 6.051029757626595, "policy_loss": 0.0023480496602132916, "value_loss": 16.251383781433105, "entropy": 1.1397438198328018, "approx_kl": 0.005876650538993999, "clip_fraction": 0.07733154296875}
{"step": 4571136, "wall_time": 1789951287.259102, "episodes_completed": 29, "mean_episode_reward": 0.8312042047237528, "policy_loss": 0.005685935844667256, "value_loss": 13.330418705940247, "entropy": 1.1425233483314514, "approx_kl": 0.015154575055930763, "clip_fraction": 0.1446380615234375}
{"step": 4579328, "wall_time": 1789951340.0899963, "episodes_completed": 29, "mean_episode_reward": 7.0834662215463045, "policy_loss": 0.0054854764603078365, "value_loss": 16.997984409332275, "entropy": 1.1455545723438263, "approx_kl": 0.013406496029347181, "clip_fraction": 0.1797027587890625}
{"step": 4587520, "wall_time": 1789951393.036578, "episodes_completed": 37, "mean_episode_reward": 4.086109351467442, "policy_loss": 0.0013584953849203885, "value_loss": 18.71713089942932, "entropy": 1.1489285379648209, "approx_kl": 0.007936129346489906, "clip_fraction": 0.10162353515625}
{"step": 4595712, "wall_time": 1789951445.9196298, "episodes_completed": 23, "mean_episode_reward": 16.052673816680908, "policy_loss": 0.008093705167993903, "value_loss": 14.077691435813904, "entropy": 1.1504059135913849, "approx_kl": 0.023691514710662887, "clip_fraction": 0.2083587646484375}
{"step": 4603904, "wall_time": 1789951498.0127416, "episodes_completed": 32, "mean_episode_reward": 6.8669372126460075, "policy_loss": 0.001300437143072486, "value_loss": 22.365493774414062, "entropy": 1.151457741856575, "approx_kl": 0.008017274813028052, "clip_fraction": 0.078704833984375}
{"step": 4612096, "wall_time": 1789951550.7524447, "episodes_completed": 37, "mean_episode_reward": 6.7188888594910905, "policy_loss": 0.00454377313144505, "value_loss": 18.135995864868164, "entropy": 1.1525167971849442, "approx_kl": 0.013008121633902192, "clip_fraction": 0.1581573486328125}
{"step": 4620288, "wall_time": 1789951602.981972, "episodes_completed": 25, "mean_episode_reward": 14.881335921883583, "policy_loss": 0.004692254820838571, "value_loss": 15.442961573600769, "entropy": 1.1526597291231155, "approx_kl": 0.016462820494780317, "clip_fraction": 0.178558349609375}
{"step": 4628480, "wall_time": 1789951655.830904, "episodes_completed": 42, "mean_episode_reward": 5.430240508346331, "policy_loss": 0.007206801674328744, "value_loss": 22.953452825546265, "entropy": 1.1524633318185806, "approx_kl": 0.015364020364359021, "clip_fraction": 0.1629486083984375}
{"step": 4636672, "wall_time": 1789951708.8312366, "episodes_completed": 28, "mean_episode_reward": 7.2229350336960385, "policy_loss": 0.0010643568821251392, "value_loss": 18.845370531082153, "entropy": 1.153087079524994, "approx_kl": 0.006833718638517894, "clip_fraction": 0.10205078125}
{"step": 4644864, "wall_time": 1789951761.5913796, "episodes_completed": 34, "mean_episode_reward": 11.394976615905762, "policy_loss": 0.0013848713133484125, "value_loss": 20.530234813690186, "entropy": 1.155415415763855, "approx_kl": 0.007005531806498766, "clip_fraction": 0.088531494140625}
{"step": 4653056, "wall_time": 1789951814.0470366, "episodes_completed": 34, "mean_episode_reward": 3.3921243522097084, "policy_loss": 0.0015804709400981665, "value_loss": 20.18242573738098, "entropy": 1.1573225259780884, "approx_kl": 0.006806225632317364, "clip_fraction": 0.0911865234375}
{"step": 4661248, "wall_time": 1789951866.9271643, "episodes_completed": 27, "mean_episode_reward": -1.9049055443869696, "policy_loss": 0.0014186733169481158, "value_loss": 14.715665817260742, "entropy": 1.1585232019424438, "approx_kl": 0.007672419887967408, "clip_fraction": 0.1135711669921875}
{"step": 4669440, "wall_time": 1789951919.8522942, "episodes_completed": 39, "mean_episode_reward": 3.8216080642663517, "policy_loss": 0.004665404558181763, "value_loss": 21.01808738708496, "entropy": 1.1584913730621338, "approx_kl": 0.014508005930110812, "clip_fraction": 0.16802978515625}
{"step": 4677632, "wall_time": 1789951972.8534205, "episodes_completed": 27, "mean_episode_reward": -1.313961718093466, "policy_loss": 0.004794525448232889, "value_loss": 14.983295798301697, "entropy": 1.1596156060695648, "approx_kl": 0.01132632466033101, "clip_fraction": 0.1406707763671875}
{"step": 4685824, "wall_time": 1789952025.8390014, "episodes_completed": 32, "mean_episode_reward": 8.806195181328803, "policy_loss": 0.003733978606760502, "value_loss": 14.110952019691467, "entropy": 1.1621714383363724, "approx_kl": 0.009029324748553336, "clip_fraction": 0.1064605712890625}
{"step": 4694016, "wall_time": 1789952078.5943012, "episodes_completed": 29, "mean_episode_reward": 15.43606131189856, "policy_loss": 0.0056668202742002904, "value_loss": 19.282447814941406, "entropy": 1.1632851362228394, "approx_kl": 0.01967490022070706, "clip_fraction": 0.201629638671875}
{"step": 4702208, "wall_time": 1789952132.1477816, "episodes_completed": 31, "mean_episode_reward": 12.359306472924448, "policy_loss": 0.002295068930834532, "value_loss": 16.974669218063354, "entropy": 1.1637362837791443, "approx_kl": 0.009987447410821915, "clip_fraction": 0.0995025634765625}
{"step": 4710400, "wall_time": 1789952184.7258077, "episodes_completed": 28, "mean_episode_reward": 14.261574306658336, "policy_loss": 0.004282447276636958, "value_loss": 18.217345476150513, "entropy": 1.1630467623472214, "approx_kl": 0.015770442609209567, "clip_fraction": 0.1803131103515625}
{"step": 4718592, "wall_time": 1789952237.9314213, "episodes_completed": 24, "mean_episode_reward": 6.1646211842695875, "policy_loss": 0.004016287392005324, "value_loss": 13.953821420669556, "entropy": 1.1638395488262177, "approx_kl": 0.013038348872214556, "clip_fraction": 0.15966796875}
{"step": 4726784, "wall_time": 1789952290.0982845, "episodes_completed": 32, "mean_episode_reward": 22.559664869681, "policy_loss": 0.006783448625355959, "value_loss": 22.751373529434204, "entropy": 1.1648695915937424, "approx_kl": 0.013112122775055468, "clip_fraction": 0.14349365234375}
{"step": 4734976, "wall_time": 1789952342.1778617, "episodes_completed": 29, "mean_episode_reward": 5.1438581820192, "policy_loss": -0.0011703120544552803, "value_loss": 13.971671462059021, "entropy": 1.1654229164123535, "approx_kl": 0.012479463272029534, "clip_fraction": 0.08819580078125}
{"step": 4743168, "wall_time": 1789952395.3840792, "episodes_completed": 29, "mean_episode_reward": 16.51775506241568, "policy_loss": 0.005206359666772187, "value_loss": 14.94058108329773, "entropy": 1.1648787409067154, "approx_kl": 0.01319154049269855, "clip_fraction": 0.1601104736328125}
{"step": 4751360, "wall_time": 1789952448.4752953, "episodes_completed": 30, "mean_episode_reward": 9.347064075867335, "policy_loss": 0.0023074934142641723, "value_loss": 13.751865148544312, "entropy": 1.1642817556858063, "approx_kl": 0.006849110941402614, "clip_fraction": 0.0794525146484375}
{"step": 4759552, "wall_time": 1789952501.3365142, "episodes_completed": 34, "mean_episode_reward": 9.073369634502074, "policy_loss": 0.003503636457026005, "value_loss": 19.47235083580017, "entropy": 1.164217785000801, "approx_kl": 0.008161058503901586, "clip_fraction": 0.07147216796875}
{"step": 4767744, "wall_time": 1789952554.1712189, "episodes_completed": 30, "mean_episode_reward": 18.669795950253803, "policy_loss": 0.0010254643857479095, "value_loss": 12.667445063591003, "entropy": 1.1653516739606857, "approx_kl": 0.00901129748672247, "clip_fraction": 0.1093597412109375}
{"step": 4775936, "wall_time": 1789952606.9685662, "episodes_completed": 20, "mean_episode_reward": 9.065925145149231, "policy_loss": 0.005502244457602501, "value_loss": 10.990355014801025, "entropy": 1.1676983386278152, "approx_kl": 0.012905545881949365, "clip_fraction": 0.12176513671875}
{"step": 4784128, "wall_time": 1789952659.7755013, "episodes_completed": 30, "mean_episode_reward": 29.012507125735283, "policy_loss": 0.0015067673521116376, "value_loss": 13.190507769584656, "entropy": 1.170060321688652, "approx_kl": 0.009914487949572504, "clip_fraction": 0.133026123046875}
{"step": 4792320, "wall_time": 1789952712.5239983, "episodes_completed": 33, "mean_episode_reward": 3.3851985425660103, "policy_loss": 0.003968622535467148, "value_loss": 22.39340567588806, "entropy": 1.1729300022125244, "approx_kl": 0.013431321596726775, "clip_fraction": 0.154266357421875}
{"step": 4800512, "wall_time": 1789952765.359143, "episodes_completed": 33, "mean_episode_reward": 6.0495307610342, "policy_loss": 0.007288353051990271, "value_loss": 24.870779991149902, "entropy": 1.1748963296413422, "approx_kl": 0.012861136172432452, "clip_fraction": 0.14825439453125}
{"step": 4808704, "wall_time": 1789952817.7698646, "episodes_completed": 34, "mean_episode_reward": 10.20533325643662, "policy_loss": -8.67275521159172e-05, "value_loss": 19.977051258087158, "entropy": 1.176299899816513, "approx_kl": 0.013323026476427913, "clip_fraction": 0.1215972900390625}
{"step": 4816896, "wall_time": 1789952870.2756732, "episodes_completed": 28, "mean_episode_reward": 21.09252408359732, "policy_loss": 0.007568261120468378, "value_loss": 18.117923259735107, "entropy": 1.1778255254030228, "approx_kl": 0.013491404650267214, "clip_fraction": 0.1246490478515625}
{"step": 4825088, "wall_time": 1789952922.2478745, "episodes_completed": 26, "mean_episode_reward": 18.918171953696472, "policy_loss": 0.0026040268130600452, "value_loss": 12.694700002670288, "entropy": 1.1796350479125977, "approx_kl": 0.009637843584641814, "clip_fraction": 0.1210479736328125}
{"step": 4833280, "wall_time": 1789952975.1941686, "episodes_completed": 30, "mean_episode_reward": 14.783888999869426, "policy_loss": 0.003403204260393977, "value_loss": 15.090875506401062, "entropy": 1.182039499282837, "approx_kl": 0.011821353109553456, "clip_fraction": 0.1236572265625}
{"step": 4841472, "wall_time": 1789953027.8784714, "episodes_completed": 34, "mean_episode_reward": 5.965272149618934, "policy_loss": -0.0003966633230447769, "value_loss": 15.646978497505188, "entropy": 1.1849399209022522, "approx_kl": 0.004566122268442996, "clip_fraction": 0.0611572265625}
{"step": 4849664, "wall_time": 1789953079.979691, "episodes_completed": 29, "mean_episode_reward": 14.250080589590402, "policy_loss": 0.0007772855460643768, "value_loss": 25.888657093048096, "entropy": 1.1889681071043015, "approx_kl": 0.008252324827481061, "clip_fraction": 0.08258056640625}
{"step": 4857856, "wall_time": 1789953132.1327827, "episodes_completed": 32, "mean_episode_reward": 4.761622082442045, "policy_loss": 0.005646577570587397, "value_loss": 22.26045799255371, "entropy": 1.1912869215011597, "approx_kl": 0.012401606305502355, "clip_fraction": 0.120452880859375}
{"step": 4866048, "wall_time": 1789953184.7878563, "episodes_completed": 29, "mean_episode_reward": 19.1839659542873, "policy_loss": 0.005917991045862436, "value_loss": 25.334318161010742, "entropy": 1.1936350017786026, "approx_kl": 0.007996789936441928, "clip_fraction": 0.0903778076171875}
{"step": 4874240, "wall_time": 1789953237.3724017, "episodes_completed": 26, "mean_episode_reward": 18.82194247154089, "policy_loss": 0.006317128427326679, "value_loss": 16.89162302017212, "entropy": 1.1967643052339554, "approx_kl": 0.014306277153082192, "clip_fraction": 0.190093994140625}
{"step": 4882432, "wall_time": 1789953290.2027094, "episodes_completed": 30, "mean_episode_reward": 7.435293285983304, "policy_loss": 0.006142081925645471, "value_loss": 25.452698469161987, "entropy": 1.199270561337471, "approx_kl": 0.017671663081273437, "clip_fraction": 0.2111358642578125}
{"step": 4890624, "wall_time": 1789953342.6802764, "episodes_completed": 29, "mean_episode_reward": 12.768194698054215, "policy_loss": 0.013024413958191872, "value_loss": 17.600229740142822, "entropy": 1.202487662434578, "approx_kl": 0.029628247604705393, "clip_fraction": 0.327789306640625}
{"step": 4898816, "wall_time": 1789953394.6936543, "episodes_completed": 23, "mean_episode_reward": 2.5119742971399557, "policy_loss": 0.002667824737727642, "value_loss": 20.02012872695923, "entropy": 1.2047718614339828, "approx_kl": 0.012698015838395804, "clip_fraction": 0.156494140625}
{"step": 4907008, "wall_time": 1789953446.9251463, "episodes_completed": 31, "mean_episode_reward": 8.656584803736017, "policy_loss": 0.0010818205773830414, "value_loss": 14.518427729606628, "entropy": 1.2034692615270615, "approx_kl": 0.012764203391270712, "clip_fraction": 0.13116455078125}
{"step": 4915200, "wall_time": 1789953499.7601817, "episodes_completed": 27, "mean_episode_reward": 18.420336568797076, "policy_loss": 0.0026531151961535215, "value_loss": 17.426198482513428, "entropy": 1.2030926197767258, "approx_kl": 0.010414330696221441, "clip_fraction": 0.134796142578125}
{"step": 4923392, "wall_time": 1789953552.0767672, "episodes_completed": 33, "mean_episode_reward": 12.3221299756657, "policy_loss": 0.004730131709948182, "value_loss": 24.227755784988403, "entropy": 1.2034438401460648, "approx_kl": 0.011954103654716164, "clip_fraction": 0.138641357421875}
{"step": 4931584, "wall_time": 1789953604.4624534, "episodes_completed": 27, "mean_episode_reward": 14.66720180158262, "policy_loss": 0.004184028948657215, "value_loss": 16.940855264663696, "entropy": 1.2042439877986908, "approx_kl": 0.011680555529892445, "clip_fraction": 0.1500396728515625}
{"step": 4939776, "wall_time": 1789953657.0969553, "episodes_completed": 26, "mean_episode_reward": 15.08466560107011, "policy_loss": 0.0003376633394509554, "value_loss": 20.238068342208862, "entropy": 1.2048243880271912, "approx_kl": 0.009254002259694971, "clip_fraction": 0.103912353515625}
{"step": 4947968, "wall_time": 1789953709.9332306, "episodes_completed": 33, "mean_episode_reward": 5.149384700890743, "policy_loss": 0.0029108854942023754, "value_loss": 19.783446550369263, "entropy": 1.2050832659006119, "approx_kl": 0.012318158289417624, "clip_fraction": 0.1335906982421875}
{"step": 4956160, "wall_time": 1789953762.7024477, "episodes_completed": 27, "mean_episode_reward": 6.972285548294032, "policy_loss": 0.008949446026235819, "value_loss": 19.0763418674469, "entropy": 1.2056723237037659, "approx_kl": 0.014737146790139377, "clip_fraction": 0.1886749267578125}
{"step": 4964352, "wall_time": 1789953815.3044338, "episodes_completed": 32, "mean_episode_reward": 4.902345444075763, "policy_loss": 0.009488475508987904, "value_loss": 16.286795616149902, "entropy": 1.2054738998413086, "approx_kl": 0.022922457428649068, "clip_fraction": 0.237579345703125}
{"step": 4972544, "wall_time": 1789953867.7352107, "episodes_completed": 24, "mean_episode_reward": 3.731922840078672, "policy_loss": 0.003977763408329338, "value_loss": 15.728331685066223, "entropy": 1.204800307750702, "approx_kl": 0.008499963441863656, "clip_fraction": 0.0929107666015625}
{"step": 4980736, "wall_time": 1789953920.1614153, "episodes_completed": 29, "mean_episode_reward": -2.326866558913527, "policy_loss": 0.002898826962336898, "value_loss": 14.666979789733887, "entropy": 1.2052855491638184, "approx_kl": 0.012739794561639428, "clip_fraction": 0.1255340576171875}
{"step": 4988928, "wall_time": 1789953973.49783, "episodes_completed": 22, "mean_episode_reward": 22.7441278479316, "policy_loss": 0.007848183624446392, "value_loss": 13.07854163646698, "entropy": 1.2058728337287903, "approx_kl": 0.01130933134118095, "clip_fraction": 0.1234283447265625}
{"step": 4997120, "wall_time": 1789954026.1908605, "episodes_completed": 21, "mean_episode_reward": 17.14050645629565, "policy_loss": 0.003803843632340431, "value_loss": 11.36404287815094, "entropy": 1.2072909474372864, "approx_kl": 0.006308586278464645, "clip_fraction": 0.101287841796875}
{"step": 5005312, "wall_time": 1789954079.3666277, "episodes_completed": 23, "mean_episode_reward": 15.971816877632037, "policy_loss": 0.0006142770871520042, "value_loss": 12.792891144752502, "entropy": 1.2091581374406815, "approx_kl": 0.006730406254064292, "clip_fraction": 0.092010498046875}
{"step": 5013504, "wall_time": 1789954132.4058397, "episodes_completed": 25, "mean_episode_reward": -1.2985449266433715, "policy_loss": 0.0019371542148292065, "value_loss": 19.28719687461853, "entropy": 1.2106477320194244, "approx_kl": 0.009209054929669946, "clip_fraction": 0.1238250732421875}
{"step": 5021696, "wall_time": 1789954185.6498542, "episodes_completed": 22, "mean_episode_reward": 17.760975285009906, "policy_loss": -0.0009990846738219261, "value_loss": 15.522943019866943, "entropy": 1.212136521935463, "approx_kl": 0.008974863041657954, "clip_fraction": 0.078369140625}
{"step": 5029888, "wall_time": 1789954238.981319, "episodes_completed": 27, "mean_episode_reward": 13.411115608557507, "policy_loss": 0.0020405203104019165, "value_loss": 20.4607892036438, "entropy": 1.211933195590973, "approx_kl": 0.006358772196108475, "clip_fraction": 0.0722198486328125}
{"step": 5038080, "wall_time": 1789954291.994378, "episodes_completed": 21, "mean_episode_reward": 21.021066579790343, "policy_loss": -0.0005203690379858017, "value_loss": 12.490293979644775, "entropy": 1.212156519293785, "approx_kl": 0.008275663654785603, "clip_fraction": 0.0928955078125}
{"step": 5046272, "wall_time": 1789954344.6073081, "episodes_completed": 27, "mean_episode_reward": 10.66167021294435, "policy_loss": 0.001899530179798603, "value_loss": 10.241432309150696, "entropy": 1.2122084945440292, "approx_kl": 0.010189068227191456, "clip_fraction": 0.1033172607421875}
{"step": 5054464, "wall_time": 1789954398.2449596, "episodes_completed": 30, "mean_episode_reward": 21.551243207852046, "policy_loss": 0.004654502030462027, "value_loss": 15.767187237739563, "entropy": 1.2124088555574417, "approx_kl": 0.01643850631080568, "clip_fraction": 0.1656951904296875}
{"step": 5062656, "wall_time": 1789954450.7360935, "episodes_completed": 25, "mean_episode_reward": 16.638221816718577, "policy_loss": 0.0037396796979010105, "value_loss": 8.92157518863678, "entropy": 1.2126193195581436, "approx_kl": 0.012150321388617158, "clip_fraction": 0.1587677001953125}
{"step": 5070848, "wall_time": 1789954504.081989, "episodes_completed": 24, "mean_episode_reward": 13.218319961801171, "policy_loss": 0.0029931883909739554, "value_loss": 8.115104913711548, "entropy": 1.2110356092453003, "approx_kl": 0.009223381523042917, "clip_fraction": 0.1092987060546875}
{"step": 5079040, "wall_time": 1789954556.6730485, "episodes_completed": 29, "mean_episode_reward": 9.42050377664895, "policy_loss": -0.0004400433972477913, "value_loss": 13.882930755615234, "entropy": 1.2111381888389587, "approx_kl": 0.009167748969048262, "clip_fraction": 0.11309814453125}
{"step": 5087232, "wall_time": 1789954609.5426483, "episodes_completed": 31, "mean_episode_reward": 3.89116779210106, "policy_loss": 0.009696655441075563, "value_loss": 19.726871252059937, "entropy": 1.212668925523758, "approx_kl": 0.022125289076939225, "clip_fraction": 0.25482177734375}
{"step": 5095424, "wall_time": 1789954662.357797, "episodes_completed": 22, "mean_episode_reward": 20.31522444567897, "policy_loss": 0.004016983788460493, "value_loss": 11.074897766113281, "entropy": 1.2147284746170044, "approx_kl": 0.018654917599633336, "clip_fraction": 0.2284393310546875}
{"step": 5103616, "wall_time": 1789954715.4375803, "episodes_completed": 26, "mean_episode_reward": 11.293053521559788, "policy_loss": 0.0025113988667726517, "value_loss": 10.6952064037323, "entropy": 1.217822104692459, "approx_kl": 0.01584705396089703, "clip_fraction": 0.160400390625}
{"step": 5111808, "wall_time": 1789954768.8046312, "episodes_completed": 26, "mean_episode_reward": 2.7375442798321066, "policy_loss": 0.012232225853949785, "value_loss": 16.806925535202026, "entropy": 1.221835419535637, "approx_kl": 0.029045283095911145, "clip_fraction": 0.3043060302734375}
{"step": 5120000, "wall_time": 1789954821.5412169, "episodes_completed": 28, "mean_episode_reward": 6.540219603904656, "policy_loss": 0.011063155950978398, "value_loss": 20.976335048675537, "entropy": 1.225624218583107, "approx_kl": 0.025362594285979867, "clip_fraction": 0.2678375244140625}
{"step": 5128192, "wall_time": 1789954874.8311002, "episodes_completed": 34, "mean_episode_reward": 7.060477201772087, "policy_loss": 0.0006071781972423196, "value_loss": 19.234468698501587, "entropy": 1.2275011539459229, "approx_kl": 0.0119007135508582, "clip_fraction": 0.1472015380859375}
{"step": 5136384, "wall_time": 1789954927.8660648, "episodes_completed": 33, "mean_episode_reward": 3.0945646275173533, "policy_loss": 0.002384828869253397, "value_loss": 17.070906162261963, "entropy": 1.2287828624248505, "approx_kl": 0.008257474226411432, "clip_fraction": 0.1024932861328125}
{"step": 5144576, "wall_time": 1789954980.111804, "episodes_completed": 29, "mean_episode_reward": 6.285797790206712, "policy_loss": 0.005934187909588218, "value_loss": 18.346916675567627, "entropy": 1.229588359594345, "approx_kl": 0.013641776517033577, "clip_fraction": 0.146026611328125}
{"step": 5152768, "wall_time": 1789955032.9034905, "episodes_completed": 25, "mean_episode_reward": 20.069432002305984, "policy_loss": 0.0006331522017717361, "value_loss": 14.972147345542908, "entropy": 1.2298164665699005, "approx_kl": 0.009810085932258517, "clip_fraction": 0.1099853515625}
{"step": 5160960, "wall_time": 1789955085.6906142, "episodes_completed": 30, "mean_episode_reward": 15.241664268821477, "policy_loss": 0.008394545526243746, "value_loss": 20.046489000320435, "entropy": 1.2326928824186325, "approx_kl": 0.015004324552137405, "clip_fraction": 0.156219482421875}
{"step": 5169152, "wall_time": 1789955138.1065557, "episodes_completed": 31, "mean_episode_reward": 17.939491802646266, "policy_loss": -0.0003981017507612705, "value_loss": 15.077530145645142, "entropy": 1.2362502813339233, "approx_kl": 0.007081811079842737, "clip_fraction": 0.0982666015625}
{"step": 5177344, "wall_time": 1789955190.0766697, "episodes_completed": 32, "mean_episode_reward": 20.81744659616379, "policy_loss": 0.0003772962372750044, "value_loss": 15.352184295654297, "entropy": 1.238687425851822, "approx_kl": 0.01428943604696542, "clip_fraction": 0.139007568359375}
{"step": 5185536, "wall_time": 1789955242.4607944, "episodes_completed": 24, "mean_episode_reward": 25.158775630096596, "policy_loss": 0.007916869595646858, "value_loss": 8.69466507434845, "entropy": 1.240165963768959, "approx_kl": 0.02386766509152949, "clip_fraction": 0.24468994140625}
{"step": 5193728, "wall_time": 1789955294.931088, "episodes_completed": 37, "mean_episode_reward": 9.800332887752637, "policy_loss": 0.01848873239941895, "value_loss": 21.587024211883545, "entropy": 1.2421497404575348, "approx_kl": 0.035645493771880865, "clip_fraction": 0.332794189453125}
{"step": 5201920, "wall_time": 1789955347.9335132, "episodes_completed": 21, "mean_episode_reward": 9.709650935161681, "policy_loss": 0.0009012196678668261, "value_loss": 11.807922124862671, "entropy": 1.2428356111049652, "approx_kl": 0.011312340793665498, "clip_fraction": 0.124786376953125}
{"step": 5210112, "wall_time": 1789955400.4106786, "episodes_completed": 25, "mean_episode_reward": 29.9320902967453, "policy_loss": 0.0012011773651465774, "value_loss": 12.813433170318604, "entropy": 1.2424979656934738, "approx_kl": 0.008796194975730032, "clip_fraction": 0.1062164306640625}
{"step": 5218304, "wall_time": 1789955453.6342742, "episodes_completed": 25, "mean_episode_reward": 5.9302281522750855, "policy_loss": 0.004780733957886696, "value_loss": 11.455856680870056, "entropy": 1.2414325326681137, "approx_kl": 0.016989806987112388, "clip_fraction": 0.1853179931640625}
{"step": 5226496, "wall_time": 1789955506.10717, "episodes_completed": 31, "mean_episode_reward": 14.36452749083119, "policy_loss": 0.004914152668789029, "value_loss": 18.15026593208313, "entropy": 1.2443441450595856, "approx_kl": 0.021078299498185515, "clip_fraction": 0.214874267578125}
{"step": 5234688, "wall_time": 1789955558.653963, "episodes_completed": 31, "mean_episode_reward": 5.5383299358429445, "policy_loss": 0.002958147320896387, "value_loss": 16.15612006187439, "entropy": 1.247392162680626, "approx_kl": 0.009767408482730389, "clip_fraction": 0.1073150634765625}
{"step": 5242880, "wall_time": 1789955611.3722248, "episodes_completed": 25, "mean_episode_reward": 27.904195920228958, "policy_loss": 0.008074566256254911, "value_loss": 15.010000467300415, "entropy": 1.2498771101236343, "approx_kl": 0.013237815262982622, "clip_fraction": 0.11773681640625}
{"step": 5251072, "wall_time": 1789955664.1723917, "episodes_completed": 26, "mean_episode_reward": 20.767108320043636, "policy_loss": -0.0022981795482337475, "value_loss": 13.005229353904724, "entropy": 1.2539680749177933, "approx_kl": 0.0067107201321050525, "clip_fraction": 0.0727996826171875}
{"step": 5259264, "wall_time": 1789955716.7127109, "episodes_completed": 24, "mean_episode_reward": 20.555377033849556, "policy_loss": 0.0065573041792958975, "value_loss": 18.345966815948486, "entropy": 1.2579311281442642, "approx_kl": 0.012092937191482633, "clip_fraction": 0.11981201171875}
{"step": 5267456, "wall_time": 1789955769.8034863, "episodes_completed": 28, "mean_episode_reward": 21.59800212191684, "policy_loss": 0.005031285574659705, "value_loss": 12.384888291358948, "entropy": 1.2598888278007507, "approx_kl": 0.011517435603309423, "clip_fraction": 0.1434783935546875}
{"step": 5275648, "wall_time": 1789955822.4865103, "episodes_completed": 25, "mean_episode_reward": 9.417449361681939, "policy_loss": 0.008257331559434533, "value_loss": 16.286197423934937, "entropy": 1.2616883218288422, "approx_kl": 0.01596733566839248, "clip_fraction": 0.2061920166015625}
{"step": 5283840, "wall_time": 1789955875.4450195, "episodes_completed": 31, "mean_episode_reward": 16.851331123421268, "policy_loss": 0.0018357746303081512, "value_loss": 15.039014220237732, "entropy": 1.2634018510580063, "approx_kl": 0.007112449835403822, "clip_fraction": 0.10638427734375}
{"step": 5292032, "wall_time": 1789955929.07016, "episodes_completed": 26, "mean_episode_reward": 27.173341396909493, "policy_loss": 0.0025817143032327294, "value_loss": 14.481262445449829, "entropy": 1.2648561000823975, "approx_kl": 0.011913542461115867, "clip_fraction": 0.132171630859375}
{"step": 5300224, "wall_time": 1789955981.7969666, "episodes_completed": 32, "mean_episode_reward": 4.370681195985526, "policy_loss": 0.006177584640681744, "value_loss": 21.587044954299927, "entropy": 1.2652171552181244, "approx_kl": 0.007213316450361162, "clip_fraction": 0.0960235595703125}
{"step": 5308416, "wall_time": 1789956034.5114114, "episodes_completed": 29, "mean_episode_reward": 8.839767754077911, "policy_loss": 0.0015440566930919886, "value_loss": 16.958258152008057, "entropy": 1.2670684456825256, "approx_kl": 0.011542656662641093, "clip_fraction": 0.1403961181640625}
{"step": 5316608, "wall_time": 1789956087.296285, "episodes_completed": 27, "mean_episode_reward": 2.9370982161274664, "policy_loss": -1.7439015209674835e-05, "value_loss": 16.284900665283203, "entropy": 1.2684625685214996, "approx_kl": 0.006191177642904222, "clip_fraction": 0.0846710205078125}
{"step": 5324800, "wall_time": 1789956140.049015, "episodes_completed": 32, "mean_episode_reward": 4.973700601607561, "policy_loss": 0.002921076025813818, "value_loss": 16.550092935562134, "entropy": 1.2714699804782867, "approx_kl": 0.014880007482133806, "clip_fraction": 0.1662445068359375}
{"step": 5332992, "wall_time": 1789956192.5708394, "episodes_completed": 28, "mean_episode_reward": 15.305400066144232, "policy_loss": 0.008955920347943902, "value_loss": 18.4190673828125, "entropy": 1.2747305780649185, "approx_kl": 0.01929906732402742, "clip_fraction": 0.188507080078125}
{"step": 5341184, "wall_time": 1789956244.9658625, "episodes_completed": 29, "mean_episode_reward": 13.150073232321903, "policy_loss": 0.003439142368733883, "value_loss": 17.636527061462402, "entropy": 1.2787793725728989, "approx_kl": 0.00669748114887625, "clip_fraction": 0.0901336669921875}
{"step": 5349376, "wall_time": 1789956297.9927914, "episodes_completed": 33, "mean_episode_reward": 16.980665794827722, "policy_loss": 0.0037276162765920162, "value_loss": 16.641631603240967, "entropy": 1.2801516354084015, "approx_kl": 0.014858768496196717, "clip_fraction": 0.155609130859375}
{"step": 5357568, "wall_time": 1789956350.618951, "episodes_completed": 31, "mean_episode_reward": 8.522711761536137, "policy_loss": 0.00019465945661067963, "value_loss": 21.418780088424683, "entropy": 1.280805066227913, "approx_kl": 0.010562365234363824, "clip_fraction": 0.110992431640625}
{"step": 5365760, "wall_time": 1789956403.574559, "episodes_completed": 32, "mean_episode_reward": 28.184172248467803, "policy_loss": 0.0010449395049363375, "value_loss": 17.143319606781006, "entropy": 1.2803801149129868, "approx_kl": 0.008183164027286693, "clip_fraction": 0.0727386474609375}
{"step": 5373952, "wall_time": 1789956456.6689956, "episodes_completed": 28, "mean_episode_reward": 19.760624136243546, "policy_loss": 0.003994383849203587, "value_loss": 12.87369704246521, "entropy": 1.2804967612028122, "approx_kl": 0.010285012249369174, "clip_fraction": 0.0972747802734375}
{"step": 5382144, "wall_time": 1789956509.584267, "episodes_completed": 25, "mean_episode_reward": 22.8717800450325, "policy_loss": 0.004573682032059878, "value_loss": 11.887586951255798, "entropy": 1.2806735783815384, "approx_kl": 0.013557145139202476, "clip_fraction": 0.1288909912109375}
{"step": 5390336, "wall_time": 1789956562.171027, "episodes_completed": 30, "mean_episode_reward": 12.876816204190254, "policy_loss": 0.004162885248661041, "value_loss": 19.81045389175415, "entropy": 1.279110848903656, "approx_kl": 0.011000424972735345, "clip_fraction": 0.134552001953125}
{"step": 5398528, "wall_time": 1789956615.3535657, "episodes_completed": 30, "mean_episode_reward": 3.3360959107677144, "policy_loss": 0.004852844635024667, "value_loss": 16.742904901504517, "entropy": 1.276967540383339, "approx_kl": 0.017936347518116236, "clip_fraction": 0.2189788818359375}
{"step": 5406720, "wall_time": 1789956668.7356777, "episodes_completed": 31, "mean_episode_reward": 14.98233924806118, "policy_loss": 0.0006647612899541855, "value_loss": 21.02778196334839, "entropy": 1.2765412777662277, "approx_kl": 0.008326496579684317, "clip_fraction": 0.0843048095703125}
{"step": 5414912, "wall_time": 1789956721.8251438, "episodes_completed": 25, "mean_episode_reward": 13.741586594581603, "policy_loss": 0.00806179316714406, "value_loss": 16.763204097747803, "entropy": 1.2774631083011627, "approx_kl": 0.023872583406046033, "clip_fraction": 0.24749755859375}
{"step": 5423104, "wall_time": 1789956774.302106, "episodes_completed": 31, "mean_episode_reward": 5.308518298210636, "policy_loss": 0.00861709809396416, "value_loss": 23.751648902893066, "entropy": 1.2795157581567764, "approx_kl": 0.01504769385792315, "clip_fraction": 0.1777496337890625}
{"step": 5431296, "wall_time": 1789956827.0157237, "episodes_completed": 29, "mean_episode_reward": 8.383745186287781, "policy_loss": 0.004371607676148415, "value_loss": 18.397499084472656, "entropy": 1.2804570645093918, "approx_kl": 0.013846869522240013, "clip_fraction": 0.136749267578125}
{"step": 5439488, "wall_time": 1789956880.1017253, "episodes_completed": 30, "mean_episode_reward": 0.6732077322900295, "policy_loss": 0.0003523710183799267, "value_loss": 18.195318460464478, "entropy": 1.2811835557222366, "approx_kl": 0.013918014476075768, "clip_fraction": 0.12664794921875}
{"step": 5447680, "wall_time": 1789956932.7985504, "episodes_completed": 37, "mean_episode_reward": 6.339999306846309, "policy_loss": 0.0059952313313260674, "value_loss": 27.633001804351807, "entropy": 1.2833852618932724, "approx_kl": 0.014835233596386388, "clip_fraction": 0.127838134765625}
{"step": 5455872, "wall_time": 1789956985.171248, "episodes_completed": 36, "mean_episode_reward": 1.6992779175440471, "policy_loss": 0.004389730282127857, "value_loss": 30.84896993637085, "entropy": 1.286003902554512, "approx_kl": 0.012297532288357615, "clip_fraction": 0.124725341796875}
{"step": 5464064, "wall_time": 1789957037.2648778, "episodes_completed": 40, "mean_episode_reward": 1.1888020381331443, "policy_loss": 0.003216133452951908, "value_loss": 30.994361400604248, "entropy": 1.286944329738617, "approx_kl": 0.0070201093185460195, "clip_fraction": 0.0699310302734375}
{"step": 5472256, "wall_time": 1789957088.7671092, "episodes_completed": 43, "mean_episode_reward": -0.12988891851070317, "policy_loss": 0.0002621870953589678, "value_loss": 32.75617980957031, "entropy": 1.2867229878902435, "approx_kl": 0.010388991620857269, "clip_fraction": 0.13507080078125}
{"step": 5480448, "wall_time": 1789957141.0966299, "episodes_completed": 32, "mean_episode_reward": 12.577161818742752, "policy_loss": 0.002860255539417267, "value_loss": 34.36110734939575, "entropy": 1.2859893590211868, "approx_kl": 0.008498614450218156, "clip_fraction": 0.0980682373046875}
{"step": 5488640, "wall_time": 1789957192.9494512, "episodes_completed": 30, "mean_episode_reward": 20.688823741674423, "policy_loss": 0.017315641976892948, "value_loss": 20.669508695602417, "entropy": 1.2861068695783615, "approx_kl": 0.020623156626243144, "clip_fraction": 0.181610107421875}
{"step": 5496832, "wall_time": 1789957245.178974, "episodes_completed": 41, "mean_episode_reward": 8.230999157196138, "policy_loss": 0.0027631502598524094, "value_loss": 27.707160234451294, "entropy": 1.2864869683980942, "approx_kl": 0.01284555351594463, "clip_fraction": 0.1515350341796875}
{"step": 5505024, "wall_time": 1789957297.2812717, "episodes_completed": 35, "mean_episode_reward": 8.974377415861403, "policy_loss": 0.009072563145309687, "value_loss": 22.689651489257812, "entropy": 1.2871151864528656, "approx_kl": 0.024373456719331443, "clip_fraction": 0.218597412109375}
{"step": 5513216, "wall_time": 1789957349.1961186, "episodes_completed": 37, "mean_episode_reward": 16.514002670307416, "policy_loss": 0.04075756692327559, "value_loss": 25.45410704612732, "entropy": 1.2881953865289688, "approx_kl": 0.1085627842694521, "clip_fraction": 0.533721923828125}
{"step": 5521408, "wall_time": 1789957401.613346, "episodes_completed": 35, "mean_episode_reward": 17.67798355647496, "policy_loss": 0.008674073731526732, "value_loss": 23.54626488685608, "entropy": 1.2905734032392502, "approx_kl": 0.0318936079274863, "clip_fraction": 0.31201171875}
{"step": 5529600, "wall_time": 1789957453.8129768, "episodes_completed": 37, "mean_episode_reward": 1.6682161447164174, "policy_loss": 0.012394067365676165, "value_loss": 26.23928427696228, "entropy": 1.2924478501081467, "approx_kl": 0.012960073945578188, "clip_fraction": 0.1741180419921875}
{"step": 5537792, "wall_time": 1789957505.5139544, "episodes_completed": 51, "mean_episode_reward": 1.512999138995713, "policy_loss": 0.0037761186249554157, "value_loss": 43.3717885017395, "entropy": 1.2924288362264633, "approx_kl": 0.01030947722028941, "clip_fraction": 0.13470458984375}
{"step": 5545984, "wall_time": 1789957557.274646, "episodes_completed": 33, "mean_episode_reward": 4.770918860579982, "policy_loss": -0.0016437561716884375, "value_loss": 26.35771131515503, "entropy": 1.2927904427051544, "approx_kl": 0.007769026095047593, "clip_fraction": 0.0869903564453125}
{"step": 5554176, "wall_time": 1789957609.186739, "episodes_completed": 35, "mean_episode_reward": -0.8308246902057103, "policy_loss": 0.0035577499074861407, "value_loss": 27.290107011795044, "entropy": 1.292839527130127, "approx_kl": 0.012525811267551035, "clip_fraction": 0.1551055908203125}
{"step": 5562368, "wall_time": 1789957661.0025096, "episodes_completed": 45, "mean_episode_reward": 0.6322180211544037, "policy_loss": -0.0010607503354549408, "value_loss": 27.463029384613037, "entropy": 1.2925537675619125, "approx_kl": 0.007235737080918625, "clip_fraction": 0.080230712890625}
{"step": 5570560, "wall_time": 1789957713.1240807, "episodes_completed": 35, "mean_episode_reward": 8.051575144699642, "policy_loss": 0.0054173978278413415, "value_loss": 29.7327401638031, "entropy": 1.293068915605545, "approx_kl": 0.009758279222296551, "clip_fraction": 0.117279052734375}
{"step": 5578752, "wall_time": 1789957764.8634937, "episodes_completed": 39, "mean_episode_reward": -2.6915886516754446, "policy_loss": 0.005864711827598512, "value_loss": 27.282094478607178, "entropy": 1.293095514178276, "approx_kl": 0.012407366244588047, "clip_fraction": 0.1168212890625}
{"step": 5586944, "wall_time": 1789957816.7469988, "episodes_completed": 31, "mean_episode_reward": 3.0809349956050998, "policy_loss": 0.000893421471118927, "value_loss": 18.79340624809265, "entropy": 1.2939721196889877, "approx_kl": 0.00843174324836582, "clip_fraction": 0.0936126708984375}
{"step": 5595136, "wall_time": 1789957868.9509413, "episodes_completed": 52, "mean_episode_reward": 2.256809565023734, "policy_loss": -0.00020909507293254137, "value_loss": 27.3761887550354, "entropy": 1.2941458821296692, "approx_kl": 0.01152096944861114, "clip_fraction": 0.12725830078125}
{"step": 5603328, "wall_time": 1789957920.5963902, "episodes_completed": 36, "mean_episode_reward": 1.1999118195639715, "policy_loss": 0.0020064276177436113, "value_loss": 29.380629062652588, "entropy": 1.2951081693172455, "approx_kl": 0.005020345182856545, "clip_fraction": 0.0774993896484375}
{"step": 5611520, "wall_time": 1789957972.7187915, "episodes_completed": 50, "mean_episode_reward": -0.6299845188856125, "policy_loss": 0.0018693571910262108, "value_loss": 39.61215162277222, "entropy": 1.2963649928569794, "approx_kl": 0.008055153070017695, "clip_fraction": 0.089935302734375}
{"step": 5619712, "wall_time": 1789958024.7622821, "episodes_completed": 41, "mean_episode_reward": 7.752376381943866, "policy_loss": 0.0002174809342250228, "value_loss": 23.227975130081177, "entropy": 1.296642318367958, "approx_kl": 0.009617004776373506, "clip_fraction": 0.1050872802734375}
{"step": 5627904, "wall_time": 1789958076.6591835, "episodes_completed": 33, "mean_episode_reward": 7.640361019156196, "policy_loss": 0.005023749079555273, "value_loss": 25.77071976661682, "entropy": 1.297606736421585, "approx_kl": 0.014881449693348259, "clip_fraction": 0.1392059326171875}
{"step": 5636096, "wall_time": 1789958128.9007607, "episodes_completed": 45, "mean_episode_reward": -1.7849939076436891, "policy_loss": 0.003917793743312359, "value_loss": 29.233931064605713, "entropy": 1.2986866682767868, "approx_kl": 0.007387496138107963, "clip_fraction": 0.0789642333984375}
{"step": 5644288, "wall_time": 1789958180.754382, "episodes_completed": 45, "mean_episode_reward": -1.1265185799863604, "policy_loss": 0.00854555587284267, "value_loss": 28.673944234848022, "entropy": 1.3021703213453293, "approx_kl": 0.013635324314236641, "clip_fraction": 0.130859375}
{"step": 5652480, "wall_time": 1789958232.8546631, "episodes_completed": 40, "mean_episode_reward": 13.775293808057905, "policy_loss": 0.0011026402353309095, "value_loss": 21.918587923049927, "entropy": 1.304135262966156, "approx_kl": 0.010384260123828426, "clip_fraction": 0.13018798828125}
{"step": 5660672, "wall_time": 1789958285.048056, "episodes_completed": 39, "mean_episode_reward": 7.993270508753947, "policy_loss": 0.01025249226950109, "value_loss": 22.5240581035614, "entropy": 1.3040898740291595, "approx_kl": 0.01697297499049455, "clip_fraction": 0.2031402587890625}
{"step": 5668864, "wall_time": 1789958337.4694118, "episodes_completed": 28, "mean_episode_reward": 2.1569537206419875, "policy_loss": 0.0027238044422119856, "value_loss": 19.830003023147583, "entropy": 1.304142877459526, "approx_kl": 0.013141519913915545, "clip_fraction": 0.1660919189453125}
{"step": 5677056, "wall_time": 1789958389.6130419, "episodes_completed": 36, "mean_episode_reward": 1.9191232580277655, "policy_loss": 0.004451843909919262, "value_loss": 20.8216450214386, "entropy": 1.3047001361846924, "approx_kl": 0.010677248996216804, "clip_fraction": 0.1230316162109375}
{"step": 5685248, "wall_time": 1789958442.0788093, "episodes_completed": 32, "mean_episode_reward": 2.0389958890154958, "policy_loss": 0.014847103971987963, "value_loss": 19.495927810668945, "entropy": 1.3052690774202347, "approx_kl": 0.0243951971642673, "clip_fraction": 0.2630615234375}
{"step": 5693440, "wall_time": 1789958494.0519958, "episodes_completed": 43, "mean_episode_reward": 5.091332157510657, "policy_loss": 0.016046846751123667, "value_loss": 24.062860012054443, "entropy": 1.3052217215299606, "approx_kl": 0.026762034045532346, "clip_fraction": 0.2458648681640625}
{"step": 5701632, "wall_time": 1789958545.5386431, "episodes_completed": 40, "mean_episode_reward": 1.0135510854423047, "policy_loss": -0.00023104017600417137, "value_loss": 22.241318464279175, "entropy": 1.3048918396234512, "approx_kl": 0.013289983500726521, "clip_fraction": 0.125335693359375}
{"step": 5709824, "wall_time": 1789958597.3976476, "episodes_completed": 36, "mean_episode_reward": -3.2190479073259564, "policy_loss": 0.0031345400493592024, "value_loss": 24.34291172027588, "entropy": 1.305708885192871, "approx_kl": 0.010022908711107448, "clip_fraction": 0.1011199951171875}
{"step": 5718016, "wall_time": 1789958649.4204547, "episodes_completed": 33, "mean_episode_reward": 6.531711222547473, "policy_loss": 0.005790924187749624, "value_loss": 15.734727382659912, "entropy": 1.306298166513443, "approx_kl": 0.01352612639311701, "clip_fraction": 0.1693572998046875}
{"step": 5726208, "wall_time": 1789958701.708056, "episodes_completed": 47, "mean_episode_reward": -1.7913284276394135, "policy_loss": 0.00585840770509094, "value_loss": 26.683854341506958, "entropy": 1.3071370869874954, "approx_kl": 0.01617690664716065, "clip_fraction": 0.18414306640625}
{"step": 5734400, "wall_time": 1789958753.671044, "episodes_completed": 36, "mean_episode_reward": 0.9048311312993368, "policy_loss": 0.008196224458515644, "value_loss": 18.09877061843872, "entropy": 1.307444229722023, "approx_kl": 0.0158334985608235, "clip_fraction": 0.161224365234375}
{"step": 5742592, "wall_time": 1789958805.969035, "episodes_completed": 31, "mean_episode_reward": 17.459311919827616, "policy_loss": 0.002667591907083988, "value_loss": 14.634475469589233, "entropy": 1.3067834973335266, "approx_kl": 0.011987857753410935, "clip_fraction": 0.1488800048828125}
{"step": 5750784, "wall_time": 1789958858.017834, "episodes_completed": 35, "mean_episode_reward": 3.40819046497345, "policy_loss": 0.005515621975064278, "value_loss": 14.490914821624756, "entropy": 1.3068097680807114, "approx_kl": 0.011317236057948321, "clip_fraction": 0.1465911865234375}
{"step": 5758976, "wall_time": 1789958910.053559, "episodes_completed": 27, "mean_episode_reward": 4.433028874573885, "policy_loss": 0.008593468635808676, "value_loss": 12.665573358535767, "entropy": 1.3080149292945862, "approx_kl": 0.02307689655572176, "clip_fraction": 0.2615966796875}
{"step": 5767168, "wall_time": 1789958962.3771124, "episodes_completed": 34, "mean_episode_reward": 3.42533359282157, "policy_loss": 0.009537150152027607, "value_loss": 19.36591124534607, "entropy": 1.3105048686265945, "approx_kl": 0.02309601427987218, "clip_fraction": 0.2546234130859375}
{"step": 5775360, "wall_time": 1789959013.9878385, "episodes_completed": 24, "mean_episode_reward": 16.707001951212685, "policy_loss": 0.0070517396088689566, "value_loss": 15.478392720222473, "entropy": 1.3132941275835037, "approx_kl": 0.018201371422037482, "clip_fraction": 0.2210540771484375}
{"step": 5783552, "wall_time": 1789959065.676416, "episodes_completed": 29, "mean_episode_reward": 12.996673460407504, "policy_loss": -0.0008994147647172213, "value_loss": 12.972615718841553, "entropy": 1.3163120746612549, "approx_kl": 0.0083199652726762, "clip_fraction": 0.1068878173828125}
{"step": 5791744, "wall_time": 1789959117.5320868, "episodes_completed": 32, "mean_episode_reward": 19.34048543870449, "policy_loss": 0.0011080498807132244, "value_loss": 32.811259269714355, "entropy": 1.318672627210617, "approx_kl": 0.008479514945065603, "clip_fraction": 0.0784149169921875}
{"step": 5799936, "wall_time": 1789959169.6653428, "episodes_completed": 31, "mean_episode_reward": 16.0601807332808, "policy_loss": 0.0026816073805093765, "value_loss": 16.908653020858765, "entropy": 1.3195963948965073, "approx_kl": 0.009009910398162901, "clip_fraction": 0.10009765625}
{"step": 5808128, "wall_time": 1789959222.228954, "episodes_completed": 30, "mean_episode_reward": 8.011656975497802, "policy_loss": 0.005888125277124345, "value_loss": 19.422654390335083, "entropy": 1.3196366727352142, "approx_kl": 0.015422031283378601, "clip_fraction": 0.19732666015625}
{"step": 5816320, "wall_time": 1789959274.0082054, "episodes_completed": 31, "mean_episode_reward": 17.20981106835027, "policy_loss": 0.005842221900820732, "value_loss": 13.107585430145264, "entropy": 1.3200892060995102, "approx_kl": 0.01689270796487108, "clip_fraction": 0.1822052001953125}
{"step": 5824512, "wall_time": 1789959326.0817852, "episodes_completed": 28, "mean_episode_reward": 10.326653906277247, "policy_loss": 0.006869605276733637, "value_loss": 12.579875588417053, "entropy": 1.3212116956710815, "approx_kl": 0.014043120841961354, "clip_fraction": 0.151611328125}
{"step": 5832704, "wall_time": 1789959378.330058, "episodes_completed": 29, "mean_episode_reward": 21.333338510373544, "policy_loss": 0.005264244507998228, "value_loss": 19.167212963104248, "entropy": 1.321732521057129, "approx_kl": 0.01939217676408589, "clip_fraction": 0.21209716796875}
{"step": 5840896, "wall_time": 1789959429.6575644, "episodes_completed": 32, "mean_episode_reward": 6.210462506860495, "policy_loss": 0.021869355929084122, "value_loss": 22.883579969406128, "entropy": 1.3228318989276886, "approx_kl": 0.027064659167081118, "clip_fraction": 0.249114990234375}
{"step": 5849088, "wall_time": 1789959481.0685976, "episodes_completed": 31, "mean_episode_reward": 31.000066666833817, "policy_loss": 0.002375746378675103, "value_loss": 27.862385511398315, "entropy": 1.3252912759780884, "approx_kl": 0.012807804654585198, "clip_fraction": 0.148101806640625}
{"step": 5857280, "wall_time": 1789959532.779731, "episodes_completed": 29, "mean_episode_reward": 16.547083159972882, "policy_loss": 0.017157028894871473, "value_loss": 20.010897397994995, "entropy": 1.326611652970314, "approx_kl": 0.025532616302371025, "clip_fraction": 0.249298095703125}
{"step": 5865472, "wall_time": 1789959584.5641418, "episodes_completed": 31, "mean_episode_reward": 9.287106823776998, "policy_loss": 0.005553858587518334, "value_loss": 19.46463942527771, "entropy": 1.328712984919548, "approx_kl": 0.009760420478414744, "clip_fraction": 0.123809814453125}
{"step": 5873664, "wall_time": 1789959636.108606, "episodes_completed": 29, "mean_episode_reward": 3.8446735020341545, "policy_loss": 0.0057989731431007385, "value_loss": 17.13693332672119, "entropy": 1.331152081489563, "approx_kl": 0.016005491139367223, "clip_fraction": 0.16546630859375}
{"step": 5881856, "wall_time": 1789959687.9558117, "episodes_completed": 30, "mean_episode_reward": 8.124452024698257, "policy_loss": 0.004287603544071317, "value_loss": 22.78117346763611, "entropy": 1.3335351347923279, "approx_kl": 0.01076730334898457, "clip_fraction": 0.097442626953125}
{"step": 5890048, "wall_time": 1789959739.5339632, "episodes_completed": 31, "mean_episode_reward": 14.80578814975677, "policy_loss": 0.005032719112932682, "value_loss": 18.20048999786377, "entropy": 1.3369581401348114, "approx_kl": 0.011319817916955799, "clip_fraction": 0.1206512451171875}
{"step": 5898240, "wall_time": 1789959791.4809644, "episodes_completed": 32, "mean_episode_reward": 8.91393992304802, "policy_loss": 0.0038865956012159586, "value_loss": 24.1379075050354, "entropy": 1.3388769924640656, "approx_kl": 0.015614499221555889, "clip_fraction": 0.1685028076171875}
{"step": 5906432, "wall_time": 1789959843.5682378, "episodes_completed": 28, "mean_episode_reward": 22.44587088908468, "policy_loss": 0.008086135843768716, "value_loss": 16.34905481338501, "entropy": 1.3404497802257538, "approx_kl": 0.014633436221629381, "clip_fraction": 0.1693878173828125}
{"step": 5914624, "wall_time": 1789959895.557394, "episodes_completed": 25, "mean_episode_reward": 11.194787890911103, "policy_loss": 0.004613116383552551, "value_loss": 9.94961953163147, "entropy": 1.3411216586828232, "approx_kl": 0.009698019595816731, "clip_fraction": 0.1058197021484375}
{"step": 5922816, "wall_time": 1789959947.5921986, "episodes_completed": 33, "mean_episode_reward": 13.224986230333647, "policy_loss": 0.008180285338312387, "value_loss": 15.997974157333374, "entropy": 1.341602548956871, "approx_kl": 0.01782285689841956, "clip_fraction": 0.1964111328125}
{"step": 5931008, "wall_time": 1789959999.2714875, "episodes_completed": 24, "mean_episode_reward": 5.91374205549558, "policy_loss": 0.006851892918348312, "value_loss": 11.987654447555542, "entropy": 1.3419335931539536, "approx_kl": 0.013259761733934283, "clip_fraction": 0.1419219970703125}
{"step": 5939200, "wall_time": 1789960051.5664816, "episodes_completed": 26, "mean_episode_reward": 0.45887180933585536, "policy_loss": 0.0002575081307440996, "value_loss": 15.792408466339111, "entropy": 1.3431214541196823, "approx_kl": 0.00850087076833006, "clip_fraction": 0.0988616943359375}
{"step": 5947392, "wall_time": 1789960104.1373398, "episodes_completed": 31, "mean_episode_reward": 3.4557586254612094, "policy_loss": 0.016075690276920795, "value_loss": 19.85562539100647, "entropy": 1.343791425228119, "approx_kl": 0.024107177974656224, "clip_fraction": 0.2486724853515625}
{"step": 5955584, "wall_time": 1789960172.930097, "episodes_completed": 28, "mean_episode_reward": 4.552616127899715, "policy_loss": 0.004425717517733574, "value_loss": 15.563887238502502, "entropy": 1.346588283777237, "approx_kl": 0.010688021400710568, "clip_fraction": 0.1306304931640625}
{"step": 5963776, "wall_time": 1789960230.7458925, "episodes_completed": 32, "mean_episode_reward": 34.30516106635332, "policy_loss": 0.006943556480109692, "value_loss": 16.982858657836914, "entropy": 1.3500252962112427, "approx_kl": 0.015296624595066532, "clip_fraction": 0.16424560546875}
{"step": 5971968, "wall_time": 1789960288.4230556, "episodes_completed": 28, "mean_episode_reward": 24.56573608091899, "policy_loss": 0.0034663700498640537, "value_loss": 9.122328042984009, "entropy": 1.3506736159324646, "approx_kl": 0.007435347855789587, "clip_fraction": 0.0875701904296875}
{"step": 5980160, "wall_time": 1789960353.0157158, "episodes_completed": 31, "mean_episode_reward": 3.0858634760783565, "policy_loss": 0.0007793162949383259, "value_loss": 18.906598806381226, "entropy": 1.350685954093933, "approx_kl": 0.006597798143047839, "clip_fraction": 0.0749053955078125}
{"step": 5988352, "wall_time": 1789960414.9560282, "episodes_completed": 26, "mean_episode_reward": 29.603207624875584, "policy_loss": 0.0009207527618855238, "value_loss": 19.793346405029297, "entropy": 1.3513530045747757, "approx_kl": 0.009162344576907344, "clip_fraction": 0.1342926025390625}
{"step": 5996544, "wall_time": 1789960470.544591, "episodes_completed": 30, "mean_episode_reward": 8.91718140989542, "policy_loss": 0.0017025107517838478, "value_loss": 19.807713985443115, "entropy": 1.350817859172821, "approx_kl": 0.007349674386205152, "clip_fraction": 0.0771942138671875}
{"step": 6004736, "wall_time": 1789960546.1782138, "episodes_completed": 18, "mean_episode_reward": 17.28652913371722, "policy_loss": 0.0026812804862856865, "value_loss": 10.401438355445862, "entropy": 1.3509076088666916, "approx_kl": 0.007322237826883793, "clip_fraction": 0.0768585205078125}
