{"step": 8000, "wall_time": 1790079393.5990438, "episodes_completed": 82, "mean_episode_reward": -22.255778068449438, "std_episode_reward": 22.212229459226357, "min_episode_reward": -69.7558364868164, "max_episode_reward": 54.59535217285156, "mean_episode_length": 67.28048780487805, "success_rate": 0.036585365853658534, "collision_rate": 0.9634146341463414, "out_of_bounds_rate": 0.0, "timeout_rate": 0.0, "policy_loss": 0.06327054404467303, "value_loss": 51.72234535217285, "entropy": 0.8379785567522049, "approx_kl": 0.3289315700531006, "clip_fraction": 0.5093750357627869, "grad_norm": 14.623960971832275, "explained_variance": 9.042024612426758e-05, "action_std_mean": 0.3679931163787842}
{"step": 16000, "wall_time": 1790079425.8609033, "episodes_completed": 46, "mean_episode_reward": -19.47469174343607, "std_episode_reward": 31.096635366694553, "min_episode_reward": -60.34864807128906, "max_episode_reward": 97.0464859008789, "mean_episode_length": 103.54347826086956, "success_rate": 0.0, "collision_rate": 1.0, "out_of_bounds_rate": 0.0, "timeout_rate": 0.0, "policy_loss": 0.048725724551826666, "value_loss": 36.11353015899658, "entropy": 0.8389658778905869, "approx_kl": 0.07667637895792723, "clip_fraction": 0.43396876007318497, "grad_norm": 14.600736618041992, "explained_variance": 0.006209671497344971, "action_std_mean": 0.3682441711425781}
{"step": 24000, "wall_time": 1790079457.1938946, "episodes_completed": 70, "mean_episode_reward": -23.73655640738351, "std_episode_reward": 19.677468969269636, "min_episode_reward": -61.751792907714844, "max_episode_reward": 35.18044662475586, "mean_episode_length": 84.65714285714286, "success_rate": 0.0, "collision_rate": 1.0, "out_of_bounds_rate": 0.0, "timeout_rate": 0.0, "policy_loss": 0.030171140938997087, "value_loss": 40.588640213012695, "entropy": 0.8402736634016037, "approx_kl": 0.05394613929092884, "clip_fraction": 0.429437518119812, "grad_norm": 16.11702024936676, "explained_variance": 0.015306591987609863, "action_std_mean": 0.3684226870536804}
{"step": 32000, "wall_time": 1790079487.3794806, "episodes_completed": 67, "mean_episode_reward": -18.67354761664547, "std_episode_reward": 21.780425810418937, "min_episode_reward": -50.08750915527344, "max_episode_reward": 83.36029815673828, "mean_episode_length": 77.14925373134328, "success_rate": 0.0, "collision_rate": 1.0, "out_of_bounds_rate": 0.0, "timeout_rate": 0.0, "policy_loss": 0.014694449581206026, "value_loss": 37.06400012969971, "entropy": 0.841060996055603, "approx_kl": 0.025875085964798927, "clip_fraction": 0.32109376788139343, "grad_norm": 13.807904481887817, "explained_variance": 0.02861124277114868, "action_std_mean": 0.36852478981018066}
{"step": 40000, "wall_time": 1790079517.9379287, "episodes_completed": 72, "mean_episode_reward": -24.35976935757531, "std_episode_reward": 21.11860696851566, "min_episode_reward": -50.394657135009766, "max_episode_reward": 64.71524810791016, "mean_episode_length": 79.18055555555556, "success_rate": 0.0, "collision_rate": 1.0, "out_of_bounds_rate": 0.0, "timeout_rate": 0.0, "policy_loss": 0.006034247326664577, "value_loss": 42.0421781539917, "entropy": 0.841466948390007, "approx_kl": 0.015505614224821329, "clip_fraction": 0.24412500858306885, "grad_norm": 21.521503686904907, "explained_variance": 0.06565934419631958, "action_std_mean": 0.3685451149940491}
{"step": 48000, "wall_time": 1790079548.490483, "episodes_completed": 61, "mean_episode_reward": -18.48503911690634, "std_episode_reward": 25.562956151298877, "min_episode_reward": -53.87619400024414, "max_episode_reward": 80.42438507080078, "mean_episode_length": 78.47540983606558, "success_rate": 0.01639344262295082, "collision_rate": 0.9836065573770492, "out_of_bounds_rate": 0.0, "timeout_rate": 0.0, "policy_loss": 0.0022195054469629216, "value_loss": 35.38864517211914, "entropy": 0.8414438217878342, "approx_kl": 0.009401187533512712, "clip_fraction": 0.18634375929832458, "grad_norm": 14.678795576095581, "explained_variance": 0.08308333158493042, "action_std_mean": 0.36852550506591797}
{"step": 56000, "wall_time": 1790079578.7622206, "episodes_completed": 31, "mean_episode_reward": -13.907355708460654, "std_episode_reward": 32.72874721809583, "min_episode_reward": -49.872840881347656, "max_episode_reward": 106.9642105102539, "mean_episode_length": 122.09677419354838, "success_rate": 0.0, "collision_rate": 1.0, "out_of_bounds_rate": 0.0, "timeout_rate": 0.0, "policy_loss": 0.0006386004037485238, "value_loss": 21.705025672912598, "entropy": 0.8412939161062241, "approx_kl": 0.00907159480266273, "clip_fraction": 0.16956251114606857, "grad_norm": 14.723101735115051, "explained_variance": 0.21601253747940063, "action_std_mean": 0.36846908926963806}
{"step": 64000, "wall_time": 1790079609.031156, "episodes_completed": 64, "mean_episode_reward": -22.907488875091076, "std_episode_reward": 18.642178850597546, "min_episode_reward": -50.4189567565918, "max_episode_reward": 36.41587829589844, "mean_episode_length": 88.71875, "success_rate": 0.0, "collision_rate": 0.984375, "out_of_bounds_rate": 0.0, "timeout_rate": 0.015625, "policy_loss": -0.00018769503062876502, "value_loss": 33.67699337005615, "entropy": 0.8410086929798126, "approx_kl": 0.0034369354834780097, "clip_fraction": 0.07431250251829624, "grad_norm": 21.165852069854736, "explained_variance": 0.16248100996017456, "action_std_mean": 0.36844539642333984}
{"step": 72000, "wall_time": 1790079639.260272, "episodes_completed": 51, "mean_episode_reward": -13.15709125294405, "std_episode_reward": 32.23389527161886, "min_episode_reward": -50.00672149658203, "max_episode_reward": 107.63569641113281, "mean_episode_length": 94.80392156862744, "success_rate": 0.0392156862745098, "collision_rate": 0.9607843137254902, "out_of_bounds_rate": 0.0, "timeout_rate": 0.0, "policy_loss": -0.00019597721954955905, "value_loss": 35.76498222351074, "entropy": 0.840927392244339, "approx_kl": 0.004368158522993326, "clip_fraction": 0.13237500563263893, "grad_norm": 18.011895656585693, "explained_variance": 0.19983959197998047, "action_std_mean": 0.3684360086917877}
{"step": 80000, "wall_time": 1790079669.6325529, "episodes_completed": 36, "mean_episode_reward": -9.996927234861586, "std_episode_reward": 33.480089180151325, "min_episode_reward": -33.174137115478516, "max_episode_reward": 99.41535186767578, "mean_episode_length": 122.97222222222223, "success_rate": 0.027777777777777776, "collision_rate": 0.9722222222222222, "out_of_bounds_rate": 0.0, "timeout_rate": 0.0, "policy_loss": 0.002128249267116189, "value_loss": 25.953001499176025, "entropy": 0.8407376706600189, "approx_kl": 0.007554314564913511, "clip_fraction": 0.1490312609821558, "grad_norm": 20.282747387886047, "explained_variance": 0.33098721504211426, "action_std_mean": 0.3683258295059204}
{"step": 88000, "wall_time": 1790079700.0884898, "episodes_completed": 29, "mean_episode_reward": -20.232848266075397, "std_episode_reward": 23.663828883851544, "min_episode_reward": -50.13108825683594, "max_episode_reward": 91.5248794555664, "mean_episode_length": 102.41379310344827, "success_rate": 0.0, "collision_rate": 1.0, "out_of_bounds_rate": 0.0, "timeout_rate": 0.0, "policy_loss": 0.0067644502716139865, "value_loss": 17.956749439239502, "entropy": 0.8400064706802368, "approx_kl": 0.01670662220567465, "clip_fraction": 0.30240626633167267, "grad_norm": 7.532831192016602, "explained_variance": 0.2845265865325928, "action_std_mean": 0.36818927526474}
{"step": 96000, "wall_time": 1790079729.886119, "episodes_completed": 34, "mean_episode_reward": -18.60774180468391, "std_episode_reward": 21.092880416231754, "min_episode_reward": -49.82993698120117, "max_episode_reward": 47.83222198486328, "mean_episode_length": 119.6470588235294, "success_rate": 0.0, "collision_rate": 1.0, "out_of_bounds_rate": 0.0, "timeout_rate": 0.0, "policy_loss": -0.0005520242814092136, "value_loss": 18.438207626342773, "entropy": 0.8393206745386124, "approx_kl": 0.002552714620833285, "clip_fraction": 0.07537500304169953, "grad_norm": 5.50451123714447, "explained_variance": 0.25474709272384644, "action_std_mean": 0.3680744469165802}
{"step": 104000, "wall_time": 1790079760.2945805, "episodes_completed": 41, "mean_episode_reward": -10.227139124056189, "std_episode_reward": 26.69678352247805, "min_episode_reward": -49.83253860473633, "max_episode_reward": 64.86154174804688, "mean_episode_length": 109.70731707317073, "success_rate": 0.04878048780487805, "collision_rate": 0.9512195121951219, "out_of_bounds_rate": 0.0, "timeout_rate": 0.0, "policy_loss": -0.0002502453465131338, "value_loss": 27.601921558380127, "entropy": 0.8387112766504288, "approx_kl": 0.003685365285491571, "clip_fraction": 0.07334375323262066, "grad_norm": 14.019080877304077, "explained_variance": 0.3165997266769409, "action_std_mean": 0.3679642379283905}
{"step": 112000, "wall_time": 1790079790.6316915, "episodes_completed": 44, "mean_episode_reward": -16.652621160853993, "std_episode_reward": 23.035134702540372, "min_episode_reward": -49.84358215332031, "max_episode_reward": 61.54762268066406, "mean_episode_length": 104.97727272727273, "success_rate": 0.022727272727272728, "collision_rate": 0.9772727272727273, "out_of_bounds_rate": 0.0, "timeout_rate": 0.0, "policy_loss": -0.0004845986696890847, "value_loss": 25.334577560424805, "entropy": 0.8381684869527817, "approx_kl": 0.004464726313017309, "clip_fraction": 0.07793750427663326, "grad_norm": 9.88218092918396, "explained_variance": 0.29494422674179077, "action_std_mean": 0.36789029836654663}
{"step": 120000, "wall_time": 1790079820.738444, "episodes_completed": 27, "mean_episode_reward": -11.229347688180429, "std_episode_reward": 34.68866086191537, "min_episode_reward": -49.99079132080078, "max_episode_reward": 113.81724548339844, "mean_episode_length": 122.62962962962963, "success_rate": 0.07407407407407407, "collision_rate": 0.9259259259259259, "out_of_bounds_rate": 0.0, "timeout_rate": 0.0, "policy_loss": -0.00023164702017575145, "value_loss": 19.695083141326904, "entropy": 0.8379271328449249, "approx_kl": 0.002378118224442005, "clip_fraction": 0.039625002071261406, "grad_norm": 5.933692932128906, "explained_variance": 0.33628278970718384, "action_std_mean": 0.36790287494659424}
{"step": 128000, "wall_time": 1790079851.1395583, "episodes_completed": 27, "mean_episode_reward": -3.2219249584056713, "std_episode_reward": 42.51308911139383, "min_episode_reward": -50.22795104980469, "max_episode_reward": 149.0944366455078, "mean_episode_length": 161.55555555555554, "success_rate": 0.07407407407407407, "collision_rate": 0.8518518518518519, "out_of_bounds_rate": 0.0, "timeout_rate": 0.07407407407407407, "policy_loss": -0.0006168613873815953, "value_loss": 23.74075937271118, "entropy": 0.8380785882472992, "approx_kl": 0.0015117877628654242, "clip_fraction": 0.07731250394135714, "grad_norm": 9.174497961997986, "explained_variance": 0.4129582643508911, "action_std_mean": 0.3679279088973999}
{"step": 136000, "wall_time": 1790079881.6509905, "episodes_completed": 22, "mean_episode_reward": 4.8112076412547715, "std_episode_reward": 36.33538456190052, "min_episode_reward": -49.803714752197266, "max_episode_reward": 99.53143310546875, "mean_episode_length": 187.72727272727272, "success_rate": 0.045454545454545456, "collision_rate": 0.9090909090909091, "out_of_bounds_rate": 0.0, "timeout_rate": 0.045454545454545456, "policy_loss": -0.001271580257045546, "value_loss": 18.429064750671387, "entropy": 0.8379941135644913, "approx_kl": 0.0032418142072856426, "clip_fraction": 0.0650937530444935, "grad_norm": 9.798219919204712, "explained_variance": 0.5051711797714233, "action_std_mean": 0.36782723665237427}
{"step": 144000, "wall_time": 1790079911.9326437, "episodes_completed": 36, "mean_episode_reward": -6.524856699837579, "std_episode_reward": 39.494968510335994, "min_episode_reward": -50.13189697265625, "max_episode_reward": 127.23507690429688, "mean_episode_length": 115.08333333333333, "success_rate": 0.08333333333333333, "collision_rate": 0.9166666666666666, "out_of_bounds_rate": 0.0, "timeout_rate": 0.0, "policy_loss": -0.0008338604384334758, "value_loss": 27.246906757354736, "entropy": 0.8372854143381119, "approx_kl": 0.007979026559041813, "clip_fraction": 0.12365625472739339, "grad_norm": 6.695203900337219, "explained_variance": 0.3718917965888977, "action_std_mean": 0.3676770031452179}
{"step": 152000, "wall_time": 1790079942.532848, "episodes_completed": 31, "mean_episode_reward": -15.474705696105957, "std_episode_reward": 17.3397657586564, "min_episode_reward": -49.83384323120117, "max_episode_reward": 50.60723876953125, "mean_episode_length": 140.67741935483872, "success_rate": 0.03225806451612903, "collision_rate": 0.967741935483871, "out_of_bounds_rate": 0.0, "timeout_rate": 0.0, "policy_loss": -0.0008758292892016017, "value_loss": 18.01087522506714, "entropy": 0.8365265876054764, "approx_kl": 0.004051602416438982, "clip_fraction": 0.06790625164285302, "grad_norm": 4.167176365852356, "explained_variance": 0.3742866516113281, "action_std_mean": 0.36756375432014465}
{"step": 160000, "wall_time": 1790079972.8252695, "episodes_completed": 42, "mean_episode_reward": -5.907298791976202, "std_episode_reward": 24.9349454981304, "min_episode_reward": -50.193790435791016, "max_episode_reward": 59.318790435791016, "mean_episode_length": 102.97619047619048, "success_rate": 0.07142857142857142, "collision_rate": 0.9285714285714286, "out_of_bounds_rate": 0.0, "timeout_rate": 0.0, "policy_loss": -0.0005700053698383112, "value_loss": 34.32962512969971, "entropy": 0.8358483463525772, "approx_kl": 0.0036369026638567448, "clip_fraction": 0.08575000520795584, "grad_norm": 6.44505512714386, "explained_variance": 0.2795035243034363, "action_std_mean": 0.36739614605903625}
{"step": 168000, "wall_time": 1790080002.8449016, "episodes_completed": 44, "mean_episode_reward": -10.93411094492132, "std_episode_reward": 28.269617996413732, "min_episode_reward": -49.91313171386719, "max_episode_reward": 73.53173065185547, "mean_episode_length": 111.86363636363636, "success_rate": 0.06818181818181818, "collision_rate": 0.9318181818181818, "out_of_bounds_rate": 0.0, "timeout_rate": 0.0, "policy_loss": -0.0005662098257308568, "value_loss": 30.13252353668213, "entropy": 0.8347908854484558, "approx_kl": 0.0022770209470763803, "clip_fraction": 0.043625000631436706, "grad_norm": 4.367322027683258, "explained_variance": 0.328633189201355, "action_std_mean": 0.3671615719795227}
{"step": 176000, "wall_time": 1790080033.0736003, "episodes_completed": 36, "mean_episode_reward": -8.551991217666203, "std_episode_reward": 26.12982334592512, "min_episode_reward": -28.622325897216797, "max_episode_reward": 80.98054504394531, "mean_episode_length": 132.38888888888889, "success_rate": 0.05555555555555555, "collision_rate": 0.9166666666666666, "out_of_bounds_rate": 0.0, "timeout_rate": 0.027777777777777776, "policy_loss": -0.0009758714764613874, "value_loss": 23.073020935058594, "entropy": 0.833659440279007, "approx_kl": 0.004526740813162178, "clip_fraction": 0.08528125527664088, "grad_norm": 6.104710400104523, "explained_variance": 0.41183918714523315, "action_std_mean": 0.3670504093170166}
{"step": 184000, "wall_time": 1790080063.1696815, "episodes_completed": 26, "mean_episode_reward": -2.093219903799204, "std_episode_reward": 38.357657834593276, "min_episode_reward": -50.02392578125, "max_episode_reward": 111.78166961669922, "mean_episode_length": 138.57692307692307, "success_rate": 0.11538461538461539, "collision_rate": 0.8846153846153846, "out_of_bounds_rate": 0.0, "timeout_rate": 0.0, "policy_loss": 7.750129826344931e-05, "value_loss": 23.69458770751953, "entropy": 0.8332460075616837, "approx_kl": 0.002488420024747029, "clip_fraction": 0.0460625016130507, "grad_norm": 12.659120321273804, "explained_variance": 0.49423855543136597, "action_std_mean": 0.3669742941856384}
{"step": 192000, "wall_time": 1790080092.9268887, "episodes_completed": 50, "mean_episode_reward": -13.424967002868652, "std_episode_reward": 24.67298220901558, "min_episode_reward": -50.20170593261719, "max_episode_reward": 62.95904541015625, "mean_episode_length": 98.26, "success_rate": 0.04, "collision_rate": 0.96, "out_of_bounds_rate": 0.0, "timeout_rate": 0.0, "policy_loss": -0.0007182570053847481, "value_loss": 32.52448844909668, "entropy": 0.8328852504491806, "approx_kl": 0.0009561095284880139, "clip_fraction": 0.02815625141374767, "grad_norm": 6.250793099403381, "explained_variance": 0.32559025287628174, "action_std_mean": 0.3669731020927429}
{"step": 200000, "wall_time": 1790080122.7796419, "episodes_completed": 30, "mean_episode_reward": -1.319741153717041, "std_episode_reward": 38.45956478028121, "min_episode_reward": -50.38971710205078, "max_episode_reward": 128.3895263671875, "mean_episode_length": 164.63333333333333, "success_rate": 0.1, "collision_rate": 0.9, "out_of_bounds_rate": 0.0, "timeout_rate": 0.0, "policy_loss": -0.00026223350764476017, "value_loss": 26.407204627990723, "entropy": 0.8329533338546753, "approx_kl": 0.00276222825050354, "clip_fraction": 0.06550000328570604, "grad_norm": 8.763657808303833, "explained_variance": 0.41489267349243164, "action_std_mean": 0.366956889629364}
{"step": 208000, "wall_time": 1790080153.0346003, "episodes_completed": 38, "mean_episode_reward": -5.276878131063361, "std_episode_reward": 36.30288441447614, "min_episode_reward": -50.186683654785156, "max_episode_reward": 109.7284927368164, "mean_episode_length": 136.05263157894737, "success_rate": 0.07894736842105263, "collision_rate": 0.9210526315789473, "out_of_bounds_rate": 0.0, "timeout_rate": 0.0, "policy_loss": -8.554268008442723e-05, "value_loss": 29.41005563735962, "entropy": 0.8327973484992981, "approx_kl": 0.0023279847227968276, "clip_fraction": 0.06793750170618296, "grad_norm": 14.433687210083008, "explained_variance": 0.43600332736968994, "action_std_mean": 0.3669264316558838}
{"step": 216000, "wall_time": 1790080183.461104, "episodes_completed": 47, "mean_episode_reward": -13.649316584810297, "std_episode_reward": 22.73428530273693, "min_episode_reward": -50.5085563659668, "max_episode_reward": 66.69951629638672, "mean_episode_length": 98.76595744680851, "success_rate": 0.0425531914893617, "collision_rate": 0.9574468085106383, "out_of_bounds_rate": 0.0, "timeout_rate": 0.0, "policy_loss": -0.00037778855377107456, "value_loss": 32.78729820251465, "entropy": 0.8326594829559326, "approx_kl": 0.0016980197506200057, "clip_fraction": 0.0507500033127144, "grad_norm": 6.7153202295303345, "explained_variance": 0.34825968742370605, "action_std_mean": 0.3669150173664093}
{"step": 224000, "wall_time": 1790080214.0528924, "episodes_completed": 43, "mean_episode_reward": -6.902561986169149, "std_episode_reward": 25.9001107145458, "min_episode_reward": -28.3483943939209, "max_episode_reward": 85.67726135253906, "mean_episode_length": 95.55813953488372, "success_rate": 0.06976744186046512, "collision_rate": 0.9302325581395349, "out_of_bounds_rate": 0.0, "timeout_rate": 0.0, "policy_loss": -0.0009928284226916606, "value_loss": 33.33136558532715, "entropy": 0.8325498104095459, "approx_kl": 0.0012837628310080618, "clip_fraction": 0.022125001589301974, "grad_norm": 11.519528865814209, "explained_variance": 0.36242735385894775, "action_std_mean": 0.36686187982559204}
{"step": 232000, "wall_time": 1790080243.9973373, "episodes_completed": 35, "mean_episode_reward": -13.723958384990691, "std_episode_reward": 25.141245475473053, "min_episode_reward": -50.172813415527344, "max_episode_reward": 99.72015380859375, "mean_episode_length": 121.54285714285714, "success_rate": 0.02857142857142857, "collision_rate": 0.9428571428571428, "out_of_bounds_rate": 0.0, "timeout_rate": 0.02857142857142857, "policy_loss": -0.0003742599656106904, "value_loss": 23.81565570831299, "entropy": 0.8323066085577011, "approx_kl": 0.003508943016640842, "clip_fraction": 0.0839375052601099, "grad_norm": 11.488247632980347, "explained_variance": 0.39576858282089233, "action_std_mean": 0.3668645918369293}
{"step": 240000, "wall_time": 1790080273.9422355, "episodes_completed": 35, "mean_episode_reward": -11.086508560180665, "std_episode_reward": 29.103606165304456, "min_episode_reward": -50.023555755615234, "max_episode_reward": 93.86331176757812, "mean_episode_length": 104.74285714285715, "success_rate": 0.02857142857142857, "collision_rate": 0.9714285714285714, "out_of_bounds_rate": 0.0, "timeout_rate": 0.0, "policy_loss": 0.0005987315346719924, "value_loss": 24.140892028808594, "entropy": 0.832318440079689, "approx_kl": 0.00538253877311945, "clip_fraction": 0.11965625360608101, "grad_norm": 16.711485862731934, "explained_variance": 0.41920173168182373, "action_std_mean": 0.36682432889938354}
{"step": 248000, "wall_time": 1790080304.5286472, "episodes_completed": 34, "mean_episode_reward": -6.168852388858795, "std_episode_reward": 31.52665091599448, "min_episode_reward": -49.65130615234375, "max_episode_reward": 79.09266662597656, "mean_episode_length": 131.94117647058823, "success_rate": 0.058823529411764705, "collision_rate": 0.9117647058823529, "out_of_bounds_rate": 0.0, "timeout_rate": 0.029411764705882353, "policy_loss": 0.0006578483874910002, "value_loss": 21.623125553131104, "entropy": 0.8320475816726685, "approx_kl": 0.0032901345402933657, "clip_fraction": 0.13618750497698784, "grad_norm": 10.22789716720581, "explained_variance": 0.49831199645996094, "action_std_mean": 0.36679866909980774}
{"step": 256000, "wall_time": 1790080335.708224, "episodes_completed": 39, "mean_episode_reward": -1.9755239486694336, "std_episode_reward": 34.44682231460045, "min_episode_reward": -49.860107421875, "max_episode_reward": 81.16226959228516, "mean_episode_length": 92.51282051282051, "success_rate": 0.15384615384615385, "collision_rate": 0.8461538461538461, "out_of_bounds_rate": 0.0, "timeout_rate": 0.0, "policy_loss": 0.0009759879690828255, "value_loss": 35.29088497161865, "entropy": 0.8319553732872009, "approx_kl": 0.005897360038943589, "clip_fraction": 0.12406250834465027, "grad_norm": 8.782986998558044, "explained_variance": 0.3932141065597534, "action_std_mean": 0.3667788505554199}
{"step": 264000, "wall_time": 1790080366.6024044, "episodes_completed": 42, "mean_episode_reward": -8.434233720236946, "std_episode_reward": 32.25283004119806, "min_episode_reward": -50.24378204345703, "max_episode_reward": 60.827239990234375, "mean_episode_length": 124.78571428571429, "success_rate": 0.07142857142857142, "collision_rate": 0.9047619047619048, "out_of_bounds_rate": 0.0, "timeout_rate": 0.023809523809523808, "policy_loss": 0.00023170755594037473, "value_loss": 32.419342041015625, "entropy": 0.8317252099514008, "approx_kl": 0.006801239680498838, "clip_fraction": 0.11550000309944153, "grad_norm": 16.505690574645996, "explained_variance": 0.4175299406051636, "action_std_mean": 0.3666846752166748}
{"step": 272000, "wall_time": 1790080396.0490806, "episodes_completed": 35, "mean_episode_reward": -3.4096366337367465, "std_episode_reward": 30.416899597753225, "min_episode_reward": -49.770774841308594, "max_episode_reward": 94.634033203125, "mean_episode_length": 108.54285714285714, "success_rate": 0.08571428571428572, "collision_rate": 0.9142857142857143, "out_of_bounds_rate": 0.0, "timeout_rate": 0.0, "policy_loss": 0.00137443407194221, "value_loss": 27.72585916519165, "entropy": 0.8310614675283432, "approx_kl": 0.00451041164342314, "clip_fraction": 0.12890625558793545, "grad_norm": 12.565243005752563, "explained_variance": 0.4422864317893982, "action_std_mean": 0.36651545763015747}
{"step": 280000, "wall_time": 1790080426.3020828, "episodes_completed": 47, "mean_episode_reward": -2.784991365797976, "std_episode_reward": 31.03956779128975, "min_episode_reward": -49.701446533203125, "max_episode_reward": 85.99928283691406, "mean_episode_length": 112.06382978723404, "success_rate": 0.1276595744680851, "collision_rate": 0.8723404255319149, "out_of_bounds_rate": 0.0, "timeout_rate": 0.0, "policy_loss": 1.0291810012774683e-05, "value_loss": 39.9348258972168, "entropy": 0.830126166343689, "approx_kl": 0.004698602977441624, "clip_fraction": 0.11740625416859984, "grad_norm": 39.95703601837158, "explained_variance": 0.32417166233062744, "action_std_mean": 0.3663666248321533}
{"step": 288000, "wall_time": 1790080455.9132578, "episodes_completed": 40, "mean_episode_reward": -10.980869674682618, "std_episode_reward": 34.52383245378377, "min_episode_reward": -50.170650482177734, "max_episode_reward": 97.27438354492188, "mean_episode_length": 92.425, "success_rate": 0.075, "collision_rate": 0.925, "out_of_bounds_rate": 0.0, "timeout_rate": 0.0, "policy_loss": -0.00039195349847398475, "value_loss": 26.255146980285645, "entropy": 0.8293405026197433, "approx_kl": 0.002967198030091822, "clip_fraction": 0.08775000274181366, "grad_norm": 18.17096447944641, "explained_variance": 0.4255962371826172, "action_std_mean": 0.3662256598472595}
{"step": 296000, "wall_time": 1790080486.513522, "episodes_completed": 56, "mean_episode_reward": -4.967168092727661, "std_episode_reward": 40.41496453307171, "min_episode_reward": -50.10005187988281, "max_episode_reward": 155.90158081054688, "mean_episode_length": 100.64285714285714, "success_rate": 0.08928571428571429, "collision_rate": 0.9107142857142857, "out_of_bounds_rate": 0.0, "timeout_rate": 0.0, "policy_loss": -0.00034391787915954986, "value_loss": 39.55259418487549, "entropy": 0.8286122679710388, "approx_kl": 0.0047151578473858535, "clip_fraction": 0.10375000815838575, "grad_norm": 25.767457962036133, "explained_variance": 0.43926161527633667, "action_std_mean": 0.36611032485961914}
{"step": 304000, "wall_time": 1790080516.8085656, "episodes_completed": 56, "mean_episode_reward": -6.701623537710735, "std_episode_reward": 27.452222799074455, "min_episode_reward": -50.12080001831055, "max_episode_reward": 77.08584594726562, "mean_episode_length": 99.17857142857143, "success_rate": 0.03571428571428571, "collision_rate": 0.9464285714285714, "out_of_bounds_rate": 0.0, "timeout_rate": 0.017857142857142856, "policy_loss": 0.0003423700400162488, "value_loss": 40.382811546325684, "entropy": 0.8279864192008972, "approx_kl": 0.0042658166494220495, "clip_fraction": 0.0983750019222498, "grad_norm": 24.80788230895996, "explained_variance": 0.3833072781562805, "action_std_mean": 0.36599618196487427}
{"step": 312000, "wall_time": 1790080547.0866852, "episodes_completed": 56, "mean_episode_reward": -12.527577093669347, "std_episode_reward": 27.34015659086747, "min_episode_reward": -50.20796203613281, "max_episode_reward": 71.96957397460938, "mean_episode_length": 71.91071428571429, "success_rate": 0.05357142857142857, "collision_rate": 0.9464285714285714, "out_of_bounds_rate": 0.0, "timeout_rate": 0.0, "policy_loss": -0.00020515733351933463, "value_loss": 34.40412425994873, "entropy": 0.8274703919887543, "approx_kl": 0.00413180683972314, "clip_fraction": 0.09112500306218863, "grad_norm": 16.81836497783661, "explained_variance": 0.40802520513534546, "action_std_mean": 0.36594489216804504}
{"step": 320000, "wall_time": 1790080578.1922874, "episodes_completed": 54, "mean_episode_reward": -13.000247372521294, "std_episode_reward": 24.14922070158143, "min_episode_reward": -50.22690963745117, "max_episode_reward": 66.9190673828125, "mean_episode_length": 88.72222222222223, "success_rate": 0.037037037037037035, "collision_rate": 0.9629629629629629, "out_of_bounds_rate": 0.0, "timeout_rate": 0.0, "policy_loss": -0.0013517704948318165, "value_loss": 36.749216079711914, "entropy": 0.8271681666374207, "approx_kl": 0.002444938523694873, "clip_fraction": 0.07778125442564487, "grad_norm": 14.8566415309906, "explained_variance": 0.3289881944656372, "action_std_mean": 0.36583566665649414}
{"step": 328000, "wall_time": 1790080608.607847, "episodes_completed": 45, "mean_episode_reward": -6.689432038201226, "std_episode_reward": 36.21460646983068, "min_episode_reward": -50.02470779418945, "max_episode_reward": 129.35511779785156, "mean_episode_length": 110.06666666666666, "success_rate": 0.06666666666666667, "collision_rate": 0.9333333333333333, "out_of_bounds_rate": 0.0, "timeout_rate": 0.0, "policy_loss": -0.0008153176633058923, "value_loss": 33.476725578308105, "entropy": 0.8263766765594482, "approx_kl": 0.006223004078492522, "clip_fraction": 0.1257187556475401, "grad_norm": 14.862625122070312, "explained_variance": 0.5191233158111572, "action_std_mean": 0.3656546473503113}
{"step": 336000, "wall_time": 1790080639.1958447, "episodes_completed": 53, "mean_episode_reward": -11.888886469715047, "std_episode_reward": 20.631230055761968, "min_episode_reward": -49.875938415527344, "max_episode_reward": 54.41207504272461, "mean_episode_length": 84.43396226415095, "success_rate": 0.03773584905660377, "collision_rate": 0.9622641509433962, "out_of_bounds_rate": 0.0, "timeout_rate": 0.0, "policy_loss": -0.0008394174673012345, "value_loss": 31.671607494354248, "entropy": 0.8253389447927475, "approx_kl": 0.003235038078855723, "clip_fraction": 0.06740625388920307, "grad_norm": 12.279358506202698, "explained_variance": 0.4885895848274231, "action_std_mean": 0.36545002460479736}
{"step": 344000, "wall_time": 1790080669.2163181, "episodes_completed": 43, "mean_episode_reward": -1.186790665914846, "std_episode_reward": 33.64249945513018, "min_episode_reward": -50.19782257080078, "max_episode_reward": 61.05961608886719, "mean_episode_length": 93.62790697674419, "success_rate": 0.16279069767441862, "collision_rate": 0.8372093023255814, "out_of_bounds_rate": 0.0, "timeout_rate": 0.0, "policy_loss": 0.0016762162065133701, "value_loss": 38.21639633178711, "entropy": 0.824227511882782, "approx_kl": 0.013037688797339797, "clip_fraction": 0.21293751150369644, "grad_norm": 36.28460121154785, "explained_variance": 0.4168102741241455, "action_std_mean": 0.3652675449848175}
{"step": 352000, "wall_time": 1790080699.1934798, "episodes_completed": 57, "mean_episode_reward": -8.618370859246506, "std_episode_reward": 27.699129535388426, "min_episode_reward": -50.19458770751953, "max_episode_reward": 88.86366271972656, "mean_episode_length": 80.3859649122807, "success_rate": 0.10526315789473684, "collision_rate": 0.8947368421052632, "out_of_bounds_rate": 0.0, "timeout_rate": 0.0, "policy_loss": 0.002211259502335361, "value_loss": 40.86290168762207, "entropy": 0.8232589811086655, "approx_kl": 0.004837296437472105, "clip_fraction": 0.11768750473856926, "grad_norm": 12.042339563369751, "explained_variance": 0.41483861207962036, "action_std_mean": 0.3650772273540497}
{"step": 360000, "wall_time": 1790080728.757759, "episodes_completed": 48, "mean_episode_reward": -6.744006196657817, "std_episode_reward": 30.62746582173545, "min_episode_reward": -50.21570587158203, "max_episode_reward": 80.44151306152344, "mean_episode_length": 82.83333333333333, "success_rate": 0.10416666666666667, "collision_rate": 0.8958333333333334, "out_of_bounds_rate": 0.0, "timeout_rate": 0.0, "policy_loss": 0.0005851989093936805, "value_loss": 36.732863426208496, "entropy": 0.8221888095140457, "approx_kl": 0.003260459838202223, "clip_fraction": 0.0778750004246831, "grad_norm": 21.42830514907837, "explained_variance": 0.42266392707824707, "action_std_mean": 0.3648884892463684}
{"step": 368000, "wall_time": 1790080758.9674685, "episodes_completed": 41, "mean_episode_reward": -8.730465982018448, "std_episode_reward": 36.704391120946084, "min_episode_reward": -50.27457046508789, "max_episode_reward": 85.50273132324219, "mean_episode_length": 63.51219512195122, "success_rate": 0.12195121951219512, "collision_rate": 0.8780487804878049, "out_of_bounds_rate": 0.0, "timeout_rate": 0.0, "policy_loss": 0.000542021062690759, "value_loss": 32.08683204650879, "entropy": 0.821292981505394, "approx_kl": 0.004469424020498991, "clip_fraction": 0.07062500156462193, "grad_norm": 23.146503686904907, "explained_variance": 0.4346892237663269, "action_std_mean": 0.3647874593734741}
{"step": 376000, "wall_time": 1790080789.2737882, "episodes_completed": 52, "mean_episode_reward": -9.640681984332891, "std_episode_reward": 27.048769453834364, "min_episode_reward": -49.794586181640625, "max_episode_reward": 64.39112854003906, "mean_episode_length": 91.6923076923077, "success_rate": 0.11538461538461539, "collision_rate": 0.8461538461538461, "out_of_bounds_rate": 0.0, "timeout_rate": 0.038461538461538464, "policy_loss": -0.0006051245114359061, "value_loss": 34.92787837982178, "entropy": 0.8207992762327194, "approx_kl": 0.004132144502364099, "clip_fraction": 0.08540625544264913, "grad_norm": 18.941802501678467, "explained_variance": 0.4191504120826721, "action_std_mean": 0.36467301845550537}
{"step": 384000, "wall_time": 1790080819.8527546, "episodes_completed": 41, "mean_episode_reward": 2.945184381996713, "std_episode_reward": 35.95996545901559, "min_episode_reward": -25.597572326660156, "max_episode_reward": 108.25776672363281, "mean_episode_length": 116.73170731707317, "success_rate": 0.14634146341463414, "collision_rate": 0.8536585365853658, "out_of_bounds_rate": 0.0, "timeout_rate": 0.0, "policy_loss": 0.0004360623388786067, "value_loss": 39.453763008117676, "entropy": 0.8201764672994614, "approx_kl": 0.004151595989242196, "clip_fraction": 0.12209375947713852, "grad_norm": 49.77280807495117, "explained_variance": 0.44974613189697266, "action_std_mean": 0.36459264159202576}
{"step": 392000, "wall_time": 1790080850.7073917, "episodes_completed": 49, "mean_episode_reward": -3.4058634699607384, "std_episode_reward": 31.02169163466159, "min_episode_reward": -50.01914596557617, "max_episode_reward": 111.24650573730469, "mean_episode_length": 107.14285714285714, "success_rate": 0.04081632653061224, "collision_rate": 0.9591836734693877, "out_of_bounds_rate": 0.0, "timeout_rate": 0.0, "policy_loss": 0.002038231049897199, "value_loss": 34.37425136566162, "entropy": 0.8198074400424957, "approx_kl": 0.0046464260667562485, "clip_fraction": 0.1158750057220459, "grad_norm": 44.99456024169922, "explained_variance": 0.5250591039657593, "action_std_mean": 0.36452794075012207}
{"step": 400000, "wall_time": 1790080880.4455998, "episodes_completed": 36, "mean_episode_reward": -9.212732950846354, "std_episode_reward": 28.467613099878232, "min_episode_reward": -49.88933563232422, "max_episode_reward": 64.21614074707031, "mean_episode_length": 116.38888888888889, "success_rate": 0.08333333333333333, "collision_rate": 0.9166666666666666, "out_of_bounds_rate": 0.0, "timeout_rate": 0.0, "policy_loss": 0.00045735453986006647, "value_loss": 28.931944370269775, "entropy": 0.8193312585353851, "approx_kl": 0.002989160595461726, "clip_fraction": 0.07818750198930502, "grad_norm": 18.317628622055054, "explained_variance": 0.49695152044296265, "action_std_mean": 0.36439836025238037}
{"step": 408000, "wall_time": 1790080911.255244, "episodes_completed": 43, "mean_episode_reward": 4.064185430837232, "std_episode_reward": 32.7298078495873, "min_episode_reward": -49.84403991699219, "max_episode_reward": 105.40342712402344, "mean_episode_length": 134.37209302325581, "success_rate": 0.13953488372093023, "collision_rate": 0.8604651162790697, "out_of_bounds_rate": 0.0, "timeout_rate": 0.0, "policy_loss": -3.8523792027178594e-05, "value_loss": 40.63677787780762, "entropy": 0.818693682551384, "approx_kl": 0.003775395278353244, "clip_fraction": 0.06800000462681055, "grad_norm": 21.603485107421875, "explained_variance": 0.3849882483482361, "action_std_mean": 0.36434948444366455}
{"step": 416000, "wall_time": 1790080941.4330363, "episodes_completed": 56, "mean_episode_reward": -4.7695655311856955, "std_episode_reward": 34.83530388119578, "min_episode_reward": -50.13291931152344, "max_episode_reward": 92.3086929321289, "mean_episode_length": 100.26785714285714, "success_rate": 0.125, "collision_rate": 0.875, "out_of_bounds_rate": 0.0, "timeout_rate": 0.0, "policy_loss": 0.00180781943397601, "value_loss": 40.76204586029053, "entropy": 0.8186644315719604, "approx_kl": 0.008022731402888894, "clip_fraction": 0.15400000661611557, "grad_norm": 38.9254093170166, "explained_variance": 0.48615187406539917, "action_std_mean": 0.36439257860183716}
{"step": 424000, "wall_time": 1790080971.3013036, "episodes_completed": 46, "mean_episode_reward": -8.856458788332732, "std_episode_reward": 27.72864072020721, "min_episode_reward": -49.861167907714844, "max_episode_reward": 80.02734375, "mean_episode_length": 103.26086956521739, "success_rate": 0.08695652173913043, "collision_rate": 0.9130434782608695, "out_of_bounds_rate": 0.0, "timeout_rate": 0.0, "policy_loss": 0.0015040096073646314, "value_loss": 31.166582584381104, "entropy": 0.8188610523939133, "approx_kl": 0.006884917034767568, "clip_fraction": 0.1190937552601099, "grad_norm": 33.968019008636475, "explained_variance": 0.5487765669822693, "action_std_mean": 0.3644053339958191}
{"step": 432000, "wall_time": 1790081001.6954517, "episodes_completed": 39, "mean_episode_reward": 0.5617569898947691, "std_episode_reward": 38.75178057162598, "min_episode_reward": -49.95824432373047, "max_episode_reward": 88.85926055908203, "mean_episode_length": 116.38461538461539, "success_rate": 0.15384615384615385, "collision_rate": 0.8461538461538461, "out_of_bounds_rate": 0.0, "timeout_rate": 0.0, "policy_loss": -0.0005169930703123327, "value_loss": 34.53623580932617, "entropy": 0.8186079859733582, "approx_kl": 0.005156973376870155, "clip_fraction": 0.09790625609457493, "grad_norm": 24.863356113433838, "explained_variance": 0.5031609535217285, "action_std_mean": 0.3642207980155945}
{"step": 440000, "wall_time": 1790081032.2856631, "episodes_completed": 41, "mean_episode_reward": -0.3258421828107136, "std_episode_reward": 36.03709652371285, "min_episode_reward": -50.228240966796875, "max_episode_reward": 98.53439331054688, "mean_episode_length": 105.1219512195122, "success_rate": 0.14634146341463414, "collision_rate": 0.8536585365853658, "out_of_bounds_rate": 0.0, "timeout_rate": 0.0, "policy_loss": 0.0011965513739269351, "value_loss": 34.24115467071533, "entropy": 0.8173537999391556, "approx_kl": 0.004302630841266364, "clip_fraction": 0.08196875546127558, "grad_norm": 40.32787275314331, "explained_variance": 0.4922066926956177, "action_std_mean": 0.36397862434387207}
{"step": 448000, "wall_time": 1790081063.0956728, "episodes_completed": 36, "mean_episode_reward": -4.132896423339844, "std_episode_reward": 33.687386358441096, "min_episode_reward": -50.16493606567383, "max_episode_reward": 112.435546875, "mean_episode_length": 108.38888888888889, "success_rate": 0.1111111111111111, "collision_rate": 0.8888888888888888, "out_of_bounds_rate": 0.0, "timeout_rate": 0.0, "policy_loss": 0.0014096403330332574, "value_loss": 29.237845420837402, "entropy": 0.8161835968494415, "approx_kl": 0.005300804128637537, "clip_fraction": 0.13184375828132033, "grad_norm": 62.99276876449585, "explained_variance": 0.5459867119789124, "action_std_mean": 0.3638231158256531}
{"step": 456000, "wall_time": 1790081094.2836583, "episodes_completed": 67, "mean_episode_reward": -5.587872391316428, "std_episode_reward": 34.809794147212536, "min_episode_reward": -50.39161682128906, "max_episode_reward": 82.41819763183594, "mean_episode_length": 90.67164179104478, "success_rate": 0.16417910447761194, "collision_rate": 0.835820895522388, "out_of_bounds_rate": 0.0, "timeout_rate": 0.0, "policy_loss": 0.003271779314149126, "value_loss": 48.14392280578613, "entropy": 0.8154126703739166, "approx_kl": 0.0061808673199266195, "clip_fraction": 0.12593750655651093, "grad_norm": 75.66006088256836, "explained_variance": 0.4826067090034485, "action_std_mean": 0.3636864423751831}
{"step": 464000, "wall_time": 1790081125.079024, "episodes_completed": 38, "mean_episode_reward": -2.4856080005043433, "std_episode_reward": 34.83320803293394, "min_episode_reward": -49.77069091796875, "max_episode_reward": 100.66584014892578, "mean_episode_length": 119.55263157894737, "success_rate": 0.15789473684210525, "collision_rate": 0.8421052631578947, "out_of_bounds_rate": 0.0, "timeout_rate": 0.0, "policy_loss": 0.00040531613715577564, "value_loss": 27.91806983947754, "entropy": 0.8147937953472137, "approx_kl": 0.0030419753238675185, "clip_fraction": 0.058281252859160304, "grad_norm": 40.27176833152771, "explained_variance": 0.6149681806564331, "action_std_mean": 0.36363568902015686}
{"step": 472000, "wall_time": 1790081155.6370587, "episodes_completed": 31, "mean_episode_reward": 2.0515559104181107, "std_episode_reward": 34.46657133307332, "min_episode_reward": -50.30704116821289, "max_episode_reward": 91.31774139404297, "mean_episode_length": 159.19354838709677, "success_rate": 0.1935483870967742, "collision_rate": 0.8064516129032258, "out_of_bounds_rate": 0.0, "timeout_rate": 0.0, "policy_loss": 0.0006166582383447805, "value_loss": 27.430498123168945, "entropy": 0.8145617246627808, "approx_kl": 0.004560400499030948, "clip_fraction": 0.08850000239908695, "grad_norm": 39.449951171875, "explained_variance": 0.6082049608230591, "action_std_mean": 0.36359238624572754}
{"step": 480000, "wall_time": 1790081185.9951491, "episodes_completed": 67, "mean_episode_reward": -5.600843329927814, "std_episode_reward": 31.296066616399784, "min_episode_reward": -50.18265914916992, "max_episode_reward": 78.15391540527344, "mean_episode_length": 83.19402985074628, "success_rate": 0.13432835820895522, "collision_rate": 0.8656716417910447, "out_of_bounds_rate": 0.0, "timeout_rate": 0.0, "policy_loss": 0.0004918513552984449, "value_loss": 41.2401065826416, "entropy": 0.8143375217914581, "approx_kl": 0.00384391748229973, "clip_fraction": 0.08443750254809856, "grad_norm": 41.06699848175049, "explained_variance": 0.541911780834198, "action_std_mean": 0.3635656237602234}
{"step": 488000, "wall_time": 1790081216.2194834, "episodes_completed": 62, "mean_episode_reward": -6.104306236390145, "std_episode_reward": 26.751193409441196, "min_episode_reward": -49.632686614990234, "max_episode_reward": 73.55855560302734, "mean_episode_length": 96.24193548387096, "success_rate": 0.03225806451612903, "collision_rate": 0.967741935483871, "out_of_bounds_rate": 0.0, "timeout_rate": 0.0, "policy_loss": 0.0033985009985044723, "value_loss": 32.191534996032715, "entropy": 0.8140723705291748, "approx_kl": 0.0048800670192576945, "clip_fraction": 0.10584375634789467, "grad_norm": 76.70017910003662, "explained_variance": 0.6046141982078552, "action_std_mean": 0.36344781517982483}
{"step": 496000, "wall_time": 1790081246.863119, "episodes_completed": 58, "mean_episode_reward": -7.7904016396095015, "std_episode_reward": 29.596959117062163, "min_episode_reward": -49.9141845703125, "max_episode_reward": 68.93821716308594, "mean_episode_length": 89.13793103448276, "success_rate": 0.05172413793103448, "collision_rate": 0.9482758620689655, "out_of_bounds_rate": 0.0, "timeout_rate": 0.0, "policy_loss": 0.00199300490645693, "value_loss": 38.135863304138184, "entropy": 0.8133049011230469, "approx_kl": 0.006981405895203352, "clip_fraction": 0.13109375350177288, "grad_norm": 105.07540512084961, "explained_variance": 0.4428326487541199, "action_std_mean": 0.36330080032348633}
{"step": 504000, "wall_time": 1790081277.234837, "episodes_completed": 58, "mean_episode_reward": -3.3284123026091477, "std_episode_reward": 31.583080073619456, "min_episode_reward": -49.856651306152344, "max_episode_reward": 87.96098327636719, "mean_episode_length": 102.41379310344827, "success_rate": 0.1206896551724138, "collision_rate": 0.8793103448275862, "out_of_bounds_rate": 0.0, "timeout_rate": 0.0, "policy_loss": 0.001208851427305535, "value_loss": 38.91997051239014, "entropy": 0.8124116957187653, "approx_kl": 0.00757424405310303, "clip_fraction": 0.13609375432133675, "grad_norm": 54.654720306396484, "explained_variance": 0.5035024285316467, "action_std_mean": 0.3631051778793335}
{"step": 512000, "wall_time": 1790081307.881738, "episodes_completed": 62, "mean_episode_reward": -9.27031550868865, "std_episode_reward": 31.347295485376275, "min_episode_reward": -50.19783401489258, "max_episode_reward": 106.48898315429688, "mean_episode_length": 79.54838709677419, "success_rate": 0.08064516129032258, "collision_rate": 0.9193548387096774, "out_of_bounds_rate": 0.0, "timeout_rate": 0.0, "policy_loss": 0.006712232727557443, "value_loss": 38.771931648254395, "entropy": 0.81141796708107, "approx_kl": 0.011054657399654388, "clip_fraction": 0.1980312578380108, "grad_norm": 85.48678779602051, "explained_variance": 0.5695441961288452, "action_std_mean": 0.36297014355659485}
{"step": 520000, "wall_time": 1790081338.797995, "episodes_completed": 63, "mean_episode_reward": -4.297109921773274, "std_episode_reward": 26.982950013715683, "min_episode_reward": -50.29375076293945, "max_episode_reward": 76.17756652832031, "mean_episode_length": 81.5079365079365, "success_rate": 0.07936507936507936, "collision_rate": 0.9206349206349206, "out_of_bounds_rate": 0.0, "timeout_rate": 0.0, "policy_loss": 0.006149427790660411, "value_loss": 44.33470344543457, "entropy": 0.8106887340545654, "approx_kl": 0.010365471942350268, "clip_fraction": 0.19118750467896461, "grad_norm": 164.12551498413086, "explained_variance": 0.5706701278686523, "action_std_mean": 0.36280855536460876}
{"step": 528000, "wall_time": 1790081369.1649556, "episodes_completed": 44, "mean_episode_reward": -6.976266449148005, "std_episode_reward": 32.60983825477102, "min_episode_reward": -50.244171142578125, "max_episode_reward": 123.2581787109375, "mean_episode_length": 92.1590909090909, "success_rate": 0.06818181818181818, "collision_rate": 0.9318181818181818, "out_of_bounds_rate": 0.0, "timeout_rate": 0.0, "policy_loss": 0.0034805006110109615, "value_loss": 27.098278522491455, "entropy": 0.8098452687263489, "approx_kl": 0.008843915769830346, "clip_fraction": 0.18978125974535942, "grad_norm": 71.7006139755249, "explained_variance": 0.6496068835258484, "action_std_mean": 0.3627063035964966}
{"step": 536000, "wall_time": 1790081399.3156164, "episodes_completed": 40, "mean_episode_reward": -7.751633143424987, "std_episode_reward": 34.75741007188369, "min_episode_reward": -50.103370666503906, "max_episode_reward": 117.31037902832031, "mean_episode_length": 84.4, "success_rate": 0.125, "collision_rate": 0.875, "out_of_bounds_rate": 0.0, "timeout_rate": 0.0, "policy_loss": 0.0018961144950007114, "value_loss": 30.0975341796875, "entropy": 0.8093226552009583, "approx_kl": 0.005430296063423157, "clip_fraction": 0.11228125356137753, "grad_norm": 75.53916454315186, "explained_variance": 0.47694849967956543, "action_std_mean": 0.36258864402770996}
{"step": 544000, "wall_time": 1790081429.648702, "episodes_completed": 40, "mean_episode_reward": -1.345901322364807, "std_episode_reward": 32.576922223298865, "min_episode_reward": -50.3162841796875, "max_episode_reward": 107.78131103515625, "mean_episode_length": 119.15, "success_rate": 0.1, "collision_rate": 0.9, "out_of_bounds_rate": 0.0, "timeout_rate": 0.0, "policy_loss": 0.0002235384251689787, "value_loss": 31.535069942474365, "entropy": 0.8086155503988266, "approx_kl": 0.004868446849286556, "clip_fraction": 0.09800000302493572, "grad_norm": 82.19913864135742, "explained_variance": 0.6183069944381714, "action_std_mean": 0.3624555468559265}
{"step": 552000, "wall_time": 1790081460.1659734, "episodes_completed": 35, "mean_episode_reward": 9.91521794455392, "std_episode_reward": 41.74503858807913, "min_episode_reward": -50.0499382019043, "max_episode_reward": 110.5087661743164, "mean_episode_length": 122.45714285714286, "success_rate": 0.2571428571428571, "collision_rate": 0.7428571428571429, "out_of_bounds_rate": 0.0, "timeout_rate": 0.0, "policy_loss": 6.390191498195641e-05, "value_loss": 34.55068111419678, "entropy": 0.8080206960439682, "approx_kl": 0.006285848910920322, "clip_fraction": 0.1327812597155571, "grad_norm": 32.47239112854004, "explained_variance": 0.5365998148918152, "action_std_mean": 0.362402081489563}
{"step": 560000, "wall_time": 1790081490.7295492, "episodes_completed": 40, "mean_episode_reward": -5.328578329086303, "std_episode_reward": 38.75440912108337, "min_episode_reward": -50.19291687011719, "max_episode_reward": 100.55255126953125, "mean_episode_length": 99.2, "success_rate": 0.15, "collision_rate": 0.825, "out_of_bounds_rate": 0.0, "timeout_rate": 0.025, "policy_loss": 0.00560367570817466, "value_loss": 28.834689140319824, "entropy": 0.8078580647706985, "approx_kl": 0.01776629500091076, "clip_fraction": 0.23925001546740532, "grad_norm": 126.79986572265625, "explained_variance": 0.6587371826171875, "action_std_mean": 0.36239752173423767}
{"step": 568000, "wall_time": 1790081521.214241, "episodes_completed": 27, "mean_episode_reward": 4.137253867255317, "std_episode_reward": 34.294207221487255, "min_episode_reward": -34.17168045043945, "max_episode_reward": 97.0173110961914, "mean_episode_length": 133.62962962962962, "success_rate": 0.037037037037037035, "collision_rate": 0.9629629629629629, "out_of_bounds_rate": 0.0, "timeout_rate": 0.0, "policy_loss": 0.012572743996977831, "value_loss": 21.366021156311035, "entropy": 0.8079553544521332, "approx_kl": 0.022455357015132904, "clip_fraction": 0.31671876087784767, "grad_norm": 121.84440040588379, "explained_variance": 0.7466422915458679, "action_std_mean": 0.36247384548187256}
{"step": 576000, "wall_time": 1790081551.7869449, "episodes_completed": 33, "mean_episode_reward": -7.981296423709754, "std_episode_reward": 31.924596164201823, "min_episode_reward": -50.0799674987793, "max_episode_reward": 58.18489074707031, "mean_episode_length": 126.9090909090909, "success_rate": 0.15151515151515152, "collision_rate": 0.8484848484848485, "out_of_bounds_rate": 0.0, "timeout_rate": 0.0, "policy_loss": 0.00010902808429091859, "value_loss": 23.77631187438965, "entropy": 0.8085737973451614, "approx_kl": 0.0032689335057511926, "clip_fraction": 0.07228125515393913, "grad_norm": 66.63578033447266, "explained_variance": 0.7109459638595581, "action_std_mean": 0.36263754963874817}
{"step": 584000, "wall_time": 1790081582.3688745, "episodes_completed": 35, "mean_episode_reward": -1.1282470703125, "std_episode_reward": 36.081929727688106, "min_episode_reward": -50.10859298706055, "max_episode_reward": 120.81098175048828, "mean_episode_length": 141.8, "success_rate": 0.08571428571428572, "collision_rate": 0.9142857142857143, "out_of_bounds_rate": 0.0, "timeout_rate": 0.0, "policy_loss": 0.0017091380364727682, "value_loss": 24.056472301483154, "entropy": 0.8094364404678345, "approx_kl": 0.002785405973554589, "clip_fraction": 0.08440625388175249, "grad_norm": 68.35557079315186, "explained_variance": 0.7482593059539795, "action_std_mean": 0.36272644996643066}
{"step": 592000, "wall_time": 1790081612.7199936, "episodes_completed": 60, "mean_episode_reward": -7.2320876280466715, "std_episode_reward": 34.198565017164945, "min_episode_reward": -50.14878463745117, "max_episode_reward": 76.92855834960938, "mean_episode_length": 84.83333333333333, "success_rate": 0.1, "collision_rate": 0.9, "out_of_bounds_rate": 0.0, "timeout_rate": 0.0, "policy_loss": -0.00038821890484541655, "value_loss": 36.338011741638184, "entropy": 0.809677928686142, "approx_kl": 0.00563272915314883, "clip_fraction": 0.11912500113248825, "grad_norm": 64.56007671356201, "explained_variance": 0.6810880899429321, "action_std_mean": 0.36272597312927246}
{"step": 600000, "wall_time": 1790081642.8929286, "episodes_completed": 39, "mean_episode_reward": 5.0005693435668945, "std_episode_reward": 38.70780088074405, "min_episode_reward": -50.24414825439453, "max_episode_reward": 103.55604553222656, "mean_episode_length": 116.58974358974359, "success_rate": 0.1282051282051282, "collision_rate": 0.8717948717948718, "out_of_bounds_rate": 0.0, "timeout_rate": 0.0, "policy_loss": 0.0020376144808254004, "value_loss": 29.016243934631348, "entropy": 0.8095230907201767, "approx_kl": 0.007312262314371765, "clip_fraction": 0.13131250254809856, "grad_norm": 87.26740837097168, "explained_variance": 0.707373857498169, "action_std_mean": 0.36265021562576294}
{"step": 608000, "wall_time": 1790081672.9568138, "episodes_completed": 58, "mean_episode_reward": -14.181166862619333, "std_episode_reward": 32.612468717147564, "min_episode_reward": -50.18647003173828, "max_episode_reward": 107.50146484375, "mean_episode_length": 82.89655172413794, "success_rate": 0.08620689655172414, "collision_rate": 0.9137931034482759, "out_of_bounds_rate": 0.0, "timeout_rate": 0.0, "policy_loss": 0.0012979249468771797, "value_loss": 35.77860736846924, "entropy": 0.8090242147445679, "approx_kl": 0.006276491680182517, "clip_fraction": 0.11646875366568565, "grad_norm": 109.781081199646, "explained_variance": 0.6851357221603394, "action_std_mean": 0.3625500202178955}
{"step": 616000, "wall_time": 1790081703.755535, "episodes_completed": 48, "mean_episode_reward": 1.9508352677027385, "std_episode_reward": 41.06666767393807, "min_episode_reward": -50.06070327758789, "max_episode_reward": 107.41490936279297, "mean_episode_length": 116.875, "success_rate": 0.16666666666666666, "collision_rate": 0.8333333333333334, "out_of_bounds_rate": 0.0, "timeout_rate": 0.0, "policy_loss": 0.010588457807898521, "value_loss": 40.405622482299805, "entropy": 0.8084252178668976, "approx_kl": 0.02257984783500433, "clip_fraction": 0.23221876472234726, "grad_norm": 156.41725063323975, "explained_variance": 0.6324449777603149, "action_std_mean": 0.36241716146469116}
{"step": 624000, "wall_time": 1790081734.3116424, "episodes_completed": 34, "mean_episode_reward": -3.808124345891616, "std_episode_reward": 33.59890358274432, "min_episode_reward": -49.93571853637695, "max_episode_reward": 115.38285827636719, "mean_episode_length": 125.67647058823529, "success_rate": 0.08823529411764706, "collision_rate": 0.9117647058823529, "out_of_bounds_rate": 0.0, "timeout_rate": 0.0, "policy_loss": 0.009856956578558673, "value_loss": 25.363617420196533, "entropy": 0.8075511604547501, "approx_kl": 0.02618950977921486, "clip_fraction": 0.29771876335144043, "grad_norm": 172.07531547546387, "explained_variance": 0.7502453923225403, "action_std_mean": 0.3622087836265564}
{"step": 632000, "wall_time": 1790081764.4481041, "episodes_completed": 37, "mean_episode_reward": -1.561466139716071, "std_episode_reward": 32.61911589632707, "min_episode_reward": -50.110469818115234, "max_episode_reward": 75.53853607177734, "mean_episode_length": 119.45945945945945, "success_rate": 0.13513513513513514, "collision_rate": 0.8648648648648649, "out_of_bounds_rate": 0.0, "timeout_rate": 0.0, "policy_loss": 0.0017257903416175169, "value_loss": 27.888371467590332, "entropy": 0.8063796162605286, "approx_kl": 0.006270393147133291, "clip_fraction": 0.13475000858306885, "grad_norm": 97.87786769866943, "explained_variance": 0.6682401895523071, "action_std_mean": 0.36200451850891113}
{"step": 640000, "wall_time": 1790081794.77775, "episodes_completed": 30, "mean_episode_reward": -5.06137310663859, "std_episode_reward": 26.957772478216206, "min_episode_reward": -50.001373291015625, "max_episode_reward": 58.549407958984375, "mean_episode_length": 137.23333333333332, "success_rate": 0.06666666666666667, "collision_rate": 0.9333333333333333, "out_of_bounds_rate": 0.0, "timeout_rate": 0.0, "policy_loss": 0.0011800403881352395, "value_loss": 27.186540126800537, "entropy": 0.8053683042526245, "approx_kl": 0.0021254248276818544, "clip_fraction": 0.05112500116229057, "grad_norm": 63.24466323852539, "explained_variance": 0.6922339200973511, "action_std_mean": 0.36185795068740845}
{"step": 648000, "wall_time": 1790081825.540282, "episodes_completed": 39, "mean_episode_reward": 0.5879040008936173, "std_episode_reward": 36.31427272964792, "min_episode_reward": -50.0494270324707, "max_episode_reward": 156.3113555908203, "mean_episode_length": 133.66666666666666, "success_rate": 0.10256410256410256, "collision_rate": 0.8974358974358975, "out_of_bounds_rate": 0.0, "timeout_rate": 0.0, "policy_loss": -0.0002641611567232305, "value_loss": 26.91425657272339, "entropy": 0.8045557141304016, "approx_kl": 0.0031311330676544458, "clip_fraction": 0.08281250391155481, "grad_norm": 62.804198265075684, "explained_variance": 0.6806730031967163, "action_std_mean": 0.36169618368148804}
{"step": 656000, "wall_time": 1790081856.0659544, "episodes_completed": 40, "mean_episode_reward": -1.9580362558364868, "std_episode_reward": 32.44770103686707, "min_episode_reward": -49.8683967590332, "max_episode_reward": 84.94696044921875, "mean_episode_length": 96.875, "success_rate": 0.1, "collision_rate": 0.9, "out_of_bounds_rate": 0.0, "timeout_rate": 0.0, "policy_loss": 0.000618720104685222, "value_loss": 26.54688549041748, "entropy": 0.8036199808120728, "approx_kl": 0.004833799961488694, "clip_fraction": 0.08062500413507223, "grad_norm": 63.28908634185791, "explained_variance": 0.7028659582138062, "action_std_mean": 0.3615334630012512}
{"step": 664000, "wall_time": 1790081885.7355955, "episodes_completed": 35, "mean_episode_reward": -1.253326075417655, "std_episode_reward": 37.559077678759515, "min_episode_reward": -49.82461166381836, "max_episode_reward": 114.78684997558594, "mean_episode_length": 156.4857142857143, "success_rate": 0.11428571428571428, "collision_rate": 0.8571428571428571, "out_of_bounds_rate": 0.0, "timeout_rate": 0.02857142857142857, "policy_loss": 0.001474913617130369, "value_loss": 25.00083637237549, "entropy": 0.8027941286563873, "approx_kl": 0.005374115542508662, "clip_fraction": 0.11225000396370888, "grad_norm": 62.28745651245117, "explained_variance": 0.7455374002456665, "action_std_mean": 0.36139652132987976}
{"step": 672000, "wall_time": 1790081915.8090806, "episodes_completed": 35, "mean_episode_reward": 2.8496780395507812, "std_episode_reward": 42.60459798286397, "min_episode_reward": -50.08428192138672, "max_episode_reward": 93.17443084716797, "mean_episode_length": 119.02857142857142, "success_rate": 0.22857142857142856, "collision_rate": 0.7714285714285715, "out_of_bounds_rate": 0.0, "timeout_rate": 0.0, "policy_loss": -0.0002448550645919312, "value_loss": 26.08219623565674, "entropy": 0.8020910918712616, "approx_kl": 0.002334643271751702, "clip_fraction": 0.05328125320374966, "grad_norm": 78.5701036453247, "explained_variance": 0.7114895582199097, "action_std_mean": 0.3612975776195526}
{"step": 680000, "wall_time": 1790081946.339648, "episodes_completed": 48, "mean_episode_reward": -7.264090478420258, "std_episode_reward": 31.58787506103834, "min_episode_reward": -50.315513610839844, "max_episode_reward": 75.3189697265625, "mean_episode_length": 97.29166666666667, "success_rate": 0.08333333333333333, "collision_rate": 0.9166666666666666, "out_of_bounds_rate": 0.0, "timeout_rate": 0.0, "policy_loss": 0.0007678623598186274, "value_loss": 25.610976219177246, "entropy": 0.8015448749065399, "approx_kl": 0.004247798817232251, "clip_fraction": 0.10665625520050526, "grad_norm": 111.38589859008789, "explained_variance": 0.7614589929580688, "action_std_mean": 0.3611847162246704}
{"step": 688000, "wall_time": 1790081977.1399589, "episodes_completed": 58, "mean_episode_reward": -13.44049517861728, "std_episode_reward": 31.544714208228232, "min_episode_reward": -50.15971374511719, "max_episode_reward": 103.71630859375, "mean_episode_length": 86.84482758620689, "success_rate": 0.034482758620689655, "collision_rate": 0.9655172413793104, "out_of_bounds_rate": 0.0, "timeout_rate": 0.0, "policy_loss": 0.007350093165412908, "value_loss": 22.7060809135437, "entropy": 0.8009070307016373, "approx_kl": 0.013879180885851383, "clip_fraction": 0.21965626627206802, "grad_norm": 115.5784683227539, "explained_variance": 0.8387255668640137, "action_std_mean": 0.3610786199569702}
{"step": 696000, "wall_time": 1790082007.6074789, "episodes_completed": 31, "mean_episode_reward": -2.834769341253465, "std_episode_reward": 40.73438767262154, "min_episode_reward": -49.922550201416016, "max_episode_reward": 106.56399536132812, "mean_episode_length": 115.48387096774194, "success_rate": 0.06451612903225806, "collision_rate": 0.9354838709677419, "out_of_bounds_rate": 0.0, "timeout_rate": 0.0, "policy_loss": 0.008824401291087247, "value_loss": 26.039583683013916, "entropy": 0.8004749268293381, "approx_kl": 0.012196030234917998, "clip_fraction": 0.21284376084804535, "grad_norm": 149.7190170288086, "explained_variance": 0.7719516158103943, "action_std_mean": 0.3610548973083496}
{"step": 704000, "wall_time": 1790082038.1049, "episodes_completed": 29, "mean_episode_reward": 2.5129575729370117, "std_episode_reward": 40.64718704711255, "min_episode_reward": -50.06073760986328, "max_episode_reward": 82.51203918457031, "mean_episode_length": 116.20689655172414, "success_rate": 0.20689655172413793, "collision_rate": 0.7931034482758621, "out_of_bounds_rate": 0.0, "timeout_rate": 0.0, "policy_loss": 0.005320686575956746, "value_loss": 26.357444286346436, "entropy": 0.8004675060510635, "approx_kl": 0.01280534639954567, "clip_fraction": 0.24662500619888306, "grad_norm": 70.55741119384766, "explained_variance": 0.780471920967102, "action_std_mean": 0.36107683181762695}
{"step": 712000, "wall_time": 1790082068.110072, "episodes_completed": 32, "mean_episode_reward": -0.31140715535730124, "std_episode_reward": 35.90652564312987, "min_episode_reward": -49.91643524169922, "max_episode_reward": 109.66938781738281, "mean_episode_length": 109.96875, "success_rate": 0.125, "collision_rate": 0.8125, "out_of_bounds_rate": 0.0, "timeout_rate": 0.0625, "policy_loss": 0.002828523751581269, "value_loss": 24.22877264022827, "entropy": 0.8005298674106598, "approx_kl": 0.006415465613827109, "clip_fraction": 0.1371875051409006, "grad_norm": 62.45589256286621, "explained_variance": 0.758041501045227, "action_std_mean": 0.3610547184944153}
{"step": 720000, "wall_time": 1790082097.7279148, "episodes_completed": 26, "mean_episode_reward": 1.6802570269658015, "std_episode_reward": 34.50410818970758, "min_episode_reward": -50.0734748840332, "max_episode_reward": 95.84326171875, "mean_episode_length": 140.57692307692307, "success_rate": 0.11538461538461539, "collision_rate": 0.8461538461538461, "out_of_bounds_rate": 0.0, "timeout_rate": 0.038461538461538464, "policy_loss": 0.0011476502872538319, "value_loss": 19.53282928466797, "entropy": 0.8002855330705643, "approx_kl": 0.017891591880470514, "clip_fraction": 0.29734376072883606, "grad_norm": 70.04606246948242, "explained_variance": 0.7232702374458313, "action_std_mean": 0.3609876036643982}
{"step": 728000, "wall_time": 1790082127.58054, "episodes_completed": 42, "mean_episode_reward": -5.492844422658284, "std_episode_reward": 30.4468229528034, "min_episode_reward": -50.21807861328125, "max_episode_reward": 84.57513427734375, "mean_episode_length": 81.42857142857143, "success_rate": 0.11904761904761904, "collision_rate": 0.8809523809523809, "out_of_bounds_rate": 0.0, "timeout_rate": 0.0, "policy_loss": 0.0024526802381477086, "value_loss": 22.55927324295044, "entropy": 0.7999323308467865, "approx_kl": 0.007088538492098451, "clip_fraction": 0.1574062556028366, "grad_norm": 88.67638969421387, "explained_variance": 0.7298028469085693, "action_std_mean": 0.36094242334365845}
{"step": 736000, "wall_time": 1790082157.928244, "episodes_completed": 29, "mean_episode_reward": 1.2326743684965988, "std_episode_reward": 33.78718785972268, "min_episode_reward": -49.534698486328125, "max_episode_reward": 73.71467590332031, "mean_episode_length": 131.0, "success_rate": 0.1724137931034483, "collision_rate": 0.8275862068965517, "out_of_bounds_rate": 0.0, "timeout_rate": 0.0, "policy_loss": 0.005933658034540823, "value_loss": 25.763996124267578, "entropy": 0.7996649444103241, "approx_kl": 0.010733022820204496, "clip_fraction": 0.2264062613248825, "grad_norm": 170.36550903320312, "explained_variance": 0.6779019832611084, "action_std_mean": 0.36085981130599976}
{"step": 744000, "wall_time": 1790082187.7685065, "episodes_completed": 39, "mean_episode_reward": -0.3393688385303204, "std_episode_reward": 29.471624054551828, "min_episode_reward": -27.235177993774414, "max_episode_reward": 92.12872314453125, "mean_episode_length": 95.46153846153847, "success_rate": 0.15384615384615385, "collision_rate": 0.8205128205128205, "out_of_bounds_rate": 0.0, "timeout_rate": 0.02564102564102564, "policy_loss": 0.006820523341186435, "value_loss": 26.063693523406982, "entropy": 0.7990793585777283, "approx_kl": 0.012428355636075139, "clip_fraction": 0.22603126242756844, "grad_norm": 105.3012924194336, "explained_variance": 0.6477929353713989, "action_std_mean": 0.3607596755027771}
{"step": 752000, "wall_time": 1790082217.6756575, "episodes_completed": 41, "mean_episode_reward": 2.6398504536326337, "std_episode_reward": 35.450439223827026, "min_episode_reward": -50.2246208190918, "max_episode_reward": 83.07200622558594, "mean_episode_length": 107.8048780487805, "success_rate": 0.1951219512195122, "collision_rate": 0.8048780487804879, "out_of_bounds_rate": 0.0, "timeout_rate": 0.0, "policy_loss": 0.0020674489060183987, "value_loss": 31.696811199188232, "entropy": 0.798708438873291, "approx_kl": 0.009095637477003038, "clip_fraction": 0.1574687585234642, "grad_norm": 83.93767070770264, "explained_variance": 0.7270253896713257, "action_std_mean": 0.3607490062713623}
{"step": 760000, "wall_time": 1790082247.8389535, "episodes_completed": 34, "mean_episode_reward": 15.153165116029626, "std_episode_reward": 49.7371049137772, "min_episode_reward": -50.16398620605469, "max_episode_reward": 124.1938247680664, "mean_episode_length": 127.5, "success_rate": 0.2647058823529412, "collision_rate": 0.7352941176470589, "out_of_bounds_rate": 0.0, "timeout_rate": 0.0, "policy_loss": 0.002984937835019963, "value_loss": 31.554189682006836, "entropy": 0.7988676726818085, "approx_kl": 0.009102272568270564, "clip_fraction": 0.1887187622487545, "grad_norm": 117.3695068359375, "explained_variance": 0.729361355304718, "action_std_mean": 0.36085695028305054}
{"step": 768000, "wall_time": 1790082278.3706381, "episodes_completed": 35, "mean_episode_reward": 7.049905477251325, "std_episode_reward": 38.14316575749075, "min_episode_reward": -49.91992950439453, "max_episode_reward": 129.0201416015625, "mean_episode_length": 109.28571428571429, "success_rate": 0.17142857142857143, "collision_rate": 0.8285714285714286, "out_of_bounds_rate": 0.0, "timeout_rate": 0.0, "policy_loss": 0.0003335300783655626, "value_loss": 24.74833869934082, "entropy": 0.7995111495256424, "approx_kl": 0.0033605624339543283, "clip_fraction": 0.0757812513038516, "grad_norm": 68.04537963867188, "explained_variance": 0.7655138969421387, "action_std_mean": 0.36092960834503174}
{"step": 776000, "wall_time": 1790082308.6618228, "episodes_completed": 38, "mean_episode_reward": 14.963284216429058, "std_episode_reward": 46.014150086854535, "min_episode_reward": -49.85369110107422, "max_episode_reward": 102.02845001220703, "mean_episode_length": 128.3421052631579, "success_rate": 0.2631578947368421, "collision_rate": 0.7105263157894737, "out_of_bounds_rate": 0.0, "timeout_rate": 0.02631578947368421, "policy_loss": -0.00028570224065305183, "value_loss": 33.20499038696289, "entropy": 0.7996062636375427, "approx_kl": 0.00318433262873441, "clip_fraction": 0.08612500503659248, "grad_norm": 84.66454792022705, "explained_variance": 0.7126784324645996, "action_std_mean": 0.36085429787635803}
{"step": 784000, "wall_time": 1790082339.100805, "episodes_completed": 43, "mean_episode_reward": 14.54558474518532, "std_episode_reward": 39.977120355586656, "min_episode_reward": -50.08938217163086, "max_episode_reward": 101.8157958984375, "mean_episode_length": 126.11627906976744, "success_rate": 0.2558139534883721, "collision_rate": 0.7441860465116279, "out_of_bounds_rate": 0.0, "timeout_rate": 0.0, "policy_loss": 0.0014896903904162428, "value_loss": 36.903985023498535, "entropy": 0.7991878539323807, "approx_kl": 0.0065988535061478615, "clip_fraction": 0.13046875223517418, "grad_norm": 94.61253452301025, "explained_variance": 0.7467050552368164, "action_std_mean": 0.3608477711677551}
{"step": 792000, "wall_time": 1790082369.2590992, "episodes_completed": 59, "mean_episode_reward": 2.1567264330589166, "std_episode_reward": 44.337818873474994, "min_episode_reward": -50.17562484741211, "max_episode_reward": 150.69357299804688, "mean_episode_length": 99.86440677966101, "success_rate": 0.11864406779661017, "collision_rate": 0.8813559322033898, "out_of_bounds_rate": 0.0, "timeout_rate": 0.0, "policy_loss": 0.0014809828929138735, "value_loss": 34.93751621246338, "entropy": 0.799343541264534, "approx_kl": 0.004816411645151675, "clip_fraction": 0.10018750559538603, "grad_norm": 96.95136833190918, "explained_variance": 0.7495410442352295, "action_std_mean": 0.36088812351226807}
{"step": 800000, "wall_time": 1790082399.446445, "episodes_completed": 37, "mean_episode_reward": 7.846972078890414, "std_episode_reward": 42.45158924886652, "min_episode_reward": -50.1348876953125, "max_episode_reward": 129.87551879882812, "mean_episode_length": 123.67567567567568, "success_rate": 0.21621621621621623, "collision_rate": 0.7837837837837838, "out_of_bounds_rate": 0.0, "timeout_rate": 0.0, "policy_loss": 0.002391623829957279, "value_loss": 34.625728607177734, "entropy": 0.7996335178613663, "approx_kl": 0.0075516815995797515, "clip_fraction": 0.1158750057220459, "grad_norm": 122.62019348144531, "explained_variance": 0.6919519901275635, "action_std_mean": 0.36099371314048767}
{"step": 808000, "wall_time": 1790082430.286238, "episodes_completed": 46, "mean_episode_reward": 0.36729072487872577, "std_episode_reward": 39.452668020760505, "min_episode_reward": -50.08935546875, "max_episode_reward": 102.60513305664062, "mean_episode_length": 94.3913043478261, "success_rate": 0.10869565217391304, "collision_rate": 0.8913043478260869, "out_of_bounds_rate": 0.0, "timeout_rate": 0.0, "policy_loss": 0.01278093155473492, "value_loss": 32.90951490402222, "entropy": 0.8003669828176498, "approx_kl": 0.01166663900949061, "clip_fraction": 0.203000009059906, "grad_norm": 141.48148345947266, "explained_variance": 0.7756869792938232, "action_std_mean": 0.3611637353897095}
{"step": 816000, "wall_time": 1790082462.1490738, "episodes_completed": 31, "mean_episode_reward": 16.381234045951597, "std_episode_reward": 50.7915711068037, "min_episode_reward": -49.76968002319336, "max_episode_reward": 126.97688293457031, "mean_episode_length": 137.32258064516128, "success_rate": 0.2903225806451613, "collision_rate": 0.7096774193548387, "out_of_bounds_rate": 0.0, "timeout_rate": 0.0, "policy_loss": 0.0019079938863866275, "value_loss": 34.14394950866699, "entropy": 0.8012819737195969, "approx_kl": 0.003322852135170251, "clip_fraction": 0.06868750415742397, "grad_norm": 102.43298244476318, "explained_variance": 0.7490469217300415, "action_std_mean": 0.3612929880619049}
{"step": 824000, "wall_time": 1790082495.5368488, "episodes_completed": 40, "mean_episode_reward": 10.007865619659423, "std_episode_reward": 39.64450956251097, "min_episode_reward": -50.19688415527344, "max_episode_reward": 90.47846221923828, "mean_episode_length": 119.1, "success_rate": 0.225, "collision_rate": 0.775, "out_of_bounds_rate": 0.0, "timeout_rate": 0.0, "policy_loss": 0.004852302838116884, "value_loss": 35.0545711517334, "entropy": 0.8019281476736069, "approx_kl": 0.010445930762216449, "clip_fraction": 0.13621875829994678, "grad_norm": 66.95879364013672, "explained_variance": 0.7479984760284424, "action_std_mean": 0.3613978922367096}
{"step": 832000, "wall_time": 1790082532.7494144, "episodes_completed": 44, "mean_episode_reward": 2.451692581176758, "std_episode_reward": 38.48483196031076, "min_episode_reward": -49.68685531616211, "max_episode_reward": 111.83389282226562, "mean_episode_length": 108.18181818181819, "success_rate": 0.13636363636363635, "collision_rate": 0.8636363636363636, "out_of_bounds_rate": 0.0, "timeout_rate": 0.0, "policy_loss": 0.004389290063176315, "value_loss": 27.04647397994995, "entropy": 0.8023223429918289, "approx_kl": 0.007924932055175304, "clip_fraction": 0.13768750429153442, "grad_norm": 157.3883228302002, "explained_variance": 0.8046070337295532, "action_std_mean": 0.3614124059677124}
{"step": 840000, "wall_time": 1790082568.0227563, "episodes_completed": 43, "mean_episode_reward": 3.12426047546919, "std_episode_reward": 39.38839480722633, "min_episode_reward": -50.32926940917969, "max_episode_reward": 136.2165069580078, "mean_episode_length": 107.72093023255815, "success_rate": 0.11627906976744186, "collision_rate": 0.8604651162790697, "out_of_bounds_rate": 0.0, "timeout_rate": 0.023255813953488372, "policy_loss": 0.00929453879222275, "value_loss": 31.118688583374023, "entropy": 0.8023325353860855, "approx_kl": 0.013690430670976639, "clip_fraction": 0.17290626093745232, "grad_norm": 141.58973121643066, "explained_variance": 0.7753655314445496, "action_std_mean": 0.36140114068984985}
{"step": 848000, "wall_time": 1790082605.1933322, "episodes_completed": 55, "mean_episode_reward": -4.180907509543679, "std_episode_reward": 37.3831754322884, "min_episode_reward": -50.085975646972656, "max_episode_reward": 119.70870971679688, "mean_episode_length": 88.32727272727273, "success_rate": 0.09090909090909091, "collision_rate": 0.9090909090909091, "out_of_bounds_rate": 0.0, "timeout_rate": 0.0, "policy_loss": 0.0036068648668006187, "value_loss": 28.22630786895752, "entropy": 0.8022565394639969, "approx_kl": 0.005453020450659096, "clip_fraction": 0.1047500055283308, "grad_norm": 67.6337776184082, "explained_variance": 0.7905060052871704, "action_std_mean": 0.361396461725235}
{"step": 856000, "wall_time": 1790082637.254309, "episodes_completed": 46, "mean_episode_reward": -2.270272731781006, "std_episode_reward": 37.36802225386531, "min_episode_reward": -50.1467170715332, "max_episode_reward": 90.01438903808594, "mean_episode_length": 98.1304347826087, "success_rate": 0.10869565217391304, "collision_rate": 0.8913043478260869, "out_of_bounds_rate": 0.0, "timeout_rate": 0.0, "policy_loss": 0.0031907769001553454, "value_loss": 31.22385549545288, "entropy": 0.8021612614393234, "approx_kl": 0.006789338076487184, "clip_fraction": 0.11028125509619713, "grad_norm": 113.18738174438477, "explained_variance": 0.7577923536300659, "action_std_mean": 0.36132121086120605}
{"step": 864000, "wall_time": 1790082669.9684424, "episodes_completed": 37, "mean_episode_reward": -2.4098523371928446, "std_episode_reward": 28.37812392161288, "min_episode_reward": -50.115814208984375, "max_episode_reward": 62.797950744628906, "mean_episode_length": 104.27027027027027, "success_rate": 0.08108108108108109, "collision_rate": 0.918918918918919, "out_of_bounds_rate": 0.0, "timeout_rate": 0.0, "policy_loss": 0.0004398055350174901, "value_loss": 21.79032564163208, "entropy": 0.8016044646501541, "approx_kl": 0.003348744008690119, "clip_fraction": 0.08331250213086605, "grad_norm": 57.55610370635986, "explained_variance": 0.7806169986724854, "action_std_mean": 0.36120644211769104}
{"step": 872000, "wall_time": 1790082704.5692956, "episodes_completed": 48, "mean_episode_reward": -7.179650189975898, "std_episode_reward": 35.31517574516273, "min_episode_reward": -50.20425796508789, "max_episode_reward": 126.35899353027344, "mean_episode_length": 97.64583333333333, "success_rate": 0.08333333333333333, "collision_rate": 0.875, "out_of_bounds_rate": 0.0, "timeout_rate": 0.041666666666666664, "policy_loss": 0.0019038167910188086, "value_loss": 27.52516460418701, "entropy": 0.8008826375007629, "approx_kl": 0.006590315839275718, "clip_fraction": 0.14537500590085983, "grad_norm": 116.00783729553223, "explained_variance": 0.7554166913032532, "action_std_mean": 0.36103883385658264}
{"step": 880000, "wall_time": 1790082738.8598387, "episodes_completed": 52, "mean_episode_reward": -3.186653930407304, "std_episode_reward": 37.04273120698584, "min_episode_reward": -49.946922302246094, "max_episode_reward": 134.7522735595703, "mean_episode_length": 105.73076923076923, "success_rate": 0.07692307692307693, "collision_rate": 0.9038461538461539, "out_of_bounds_rate": 0.0, "timeout_rate": 0.019230769230769232, "policy_loss": 0.01359627010114517, "value_loss": 30.06942653656006, "entropy": 0.8000498265028, "approx_kl": 0.020628458354622126, "clip_fraction": 0.2550937607884407, "grad_norm": 215.9319953918457, "explained_variance": 0.8244637250900269, "action_std_mean": 0.36095166206359863}
{"step": 888000, "wall_time": 1790082775.8989491, "episodes_completed": 25, "mean_episode_reward": 6.373444480895996, "std_episode_reward": 39.32285507940798, "min_episode_reward": -50.2838249206543, "max_episode_reward": 112.32417297363281, "mean_episode_length": 131.8, "success_rate": 0.12, "collision_rate": 0.88, "out_of_bounds_rate": 0.0, "timeout_rate": 0.0, "policy_loss": 0.0009310541499871761, "value_loss": 19.073954105377197, "entropy": 0.7997357100248337, "approx_kl": 0.0020065788412466645, "clip_fraction": 0.054156252183020115, "grad_norm": 58.883809089660645, "explained_variance": 0.8095663785934448, "action_std_mean": 0.36091721057891846}
{"step": 896000, "wall_time": 1790082810.2331736, "episodes_completed": 45, "mean_episode_reward": -2.082993412017822, "std_episode_reward": 31.88908275922646, "min_episode_reward": -50.0617790222168, "max_episode_reward": 88.91189575195312, "mean_episode_length": 116.35555555555555, "success_rate": 0.13333333333333333, "collision_rate": 0.8444444444444444, "out_of_bounds_rate": 0.0, "timeout_rate": 0.022222222222222223, "policy_loss": 0.003112558559747458, "value_loss": 28.126741409301758, "entropy": 0.7995883226394653, "approx_kl": 0.008209989871829748, "clip_fraction": 0.17540625855326653, "grad_norm": 86.52546405792236, "explained_variance": 0.7612159848213196, "action_std_mean": 0.36090975999832153}
{"step": 904000, "wall_time": 1790082843.9852448, "episodes_completed": 29, "mean_episode_reward": 10.191165562333731, "std_episode_reward": 40.801242343552275, "min_episode_reward": -49.67081069946289, "max_episode_reward": 121.31770324707031, "mean_episode_length": 153.24137931034483, "success_rate": 0.1724137931034483, "collision_rate": 0.8275862068965517, "out_of_bounds_rate": 0.0, "timeout_rate": 0.0, "policy_loss": 0.004201405283063675, "value_loss": 27.916561126708984, "entropy": 0.7994854003190994, "approx_kl": 0.007135282503440976, "clip_fraction": 0.1394375115633011, "grad_norm": 135.65771293640137, "explained_variance": 0.7590593695640564, "action_std_mean": 0.3608647584915161}
{"step": 912000, "wall_time": 1790082877.1196811, "episodes_completed": 43, "mean_episode_reward": 1.2266120910644531, "std_episode_reward": 36.97390676598026, "min_episode_reward": -50.017757415771484, "max_episode_reward": 86.07050323486328, "mean_episode_length": 87.65116279069767, "success_rate": 0.13953488372093023, "collision_rate": 0.8604651162790697, "out_of_bounds_rate": 0.0, "timeout_rate": 0.0, "policy_loss": 0.0015048638329606678, "value_loss": 27.340360641479492, "entropy": 0.7990032285451889, "approx_kl": 0.00842568522784859, "clip_fraction": 0.1379687562584877, "grad_norm": 85.34749603271484, "explained_variance": 0.7960212230682373, "action_std_mean": 0.36069270968437195}
{"step": 920000, "wall_time": 1790082911.2024844, "episodes_completed": 46, "mean_episode_reward": 8.733796399572622, "std_episode_reward": 39.08054812394599, "min_episode_reward": -50.12355422973633, "max_episode_reward": 135.97976684570312, "mean_episode_length": 95.0, "success_rate": 0.1956521739130435, "collision_rate": 0.782608695652174, "out_of_bounds_rate": 0.0, "timeout_rate": 0.021739130434782608, "policy_loss": 0.00890396181680253, "value_loss": 37.560646057128906, "entropy": 0.797752857208252, "approx_kl": 0.01337105268612504, "clip_fraction": 0.21109376475214958, "grad_norm": 149.97253036499023, "explained_variance": 0.7444281578063965, "action_std_mean": 0.3603689968585968}
{"step": 928000, "wall_time": 1790082944.8004882, "episodes_completed": 41, "mean_episode_reward": 2.0122430615308806, "std_episode_reward": 39.62672865352716, "min_episode_reward": -50.038639068603516, "max_episode_reward": 110.09877014160156, "mean_episode_length": 95.78048780487805, "success_rate": 0.1951219512195122, "collision_rate": 0.8048780487804879, "out_of_bounds_rate": 0.0, "timeout_rate": 0.0, "policy_loss": 0.006324700695462537, "value_loss": 29.363762378692627, "entropy": 0.795710414648056, "approx_kl": 0.015843567438423634, "clip_fraction": 0.2604687586426735, "grad_norm": 120.09674072265625, "explained_variance": 0.7929829359054565, "action_std_mean": 0.3599666953086853}
{"step": 936000, "wall_time": 1790082977.4110444, "episodes_completed": 33, "mean_episode_reward": 1.339940764687278, "std_episode_reward": 48.834696631992465, "min_episode_reward": -50.362815856933594, "max_episode_reward": 194.72244262695312, "mean_episode_length": 121.84848484848484, "success_rate": 0.12121212121212122, "collision_rate": 0.8787878787878788, "out_of_bounds_rate": 0.0, "timeout_rate": 0.0, "policy_loss": 0.0014719377090223196, "value_loss": 23.35697078704834, "entropy": 0.7934307157993317, "approx_kl": 0.0067489908542484045, "clip_fraction": 0.15384375303983688, "grad_norm": 49.65051746368408, "explained_variance": 0.8238154649734497, "action_std_mean": 0.3595224618911743}
{"step": 944000, "wall_time": 1790083010.5906763, "episodes_completed": 50, "mean_episode_reward": 0.274424204826355, "std_episode_reward": 45.10621923783288, "min_episode_reward": -50.082637786865234, "max_episode_reward": 176.79090881347656, "mean_episode_length": 94.44, "success_rate": 0.12, "collision_rate": 0.86, "out_of_bounds_rate": 0.0, "timeout_rate": 0.02, "policy_loss": -1.390649646038078e-05, "value_loss": 26.969594478607178, "entropy": 0.7910209149122238, "approx_kl": 0.003869866020977497, "clip_fraction": 0.06565625267103314, "grad_norm": 44.18424415588379, "explained_variance": 0.835383951663971, "action_std_mean": 0.3591529130935669}
{"step": 952000, "wall_time": 1790083042.6710927, "episodes_completed": 46, "mean_episode_reward": 1.4205913129060164, "std_episode_reward": 41.44004230610849, "min_episode_reward": -50.04197311401367, "max_episode_reward": 101.48655700683594, "mean_episode_length": 112.69565217391305, "success_rate": 0.13043478260869565, "collision_rate": 0.8478260869565217, "out_of_bounds_rate": 0.0, "timeout_rate": 0.021739130434782608, "policy_loss": 0.0011482868837777715, "value_loss": 24.421225547790527, "entropy": 0.7893286049365997, "approx_kl": 0.007684725918807089, "clip_fraction": 0.10881250537931919, "grad_norm": 100.11398029327393, "explained_variance": 0.8381664752960205, "action_std_mean": 0.3589634299278259}
{"step": 960000, "wall_time": 1790083077.1919198, "episodes_completed": 36, "mean_episode_reward": -4.589074002371894, "std_episode_reward": 32.01113253744059, "min_episode_reward": -50.01994705200195, "max_episode_reward": 75.50686645507812, "mean_episode_length": 91.5, "success_rate": 0.1111111111111111, "collision_rate": 0.8888888888888888, "out_of_bounds_rate": 0.0, "timeout_rate": 0.0, "policy_loss": 0.00043683577654896055, "value_loss": 20.12556743621826, "entropy": 0.7885676920413971, "approx_kl": 0.006803754135034978, "clip_fraction": 0.13562501035630703, "grad_norm": 82.0479907989502, "explained_variance": 0.8353298902511597, "action_std_mean": 0.35892125964164734}
{"step": 968000, "wall_time": 1790083111.1139216, "episodes_completed": 35, "mean_episode_reward": 3.505294527326311, "std_episode_reward": 41.250068232785615, "min_episode_reward": -49.92832946777344, "max_episode_reward": 132.8308868408203, "mean_episode_length": 111.6, "success_rate": 0.14285714285714285, "collision_rate": 0.8571428571428571, "out_of_bounds_rate": 0.0, "timeout_rate": 0.0, "policy_loss": 0.002884555930271926, "value_loss": 29.03377676010132, "entropy": 0.7884156852960587, "approx_kl": 0.00893081643152982, "clip_fraction": 0.17015626281499863, "grad_norm": 124.50140190124512, "explained_variance": 0.7651209831237793, "action_std_mean": 0.35887327790260315}
{"step": 976000, "wall_time": 1790083145.6140797, "episodes_completed": 31, "mean_episode_reward": -4.896500325972034, "std_episode_reward": 29.623807843412745, "min_episode_reward": -50.11159133911133, "max_episode_reward": 82.00239562988281, "mean_episode_length": 108.25806451612904, "success_rate": 0.06451612903225806, "collision_rate": 0.8709677419354839, "out_of_bounds_rate": 0.0, "timeout_rate": 0.06451612903225806, "policy_loss": 0.0015081520967650253, "value_loss": 16.03300142288208, "entropy": 0.7881581485271454, "approx_kl": 0.004158869734965265, "clip_fraction": 0.0853437539190054, "grad_norm": 61.66909980773926, "explained_variance": 0.8827829957008362, "action_std_mean": 0.35888636112213135}
{"step": 984000, "wall_time": 1790083177.5065732, "episodes_completed": 35, "mean_episode_reward": 10.213392216818674, "std_episode_reward": 48.82026878409464, "min_episode_reward": -49.729774475097656, "max_episode_reward": 129.94140625, "mean_episode_length": 159.05714285714285, "success_rate": 0.11428571428571428, "collision_rate": 0.8571428571428571, "out_of_bounds_rate": 0.0, "timeout_rate": 0.02857142857142857, "policy_loss": 0.004773607517592815, "value_loss": 22.951812744140625, "entropy": 0.788341149687767, "approx_kl": 0.007194708683528006, "clip_fraction": 0.11631250753998756, "grad_norm": 157.09998512268066, "explained_variance": 0.8683132529258728, "action_std_mean": 0.3589096665382385}
{"step": 992000, "wall_time": 1790083209.6222932, "episodes_completed": 44, "mean_episode_reward": 6.072611050172285, "std_episode_reward": 43.49384834531654, "min_episode_reward": -50.3524169921875, "max_episode_reward": 129.51626586914062, "mean_episode_length": 114.22727272727273, "success_rate": 0.1590909090909091, "collision_rate": 0.8181818181818182, "out_of_bounds_rate": 0.0, "timeout_rate": 0.022727272727272728, "policy_loss": 0.01398090491630155, "value_loss": 36.75001239776611, "entropy": 0.788516953587532, "approx_kl": 0.01570672122761607, "clip_fraction": 0.2369062602519989, "grad_norm": 197.8571014404297, "explained_variance": 0.7874088883399963, "action_std_mean": 0.35900217294692993}
{"step": 1000000, "wall_time": 1790083241.4432008, "episodes_completed": 41, "mean_episode_reward": 7.7360970799515885, "std_episode_reward": 38.470099374757936, "min_episode_reward": -31.067947387695312, "max_episode_reward": 151.00978088378906, "mean_episode_length": 124.8780487804878, "success_rate": 0.12195121951219512, "collision_rate": 0.8780487804878049, "out_of_bounds_rate": 0.0, "timeout_rate": 0.0, "policy_loss": 0.018498178537935006, "value_loss": 27.630492210388184, "entropy": 0.789199098944664, "approx_kl": 0.02762579917907715, "clip_fraction": 0.3138750120997429, "grad_norm": 225.8661060333252, "explained_variance": 0.8354583382606506, "action_std_mean": 0.35912400484085083}
{"step": 1008000, "wall_time": 1790083273.3930786, "episodes_completed": 39, "mean_episode_reward": -8.199755644186949, "std_episode_reward": 26.994708810297638, "min_episode_reward": -49.70890426635742, "max_episode_reward": 90.86036682128906, "mean_episode_length": 92.61538461538461, "success_rate": 0.02564102564102564, "collision_rate": 0.9743589743589743, "out_of_bounds_rate": 0.0, "timeout_rate": 0.0, "policy_loss": 0.018326656637713268, "value_loss": 19.710161209106445, "entropy": 0.7897303849458694, "approx_kl": 0.019682330545037985, "clip_fraction": 0.28715626150369644, "grad_norm": 140.36908340454102, "explained_variance": 0.8654694557189941, "action_std_mean": 0.35917413234710693}
{"step": 1016000, "wall_time": 1790083305.968607, "episodes_completed": 21, "mean_episode_reward": 0.6285843622116816, "std_episode_reward": 46.00322889956754, "min_episode_reward": -49.998069763183594, "max_episode_reward": 112.36539459228516, "mean_episode_length": 130.57142857142858, "success_rate": 0.19047619047619047, "collision_rate": 0.8095238095238095, "out_of_bounds_rate": 0.0, "timeout_rate": 0.0, "policy_loss": 0.0070056993393227684, "value_loss": 24.62626075744629, "entropy": 0.7898676246404648, "approx_kl": 0.008056614082306623, "clip_fraction": 0.1785000078380108, "grad_norm": 194.21244430541992, "explained_variance": 0.8099040389060974, "action_std_mean": 0.3591383695602417}
{"step": 1024000, "wall_time": 1790083340.104525, "episodes_completed": 30, "mean_episode_reward": 4.707046135266622, "std_episode_reward": 38.62084997105749, "min_episode_reward": -50.205718994140625, "max_episode_reward": 103.73335266113281, "mean_episode_length": 127.53333333333333, "success_rate": 0.13333333333333333, "collision_rate": 0.8, "out_of_bounds_rate": 0.0, "timeout_rate": 0.06666666666666667, "policy_loss": 0.00329159374348853, "value_loss": 21.75855588912964, "entropy": 0.7895469814538956, "approx_kl": 0.013902762671932578, "clip_fraction": 0.23237500712275505, "grad_norm": 132.91370582580566, "explained_variance": 0.8448877334594727, "action_std_mean": 0.3590792119503021}
{"step": 1032000, "wall_time": 1790083376.8919065, "episodes_completed": 26, "mean_episode_reward": 11.22128095305883, "std_episode_reward": 53.531084803594446, "min_episode_reward": -50.16377639770508, "max_episode_reward": 158.81378173828125, "mean_episode_length": 146.96153846153845, "success_rate": 0.23076923076923078, "collision_rate": 0.7307692307692307, "out_of_bounds_rate": 0.0, "timeout_rate": 0.038461538461538464, "policy_loss": 0.0203394504226746, "value_loss": 27.401494026184082, "entropy": 0.7893058508634567, "approx_kl": 0.02920290781185031, "clip_fraction": 0.2890312597155571, "grad_norm": 218.23544311523438, "explained_variance": 0.7983038425445557, "action_std_mean": 0.35904461145401}
{"step": 1040000, "wall_time": 1790083416.7030692, "episodes_completed": 36, "mean_episode_reward": -5.7094274626837835, "std_episode_reward": 32.88504492414464, "min_episode_reward": -50.21516799926758, "max_episode_reward": 127.82049560546875, "mean_episode_length": 102.77777777777777, "success_rate": 0.1111111111111111, "collision_rate": 0.8611111111111112, "out_of_bounds_rate": 0.0, "timeout_rate": 0.027777777777777776, "policy_loss": 0.0053504337118939205, "value_loss": 20.848093509674072, "entropy": 0.7891456037759781, "approx_kl": 0.00690281658899039, "clip_fraction": 0.11537500657141209, "grad_norm": 106.52630615234375, "explained_variance": 0.81337571144104, "action_std_mean": 0.35900795459747314}
{"step": 1048000, "wall_time": 1790083452.70528, "episodes_completed": 34, "mean_episode_reward": -5.783215550815358, "std_episode_reward": 28.949387868013925, "min_episode_reward": -49.969947814941406, "max_episode_reward": 66.33999633789062, "mean_episode_length": 109.73529411764706, "success_rate": 0.08823529411764706, "collision_rate": 0.9117647058823529, "out_of_bounds_rate": 0.0, "timeout_rate": 0.0, "policy_loss": 0.0066268810490145436, "value_loss": 22.478161334991455, "entropy": 0.7889067828655243, "approx_kl": 0.005835191404912621, "clip_fraction": 0.1367500014603138, "grad_norm": 101.78590393066406, "explained_variance": 0.8055940270423889, "action_std_mean": 0.35896825790405273}
{"step": 1056000, "wall_time": 1790083486.6680427, "episodes_completed": 38, "mean_episode_reward": -11.725916592698349, "std_episode_reward": 27.76027180386061, "min_episode_reward": -49.984397888183594, "max_episode_reward": 77.98113250732422, "mean_episode_length": 65.13157894736842, "success_rate": 0.07894736842105263, "collision_rate": 0.8947368421052632, "out_of_bounds_rate": 0.0, "timeout_rate": 0.02631578947368421, "policy_loss": 0.002166660972638068, "value_loss": 17.778380870819092, "entropy": 0.7887006849050522, "approx_kl": 0.005745964823290706, "clip_fraction": 0.10371875390410423, "grad_norm": 61.524638175964355, "explained_variance": 0.8391280770301819, "action_std_mean": 0.3589265048503876}
{"step": 1064000, "wall_time": 1790083524.4542649, "episodes_completed": 46, "mean_episode_reward": -0.7012275282455527, "std_episode_reward": 33.72566096767808, "min_episode_reward": -50.026920318603516, "max_episode_reward": 85.49011993408203, "mean_episode_length": 98.80434782608695, "success_rate": 0.15217391304347827, "collision_rate": 0.8043478260869565, "out_of_bounds_rate": 0.0, "timeout_rate": 0.043478260869565216, "policy_loss": 0.0022816572751035435, "value_loss": 26.312504291534424, "entropy": 0.7885825484991074, "approx_kl": 0.006127205851953477, "clip_fraction": 0.1290937578305602, "grad_norm": 92.78168392181396, "explained_variance": 0.8125288486480713, "action_std_mean": 0.35895153880119324}
{"step": 1072000, "wall_time": 1790083559.334885, "episodes_completed": 50, "mean_episode_reward": 1.9207124710083008, "std_episode_reward": 40.01510066542454, "min_episode_reward": -50.37925720214844, "max_episode_reward": 118.33662414550781, "mean_episode_length": 110.96, "success_rate": 0.12, "collision_rate": 0.88, "out_of_bounds_rate": 0.0, "timeout_rate": 0.0, "policy_loss": 0.003593473564251326, "value_loss": 27.69636869430542, "entropy": 0.7885853499174118, "approx_kl": 0.0073663018411025405, "clip_fraction": 0.11353125423192978, "grad_norm": 127.7304458618164, "explained_variance": 0.823503851890564, "action_std_mean": 0.35886210203170776}
{"step": 1080000, "wall_time": 1790083591.6117027, "episodes_completed": 45, "mean_episode_reward": -10.55381514231364, "std_episode_reward": 32.139925359814626, "min_episode_reward": -50.110355377197266, "max_episode_reward": 74.71002197265625, "mean_episode_length": 106.88888888888889, "success_rate": 0.1111111111111111, "collision_rate": 0.8888888888888888, "out_of_bounds_rate": 0.0, "timeout_rate": 0.0, "policy_loss": 0.0019826718219557726, "value_loss": 27.937013626098633, "entropy": 0.7879726737737656, "approx_kl": 0.004482412012293935, "clip_fraction": 0.08865625504404306, "grad_norm": 113.83595657348633, "explained_variance": 0.8342524170875549, "action_std_mean": 0.35876619815826416}
{"step": 1088000, "wall_time": 1790083626.206659, "episodes_completed": 61, "mean_episode_reward": -7.392733308135486, "std_episode_reward": 31.942081040628807, "min_episode_reward": -50.24440383911133, "max_episode_reward": 93.4679946899414, "mean_episode_length": 81.08196721311475, "success_rate": 0.04918032786885246, "collision_rate": 0.9508196721311475, "out_of_bounds_rate": 0.0, "timeout_rate": 0.0, "policy_loss": 0.013847173323854545, "value_loss": 30.583878993988037, "entropy": 0.7875618636608124, "approx_kl": 0.021919108694419265, "clip_fraction": 0.236937515437603, "grad_norm": 181.74333000183105, "explained_variance": 0.8344600200653076, "action_std_mean": 0.3587501049041748}
{"step": 1096000, "wall_time": 1790083661.7184534, "episodes_completed": 86, "mean_episode_reward": -12.814429355222126, "std_episode_reward": 30.183327622286708, "min_episode_reward": -50.23466110229492, "max_episode_reward": 154.9423828125, "mean_episode_length": 70.75581395348837, "success_rate": 0.05813953488372093, "collision_rate": 0.9302325581395349, "out_of_bounds_rate": 0.0, "timeout_rate": 0.011627906976744186, "policy_loss": 0.016916166765615248, "value_loss": 37.48852252960205, "entropy": 0.7876906991004944, "approx_kl": 0.022205039858818054, "clip_fraction": 0.25853126496076584, "grad_norm": 263.7754249572754, "explained_variance": 0.8323948383331299, "action_std_mean": 0.35881614685058594}
{"step": 1104000, "wall_time": 1790083696.5263171, "episodes_completed": 62, "mean_episode_reward": -4.530922843563941, "std_episode_reward": 33.968972640081795, "min_episode_reward": -50.19982147216797, "max_episode_reward": 98.84523010253906, "mean_episode_length": 94.14516129032258, "success_rate": 0.08064516129032258, "collision_rate": 0.9193548387096774, "out_of_bounds_rate": 0.0, "timeout_rate": 0.0, "policy_loss": 0.0017573307469720134, "value_loss": 23.083465099334717, "entropy": 0.7880928218364716, "approx_kl": 0.003439351945417002, "clip_fraction": 0.08753125229850411, "grad_norm": 119.42665576934814, "explained_variance": 0.8832655549049377, "action_std_mean": 0.3588789999485016}
{"step": 1112000, "wall_time": 1790083734.2556539, "episodes_completed": 78, "mean_episode_reward": -12.034475253178524, "std_episode_reward": 26.821896043382203, "min_episode_reward": -50.084537506103516, "max_episode_reward": 110.27775573730469, "mean_episode_length": 82.08974358974359, "success_rate": 0.02564102564102564, "collision_rate": 0.9743589743589743, "out_of_bounds_rate": 0.0, "timeout_rate": 0.0, "policy_loss": 0.008350683372467582, "value_loss": 26.7577862739563, "entropy": 0.7883106172084808, "approx_kl": 0.011385555379092693, "clip_fraction": 0.20656251162290573, "grad_norm": 231.53420639038086, "explained_variance": 0.8768535852432251, "action_std_mean": 0.3588792681694031}
{"step": 1120000, "wall_time": 1790083769.5490506, "episodes_completed": 57, "mean_episode_reward": -8.599257669950786, "std_episode_reward": 29.96382043434602, "min_episode_reward": -50.05422592163086, "max_episode_reward": 85.66827392578125, "mean_episode_length": 78.78947368421052, "success_rate": 0.08771929824561403, "collision_rate": 0.9122807017543859, "out_of_bounds_rate": 0.0, "timeout_rate": 0.0, "policy_loss": 0.003516096361912968, "value_loss": 21.10640287399292, "entropy": 0.7881770581007004, "approx_kl": 0.005620315729174763, "clip_fraction": 0.1386875044554472, "grad_norm": 75.95213317871094, "explained_variance": 0.8786081075668335, "action_std_mean": 0.3588014841079712}
{"step": 1128000, "wall_time": 1790083807.1273267, "episodes_completed": 55, "mean_episode_reward": -12.88255431435325, "std_episode_reward": 30.27284491510808, "min_episode_reward": -50.1651496887207, "max_episode_reward": 117.53971099853516, "mean_episode_length": 88.65454545454546, "success_rate": 0.05454545454545454, "collision_rate": 0.9454545454545454, "out_of_bounds_rate": 0.0, "timeout_rate": 0.0, "policy_loss": 0.0009002285301685786, "value_loss": 23.45480966567993, "entropy": 0.7875175327062607, "approx_kl": 0.004883041663561016, "clip_fraction": 0.11428125482052565, "grad_norm": 76.67914199829102, "explained_variance": 0.8550622463226318, "action_std_mean": 0.35861194133758545}
{"step": 1136000, "wall_time": 1790083842.2784376, "episodes_completed": 80, "mean_episode_reward": -12.73233267068863, "std_episode_reward": 26.823671020781706, "min_episode_reward": -50.32548522949219, "max_episode_reward": 74.57646942138672, "mean_episode_length": 74.95, "success_rate": 0.0375, "collision_rate": 0.9625, "out_of_bounds_rate": 0.0, "timeout_rate": 0.0, "policy_loss": 0.006061208085156977, "value_loss": 25.733550548553467, "entropy": 0.7863576412200928, "approx_kl": 0.007464084075763822, "clip_fraction": 0.14156250655651093, "grad_norm": 167.47693634033203, "explained_variance": 0.8839312791824341, "action_std_mean": 0.35840904712677}
{"step": 1144000, "wall_time": 1790083876.6870923, "episodes_completed": 78, "mean_episode_reward": -13.041737837669176, "std_episode_reward": 25.57643406838836, "min_episode_reward": -57.06560134887695, "max_episode_reward": 78.2391357421875, "mean_episode_length": 73.48717948717949, "success_rate": 0.02564102564102564, "collision_rate": 0.9743589743589743, "out_of_bounds_rate": 0.0, "timeout_rate": 0.0, "policy_loss": 0.007510926565621023, "value_loss": 24.954362392425537, "entropy": 0.7852693796157837, "approx_kl": 0.012179420795291662, "clip_fraction": 0.2108750082552433, "grad_norm": 248.52652168273926, "explained_variance": 0.9000827074050903, "action_std_mean": 0.3582349419593811}
{"step": 1152000, "wall_time": 1790083909.954359, "episodes_completed": 46, "mean_episode_reward": -7.794158147728962, "std_episode_reward": 32.92006382999009, "min_episode_reward": -50.13629913330078, "max_episode_reward": 72.27842712402344, "mean_episode_length": 90.84782608695652, "success_rate": 0.10869565217391304, "collision_rate": 0.8913043478260869, "out_of_bounds_rate": 0.0, "timeout_rate": 0.0, "policy_loss": 0.0006065862152027091, "value_loss": 27.232139587402344, "entropy": 0.7842230349779129, "approx_kl": 0.0035597848473116755, "clip_fraction": 0.07762500457465649, "grad_norm": 114.01634979248047, "explained_variance": 0.8416843414306641, "action_std_mean": 0.3579748570919037}
{"step": 1160000, "wall_time": 1790083946.509799, "episodes_completed": 62, "mean_episode_reward": -14.79981699297505, "std_episode_reward": 23.125012656885946, "min_episode_reward": -50.40276336669922, "max_episode_reward": 68.73623657226562, "mean_episode_length": 71.16129032258064, "success_rate": 0.03225806451612903, "collision_rate": 0.967741935483871, "out_of_bounds_rate": 0.0, "timeout_rate": 0.0, "policy_loss": -0.0004123496988323039, "value_loss": 19.793795108795166, "entropy": 0.7825323194265366, "approx_kl": 0.008680755854584277, "clip_fraction": 0.17206250876188278, "grad_norm": 132.39462089538574, "explained_variance": 0.8743588924407959, "action_std_mean": 0.35764604806900024}
{"step": 1168000, "wall_time": 1790083983.7305439, "episodes_completed": 50, "mean_episode_reward": -1.7128289461135864, "std_episode_reward": 35.15186321368803, "min_episode_reward": -50.00715255737305, "max_episode_reward": 98.65552520751953, "mean_episode_length": 117.52, "success_rate": 0.08, "collision_rate": 0.88, "out_of_bounds_rate": 0.0, "timeout_rate": 0.04, "policy_loss": 0.0007467475247103783, "value_loss": 19.999372959136963, "entropy": 0.780684694647789, "approx_kl": 0.007365307537838817, "clip_fraction": 0.18778125941753387, "grad_norm": 107.74981307983398, "explained_variance": 0.9009012579917908, "action_std_mean": 0.3573230504989624}
{"step": 1176000, "wall_time": 1790084017.0230522, "episodes_completed": 62, "mean_episode_reward": -13.59617147138042, "std_episode_reward": 22.247662060374267, "min_episode_reward": -50.478172302246094, "max_episode_reward": 56.871337890625, "mean_episode_length": 77.79032258064517, "success_rate": 0.016129032258064516, "collision_rate": 0.967741935483871, "out_of_bounds_rate": 0.0, "timeout_rate": 0.016129032258064516, "policy_loss": 0.0024330316800620366, "value_loss": 23.609619617462158, "entropy": 0.7789047658443451, "approx_kl": 0.007415576605126262, "clip_fraction": 0.12250000797212124, "grad_norm": 144.73597049713135, "explained_variance": 0.887158215045929, "action_std_mean": 0.3570009171962738}
{"step": 1184000, "wall_time": 1790084051.9067361, "episodes_completed": 45, "mean_episode_reward": -10.377292251586914, "std_episode_reward": 31.780099871065904, "min_episode_reward": -50.21650314331055, "max_episode_reward": 87.24344635009766, "mean_episode_length": 93.73333333333333, "success_rate": 0.06666666666666667, "collision_rate": 0.9333333333333333, "out_of_bounds_rate": 0.0, "timeout_rate": 0.0, "policy_loss": -0.00036003782640914306, "value_loss": 16.79613208770752, "entropy": 0.7770179659128189, "approx_kl": 0.005472985212691128, "clip_fraction": 0.11953125149011612, "grad_norm": 64.56352996826172, "explained_variance": 0.9265152215957642, "action_std_mean": 0.3566397428512573}
{"step": 1192000, "wall_time": 1790084087.8771179, "episodes_completed": 33, "mean_episode_reward": -2.3361677978978013, "std_episode_reward": 38.964446355342226, "min_episode_reward": -49.96864700317383, "max_episode_reward": 112.62689208984375, "mean_episode_length": 111.21212121212122, "success_rate": 0.12121212121212122, "collision_rate": 0.8787878787878788, "out_of_bounds_rate": 0.0, "timeout_rate": 0.0, "policy_loss": -0.001118868188699662, "value_loss": 16.426025390625, "entropy": 0.7751389592885971, "approx_kl": 0.002858674168237485, "clip_fraction": 0.08718750486150384, "grad_norm": 81.76631546020508, "explained_variance": 0.8863056898117065, "action_std_mean": 0.35638654232025146}
{"step": 1200000, "wall_time": 1790084125.8539398, "episodes_completed": 31, "mean_episode_reward": -8.26092049383348, "std_episode_reward": 36.46555949385367, "min_episode_reward": -50.060203552246094, "max_episode_reward": 114.7183837890625, "mean_episode_length": 118.38709677419355, "success_rate": 0.06451612903225806, "collision_rate": 0.9354838709677419, "out_of_bounds_rate": 0.0, "timeout_rate": 0.0, "policy_loss": -0.0002967231325164965, "value_loss": 19.589253902435303, "entropy": 0.7739840149879456, "approx_kl": 0.0065681423438945785, "clip_fraction": 0.11959375569131225, "grad_norm": 109.90694427490234, "explained_variance": 0.8769252300262451, "action_std_mean": 0.3562491536140442}
{"step": 1208000, "wall_time": 1790084159.202712, "episodes_completed": 47, "mean_episode_reward": -15.564901001909947, "std_episode_reward": 28.98156430703325, "min_episode_reward": -56.480491638183594, "max_episode_reward": 77.689208984375, "mean_episode_length": 98.8936170212766, "success_rate": 0.02127659574468085, "collision_rate": 0.9361702127659575, "out_of_bounds_rate": 0.0, "timeout_rate": 0.0425531914893617, "policy_loss": -0.0002638912270195304, "value_loss": 19.305088996887207, "entropy": 0.7732822299003601, "approx_kl": 0.004188203136436641, "clip_fraction": 0.08296875655651093, "grad_norm": 65.50105094909668, "explained_variance": 0.9080219268798828, "action_std_mean": 0.3561076819896698}
{"step": 1216000, "wall_time": 1790084200.0116916, "episodes_completed": 34, "mean_episode_reward": 3.807177655837115, "std_episode_reward": 49.0371134109934, "min_episode_reward": -50.49657440185547, "max_episode_reward": 150.67498779296875, "mean_episode_length": 132.64705882352942, "success_rate": 0.058823529411764705, "collision_rate": 0.9411764705882353, "out_of_bounds_rate": 0.0, "timeout_rate": 0.0, "policy_loss": 0.0014012189718196622, "value_loss": 20.58898115158081, "entropy": 0.7722515910863876, "approx_kl": 0.003913531836587936, "clip_fraction": 0.10490625631064177, "grad_norm": 88.45687198638916, "explained_variance": 0.8800521492958069, "action_std_mean": 0.35581088066101074}
{"step": 1224000, "wall_time": 1790084237.9709675, "episodes_completed": 37, "mean_episode_reward": -1.7179981953388936, "std_episode_reward": 30.413342242936768, "min_episode_reward": -50.345306396484375, "max_episode_reward": 69.43966674804688, "mean_episode_length": 117.1891891891892, "success_rate": 0.10810810810810811, "collision_rate": 0.8648648648648649, "out_of_bounds_rate": 0.0, "timeout_rate": 0.02702702702702703, "policy_loss": 0.0036690990044738747, "value_loss": 24.295701026916504, "entropy": 0.7704308927059174, "approx_kl": 0.00916970835532993, "clip_fraction": 0.19456251338124275, "grad_norm": 132.31663131713867, "explained_variance": 0.8733752965927124, "action_std_mean": 0.35551372170448303}
{"step": 1232000, "wall_time": 1790084271.2600548, "episodes_completed": 41, "mean_episode_reward": 9.835625160031203, "std_episode_reward": 44.00689740644169, "min_episode_reward": -49.96811294555664, "max_episode_reward": 117.43434143066406, "mean_episode_length": 115.90243902439025, "success_rate": 0.1951219512195122, "collision_rate": 0.7804878048780488, "out_of_bounds_rate": 0.0, "timeout_rate": 0.024390243902439025, "policy_loss": 0.0018789802641836495, "value_loss": 32.31639862060547, "entropy": 0.7690893858671188, "approx_kl": 0.007209662580862641, "clip_fraction": 0.13821875676512718, "grad_norm": 102.94160842895508, "explained_variance": 0.820696234703064, "action_std_mean": 0.3553749918937683}
{"step": 1240000, "wall_time": 1790084310.5134373, "episodes_completed": 30, "mean_episode_reward": 0.2957518289486567, "std_episode_reward": 34.84048074151017, "min_episode_reward": -50.00300216674805, "max_episode_reward": 81.15035247802734, "mean_episode_length": 142.33333333333334, "success_rate": 0.13333333333333333, "collision_rate": 0.8333333333333334, "out_of_bounds_rate": 0.0, "timeout_rate": 0.03333333333333333, "policy_loss": 0.000687098525057106, "value_loss": 18.80254364013672, "entropy": 0.7685089558362961, "approx_kl": 0.008422170765697956, "clip_fraction": 0.16490625217556953, "grad_norm": 94.93120193481445, "explained_variance": 0.8962960243225098, "action_std_mean": 0.35530805587768555}
{"step": 1248000, "wall_time": 1790084347.5738876, "episodes_completed": 41, "mean_episode_reward": 5.517750833092666, "std_episode_reward": 40.54368601678629, "min_episode_reward": -50.18017578125, "max_episode_reward": 95.29986572265625, "mean_episode_length": 107.29268292682927, "success_rate": 0.17073170731707318, "collision_rate": 0.8292682926829268, "out_of_bounds_rate": 0.0, "timeout_rate": 0.0, "policy_loss": 0.0008482780919876198, "value_loss": 23.37622594833374, "entropy": 0.7681533545255661, "approx_kl": 0.0027228897088207304, "clip_fraction": 0.1014687530696392, "grad_norm": 86.32881164550781, "explained_variance": 0.8676291704177856, "action_std_mean": 0.3552277088165283}
{"step": 1256000, "wall_time": 1790084380.4669983, "episodes_completed": 55, "mean_episode_reward": 3.4663273551247338, "std_episode_reward": 43.677163380485936, "min_episode_reward": -50.49984359741211, "max_episode_reward": 199.2146759033203, "mean_episode_length": 109.98181818181818, "success_rate": 0.12727272727272726, "collision_rate": 0.8363636363636363, "out_of_bounds_rate": 0.0, "timeout_rate": 0.03636363636363636, "policy_loss": 0.004921497581177436, "value_loss": 37.81149959564209, "entropy": 0.7676594108343124, "approx_kl": 0.006478730880189687, "clip_fraction": 0.12421875540167093, "grad_norm": 117.5045166015625, "explained_variance": 0.7867523431777954, "action_std_mean": 0.3551441431045532}
{"step": 1264000, "wall_time": 1790084413.4372196, "episodes_completed": 44, "mean_episode_reward": -4.106121919371865, "std_episode_reward": 28.920070897865514, "min_episode_reward": -50.14189147949219, "max_episode_reward": 121.0855484008789, "mean_episode_length": 122.4090909090909, "success_rate": 0.045454545454545456, "collision_rate": 0.9318181818181818, "out_of_bounds_rate": 0.0, "timeout_rate": 0.022727272727272728, "policy_loss": 0.011218780690804175, "value_loss": 26.567396640777588, "entropy": 0.7670593708753586, "approx_kl": 0.011925274739041924, "clip_fraction": 0.22715625911951065, "grad_norm": 114.98819923400879, "explained_variance": 0.8490039110183716, "action_std_mean": 0.3549835681915283}
{"step": 1272000, "wall_time": 1790084445.7349944, "episodes_completed": 33, "mean_episode_reward": 4.209282528270375, "std_episode_reward": 41.55873147780648, "min_episode_reward": -50.34827423095703, "max_episode_reward": 85.48789978027344, "mean_episode_length": 126.93939393939394, "success_rate": 0.15151515151515152, "collision_rate": 0.8484848484848485, "out_of_bounds_rate": 0.0, "timeout_rate": 0.0, "policy_loss": 0.007175685849040769, "value_loss": 28.066536903381348, "entropy": 0.7662092596292496, "approx_kl": 0.013072824571281672, "clip_fraction": 0.22187501564621925, "grad_norm": 113.11544609069824, "explained_variance": 0.846480131149292, "action_std_mean": 0.354884535074234}
{"step": 1280000, "wall_time": 1790084477.567632, "episodes_completed": 20, "mean_episode_reward": 24.692665576934814, "std_episode_reward": 58.561566484656375, "min_episode_reward": -49.68131637573242, "max_episode_reward": 196.4685821533203, "mean_episode_length": 159.2, "success_rate": 0.25, "collision_rate": 0.75, "out_of_bounds_rate": 0.0, "timeout_rate": 0.0, "policy_loss": 0.01982307079434431, "value_loss": 26.856482982635498, "entropy": 0.7656974792480469, "approx_kl": 0.027469596825540066, "clip_fraction": 0.25175001472234726, "grad_norm": 121.87650489807129, "explained_variance": 0.8486957550048828, "action_std_mean": 0.35478687286376953}
{"step": 1288000, "wall_time": 1790084509.9764826, "episodes_completed": 26, "mean_episode_reward": 6.493868947029114, "std_episode_reward": 44.5858334696631, "min_episode_reward": -25.172042846679688, "max_episode_reward": 135.2818145751953, "mean_episode_length": 107.5, "success_rate": 0.23076923076923078, "collision_rate": 0.7307692307692307, "out_of_bounds_rate": 0.0, "timeout_rate": 0.038461538461538464, "policy_loss": 0.008354331523180214, "value_loss": 24.136595726013184, "entropy": 0.7653953284025192, "approx_kl": 0.016498852521181107, "clip_fraction": 0.2562187686562538, "grad_norm": 174.5100383758545, "explained_variance": 0.8284812569618225, "action_std_mean": 0.35482609272003174}
{"step": 1296000, "wall_time": 1790084541.6752868, "episodes_completed": 42, "mean_episode_reward": -0.5687282028652373, "std_episode_reward": 37.31303259988194, "min_episode_reward": -50.37800598144531, "max_episode_reward": 99.80130767822266, "mean_episode_length": 102.52380952380952, "success_rate": 0.11904761904761904, "collision_rate": 0.8571428571428571, "out_of_bounds_rate": 0.0, "timeout_rate": 0.023809523809523808, "policy_loss": 0.0017616172530690033, "value_loss": 24.406880378723145, "entropy": 0.7657376229763031, "approx_kl": 0.009097916074097157, "clip_fraction": 0.18693750724196434, "grad_norm": 65.05283737182617, "explained_variance": 0.781788170337677, "action_std_mean": 0.35489070415496826}
{"step": 1304000, "wall_time": 1790084573.8499117, "episodes_completed": 20, "mean_episode_reward": 2.4872844219207764, "std_episode_reward": 46.4174949581695, "min_episode_reward": -50.27499008178711, "max_episode_reward": 158.09414672851562, "mean_episode_length": 108.3, "success_rate": 0.15, "collision_rate": 0.85, "out_of_bounds_rate": 0.0, "timeout_rate": 0.0, "policy_loss": 0.013674109863117234, "value_loss": 17.913818836212158, "entropy": 0.7659575492143631, "approx_kl": 0.012445328291505575, "clip_fraction": 0.22753126174211502, "grad_norm": 93.08609771728516, "explained_variance": 0.8830636739730835, "action_std_mean": 0.35488080978393555}
{"step": 1312000, "wall_time": 1790084606.2882342, "episodes_completed": 31, "mean_episode_reward": 3.3405586413798796, "std_episode_reward": 40.84716397928212, "min_episode_reward": -49.7102165222168, "max_episode_reward": 132.53167724609375, "mean_episode_length": 93.2258064516129, "success_rate": 0.16129032258064516, "collision_rate": 0.7741935483870968, "out_of_bounds_rate": 0.0, "timeout_rate": 0.06451612903225806, "policy_loss": 0.0004680521814153238, "value_loss": 18.790918827056885, "entropy": 0.7658155858516693, "approx_kl": 0.004389049019664526, "clip_fraction": 0.11187500692903996, "grad_norm": 47.73269510269165, "explained_variance": 0.8828084468841553, "action_std_mean": 0.35483646392822266}
{"step": 1320000, "wall_time": 1790084638.2572982, "episodes_completed": 32, "mean_episode_reward": 5.081772167235613, "std_episode_reward": 51.17217914947658, "min_episode_reward": -50.50510787963867, "max_episode_reward": 204.8929443359375, "mean_episode_length": 133.0625, "success_rate": 0.1875, "collision_rate": 0.75, "out_of_bounds_rate": 0.0, "timeout_rate": 0.0625, "policy_loss": -7.56740596843386e-05, "value_loss": 16.69161367416382, "entropy": 0.7655888348817825, "approx_kl": 0.0039000339165795594, "clip_fraction": 0.08128125499933958, "grad_norm": 55.08835506439209, "explained_variance": 0.8742032647132874, "action_std_mean": 0.35480743646621704}
{"step": 1328000, "wall_time": 1790084669.5033355, "episodes_completed": 37, "mean_episode_reward": -5.389893557574298, "std_episode_reward": 34.08288157420849, "min_episode_reward": -50.40462875366211, "max_episode_reward": 88.63172912597656, "mean_episode_length": 120.67567567567568, "success_rate": 0.10810810810810811, "collision_rate": 0.8918918918918919, "out_of_bounds_rate": 0.0, "timeout_rate": 0.0, "policy_loss": 0.003051068016910019, "value_loss": 21.605769157409668, "entropy": 0.7655006051063538, "approx_kl": 0.004988104221411049, "clip_fraction": 0.10125000588595867, "grad_norm": 86.72023868560791, "explained_variance": 0.82353276014328, "action_std_mean": 0.3548259735107422}
{"step": 1336000, "wall_time": 1790084701.5979311, "episodes_completed": 29, "mean_episode_reward": 16.538202713275776, "std_episode_reward": 47.5902058010677, "min_episode_reward": -49.90087890625, "max_episode_reward": 129.09283447265625, "mean_episode_length": 112.93103448275862, "success_rate": 0.2413793103448276, "collision_rate": 0.7586206896551724, "out_of_bounds_rate": 0.0, "timeout_rate": 0.0, "policy_loss": 0.008107478542253466, "value_loss": 25.790478706359863, "entropy": 0.7656118273735046, "approx_kl": 0.004604254616424441, "clip_fraction": 0.12600000761449337, "grad_norm": 109.09286499023438, "explained_variance": 0.8262602090835571, "action_std_mean": 0.3548319935798645}
{"step": 1344000, "wall_time": 1790084736.2163417, "episodes_completed": 28, "mean_episode_reward": 7.964739535536085, "std_episode_reward": 38.596472960835534, "min_episode_reward": -50.142024993896484, "max_episode_reward": 91.48174285888672, "mean_episode_length": 165.67857142857142, "success_rate": 0.14285714285714285, "collision_rate": 0.8214285714285714, "out_of_bounds_rate": 0.0, "timeout_rate": 0.03571428571428571, "policy_loss": 0.0037488414705733053, "value_loss": 18.125709056854248, "entropy": 0.7655710428953171, "approx_kl": 0.009926955914124846, "clip_fraction": 0.21012500673532486, "grad_norm": 90.90663242340088, "explained_variance": 0.8702762126922607, "action_std_mean": 0.3548080027103424}
{"step": 1352000, "wall_time": 1790084772.0568073, "episodes_completed": 36, "mean_episode_reward": -0.06524844964345296, "std_episode_reward": 45.770188660917825, "min_episode_reward": -50.11581802368164, "max_episode_reward": 118.25164794921875, "mean_episode_length": 104.72222222222223, "success_rate": 0.1388888888888889, "collision_rate": 0.8333333333333334, "out_of_bounds_rate": 0.0, "timeout_rate": 0.027777777777777776, "policy_loss": 0.011754770718514829, "value_loss": 22.88373327255249, "entropy": 0.7654625922441483, "approx_kl": 0.013730942504480481, "clip_fraction": 0.23884376138448715, "grad_norm": 133.55231857299805, "explained_variance": 0.8510069847106934, "action_std_mean": 0.35480308532714844}
{"step": 1360000, "wall_time": 1790084805.2674348, "episodes_completed": 30, "mean_episode_reward": 10.640882563591003, "std_episode_reward": 51.21588859165315, "min_episode_reward": -49.84962844848633, "max_episode_reward": 213.2608184814453, "mean_episode_length": 106.3, "success_rate": 0.2, "collision_rate": 0.7333333333333333, "out_of_bounds_rate": 0.0, "timeout_rate": 0.06666666666666667, "policy_loss": 0.007426746794022665, "value_loss": 20.086425304412842, "entropy": 0.7653205245733261, "approx_kl": 0.010528542567044497, "clip_fraction": 0.18259375542402267, "grad_norm": 108.00631713867188, "explained_variance": 0.8292388916015625, "action_std_mean": 0.3547227382659912}
{"step": 1368000, "wall_time": 1790084838.367528, "episodes_completed": 31, "mean_episode_reward": 7.415712510385821, "std_episode_reward": 47.90617453768268, "min_episode_reward": -50.21858215332031, "max_episode_reward": 124.46861267089844, "mean_episode_length": 137.67741935483872, "success_rate": 0.1935483870967742, "collision_rate": 0.8064516129032258, "out_of_bounds_rate": 0.0, "timeout_rate": 0.0, "policy_loss": 0.008233822671696589, "value_loss": 26.32928705215454, "entropy": 0.7647541761398315, "approx_kl": 0.010071055497974157, "clip_fraction": 0.19296875968575478, "grad_norm": 93.05473899841309, "explained_variance": 0.8209263682365417, "action_std_mean": 0.3545989990234375}
{"step": 1376000, "wall_time": 1790084870.8551056, "episodes_completed": 16, "mean_episode_reward": 11.390297338366508, "std_episode_reward": 36.81563833025503, "min_episode_reward": -50.50075912475586, "max_episode_reward": 73.70912170410156, "mean_episode_length": 151.8125, "success_rate": 0.25, "collision_rate": 0.6875, "out_of_bounds_rate": 0.0, "timeout_rate": 0.0625, "policy_loss": 0.010540115203708456, "value_loss": 16.680923223495483, "entropy": 0.7638818472623825, "approx_kl": 0.011056540533900261, "clip_fraction": 0.19628125801682472, "grad_norm": 104.55425357818604, "explained_variance": 0.8447912931442261, "action_std_mean": 0.35438668727874756}
{"step": 1384000, "wall_time": 1790084903.8402653, "episodes_completed": 34, "mean_episode_reward": 11.740937120774213, "std_episode_reward": 57.82587921724312, "min_episode_reward": -50.121429443359375, "max_episode_reward": 174.95468139648438, "mean_episode_length": 146.08823529411765, "success_rate": 0.17647058823529413, "collision_rate": 0.8235294117647058, "out_of_bounds_rate": 0.0, "timeout_rate": 0.0, "policy_loss": 0.005275615840218961, "value_loss": 21.66832971572876, "entropy": 0.7625354528427124, "approx_kl": 0.008677170379087329, "clip_fraction": 0.17278125882148743, "grad_norm": 126.96024322509766, "explained_variance": 0.8185272216796875, "action_std_mean": 0.35410839319229126}
{"step": 1392000, "wall_time": 1790084941.6773386, "episodes_completed": 37, "mean_episode_reward": -2.787782333992623, "std_episode_reward": 37.766911013817825, "min_episode_reward": -49.660057067871094, "max_episode_reward": 104.5055923461914, "mean_episode_length": 116.13513513513513, "success_rate": 0.16216216216216217, "collision_rate": 0.8378378378378378, "out_of_bounds_rate": 0.0, "timeout_rate": 0.0, "policy_loss": 0.005687012946232972, "value_loss": 23.85149049758911, "entropy": 0.7608578950166702, "approx_kl": 0.008053857774939388, "clip_fraction": 0.11721875332295895, "grad_norm": 126.46130084991455, "explained_variance": 0.818192183971405, "action_std_mean": 0.35380202531814575}
{"step": 1400000, "wall_time": 1790084974.0879683, "episodes_completed": 35, "mean_episode_reward": 7.372152464730399, "std_episode_reward": 52.5442288541358, "min_episode_reward": -50.393333435058594, "max_episode_reward": 182.60076904296875, "mean_episode_length": 114.62857142857143, "success_rate": 0.22857142857142856, "collision_rate": 0.7714285714285715, "out_of_bounds_rate": 0.0, "timeout_rate": 0.0, "policy_loss": 0.0016982327147853082, "value_loss": 21.79859685897827, "entropy": 0.7591682523488998, "approx_kl": 0.006084566353820264, "clip_fraction": 0.15456250682473183, "grad_norm": 81.15778350830078, "explained_variance": 0.8329626321792603, "action_std_mean": 0.3534819483757019}
{"step": 1408000, "wall_time": 1790085007.0336826, "episodes_completed": 42, "mean_episode_reward": 0.22384804771060035, "std_episode_reward": 46.29878064339487, "min_episode_reward": -50.4438362121582, "max_episode_reward": 175.0478515625, "mean_episode_length": 121.45238095238095, "success_rate": 0.14285714285714285, "collision_rate": 0.8571428571428571, "out_of_bounds_rate": 0.0, "timeout_rate": 0.0, "policy_loss": 0.0004165201389696449, "value_loss": 25.21516466140747, "entropy": 0.7573525309562683, "approx_kl": 0.005446465336717665, "clip_fraction": 0.11453125439584255, "grad_norm": 100.3075180053711, "explained_variance": 0.8479601144790649, "action_std_mean": 0.35319453477859497}
{"step": 1416000, "wall_time": 1790085040.6728823, "episodes_completed": 45, "mean_episode_reward": 3.586125543382433, "std_episode_reward": 42.36699744606584, "min_episode_reward": -50.5096321105957, "max_episode_reward": 115.75633239746094, "mean_episode_length": 118.53333333333333, "success_rate": 0.13333333333333333, "collision_rate": 0.8666666666666667, "out_of_bounds_rate": 0.0, "timeout_rate": 0.0, "policy_loss": -0.00017718887934470295, "value_loss": 26.00037384033203, "entropy": 0.7558782249689102, "approx_kl": 0.005421996116638184, "clip_fraction": 0.1296562571078539, "grad_norm": 145.92145919799805, "explained_variance": 0.8584563136100769, "action_std_mean": 0.3529646396636963}
{"step": 1424000, "wall_time": 1790085079.3115425, "episodes_completed": 38, "mean_episode_reward": -0.47740848440872996, "std_episode_reward": 40.008114972675116, "min_episode_reward": -50.423072814941406, "max_episode_reward": 140.01177978515625, "mean_episode_length": 103.36842105263158, "success_rate": 0.10526315789473684, "collision_rate": 0.8947368421052632, "out_of_bounds_rate": 0.0, "timeout_rate": 0.0, "policy_loss": 0.0039407475576154205, "value_loss": 25.457772254943848, "entropy": 0.7547319084405899, "approx_kl": 0.007614353147801012, "clip_fraction": 0.12378125544637442, "grad_norm": 171.05954360961914, "explained_variance": 0.8390061855316162, "action_std_mean": 0.3528350293636322}
{"step": 1432000, "wall_time": 1790085114.9536262, "episodes_completed": 28, "mean_episode_reward": 11.200994968414307, "std_episode_reward": 50.381031393071964, "min_episode_reward": -49.521690368652344, "max_episode_reward": 120.32754516601562, "mean_episode_length": 127.42857142857143, "success_rate": 0.21428571428571427, "collision_rate": 0.7857142857142857, "out_of_bounds_rate": 0.0, "timeout_rate": 0.0, "policy_loss": 0.0029058730108663666, "value_loss": 24.064073085784912, "entropy": 0.7541140764951706, "approx_kl": 0.005269867484457791, "clip_fraction": 0.12700000405311584, "grad_norm": 177.93804359436035, "explained_variance": 0.8737844228744507, "action_std_mean": 0.35272449254989624}
{"step": 1440000, "wall_time": 1790085148.639094, "episodes_completed": 42, "mean_episode_reward": 13.370931909197854, "std_episode_reward": 47.98740105240921, "min_episode_reward": -30.902318954467773, "max_episode_reward": 166.40383911132812, "mean_episode_length": 139.97619047619048, "success_rate": 0.19047619047619047, "collision_rate": 0.7857142857142857, "out_of_bounds_rate": 0.0, "timeout_rate": 0.023809523809523808, "policy_loss": 0.009870074983686417, "value_loss": 26.95705223083496, "entropy": 0.7534160017967224, "approx_kl": 0.011011164402589202, "clip_fraction": 0.20521875470876694, "grad_norm": 103.79977798461914, "explained_variance": 0.8645883798599243, "action_std_mean": 0.35256531834602356}
{"step": 1448000, "wall_time": 1790085185.9530668, "episodes_completed": 49, "mean_episode_reward": 3.80596433367048, "std_episode_reward": 39.60923740656307, "min_episode_reward": -50.428260803222656, "max_episode_reward": 163.242919921875, "mean_episode_length": 91.16326530612245, "success_rate": 0.12244897959183673, "collision_rate": 0.8775510204081632, "out_of_bounds_rate": 0.0, "timeout_rate": 0.0, "policy_loss": 0.003605162885971458, "value_loss": 33.865241050720215, "entropy": 0.7522797286510468, "approx_kl": 0.008614795282483101, "clip_fraction": 0.18984375521540642, "grad_norm": 148.87494468688965, "explained_variance": 0.829459547996521, "action_std_mean": 0.35230553150177}
{"step": 1456000, "wall_time": 1790085220.329367, "episodes_completed": 60, "mean_episode_reward": -6.638312307993571, "std_episode_reward": 37.51833610347385, "min_episode_reward": -50.50806427001953, "max_episode_reward": 130.81948852539062, "mean_episode_length": 83.15, "success_rate": 0.06666666666666667, "collision_rate": 0.9333333333333333, "out_of_bounds_rate": 0.0, "timeout_rate": 0.0, "policy_loss": 0.013371646659448788, "value_loss": 31.564595699310303, "entropy": 0.7507520020008087, "approx_kl": 0.01086282217875123, "clip_fraction": 0.1280937548726797, "grad_norm": 231.64721012115479, "explained_variance": 0.8598858714103699, "action_std_mean": 0.3520285189151764}
{"step": 1464000, "wall_time": 1790085255.7395406, "episodes_completed": 31, "mean_episode_reward": 7.959108506479571, "std_episode_reward": 49.508205050807746, "min_episode_reward": -49.8289909362793, "max_episode_reward": 140.7159423828125, "mean_episode_length": 130.06451612903226, "success_rate": 0.1935483870967742, "collision_rate": 0.8064516129032258, "out_of_bounds_rate": 0.0, "timeout_rate": 0.0, "policy_loss": 0.0015243569276939262, "value_loss": 23.628901958465576, "entropy": 0.7491331845521927, "approx_kl": 0.00722529087215662, "clip_fraction": 0.11878125555813313, "grad_norm": 165.1357364654541, "explained_variance": 0.8742532730102539, "action_std_mean": 0.35173067450523376}
{"step": 1472000, "wall_time": 1790085292.897082, "episodes_completed": 39, "mean_episode_reward": 17.26354540311373, "std_episode_reward": 50.227192694586016, "min_episode_reward": -50.350799560546875, "max_episode_reward": 188.09593200683594, "mean_episode_length": 131.97435897435898, "success_rate": 0.20512820512820512, "collision_rate": 0.7948717948717948, "out_of_bounds_rate": 0.0, "timeout_rate": 0.0, "policy_loss": 0.003889256689697529, "value_loss": 29.432676315307617, "entropy": 0.7474754899740219, "approx_kl": 0.006900957319885492, "clip_fraction": 0.11687500774860382, "grad_norm": 79.3436279296875, "explained_variance": 0.8332809805870056, "action_std_mean": 0.3514544665813446}
{"step": 1480000, "wall_time": 1790085327.7164342, "episodes_completed": 36, "mean_episode_reward": 7.831743346320258, "std_episode_reward": 38.130544935827594, "min_episode_reward": -50.50905227661133, "max_episode_reward": 87.43431091308594, "mean_episode_length": 110.77777777777777, "success_rate": 0.19444444444444445, "collision_rate": 0.7777777777777778, "out_of_bounds_rate": 0.0, "timeout_rate": 0.027777777777777776, "policy_loss": 0.0013370619484921464, "value_loss": 33.48996639251709, "entropy": 0.7460337281227112, "approx_kl": 0.0035359473258722574, "clip_fraction": 0.09421875141561031, "grad_norm": 58.58072853088379, "explained_variance": 0.8021866679191589, "action_std_mean": 0.3512508273124695}
{"step": 1488000, "wall_time": 1790085364.0235898, "episodes_completed": 27, "mean_episode_reward": 17.63821898566352, "std_episode_reward": 59.00132545363523, "min_episode_reward": -50.185264587402344, "max_episode_reward": 171.86688232421875, "mean_episode_length": 172.55555555555554, "success_rate": 0.2222222222222222, "collision_rate": 0.7777777777777778, "out_of_bounds_rate": 0.0, "timeout_rate": 0.0, "policy_loss": 0.0006568603884082869, "value_loss": 24.499611377716064, "entropy": 0.7449682652950287, "approx_kl": 0.001964338414836675, "clip_fraction": 0.0644375029951334, "grad_norm": 71.72471523284912, "explained_variance": 0.8222552537918091, "action_std_mean": 0.3510644733905792}
{"step": 1496000, "wall_time": 1790085398.8619297, "episodes_completed": 36, "mean_episode_reward": 3.629073911243015, "std_episode_reward": 38.495713605699535, "min_episode_reward": -49.60300064086914, "max_episode_reward": 117.43681335449219, "mean_episode_length": 87.08333333333333, "success_rate": 0.16666666666666666, "collision_rate": 0.7777777777777778, "out_of_bounds_rate": 0.0, "timeout_rate": 0.05555555555555555, "policy_loss": 0.0013567215064540505, "value_loss": 24.175055980682373, "entropy": 0.7439892441034317, "approx_kl": 0.004999136319383979, "clip_fraction": 0.10228125564754009, "grad_norm": 110.65122032165527, "explained_variance": 0.8759669065475464, "action_std_mean": 0.35095661878585815}
{"step": 1504000, "wall_time": 1790085436.3017063, "episodes_completed": 39, "mean_episode_reward": 4.241727572221023, "std_episode_reward": 44.3430714284449, "min_episode_reward": -50.48609924316406, "max_episode_reward": 101.77186584472656, "mean_episode_length": 104.0, "success_rate": 0.20512820512820512, "collision_rate": 0.7435897435897436, "out_of_bounds_rate": 0.0, "timeout_rate": 0.05128205128205128, "policy_loss": 0.0011847243596567747, "value_loss": 27.6884183883667, "entropy": 0.7435104101896286, "approx_kl": 0.006089592236094177, "clip_fraction": 0.15925000607967377, "grad_norm": 121.91227722167969, "explained_variance": 0.8565614223480225, "action_std_mean": 0.3508725166320801}
{"step": 1512000, "wall_time": 1790085470.611963, "episodes_completed": 40, "mean_episode_reward": -3.959562337398529, "std_episode_reward": 38.95101347352653, "min_episode_reward": -50.50031661987305, "max_episode_reward": 102.20022583007812, "mean_episode_length": 106.275, "success_rate": 0.05, "collision_rate": 0.925, "out_of_bounds_rate": 0.0, "timeout_rate": 0.025, "policy_loss": 0.0022264341823756695, "value_loss": 27.777607440948486, "entropy": 0.7428396493196487, "approx_kl": 0.004341008374467492, "clip_fraction": 0.12859375588595867, "grad_norm": 107.34280490875244, "explained_variance": 0.8489450812339783, "action_std_mean": 0.3506842851638794}
{"step": 1520000, "wall_time": 1790085503.4194584, "episodes_completed": 22, "mean_episode_reward": 7.35319319638339, "std_episode_reward": 38.38702155615975, "min_episode_reward": -49.598480224609375, "max_episode_reward": 84.60624694824219, "mean_episode_length": 114.63636363636364, "success_rate": 0.13636363636363635, "collision_rate": 0.8181818181818182, "out_of_bounds_rate": 0.0, "timeout_rate": 0.045454545454545456, "policy_loss": 0.00271045837737649, "value_loss": 21.78006935119629, "entropy": 0.7416500300168991, "approx_kl": 0.0053952926537021995, "clip_fraction": 0.13503126055002213, "grad_norm": 131.63872909545898, "explained_variance": 0.8831598162651062, "action_std_mean": 0.35047125816345215}
{"step": 1528000, "wall_time": 1790085539.3153768, "episodes_completed": 35, "mean_episode_reward": -2.0346558366503036, "std_episode_reward": 35.938589751510236, "min_episode_reward": -49.81471633911133, "max_episode_reward": 75.27503967285156, "mean_episode_length": 127.62857142857143, "success_rate": 0.14285714285714285, "collision_rate": 0.8, "out_of_bounds_rate": 0.0, "timeout_rate": 0.05714285714285714, "policy_loss": 0.0016974440368358046, "value_loss": 18.760518074035645, "entropy": 0.740559920668602, "approx_kl": 0.006504220422357321, "clip_fraction": 0.11112500727176666, "grad_norm": 106.58979225158691, "explained_variance": 0.8872663378715515, "action_std_mean": 0.3503303825855255}
{"step": 1536000, "wall_time": 1790085577.7518635, "episodes_completed": 45, "mean_episode_reward": 10.186576896243626, "std_episode_reward": 47.354566642529065, "min_episode_reward": -50.309364318847656, "max_episode_reward": 146.77734375, "mean_episode_length": 116.77777777777777, "success_rate": 0.17777777777777778, "collision_rate": 0.7777777777777778, "out_of_bounds_rate": 0.0, "timeout_rate": 0.044444444444444446, "policy_loss": 0.004364197478164078, "value_loss": 35.19174766540527, "entropy": 0.7398757189512253, "approx_kl": 0.007262864732183516, "clip_fraction": 0.13181250356137753, "grad_norm": 108.19901275634766, "explained_variance": 0.8166539669036865, "action_std_mean": 0.350227952003479}
{"step": 1544000, "wall_time": 1790085612.2230067, "episodes_completed": 35, "mean_episode_reward": 7.14981872013637, "std_episode_reward": 49.78164430062745, "min_episode_reward": -49.88896560668945, "max_episode_reward": 176.67198181152344, "mean_episode_length": 107.02857142857142, "success_rate": 0.14285714285714285, "collision_rate": 0.8571428571428571, "out_of_bounds_rate": 0.0, "timeout_rate": 0.0, "policy_loss": 0.004407680754549892, "value_loss": 24.007293701171875, "entropy": 0.7392242252826691, "approx_kl": 0.007066088495776057, "clip_fraction": 0.13906250149011612, "grad_norm": 99.2845687866211, "explained_variance": 0.8792070150375366, "action_std_mean": 0.35008591413497925}
{"step": 1552000, "wall_time": 1790085649.0684075, "episodes_completed": 34, "mean_episode_reward": 14.317021005293903, "std_episode_reward": 44.090666842681046, "min_episode_reward": -34.6844367980957, "max_episode_reward": 112.7010269165039, "mean_episode_length": 114.20588235294117, "success_rate": 0.17647058823529413, "collision_rate": 0.8235294117647058, "out_of_bounds_rate": 0.0, "timeout_rate": 0.0, "policy_loss": 0.003811484025791456, "value_loss": 31.30464267730713, "entropy": 0.7384634017944336, "approx_kl": 0.0033978718565776944, "clip_fraction": 0.08431250229477882, "grad_norm": 127.73879051208496, "explained_variance": 0.8309181928634644, "action_std_mean": 0.3499853014945984}
{"step": 1560000, "wall_time": 1790085683.9249609, "episodes_completed": 38, "mean_episode_reward": 5.112089215924866, "std_episode_reward": 38.35448628724736, "min_episode_reward": -50.505489349365234, "max_episode_reward": 89.83110809326172, "mean_episode_length": 111.78947368421052, "success_rate": 0.07894736842105263, "collision_rate": 0.8157894736842105, "out_of_bounds_rate": 0.0, "timeout_rate": 0.10526315789473684, "policy_loss": 0.007559852430596925, "value_loss": 32.54306697845459, "entropy": 0.7380485087633133, "approx_kl": 0.0066735114669427276, "clip_fraction": 0.11371875740587711, "grad_norm": 148.09619140625, "explained_variance": 0.8450189232826233, "action_std_mean": 0.34995031356811523}
{"step": 1568000, "wall_time": 1790085722.0269387, "episodes_completed": 49, "mean_episode_reward": -0.2714705515880974, "std_episode_reward": 46.209666054585604, "min_episode_reward": -50.645751953125, "max_episode_reward": 116.31864929199219, "mean_episode_length": 98.83673469387755, "success_rate": 0.1836734693877551, "collision_rate": 0.7959183673469388, "out_of_bounds_rate": 0.0, "timeout_rate": 0.02040816326530612, "policy_loss": 0.00047503380535640627, "value_loss": 37.52261924743652, "entropy": 0.7376973032951355, "approx_kl": 0.004592809942550957, "clip_fraction": 0.09150000475347042, "grad_norm": 161.95850372314453, "explained_variance": 0.830094039440155, "action_std_mean": 0.34980377554893494}
{"step": 1576000, "wall_time": 1790085760.61663, "episodes_completed": 39, "mean_episode_reward": 0.03449082985902444, "std_episode_reward": 34.944693410799275, "min_episode_reward": -49.81568908691406, "max_episode_reward": 90.41358184814453, "mean_episode_length": 116.56410256410257, "success_rate": 0.10256410256410256, "collision_rate": 0.8974358974358975, "out_of_bounds_rate": 0.0, "timeout_rate": 0.0, "policy_loss": 0.011853629335761173, "value_loss": 29.72173547744751, "entropy": 0.7368678599596024, "approx_kl": 0.012840417446568608, "clip_fraction": 0.18659375607967377, "grad_norm": 165.72310256958008, "explained_variance": 0.8315672874450684, "action_std_mean": 0.34972643852233887}
{"step": 1584000, "wall_time": 1790085799.031287, "episodes_completed": 36, "mean_episode_reward": 18.435562041070725, "std_episode_reward": 52.07997114697403, "min_episode_reward": -50.5099983215332, "max_episode_reward": 173.7266387939453, "mean_episode_length": 123.44444444444444, "success_rate": 0.2777777777777778, "collision_rate": 0.6944444444444444, "out_of_bounds_rate": 0.0, "timeout_rate": 0.027777777777777776, "policy_loss": 0.004942512977868407, "value_loss": 33.58677959442139, "entropy": 0.7365024387836456, "approx_kl": 0.009345947997644544, "clip_fraction": 0.14387500658631325, "grad_norm": 200.39199447631836, "explained_variance": 0.8286838531494141, "action_std_mean": 0.34963110089302063}
{"step": 1592000, "wall_time": 1790085836.8432384, "episodes_completed": 33, "mean_episode_reward": 13.861508138252027, "std_episode_reward": 50.01256972652216, "min_episode_reward": -50.30060577392578, "max_episode_reward": 114.25027465820312, "mean_episode_length": 111.84848484848484, "success_rate": 0.18181818181818182, "collision_rate": 0.8181818181818182, "out_of_bounds_rate": 0.0, "timeout_rate": 0.0, "policy_loss": 0.009538145404309084, "value_loss": 26.031291484832764, "entropy": 0.7358073890209198, "approx_kl": 0.01638827146962285, "clip_fraction": 0.249875009059906, "grad_norm": 114.92177963256836, "explained_variance": 0.8718969821929932, "action_std_mean": 0.34949618577957153}
{"step": 1600000, "wall_time": 1790085867.6773796, "episodes_completed": 35, "mean_episode_reward": 5.780515279088702, "std_episode_reward": 44.490301238797954, "min_episode_reward": -50.42701721191406, "max_episode_reward": 144.90846252441406, "mean_episode_length": 125.05714285714286, "success_rate": 0.14285714285714285, "collision_rate": 0.8285714285714286, "out_of_bounds_rate": 0.0, "timeout_rate": 0.02857142857142857, "policy_loss": 0.0065754312090575695, "value_loss": 27.30521297454834, "entropy": 0.7352027893066406, "approx_kl": 0.011447680881246924, "clip_fraction": 0.23343751206994057, "grad_norm": 117.15623474121094, "explained_variance": 0.865898847579956, "action_std_mean": 0.3494485020637512}
{"step": 1608000, "wall_time": 1790085898.8285642, "episodes_completed": 27, "mean_episode_reward": 15.000863110577619, "std_episode_reward": 48.77740064001658, "min_episode_reward": -32.146575927734375, "max_episode_reward": 135.5168914794922, "mean_episode_length": 122.03703703703704, "success_rate": 0.2962962962962963, "collision_rate": 0.7037037037037037, "out_of_bounds_rate": 0.0, "timeout_rate": 0.0, "policy_loss": 0.005199892457574629, "value_loss": 26.401368141174316, "entropy": 0.7349005192518234, "approx_kl": 0.006542761693708599, "clip_fraction": 0.14871875941753387, "grad_norm": 178.35215759277344, "explained_variance": 0.8852850198745728, "action_std_mean": 0.34934157133102417}
{"step": 1616000, "wall_time": 1790085933.6671605, "episodes_completed": 45, "mean_episode_reward": 9.349169773525661, "std_episode_reward": 49.68440987589083, "min_episode_reward": -49.975807189941406, "max_episode_reward": 136.2777099609375, "mean_episode_length": 122.71111111111111, "success_rate": 0.17777777777777778, "collision_rate": 0.8222222222222222, "out_of_bounds_rate": 0.0, "timeout_rate": 0.0, "policy_loss": 0.005459857178851973, "value_loss": 38.37077331542969, "entropy": 0.7340924590826035, "approx_kl": 0.010176187846809626, "clip_fraction": 0.1470625102519989, "grad_norm": 168.17428016662598, "explained_variance": 0.8393625617027283, "action_std_mean": 0.3491545021533966}
{"step": 1624000, "wall_time": 1790085968.412045, "episodes_completed": 53, "mean_episode_reward": 7.372586430243726, "std_episode_reward": 50.178188635115305, "min_episode_reward": -50.228668212890625, "max_episode_reward": 141.7149200439453, "mean_episode_length": 95.60377358490567, "success_rate": 0.24528301886792453, "collision_rate": 0.7547169811320755, "out_of_bounds_rate": 0.0, "timeout_rate": 0.0, "policy_loss": 0.009315027577802448, "value_loss": 39.31590461730957, "entropy": 0.7330631017684937, "approx_kl": 0.010154217830859125, "clip_fraction": 0.16250000521540642, "grad_norm": 160.3291301727295, "explained_variance": 0.8192219734191895, "action_std_mean": 0.349008172750473}
{"step": 1632000, "wall_time": 1790086003.0724247, "episodes_completed": 37, "mean_episode_reward": 19.39444536776156, "std_episode_reward": 64.47821840724845, "min_episode_reward": -50.33269500732422, "max_episode_reward": 174.43527221679688, "mean_episode_length": 116.45945945945945, "success_rate": 0.2702702702702703, "collision_rate": 0.7297297297297297, "out_of_bounds_rate": 0.0, "timeout_rate": 0.0, "policy_loss": 0.0032708249995484495, "value_loss": 27.617550373077393, "entropy": 0.7321784198284149, "approx_kl": 0.004266631440259516, "clip_fraction": 0.07209375128149986, "grad_norm": 82.27223300933838, "explained_variance": 0.8603600859642029, "action_std_mean": 0.34881824254989624}
{"step": 1640000, "wall_time": 1790086035.268501, "episodes_completed": 42, "mean_episode_reward": 2.7336985497247603, "std_episode_reward": 45.05403592983533, "min_episode_reward": -50.136417388916016, "max_episode_reward": 148.7560577392578, "mean_episode_length": 95.45238095238095, "success_rate": 0.19047619047619047, "collision_rate": 0.8095238095238095, "out_of_bounds_rate": 0.0, "timeout_rate": 0.0, "policy_loss": 0.00023796082055205225, "value_loss": 22.783531665802002, "entropy": 0.731001541018486, "approx_kl": 0.003147959738271311, "clip_fraction": 0.07756250351667404, "grad_norm": 75.41490840911865, "explained_variance": 0.909325122833252, "action_std_mean": 0.3485937714576721}
{"step": 1648000, "wall_time": 1790086069.344684, "episodes_completed": 45, "mean_episode_reward": 5.873914252387153, "std_episode_reward": 44.91509255619612, "min_episode_reward": -50.46540069580078, "max_episode_reward": 112.8681411743164, "mean_episode_length": 112.93333333333334, "success_rate": 0.2, "collision_rate": 0.8, "out_of_bounds_rate": 0.0, "timeout_rate": 0.0, "policy_loss": 0.002304528293665453, "value_loss": 31.201347827911377, "entropy": 0.7296704351902008, "approx_kl": 0.003719757020007819, "clip_fraction": 0.0703125037252903, "grad_norm": 116.68482398986816, "explained_variance": 0.8517010807991028, "action_std_mean": 0.3483615517616272}
{"step": 1656000, "wall_time": 1790086104.902802, "episodes_completed": 38, "mean_episode_reward": -2.435018966072484, "std_episode_reward": 44.519806719422654, "min_episode_reward": -50.406761169433594, "max_episode_reward": 122.5983657836914, "mean_episode_length": 73.26315789473684, "success_rate": 0.13157894736842105, "collision_rate": 0.868421052631579, "out_of_bounds_rate": 0.0, "timeout_rate": 0.0, "policy_loss": 0.001291935026529245, "value_loss": 21.435697555541992, "entropy": 0.7283828407526016, "approx_kl": 0.0033377293730154634, "clip_fraction": 0.07312500337138772, "grad_norm": 120.45038223266602, "explained_variance": 0.889214038848877, "action_std_mean": 0.3481503129005432}
{"step": 1664000, "wall_time": 1790086138.4153054, "episodes_completed": 36, "mean_episode_reward": 9.88336193230417, "std_episode_reward": 41.81679891224219, "min_episode_reward": -49.92406463623047, "max_episode_reward": 130.48069763183594, "mean_episode_length": 95.02777777777777, "success_rate": 0.2222222222222222, "collision_rate": 0.75, "out_of_bounds_rate": 0.0, "timeout_rate": 0.027777777777777776, "policy_loss": 0.0012632346479222178, "value_loss": 26.43987274169922, "entropy": 0.7272396236658096, "approx_kl": 0.0023793909640517086, "clip_fraction": 0.038250002544373274, "grad_norm": 78.11683177947998, "explained_variance": 0.8672121167182922, "action_std_mean": 0.3479752838611603}
{"step": 1672000, "wall_time": 1790086176.9150453, "episodes_completed": 29, "mean_episode_reward": -1.6376976391364788, "std_episode_reward": 43.66049711991124, "min_episode_reward": -50.381744384765625, "max_episode_reward": 107.17985534667969, "mean_episode_length": 144.89655172413794, "success_rate": 0.10344827586206896, "collision_rate": 0.8620689655172413, "out_of_bounds_rate": 0.0, "timeout_rate": 0.034482758620689655, "policy_loss": 0.00040198043073180756, "value_loss": 17.452782154083252, "entropy": 0.7262128591537476, "approx_kl": 0.002573044243035838, "clip_fraction": 0.056250003166496754, "grad_norm": 50.312607765197754, "explained_variance": 0.8845425248146057, "action_std_mean": 0.34776172041893005}
{"step": 1680000, "wall_time": 1790086213.7541234, "episodes_completed": 35, "mean_episode_reward": 7.596705068860735, "std_episode_reward": 45.346228518126, "min_episode_reward": -49.74009704589844, "max_episode_reward": 142.330322265625, "mean_episode_length": 120.42857142857143, "success_rate": 0.11428571428571428, "collision_rate": 0.8285714285714286, "out_of_bounds_rate": 0.0, "timeout_rate": 0.05714285714285714, "policy_loss": 0.0026078797862865155, "value_loss": 20.080922603607178, "entropy": 0.7248883992433548, "approx_kl": 0.003634390071965754, "clip_fraction": 0.10575000569224358, "grad_norm": 101.27507591247559, "explained_variance": 0.908203125, "action_std_mean": 0.34751269221305847}
{"step": 1688000, "wall_time": 1790086253.2229354, "episodes_completed": 46, "mean_episode_reward": -5.673017584759256, "std_episode_reward": 31.27093333511858, "min_episode_reward": -49.82980728149414, "max_episode_reward": 80.1567153930664, "mean_episode_length": 91.93478260869566, "success_rate": 0.06521739130434782, "collision_rate": 0.9347826086956522, "out_of_bounds_rate": 0.0, "timeout_rate": 0.0, "policy_loss": 0.001950185091607659, "value_loss": 25.107983589172363, "entropy": 0.7233859151601791, "approx_kl": 0.006141010206192732, "clip_fraction": 0.12696875631809235, "grad_norm": 99.70655632019043, "explained_variance": 0.8732759952545166, "action_std_mean": 0.34725481271743774}
{"step": 1696000, "wall_time": 1790086302.8786922, "episodes_completed": 40, "mean_episode_reward": 6.138517260551453, "std_episode_reward": 43.2004383742682, "min_episode_reward": -50.329742431640625, "max_episode_reward": 135.80117797851562, "mean_episode_length": 103.3, "success_rate": 0.15, "collision_rate": 0.85, "out_of_bounds_rate": 0.0, "timeout_rate": 0.0, "policy_loss": 0.014329328622668891, "value_loss": 35.88493537902832, "entropy": 0.7220785617828369, "approx_kl": 0.021393025293946266, "clip_fraction": 0.2600937597453594, "grad_norm": 222.5688591003418, "explained_variance": 0.8714203834533691, "action_std_mean": 0.34709808230400085}
{"step": 1704000, "wall_time": 1790086339.7809606, "episodes_completed": 39, "mean_episode_reward": 6.482280193231045, "std_episode_reward": 47.24609322547561, "min_episode_reward": -50.19057083129883, "max_episode_reward": 118.13597106933594, "mean_episode_length": 116.74358974358974, "success_rate": 0.15384615384615385, "collision_rate": 0.8461538461538461, "out_of_bounds_rate": 0.0, "timeout_rate": 0.0, "policy_loss": 0.015608597075566638, "value_loss": 29.913636207580566, "entropy": 0.7212882936000824, "approx_kl": 0.01914318441413343, "clip_fraction": 0.2473125085234642, "grad_norm": 180.5982265472412, "explained_variance": 0.8953078985214233, "action_std_mean": 0.34697288274765015}
{"step": 1712000, "wall_time": 1790086370.8901901, "episodes_completed": 36, "mean_episode_reward": -0.39254236221313477, "std_episode_reward": 38.51728515105631, "min_episode_reward": -50.20392608642578, "max_episode_reward": 122.26699829101562, "mean_episode_length": 110.66666666666667, "success_rate": 0.027777777777777776, "collision_rate": 0.9722222222222222, "out_of_bounds_rate": 0.0, "timeout_rate": 0.0, "policy_loss": 0.008562143099494324, "value_loss": 30.02143383026123, "entropy": 0.7206568568944931, "approx_kl": 0.014084909576922655, "clip_fraction": 0.1926250047981739, "grad_norm": 194.0258560180664, "explained_variance": 0.8460108041763306, "action_std_mean": 0.3468928635120392}
{"step": 1720000, "wall_time": 1790086401.7107334, "episodes_completed": 36, "mean_episode_reward": 1.6599277125464544, "std_episode_reward": 39.48683127732428, "min_episode_reward": -49.708072662353516, "max_episode_reward": 135.39300537109375, "mean_episode_length": 95.52777777777777, "success_rate": 0.1388888888888889, "collision_rate": 0.8333333333333334, "out_of_bounds_rate": 0.0, "timeout_rate": 0.027777777777777776, "policy_loss": 0.0031184846078976536, "value_loss": 26.380149364471436, "entropy": 0.720413476228714, "approx_kl": 0.006908503011800349, "clip_fraction": 0.15640625730156898, "grad_norm": 146.04527282714844, "explained_variance": 0.8508368730545044, "action_std_mean": 0.346924364566803}
{"step": 1728000, "wall_time": 1790086433.2090433, "episodes_completed": 25, "mean_episode_reward": 14.549297523498534, "std_episode_reward": 56.0156667667072, "min_episode_reward": -49.66556167602539, "max_episode_reward": 166.46484375, "mean_episode_length": 175.0, "success_rate": 0.2, "collision_rate": 0.8, "out_of_bounds_rate": 0.0, "timeout_rate": 0.0, "policy_loss": 0.0026111632110551453, "value_loss": 26.161030292510986, "entropy": 0.720593586564064, "approx_kl": 0.004517325898632407, "clip_fraction": 0.11387500539422035, "grad_norm": 61.04421520233154, "explained_variance": 0.8597562313079834, "action_std_mean": 0.346899151802063}
{"step": 1736000, "wall_time": 1790086463.8370883, "episodes_completed": 43, "mean_episode_reward": -2.064387654149255, "std_episode_reward": 44.39345518358192, "min_episode_reward": -50.253562927246094, "max_episode_reward": 179.8313446044922, "mean_episode_length": 99.20930232558139, "success_rate": 0.09302325581395349, "collision_rate": 0.9069767441860465, "out_of_bounds_rate": 0.0, "timeout_rate": 0.0, "policy_loss": -0.000755561873782451, "value_loss": 27.47250461578369, "entropy": 0.7201057821512222, "approx_kl": 0.004575093393214047, "clip_fraction": 0.1131875067949295, "grad_norm": 70.22678470611572, "explained_variance": 0.878898024559021, "action_std_mean": 0.34671783447265625}
{"step": 1744000, "wall_time": 1790086494.5232513, "episodes_completed": 29, "mean_episode_reward": 10.628291130065918, "std_episode_reward": 47.12769507853043, "min_episode_reward": -50.124942779541016, "max_episode_reward": 135.07424926757812, "mean_episode_length": 136.89655172413794, "success_rate": 0.13793103448275862, "collision_rate": 0.8275862068965517, "out_of_bounds_rate": 0.0, "timeout_rate": 0.034482758620689655, "policy_loss": 0.0022927398968022317, "value_loss": 24.286458015441895, "entropy": 0.718869686126709, "approx_kl": 0.005228670779615641, "clip_fraction": 0.11140625737607479, "grad_norm": 132.01055145263672, "explained_variance": 0.8813431859016418, "action_std_mean": 0.346474826335907}
{"step": 1752000, "wall_time": 1790086525.2889762, "episodes_completed": 33, "mean_episode_reward": -0.6725163459777832, "std_episode_reward": 43.357647758775265, "min_episode_reward": -50.057838439941406, "max_episode_reward": 141.04248046875, "mean_episode_length": 136.06060606060606, "success_rate": 0.09090909090909091, "collision_rate": 0.8787878787878788, "out_of_bounds_rate": 0.0, "timeout_rate": 0.030303030303030304, "policy_loss": 0.0031550990557296377, "value_loss": 20.9082293510437, "entropy": 0.7174319177865982, "approx_kl": 0.003993600723333657, "clip_fraction": 0.07931250333786011, "grad_norm": 154.63364791870117, "explained_variance": 0.8861889839172363, "action_std_mean": 0.3462240695953369}
{"step": 1760000, "wall_time": 1790086555.5036492, "episodes_completed": 40, "mean_episode_reward": -4.934505777433515, "std_episode_reward": 36.23117779760432, "min_episode_reward": -50.17330551147461, "max_episode_reward": 97.10424041748047, "mean_episode_length": 90.375, "success_rate": 0.125, "collision_rate": 0.85, "out_of_bounds_rate": 0.0, "timeout_rate": 0.025, "policy_loss": 0.0020532348437699577, "value_loss": 20.694111824035645, "entropy": 0.7161502540111542, "approx_kl": 0.003243531391490251, "clip_fraction": 0.07634375244379044, "grad_norm": 105.84406089782715, "explained_variance": 0.8906062841415405, "action_std_mean": 0.34607499837875366}
{"step": 1768000, "wall_time": 1790086585.5161338, "episodes_completed": 34, "mean_episode_reward": 6.163895522846895, "std_episode_reward": 53.12292654097426, "min_episode_reward": -50.22644805908203, "max_episode_reward": 146.3382110595703, "mean_episode_length": 130.14705882352942, "success_rate": 0.20588235294117646, "collision_rate": 0.7941176470588235, "out_of_bounds_rate": 0.0, "timeout_rate": 0.0, "policy_loss": 0.00025298566359560626, "value_loss": 23.654605388641357, "entropy": 0.715491771697998, "approx_kl": 0.0040955760050565004, "clip_fraction": 0.13984375819563866, "grad_norm": 88.29262924194336, "explained_variance": 0.8631553649902344, "action_std_mean": 0.3459932804107666}
{"step": 1776000, "wall_time": 1790086617.236525, "episodes_completed": 35, "mean_episode_reward": 1.9061989000865391, "std_episode_reward": 38.80990288128261, "min_episode_reward": -50.27281188964844, "max_episode_reward": 110.46490478515625, "mean_episode_length": 112.57142857142857, "success_rate": 0.14285714285714285, "collision_rate": 0.8, "out_of_bounds_rate": 0.0, "timeout_rate": 0.05714285714285714, "policy_loss": 0.0028795195617713487, "value_loss": 25.457634925842285, "entropy": 0.7150111198425293, "approx_kl": 0.0051970063941553235, "clip_fraction": 0.12300000712275505, "grad_norm": 133.8500576019287, "explained_variance": 0.8839246034622192, "action_std_mean": 0.34588679671287537}
{"step": 1784000, "wall_time": 1790086657.1951292, "episodes_completed": 33, "mean_episode_reward": 5.974673448186932, "std_episode_reward": 42.86568953146015, "min_episode_reward": -50.019962310791016, "max_episode_reward": 143.51345825195312, "mean_episode_length": 111.45454545454545, "success_rate": 0.15151515151515152, "collision_rate": 0.8181818181818182, "out_of_bounds_rate": 0.0, "timeout_rate": 0.030303030303030304, "policy_loss": 0.000998593394411773, "value_loss": 22.658982276916504, "entropy": 0.7142681926488876, "approx_kl": 0.0036923476145602763, "clip_fraction": 0.0565000013448298, "grad_norm": 83.91175746917725, "explained_variance": 0.8557425737380981, "action_std_mean": 0.34573161602020264}
{"step": 1792000, "wall_time": 1790086690.6451597, "episodes_completed": 28, "mean_episode_reward": 0.21245951311928885, "std_episode_reward": 42.51390403390317, "min_episode_reward": -49.99262237548828, "max_episode_reward": 101.47687530517578, "mean_episode_length": 131.46428571428572, "success_rate": 0.14285714285714285, "collision_rate": 0.8214285714285714, "out_of_bounds_rate": 0.0, "timeout_rate": 0.03571428571428571, "policy_loss": 0.002181521510588924, "value_loss": 21.27762222290039, "entropy": 0.7132105380296707, "approx_kl": 0.004556397529086098, "clip_fraction": 0.07781250681728125, "grad_norm": 72.70918464660645, "explained_variance": 0.8872411251068115, "action_std_mean": 0.3454825282096863}
{"step": 1800000, "wall_time": 1790086725.2530684, "episodes_completed": 42, "mean_episode_reward": -2.6756940342131115, "std_episode_reward": 40.87051760258387, "min_episode_reward": -50.43476104736328, "max_episode_reward": 157.01519775390625, "mean_episode_length": 85.26190476190476, "success_rate": 0.09523809523809523, "collision_rate": 0.9047619047619048, "out_of_bounds_rate": 0.0, "timeout_rate": 0.0, "policy_loss": 0.007142414383590312, "value_loss": 30.849950790405273, "entropy": 0.7117452770471573, "approx_kl": 0.006142332800664008, "clip_fraction": 0.11896875500679016, "grad_norm": 134.56140327453613, "explained_variance": 0.8615943789482117, "action_std_mean": 0.34527307748794556}
{"step": 1808000, "wall_time": 1790086759.988074, "episodes_completed": 42, "mean_episode_reward": 2.010627860114688, "std_episode_reward": 49.10903658828093, "min_episode_reward": -50.174930572509766, "max_episode_reward": 140.5774688720703, "mean_episode_length": 99.92857142857143, "success_rate": 0.16666666666666666, "collision_rate": 0.8333333333333334, "out_of_bounds_rate": 0.0, "timeout_rate": 0.0, "policy_loss": 0.005647820010781457, "value_loss": 31.001229286193848, "entropy": 0.7105746567249298, "approx_kl": 0.005909959494601935, "clip_fraction": 0.10371875390410423, "grad_norm": 228.36417388916016, "explained_variance": 0.8751481771469116, "action_std_mean": 0.3450425863265991}
{"step": 1816000, "wall_time": 1790086793.092561, "episodes_completed": 47, "mean_episode_reward": 7.949106926613665, "std_episode_reward": 52.042399706720815, "min_episode_reward": -50.391700744628906, "max_episode_reward": 165.61618041992188, "mean_episode_length": 97.23404255319149, "success_rate": 0.2127659574468085, "collision_rate": 0.7872340425531915, "out_of_bounds_rate": 0.0, "timeout_rate": 0.0, "policy_loss": 0.004453383162152047, "value_loss": 27.688457489013672, "entropy": 0.7091377526521683, "approx_kl": 0.01022592675872147, "clip_fraction": 0.12721875682473183, "grad_norm": 124.37874031066895, "explained_variance": 0.8699634075164795, "action_std_mean": 0.34479260444641113}
{"step": 1824000, "wall_time": 1790086825.310193, "episodes_completed": 27, "mean_episode_reward": 10.384545997337058, "std_episode_reward": 41.670028818644965, "min_episode_reward": -49.52956008911133, "max_episode_reward": 84.390869140625, "mean_episode_length": 121.66666666666667, "success_rate": 0.18518518518518517, "collision_rate": 0.8148148148148148, "out_of_bounds_rate": 0.0, "timeout_rate": 0.0, "policy_loss": 0.010149291018024087, "value_loss": 23.723854541778564, "entropy": 0.7078379839658737, "approx_kl": 0.010325378505513072, "clip_fraction": 0.12546875327825546, "grad_norm": 101.19161033630371, "explained_variance": 0.8741980791091919, "action_std_mean": 0.3446178436279297}
{"step": 1832000, "wall_time": 1790086861.149579, "episodes_completed": 10, "mean_episode_reward": 35.086031115055086, "std_episode_reward": 52.868716274667854, "min_episode_reward": -12.41484260559082, "max_episode_reward": 155.5707244873047, "mean_episode_length": 212.5, "success_rate": 0.3, "collision_rate": 0.5, "out_of_bounds_rate": 0.0, "timeout_rate": 0.2, "policy_loss": 0.008570849530399105, "value_loss": 17.323126792907715, "entropy": 0.7068482488393784, "approx_kl": 0.010338868480175734, "clip_fraction": 0.18259375914931297, "grad_norm": 153.55756187438965, "explained_variance": 0.9035573601722717, "action_std_mean": 0.34443503618240356}
{"step": 1840000, "wall_time": 1790086894.3894048, "episodes_completed": 42, "mean_episode_reward": 9.999865060760861, "std_episode_reward": 51.696249994286944, "min_episode_reward": -49.51023483276367, "max_episode_reward": 189.07310485839844, "mean_episode_length": 125.42857142857143, "success_rate": 0.16666666666666666, "collision_rate": 0.8095238095238095, "out_of_bounds_rate": 0.0, "timeout_rate": 0.023809523809523808, "policy_loss": 0.009859713492915034, "value_loss": 33.91930961608887, "entropy": 0.7059841305017471, "approx_kl": 0.015838525723665953, "clip_fraction": 0.2473437637090683, "grad_norm": 175.76620292663574, "explained_variance": 0.8555113077163696, "action_std_mean": 0.34440016746520996}
{"step": 1848000, "wall_time": 1790086927.0239146, "episodes_completed": 37, "mean_episode_reward": 38.007970345986855, "std_episode_reward": 63.550286552147575, "min_episode_reward": -50.33306121826172, "max_episode_reward": 173.591552734375, "mean_episode_length": 140.1081081081081, "success_rate": 0.40540540540540543, "collision_rate": 0.5675675675675675, "out_of_bounds_rate": 0.0, "timeout_rate": 0.02702702702702703, "policy_loss": 0.015297508055344133, "value_loss": 34.75197076797485, "entropy": 0.7060336321592331, "approx_kl": 0.01723721856251359, "clip_fraction": 0.24543751031160355, "grad_norm": 184.0754051208496, "explained_variance": 0.8255457282066345, "action_std_mean": 0.34439313411712646}
{"step": 1856000, "wall_time": 1790086960.1812727, "episodes_completed": 39, "mean_episode_reward": 7.352755302037949, "std_episode_reward": 48.96938123009384, "min_episode_reward": -50.26296615600586, "max_episode_reward": 137.06826782226562, "mean_episode_length": 111.71794871794872, "success_rate": 0.1282051282051282, "collision_rate": 0.8717948717948718, "out_of_bounds_rate": 0.0, "timeout_rate": 0.0, "policy_loss": 0.003649149125907525, "value_loss": 29.90947198867798, "entropy": 0.705748975276947, "approx_kl": 0.005397798144258559, "clip_fraction": 0.12715625390410423, "grad_norm": 120.43454551696777, "explained_variance": 0.8573895692825317, "action_std_mean": 0.34430646896362305}
{"step": 1864000, "wall_time": 1790086991.7156386, "episodes_completed": 27, "mean_episode_reward": 8.791294345149288, "std_episode_reward": 43.700566095544715, "min_episode_reward": -50.39611053466797, "max_episode_reward": 93.37431335449219, "mean_episode_length": 115.14814814814815, "success_rate": 0.2222222222222222, "collision_rate": 0.7777777777777778, "out_of_bounds_rate": 0.0, "timeout_rate": 0.0, "policy_loss": 0.0007782717142835738, "value_loss": 18.796071529388428, "entropy": 0.7052325308322906, "approx_kl": 0.004524225601926446, "clip_fraction": 0.09056250751018524, "grad_norm": 67.82597732543945, "explained_variance": 0.8927808403968811, "action_std_mean": 0.3442184329032898}
{"step": 1872000, "wall_time": 1790087029.2348087, "episodes_completed": 19, "mean_episode_reward": -6.187493619165923, "std_episode_reward": 34.67372866498503, "min_episode_reward": -50.16096496582031, "max_episode_reward": 73.09368896484375, "mean_episode_length": 129.10526315789474, "success_rate": 0.10526315789473684, "collision_rate": 0.7894736842105263, "out_of_bounds_rate": 0.0, "timeout_rate": 0.10526315789473684, "policy_loss": 0.001551059804391297, "value_loss": 16.52208137512207, "entropy": 0.7049100697040558, "approx_kl": 0.012171760201454163, "clip_fraction": 0.2122187614440918, "grad_norm": 63.666192054748535, "explained_variance": 0.8887920379638672, "action_std_mean": 0.34424734115600586}
{"step": 1880000, "wall_time": 1790087064.3979118, "episodes_completed": 26, "mean_episode_reward": 7.340843824239878, "std_episode_reward": 42.183667594424215, "min_episode_reward": -49.89261245727539, "max_episode_reward": 97.84646606445312, "mean_episode_length": 157.0, "success_rate": 0.23076923076923078, "collision_rate": 0.7307692307692307, "out_of_bounds_rate": 0.0, "timeout_rate": 0.038461538461538464, "policy_loss": 0.0009475393968169099, "value_loss": 18.8568754196167, "entropy": 0.705163449048996, "approx_kl": 0.010151184513233602, "clip_fraction": 0.2318125069141388, "grad_norm": 65.0272569656372, "explained_variance": 0.8772256970405579, "action_std_mean": 0.34425869584083557}
{"step": 1888000, "wall_time": 1790087099.3405583, "episodes_completed": 40, "mean_episode_reward": 10.120680065639316, "std_episode_reward": 40.70826425396602, "min_episode_reward": -49.90598678588867, "max_episode_reward": 87.27233123779297, "mean_episode_length": 108.625, "success_rate": 0.175, "collision_rate": 0.8, "out_of_bounds_rate": 0.0, "timeout_rate": 0.025, "policy_loss": -0.00043916681001429647, "value_loss": 31.394718170166016, "entropy": 0.7049372643232346, "approx_kl": 0.005293809692375362, "clip_fraction": 0.14518750831484795, "grad_norm": 111.87965202331543, "explained_variance": 0.8158077001571655, "action_std_mean": 0.34414488077163696}
{"step": 1896000, "wall_time": 1790087134.806981, "episodes_completed": 27, "mean_episode_reward": 11.089512365835684, "std_episode_reward": 55.41293683633195, "min_episode_reward": -50.3365592956543, "max_episode_reward": 149.2891845703125, "mean_episode_length": 138.88888888888889, "success_rate": 0.1111111111111111, "collision_rate": 0.8888888888888888, "out_of_bounds_rate": 0.0, "timeout_rate": 0.0, "policy_loss": -0.00041032316714695316, "value_loss": 22.296040058135986, "entropy": 0.7042210847139359, "approx_kl": 0.012815635651350021, "clip_fraction": 0.2566250115633011, "grad_norm": 116.26818466186523, "explained_variance": 0.8831614255905151, "action_std_mean": 0.34401997923851013}
{"step": 1904000, "wall_time": 1790087169.4872777, "episodes_completed": 42, "mean_episode_reward": 5.0554203774247854, "std_episode_reward": 44.53510738578143, "min_episode_reward": -50.503849029541016, "max_episode_reward": 138.74758911132812, "mean_episode_length": 108.30952380952381, "success_rate": 0.07142857142857142, "collision_rate": 0.8809523809523809, "out_of_bounds_rate": 0.0, "timeout_rate": 0.047619047619047616, "policy_loss": 0.0026961734816431937, "value_loss": 24.013161659240723, "entropy": 0.7034806311130524, "approx_kl": 0.006702336715534329, "clip_fraction": 0.15987500920891762, "grad_norm": 199.5754737854004, "explained_variance": 0.8804335594177246, "action_std_mean": 0.3438865542411804}
{"step": 1912000, "wall_time": 1790087204.4208732, "episodes_completed": 26, "mean_episode_reward": 6.270002046456704, "std_episode_reward": 35.20133100965864, "min_episode_reward": -49.673851013183594, "max_episode_reward": 95.88658142089844, "mean_episode_length": 144.03846153846155, "success_rate": 0.11538461538461539, "collision_rate": 0.7692307692307693, "out_of_bounds_rate": 0.0, "timeout_rate": 0.11538461538461539, "policy_loss": 0.0014136601195204879, "value_loss": 15.314346551895142, "entropy": 0.7027271538972855, "approx_kl": 0.006703179795295, "clip_fraction": 0.1277187541127205, "grad_norm": 100.38829612731934, "explained_variance": 0.8884621858596802, "action_std_mean": 0.343777596950531}
{"step": 1920000, "wall_time": 1790087240.1671379, "episodes_completed": 28, "mean_episode_reward": 17.37943696975708, "std_episode_reward": 53.17149664699778, "min_episode_reward": -50.20933151245117, "max_episode_reward": 132.64825439453125, "mean_episode_length": 143.28571428571428, "success_rate": 0.25, "collision_rate": 0.75, "out_of_bounds_rate": 0.0, "timeout_rate": 0.0, "policy_loss": 0.0015868893621955316, "value_loss": 24.294270992279053, "entropy": 0.7021439671516418, "approx_kl": 0.008699447615072131, "clip_fraction": 0.16315625607967377, "grad_norm": 105.46878814697266, "explained_variance": 0.8428559303283691, "action_std_mean": 0.34366655349731445}
{"step": 1928000, "wall_time": 1790087276.040096, "episodes_completed": 28, "mean_episode_reward": 5.883014236177717, "std_episode_reward": 51.39533861640539, "min_episode_reward": -50.00591278076172, "max_episode_reward": 140.07711791992188, "mean_episode_length": 134.14285714285714, "success_rate": 0.14285714285714285, "collision_rate": 0.8571428571428571, "out_of_bounds_rate": 0.0, "timeout_rate": 0.0, "policy_loss": 0.00884516760148113, "value_loss": 21.27009916305542, "entropy": 0.7015592157840729, "approx_kl": 0.014465561602264643, "clip_fraction": 0.21975000947713852, "grad_norm": 157.9590301513672, "explained_variance": 0.897647500038147, "action_std_mean": 0.3436153829097748}
{"step": 1936000, "wall_time": 1790087310.8475063, "episodes_completed": 29, "mean_episode_reward": 19.58556398852118, "std_episode_reward": 50.07355167970466, "min_episode_reward": -49.93706512451172, "max_episode_reward": 179.3655242919922, "mean_episode_length": 141.89655172413794, "success_rate": 0.27586206896551724, "collision_rate": 0.7241379310344828, "out_of_bounds_rate": 0.0, "timeout_rate": 0.0, "policy_loss": 0.013071046805940734, "value_loss": 23.760459423065186, "entropy": 0.7013145983219147, "approx_kl": 0.021680769277736545, "clip_fraction": 0.26515626162290573, "grad_norm": 220.47503280639648, "explained_variance": 0.8588088750839233, "action_std_mean": 0.34358513355255127}
{"step": 1944000, "wall_time": 1790087345.9773233, "episodes_completed": 32, "mean_episode_reward": -2.787747710943222, "std_episode_reward": 38.25972864653813, "min_episode_reward": -50.23653030395508, "max_episode_reward": 120.49551391601562, "mean_episode_length": 114.125, "success_rate": 0.0625, "collision_rate": 0.9375, "out_of_bounds_rate": 0.0, "timeout_rate": 0.0, "policy_loss": 0.010895609639585024, "value_loss": 25.326287746429443, "entropy": 0.7011064141988754, "approx_kl": 0.01356573193334043, "clip_fraction": 0.21528126671910286, "grad_norm": 112.29064178466797, "explained_variance": 0.8699665069580078, "action_std_mean": 0.3435073494911194}
{"step": 1952000, "wall_time": 1790087380.7411711, "episodes_completed": 41, "mean_episode_reward": 2.883847466329249, "std_episode_reward": 43.397045677758314, "min_episode_reward": -50.23887252807617, "max_episode_reward": 135.74609375, "mean_episode_length": 111.09756097560975, "success_rate": 0.17073170731707318, "collision_rate": 0.7804878048780488, "out_of_bounds_rate": 0.0, "timeout_rate": 0.04878048780487805, "policy_loss": 0.0002661877006175928, "value_loss": 16.889737606048584, "entropy": 0.7005787640810013, "approx_kl": 0.003176360158249736, "clip_fraction": 0.07003125175833702, "grad_norm": 52.08045482635498, "explained_variance": 0.9128926992416382, "action_std_mean": 0.3434197008609772}
{"step": 1960000, "wall_time": 1790087415.1001918, "episodes_completed": 27, "mean_episode_reward": 27.25337784378617, "std_episode_reward": 58.9571142279585, "min_episode_reward": -49.76906204223633, "max_episode_reward": 161.81109619140625, "mean_episode_length": 132.77777777777777, "success_rate": 0.2962962962962963, "collision_rate": 0.7037037037037037, "out_of_bounds_rate": 0.0, "timeout_rate": 0.0, "policy_loss": 0.0006539926907862537, "value_loss": 23.123569011688232, "entropy": 0.7000326961278915, "approx_kl": 0.00457517197355628, "clip_fraction": 0.1113125029951334, "grad_norm": 53.41083908081055, "explained_variance": 0.8774218559265137, "action_std_mean": 0.3432976007461548}
{"step": 1968000, "wall_time": 1790087449.9241881, "episodes_completed": 38, "mean_episode_reward": 11.068674162814492, "std_episode_reward": 50.57917175391822, "min_episode_reward": -49.95089340209961, "max_episode_reward": 157.55494689941406, "mean_episode_length": 124.55263157894737, "success_rate": 0.21052631578947367, "collision_rate": 0.7894736842105263, "out_of_bounds_rate": 0.0, "timeout_rate": 0.0, "policy_loss": 0.004704879466910006, "value_loss": 36.98987865447998, "entropy": 0.6993069350719452, "approx_kl": 0.008151549205649644, "clip_fraction": 0.1275312565267086, "grad_norm": 206.71056747436523, "explained_variance": 0.8201764225959778, "action_std_mean": 0.3431972861289978}
{"step": 1976000, "wall_time": 1790087484.6501837, "episodes_completed": 30, "mean_episode_reward": 17.78875586191813, "std_episode_reward": 54.47812086209629, "min_episode_reward": -50.18233108520508, "max_episode_reward": 167.433349609375, "mean_episode_length": 145.5, "success_rate": 0.23333333333333334, "collision_rate": 0.7666666666666667, "out_of_bounds_rate": 0.0, "timeout_rate": 0.0, "policy_loss": 0.003003865489270563, "value_loss": 20.719478607177734, "entropy": 0.6987388581037521, "approx_kl": 0.006272654514759779, "clip_fraction": 0.11143750511109829, "grad_norm": 138.5991678237915, "explained_variance": 0.9152946472167969, "action_std_mean": 0.34307926893234253}
{"step": 1984000, "wall_time": 1790087520.5328124, "episodes_completed": 41, "mean_episode_reward": 4.447391603051162, "std_episode_reward": 51.36972484511379, "min_episode_reward": -50.09290313720703, "max_episode_reward": 126.78073120117188, "mean_episode_length": 116.04878048780488, "success_rate": 0.21951219512195122, "collision_rate": 0.7804878048780488, "out_of_bounds_rate": 0.0, "timeout_rate": 0.0, "policy_loss": 0.0019220343024936026, "value_loss": 21.244008541107178, "entropy": 0.6978973001241684, "approx_kl": 0.006769013125449419, "clip_fraction": 0.16178126260638237, "grad_norm": 96.10633659362793, "explained_variance": 0.9078388810157776, "action_std_mean": 0.34289902448654175}
{"step": 1992000, "wall_time": 1790087555.190495, "episodes_completed": 46, "mean_episode_reward": 6.480886417886485, "std_episode_reward": 49.60699155894847, "min_episode_reward": -50.23084259033203, "max_episode_reward": 130.18515014648438, "mean_episode_length": 111.54347826086956, "success_rate": 0.21739130434782608, "collision_rate": 0.782608695652174, "out_of_bounds_rate": 0.0, "timeout_rate": 0.0, "policy_loss": 0.000953159382333979, "value_loss": 25.88097095489502, "entropy": 0.6968729496002197, "approx_kl": 0.005562861799262464, "clip_fraction": 0.10618750378489494, "grad_norm": 104.12728500366211, "explained_variance": 0.8716416954994202, "action_std_mean": 0.34274590015411377}
{"step": 2000000, "wall_time": 1790087589.9511092, "episodes_completed": 27, "mean_episode_reward": 8.457873167815032, "std_episode_reward": 53.79132629771203, "min_episode_reward": -49.897438049316406, "max_episode_reward": 118.06733703613281, "mean_episode_length": 145.92592592592592, "success_rate": 0.2222222222222222, "collision_rate": 0.7777777777777778, "out_of_bounds_rate": 0.0, "timeout_rate": 0.0, "policy_loss": 0.001222335888873216, "value_loss": 16.30723762512207, "entropy": 0.6961149424314499, "approx_kl": 0.005003581289201975, "clip_fraction": 0.07775000669062138, "grad_norm": 76.84813785552979, "explained_variance": 0.9244168400764465, "action_std_mean": 0.34264421463012695}
{"step": 2008000, "wall_time": 1790087625.7937033, "episodes_completed": 48, "mean_episode_reward": 5.506717165311177, "std_episode_reward": 49.80936973842445, "min_episode_reward": -50.198299407958984, "max_episode_reward": 157.5772705078125, "mean_episode_length": 101.54166666666667, "success_rate": 0.125, "collision_rate": 0.875, "out_of_bounds_rate": 0.0, "timeout_rate": 0.0, "policy_loss": 0.0020099612369667286, "value_loss": 36.73208713531494, "entropy": 0.6954482346773148, "approx_kl": 0.004317843297030777, "clip_fraction": 0.10106250271201134, "grad_norm": 81.7949047088623, "explained_variance": 0.8521048426628113, "action_std_mean": 0.3424837291240692}
{"step": 2016000, "wall_time": 1790087660.744546, "episodes_completed": 25, "mean_episode_reward": 28.562785720825197, "std_episode_reward": 64.50558719727321, "min_episode_reward": -50.0482063293457, "max_episode_reward": 157.90054321289062, "mean_episode_length": 151.48, "success_rate": 0.4, "collision_rate": 0.6, "out_of_bounds_rate": 0.0, "timeout_rate": 0.0, "policy_loss": 0.005646590420976372, "value_loss": 17.646257877349854, "entropy": 0.6945606172084808, "approx_kl": 0.00918036000803113, "clip_fraction": 0.1496875062584877, "grad_norm": 136.01016998291016, "explained_variance": 0.9321955442428589, "action_std_mean": 0.34240108728408813}
{"step": 2024000, "wall_time": 1790087695.4971178, "episodes_completed": 23, "mean_episode_reward": 9.377896640611732, "std_episode_reward": 47.8590446864418, "min_episode_reward": -50.16716766357422, "max_episode_reward": 107.09042358398438, "mean_episode_length": 162.47826086956522, "success_rate": 0.21739130434782608, "collision_rate": 0.7391304347826086, "out_of_bounds_rate": 0.0, "timeout_rate": 0.043478260869565216, "policy_loss": 0.004478243535617321, "value_loss": 21.108849048614502, "entropy": 0.6942671090364456, "approx_kl": 0.010382070671766996, "clip_fraction": 0.21112501248717308, "grad_norm": 97.87510871887207, "explained_variance": 0.8897702097892761, "action_std_mean": 0.3423818051815033}
{"step": 2032000, "wall_time": 1790087729.3156977, "episodes_completed": 40, "mean_episode_reward": 2.102503037452698, "std_episode_reward": 47.98988190210631, "min_episode_reward": -49.905059814453125, "max_episode_reward": 163.97918701171875, "mean_episode_length": 78.925, "success_rate": 0.175, "collision_rate": 0.825, "out_of_bounds_rate": 0.0, "timeout_rate": 0.0, "policy_loss": 0.002783509118016725, "value_loss": 34.2594575881958, "entropy": 0.6942233890295029, "approx_kl": 0.008219324401579797, "clip_fraction": 0.14118750765919685, "grad_norm": 117.01424980163574, "explained_variance": 0.8381080031394958, "action_std_mean": 0.34238868951797485}
{"step": 2040000, "wall_time": 1790087762.2147777, "episodes_completed": 17, "mean_episode_reward": -1.5880628193126005, "std_episode_reward": 38.28525625157582, "min_episode_reward": -49.59508514404297, "max_episode_reward": 98.19895935058594, "mean_episode_length": 145.41176470588235, "success_rate": 0.11764705882352941, "collision_rate": 0.8235294117647058, "out_of_bounds_rate": 0.0, "timeout_rate": 0.058823529411764705, "policy_loss": 0.0011482754356986202, "value_loss": 15.084660053253174, "entropy": 0.6943817883729935, "approx_kl": 0.0035897548077628016, "clip_fraction": 0.09178125206381083, "grad_norm": 63.31189441680908, "explained_variance": 0.8882775902748108, "action_std_mean": 0.34246206283569336}
{"step": 2048000, "wall_time": 1790087794.8282993, "episodes_completed": 25, "mean_episode_reward": 4.822907114028931, "std_episode_reward": 50.17389194491554, "min_episode_reward": -49.89303970336914, "max_episode_reward": 122.79991149902344, "mean_episode_length": 169.88, "success_rate": 0.16, "collision_rate": 0.8, "out_of_bounds_rate": 0.0, "timeout_rate": 0.04, "policy_loss": 0.0045942115830257535, "value_loss": 22.133219242095947, "entropy": 0.6947774887084961, "approx_kl": 0.007637978182174265, "clip_fraction": 0.10696875676512718, "grad_norm": 86.85491752624512, "explained_variance": 0.8911460041999817, "action_std_mean": 0.34246790409088135}
{"step": 2056000, "wall_time": 1790087827.5418417, "episodes_completed": 32, "mean_episode_reward": 27.451843820512295, "std_episode_reward": 66.07810471093686, "min_episode_reward": -49.859622955322266, "max_episode_reward": 231.48403930664062, "mean_episode_length": 138.34375, "success_rate": 0.28125, "collision_rate": 0.625, "out_of_bounds_rate": 0.0, "timeout_rate": 0.09375, "policy_loss": 0.0025922528360969865, "value_loss": 25.1295428276062, "entropy": 0.6946520209312439, "approx_kl": 0.004703302052803338, "clip_fraction": 0.06796875409781933, "grad_norm": 56.87230825424194, "explained_variance": 0.8892614841461182, "action_std_mean": 0.34243953227996826}
{"step": 2064000, "wall_time": 1790087860.4565206, "episodes_completed": 25, "mean_episode_reward": 9.144851570129395, "std_episode_reward": 58.05568338612668, "min_episode_reward": -49.947486877441406, "max_episode_reward": 148.18359375, "mean_episode_length": 100.56, "success_rate": 0.24, "collision_rate": 0.76, "out_of_bounds_rate": 0.0, "timeout_rate": 0.0, "policy_loss": 0.0017022386533208644, "value_loss": 18.791919231414795, "entropy": 0.6945513486862183, "approx_kl": 0.0019886174995917827, "clip_fraction": 0.039437502273358405, "grad_norm": 59.12966060638428, "explained_variance": 0.9014576077461243, "action_std_mean": 0.3424510359764099}
{"step": 2072000, "wall_time": 1790087893.1449268, "episodes_completed": 30, "mean_episode_reward": 1.5430414040883382, "std_episode_reward": 45.74124798924986, "min_episode_reward": -50.30649185180664, "max_episode_reward": 128.5647735595703, "mean_episode_length": 144.23333333333332, "success_rate": 0.13333333333333333, "collision_rate": 0.8, "out_of_bounds_rate": 0.0, "timeout_rate": 0.06666666666666667, "policy_loss": 0.002032744160911537, "value_loss": 18.256712913513184, "entropy": 0.6945778727531433, "approx_kl": 0.004378284385893494, "clip_fraction": 0.08403125358745456, "grad_norm": 78.88436603546143, "explained_variance": 0.8968991637229919, "action_std_mean": 0.3424021005630493}
{"step": 2080000, "wall_time": 1790087926.4691715, "episodes_completed": 32, "mean_episode_reward": 19.137077517807484, "std_episode_reward": 44.65231526091373, "min_episode_reward": -50.07003402709961, "max_episode_reward": 105.74636840820312, "mean_episode_length": 140.46875, "success_rate": 0.28125, "collision_rate": 0.6875, "out_of_bounds_rate": 0.0, "timeout_rate": 0.03125, "policy_loss": 0.002092218932637502, "value_loss": 25.00709629058838, "entropy": 0.6941632777452469, "approx_kl": 0.009200011263601482, "clip_fraction": 0.1588750071823597, "grad_norm": 92.65425109863281, "explained_variance": 0.8856256604194641, "action_std_mean": 0.34234189987182617}
{"step": 2088000, "wall_time": 1790087959.2911892, "episodes_completed": 26, "mean_episode_reward": 26.332214172069843, "std_episode_reward": 53.82614655324497, "min_episode_reward": -26.023754119873047, "max_episode_reward": 194.01632690429688, "mean_episode_length": 170.8846153846154, "success_rate": 0.2692307692307692, "collision_rate": 0.7307692307692307, "out_of_bounds_rate": 0.0, "timeout_rate": 0.0, "policy_loss": 0.0028803521613590677, "value_loss": 25.294973850250244, "entropy": 0.6940282732248306, "approx_kl": 0.00314531777985394, "clip_fraction": 0.08418750390410423, "grad_norm": 90.01007652282715, "explained_variance": 0.8768290281295776, "action_std_mean": 0.34237515926361084}
{"step": 2096000, "wall_time": 1790087991.8867767, "episodes_completed": 23, "mean_episode_reward": 18.388418197631836, "std_episode_reward": 44.84683472600373, "min_episode_reward": -34.46961212158203, "max_episode_reward": 122.01243591308594, "mean_episode_length": 169.65217391304347, "success_rate": 0.13043478260869565, "collision_rate": 0.8695652173913043, "out_of_bounds_rate": 0.0, "timeout_rate": 0.0, "policy_loss": 0.00220356048690154, "value_loss": 27.263041496276855, "entropy": 0.6943989396095276, "approx_kl": 0.004953332361765206, "clip_fraction": 0.13734375685453415, "grad_norm": 67.11622047424316, "explained_variance": 0.8518911600112915, "action_std_mean": 0.3424854576587677}
{"step": 2104000, "wall_time": 1790088023.500204, "episodes_completed": 33, "mean_episode_reward": 30.587135475693326, "std_episode_reward": 58.799723251719925, "min_episode_reward": -49.54963684082031, "max_episode_reward": 179.03643798828125, "mean_episode_length": 154.4848484848485, "success_rate": 0.36363636363636365, "collision_rate": 0.5757575757575758, "out_of_bounds_rate": 0.0, "timeout_rate": 0.06060606060606061, "policy_loss": -0.001657959053525726, "value_loss": 20.288882732391357, "entropy": 0.6951245069503784, "approx_kl": 0.003824234881903976, "clip_fraction": 0.10340625420212746, "grad_norm": 59.95575428009033, "explained_variance": 0.9003804326057434, "action_std_mean": 0.34262317419052124}
{"step": 2112000, "wall_time": 1790088056.5574322, "episodes_completed": 36, "mean_episode_reward": 13.30693162812127, "std_episode_reward": 48.1105863845143, "min_episode_reward": -50.03868865966797, "max_episode_reward": 127.62425231933594, "mean_episode_length": 129.52777777777777, "success_rate": 0.25, "collision_rate": 0.7222222222222222, "out_of_bounds_rate": 0.0, "timeout_rate": 0.027777777777777776, "policy_loss": 0.0010005078836111125, "value_loss": 31.659828662872314, "entropy": 0.6958578377962112, "approx_kl": 0.003114532242761925, "clip_fraction": 0.06550000421702862, "grad_norm": 119.65907096862793, "explained_variance": 0.8261377215385437, "action_std_mean": 0.342715859413147}
{"step": 2120000, "wall_time": 1790088088.9387658, "episodes_completed": 43, "mean_episode_reward": 17.594939786334372, "std_episode_reward": 50.693079182491864, "min_episode_reward": -50.07748031616211, "max_episode_reward": 195.66744995117188, "mean_episode_length": 141.8372093023256, "success_rate": 0.18604651162790697, "collision_rate": 0.813953488372093, "out_of_bounds_rate": 0.0, "timeout_rate": 0.0, "policy_loss": 0.007077514393255102, "value_loss": 31.93894338607788, "entropy": 0.6962719708681107, "approx_kl": 0.006969403591938317, "clip_fraction": 0.15978125296533108, "grad_norm": 129.37459754943848, "explained_variance": 0.879371702671051, "action_std_mean": 0.34275388717651367}
{"step": 2128000, "wall_time": 1790088122.0979726, "episodes_completed": 33, "mean_episode_reward": 12.039208354371967, "std_episode_reward": 60.01662478552437, "min_episode_reward": -49.51397705078125, "max_episode_reward": 241.55157470703125, "mean_episode_length": 113.66666666666667, "success_rate": 0.18181818181818182, "collision_rate": 0.8181818181818182, "out_of_bounds_rate": 0.0, "timeout_rate": 0.0, "policy_loss": 0.001449800036032678, "value_loss": 28.241252422332764, "entropy": 0.6963231116533279, "approx_kl": 0.0055561106419190764, "clip_fraction": 0.13700000569224358, "grad_norm": 91.07363605499268, "explained_variance": 0.9003515243530273, "action_std_mean": 0.3427095413208008}
{"step": 2136000, "wall_time": 1790088155.077131, "episodes_completed": 36, "mean_episode_reward": 20.599389659033882, "std_episode_reward": 60.876511665720706, "min_episode_reward": -27.774433135986328, "max_episode_reward": 248.457763671875, "mean_episode_length": 145.19444444444446, "success_rate": 0.2222222222222222, "collision_rate": 0.7777777777777778, "out_of_bounds_rate": 0.0, "timeout_rate": 0.0, "policy_loss": 0.0019381212366279543, "value_loss": 25.091694355010986, "entropy": 0.6959816962480545, "approx_kl": 0.004569066339172423, "clip_fraction": 0.12968750670552254, "grad_norm": 66.88424968719482, "explained_variance": 0.9023151397705078, "action_std_mean": 0.34263676404953003}
{"step": 2144000, "wall_time": 1790088187.456922, "episodes_completed": 40, "mean_episode_reward": 31.104344022274017, "std_episode_reward": 58.529158677317966, "min_episode_reward": -50.126708984375, "max_episode_reward": 161.8582763671875, "mean_episode_length": 133.325, "success_rate": 0.4, "collision_rate": 0.575, "out_of_bounds_rate": 0.0, "timeout_rate": 0.025, "policy_loss": 0.002741096585989089, "value_loss": 30.879862308502197, "entropy": 0.6954673379659653, "approx_kl": 0.007973089115694165, "clip_fraction": 0.1380000077188015, "grad_norm": 91.97432518005371, "explained_variance": 0.8764265179634094, "action_std_mean": 0.34253695607185364}
{"step": 2152000, "wall_time": 1790088220.410127, "episodes_completed": 25, "mean_episode_reward": 29.079755058288573, "std_episode_reward": 73.4811433280938, "min_episode_reward": -50.215545654296875, "max_episode_reward": 212.8868408203125, "mean_episode_length": 171.36, "success_rate": 0.28, "collision_rate": 0.72, "out_of_bounds_rate": 0.0, "timeout_rate": 0.0, "policy_loss": 0.0014100330645452352, "value_loss": 20.38183069229126, "entropy": 0.6949256211519241, "approx_kl": 0.0038081076345406473, "clip_fraction": 0.11353125795722008, "grad_norm": 69.32385635375977, "explained_variance": 0.9199410080909729, "action_std_mean": 0.3424602746963501}
{"step": 2160000, "wall_time": 1790088253.6675837, "episodes_completed": 35, "mean_episode_reward": 14.217845072065082, "std_episode_reward": 59.8449171170789, "min_episode_reward": -49.93318176269531, "max_episode_reward": 224.89297485351562, "mean_episode_length": 144.14285714285714, "success_rate": 0.2, "collision_rate": 0.8, "out_of_bounds_rate": 0.0, "timeout_rate": 0.0, "policy_loss": 0.0006164602342760839, "value_loss": 25.927522659301758, "entropy": 0.6945181488990784, "approx_kl": 0.0048967787297442555, "clip_fraction": 0.12056250497698784, "grad_norm": 93.26105117797852, "explained_variance": 0.9122565984725952, "action_std_mean": 0.3423859477043152}
{"step": 2168000, "wall_time": 1790088286.6789138, "episodes_completed": 22, "mean_episode_reward": 39.34993145682595, "std_episode_reward": 58.43929258180803, "min_episode_reward": -30.737110137939453, "max_episode_reward": 155.2504119873047, "mean_episode_length": 150.04545454545453, "success_rate": 0.3181818181818182, "collision_rate": 0.6818181818181818, "out_of_bounds_rate": 0.0, "timeout_rate": 0.0, "policy_loss": 0.001121629788540135, "value_loss": 21.072372436523438, "entropy": 0.6941015273332596, "approx_kl": 0.0071305601159110665, "clip_fraction": 0.16318750567734241, "grad_norm": 39.824166774749756, "explained_variance": 0.9064164161682129, "action_std_mean": 0.3423261046409607}
{"step": 2176000, "wall_time": 1790088320.1736104, "episodes_completed": 29, "mean_episode_reward": -7.7948027314810915, "std_episode_reward": 41.407888130437705, "min_episode_reward": -50.11716079711914, "max_episode_reward": 112.79591369628906, "mean_episode_length": 92.62068965517241, "success_rate": 0.10344827586206896, "collision_rate": 0.896551724137931, "out_of_bounds_rate": 0.0, "timeout_rate": 0.0, "policy_loss": -6.484223090219565e-05, "value_loss": 11.108433723449707, "entropy": 0.6936957091093063, "approx_kl": 0.0038864290108904243, "clip_fraction": 0.08962500281631947, "grad_norm": 45.194344997406006, "explained_variance": 0.9465577602386475, "action_std_mean": 0.3422369956970215}
{"step": 2184000, "wall_time": 1790088353.7066672, "episodes_completed": 33, "mean_episode_reward": -5.886561379288182, "std_episode_reward": 40.6786051955746, "min_episode_reward": -50.049678802490234, "max_episode_reward": 128.376708984375, "mean_episode_length": 98.72727272727273, "success_rate": 0.15151515151515152, "collision_rate": 0.8181818181818182, "out_of_bounds_rate": 0.0, "timeout_rate": 0.030303030303030304, "policy_loss": 0.002197916874662087, "value_loss": 18.166799068450928, "entropy": 0.6930627524852753, "approx_kl": 0.0052286480204202235, "clip_fraction": 0.1249062567949295, "grad_norm": 69.17943572998047, "explained_variance": 0.9131690263748169, "action_std_mean": 0.342101514339447}
{"step": 2192000, "wall_time": 1790088387.583114, "episodes_completed": 37, "mean_episode_reward": 6.678058347186527, "std_episode_reward": 43.814282568336935, "min_episode_reward": -50.06755447387695, "max_episode_reward": 129.32644653320312, "mean_episode_length": 142.67567567567568, "success_rate": 0.16216216216216217, "collision_rate": 0.7837837837837838, "out_of_bounds_rate": 0.0, "timeout_rate": 0.05405405405405406, "policy_loss": 0.00289947445550931, "value_loss": 22.463101387023926, "entropy": 0.6922094970941544, "approx_kl": 0.007413478568196297, "clip_fraction": 0.1497812569141388, "grad_norm": 88.01302146911621, "explained_variance": 0.91031414270401, "action_std_mean": 0.3419376611709595}
{"step": 2200000, "wall_time": 1790088420.4152944, "episodes_completed": 35, "mean_episode_reward": 0.0699334008353097, "std_episode_reward": 49.3019859613099, "min_episode_reward": -50.50379943847656, "max_episode_reward": 131.72999572753906, "mean_episode_length": 98.94285714285714, "success_rate": 0.22857142857142856, "collision_rate": 0.7714285714285715, "out_of_bounds_rate": 0.0, "timeout_rate": 0.0, "policy_loss": 0.0024819374890067136, "value_loss": 17.124695777893066, "entropy": 0.6911033689975739, "approx_kl": 0.006673689349554479, "clip_fraction": 0.11962500214576721, "grad_norm": 55.71798896789551, "explained_variance": 0.9247840642929077, "action_std_mean": 0.3416917324066162}
{"step": 2208000, "wall_time": 1790088452.7061865, "episodes_completed": 32, "mean_episode_reward": -1.3545076549053192, "std_episode_reward": 42.100578508654785, "min_episode_reward": -50.03023910522461, "max_episode_reward": 102.48091125488281, "mean_episode_length": 87.0625, "success_rate": 0.15625, "collision_rate": 0.8125, "out_of_bounds_rate": 0.0, "timeout_rate": 0.03125, "policy_loss": 0.004631988704204559, "value_loss": 26.89478063583374, "entropy": 0.6894864588975906, "approx_kl": 0.007628542021848261, "clip_fraction": 0.1286875084042549, "grad_norm": 124.47720527648926, "explained_variance": 0.8828591108322144, "action_std_mean": 0.34139710664749146}
{"step": 2216000, "wall_time": 1790088484.8812346, "episodes_completed": 24, "mean_episode_reward": 0.004897912343343099, "std_episode_reward": 47.18699281205808, "min_episode_reward": -49.99848175048828, "max_episode_reward": 138.0511932373047, "mean_episode_length": 135.54166666666666, "success_rate": 0.16666666666666666, "collision_rate": 0.8333333333333334, "out_of_bounds_rate": 0.0, "timeout_rate": 0.0, "policy_loss": 0.0019483705109450966, "value_loss": 14.841747045516968, "entropy": 0.6879197955131531, "approx_kl": 0.003469024260994047, "clip_fraction": 0.08728125412017107, "grad_norm": 66.94247961044312, "explained_variance": 0.9347205758094788, "action_std_mean": 0.3411898612976074}
{"step": 2224000, "wall_time": 1790088517.4120724, "episodes_completed": 26, "mean_episode_reward": 15.511064162621132, "std_episode_reward": 51.88695568404663, "min_episode_reward": -30.09690284729004, "max_episode_reward": 158.8674774169922, "mean_episode_length": 143.07692307692307, "success_rate": 0.19230769230769232, "collision_rate": 0.6923076923076923, "out_of_bounds_rate": 0.0, "timeout_rate": 0.11538461538461539, "policy_loss": 0.005839288606308446, "value_loss": 20.248626708984375, "entropy": 0.6868581920862198, "approx_kl": 0.00976573652587831, "clip_fraction": 0.18053125962615013, "grad_norm": 71.00199794769287, "explained_variance": 0.9076880216598511, "action_std_mean": 0.3410426378250122}
{"step": 2232000, "wall_time": 1790088551.4075708, "episodes_completed": 26, "mean_episode_reward": 1.4247776086513813, "std_episode_reward": 52.11040002350921, "min_episode_reward": -50.1195182800293, "max_episode_reward": 148.36778259277344, "mean_episode_length": 129.84615384615384, "success_rate": 0.15384615384615385, "collision_rate": 0.8076923076923077, "out_of_bounds_rate": 0.0, "timeout_rate": 0.038461538461538464, "policy_loss": 0.0025355153887067217, "value_loss": 13.293728828430176, "entropy": 0.6860700845718384, "approx_kl": 0.00322299066465348, "clip_fraction": 0.06590625178068876, "grad_norm": 41.249253273010254, "explained_variance": 0.9306224584579468, "action_std_mean": 0.3409295380115509}
{"step": 2240000, "wall_time": 1790088583.7476735, "episodes_completed": 28, "mean_episode_reward": 12.488802092415947, "std_episode_reward": 51.13419240192315, "min_episode_reward": -49.51097106933594, "max_episode_reward": 194.55081176757812, "mean_episode_length": 141.92857142857142, "success_rate": 0.14285714285714285, "collision_rate": 0.8571428571428571, "out_of_bounds_rate": 0.0, "timeout_rate": 0.0, "policy_loss": 0.0017309685790678486, "value_loss": 21.941153526306152, "entropy": 0.685387521982193, "approx_kl": 0.0065147357527166605, "clip_fraction": 0.15425000339746475, "grad_norm": 74.56747245788574, "explained_variance": 0.9222471117973328, "action_std_mean": 0.3407784104347229}
{"step": 2248000, "wall_time": 1790088616.7913413, "episodes_completed": 36, "mean_episode_reward": 25.434172292550404, "std_episode_reward": 57.84034474352017, "min_episode_reward": -49.92346954345703, "max_episode_reward": 182.87387084960938, "mean_episode_length": 145.86111111111111, "success_rate": 0.2222222222222222, "collision_rate": 0.6944444444444444, "out_of_bounds_rate": 0.0, "timeout_rate": 0.08333333333333333, "policy_loss": 0.004380743769230366, "value_loss": 29.188457489013672, "entropy": 0.684368833899498, "approx_kl": 0.01191446091979742, "clip_fraction": 0.1589375101029873, "grad_norm": 201.70506286621094, "explained_variance": 0.8983317017555237, "action_std_mean": 0.3405955731868744}
{"step": 2256000, "wall_time": 1790088649.1498818, "episodes_completed": 30, "mean_episode_reward": 9.506209150950115, "std_episode_reward": 40.21210827008205, "min_episode_reward": -50.05074691772461, "max_episode_reward": 93.600830078125, "mean_episode_length": 113.93333333333334, "success_rate": 0.16666666666666666, "collision_rate": 0.8333333333333334, "out_of_bounds_rate": 0.0, "timeout_rate": 0.0, "policy_loss": 0.007053365592844807, "value_loss": 33.65363121032715, "entropy": 0.6832765191793442, "approx_kl": 0.007657554640900344, "clip_fraction": 0.12331250496208668, "grad_norm": 204.40834426879883, "explained_variance": 0.8775113224983215, "action_std_mean": 0.3403988480567932}
{"step": 2264000, "wall_time": 1790088682.7590542, "episodes_completed": 29, "mean_episode_reward": 41.21262938400795, "std_episode_reward": 64.72031870134887, "min_episode_reward": -50.020179748535156, "max_episode_reward": 181.0704803466797, "mean_episode_length": 167.44827586206895, "success_rate": 0.4827586206896552, "collision_rate": 0.5172413793103449, "out_of_bounds_rate": 0.0, "timeout_rate": 0.0, "policy_loss": 0.016409223932772887, "value_loss": 31.962328910827637, "entropy": 0.6821911633014679, "approx_kl": 0.015907599590718746, "clip_fraction": 0.1951562575995922, "grad_norm": 119.10102081298828, "explained_variance": 0.8732242584228516, "action_std_mean": 0.34025537967681885}
{"step": 2272000, "wall_time": 1790088715.9779484, "episodes_completed": 24, "mean_episode_reward": 28.68919265270233, "std_episode_reward": 81.3797630068577, "min_episode_reward": -49.975345611572266, "max_episode_reward": 250.0590362548828, "mean_episode_length": 162.25, "success_rate": 0.25, "collision_rate": 0.7083333333333334, "out_of_bounds_rate": 0.0, "timeout_rate": 0.041666666666666664, "policy_loss": 0.00015351008862485305, "value_loss": 26.844144821166992, "entropy": 0.6813952624797821, "approx_kl": 0.0036383303813636303, "clip_fraction": 0.1080000065267086, "grad_norm": 95.61304473876953, "explained_variance": 0.8943687677383423, "action_std_mean": 0.34009605646133423}
{"step": 2280000, "wall_time": 1790088748.6941764, "episodes_completed": 28, "mean_episode_reward": 42.96944243567331, "std_episode_reward": 68.46913725388849, "min_episode_reward": -49.716915130615234, "max_episode_reward": 232.46826171875, "mean_episode_length": 163.60714285714286, "success_rate": 0.42857142857142855, "collision_rate": 0.5714285714285714, "out_of_bounds_rate": 0.0, "timeout_rate": 0.0, "policy_loss": 0.00268639010237548, "value_loss": 31.491549491882324, "entropy": 0.6803003400564194, "approx_kl": 0.004297142499126494, "clip_fraction": 0.08118750341236591, "grad_norm": 154.07648086547852, "explained_variance": 0.8821333646774292, "action_std_mean": 0.3398680090904236}
{"step": 2288000, "wall_time": 1790088781.7035947, "episodes_completed": 44, "mean_episode_reward": 12.878750215877186, "std_episode_reward": 49.29095656482134, "min_episode_reward": -50.174495697021484, "max_episode_reward": 152.29965209960938, "mean_episode_length": 98.61363636363636, "success_rate": 0.25, "collision_rate": 0.75, "out_of_bounds_rate": 0.0, "timeout_rate": 0.0, "policy_loss": 0.0064112366829066625, "value_loss": 36.84232139587402, "entropy": 0.6790476441383362, "approx_kl": 0.009092615451663733, "clip_fraction": 0.18275001272559166, "grad_norm": 115.13372039794922, "explained_variance": 0.8634931445121765, "action_std_mean": 0.33973222970962524}
{"step": 2296000, "wall_time": 1790088815.161145, "episodes_completed": 20, "mean_episode_reward": 12.177613687515258, "std_episode_reward": 64.26420832014136, "min_episode_reward": -50.12052917480469, "max_episode_reward": 183.0847930908203, "mean_episode_length": 133.15, "success_rate": 0.2, "collision_rate": 0.8, "out_of_bounds_rate": 0.0, "timeout_rate": 0.0, "policy_loss": 0.013703481428325226, "value_loss": 21.47672414779663, "entropy": 0.6784446686506271, "approx_kl": 0.017904029693454504, "clip_fraction": 0.2965312600135803, "grad_norm": 151.61207389831543, "explained_variance": 0.9268535375595093, "action_std_mean": 0.3396684229373932}
{"step": 2304000, "wall_time": 1790088848.3946574, "episodes_completed": 21, "mean_episode_reward": 19.784444491068523, "std_episode_reward": 49.8404497165892, "min_episode_reward": -49.90570068359375, "max_episode_reward": 104.86915588378906, "mean_episode_length": 127.0, "success_rate": 0.2857142857142857, "collision_rate": 0.7142857142857143, "out_of_bounds_rate": 0.0, "timeout_rate": 0.0, "policy_loss": 0.0037802015542984235, "value_loss": 19.261029720306396, "entropy": 0.6781757771968842, "approx_kl": 0.00785960117354989, "clip_fraction": 0.1860625073313713, "grad_norm": 89.89098072052002, "explained_variance": 0.9247384667396545, "action_std_mean": 0.3396320641040802}
{"step": 2312000, "wall_time": 1790088881.1946645, "episodes_completed": 30, "mean_episode_reward": 10.792003814379374, "std_episode_reward": 57.15386921643971, "min_episode_reward": -49.9013671875, "max_episode_reward": 155.72854614257812, "mean_episode_length": 126.43333333333334, "success_rate": 0.23333333333333334, "collision_rate": 0.7333333333333333, "out_of_bounds_rate": 0.0, "timeout_rate": 0.03333333333333333, "policy_loss": 0.001268832293397304, "value_loss": 18.267448902130127, "entropy": 0.6778324544429779, "approx_kl": 0.005931514431722462, "clip_fraction": 0.15175000578165054, "grad_norm": 54.59649896621704, "explained_variance": 0.9187396168708801, "action_std_mean": 0.3395172953605652}
{"step": 2320000, "wall_time": 1790088915.6882102, "episodes_completed": 18, "mean_episode_reward": 40.0765988263819, "std_episode_reward": 75.29744600442378, "min_episode_reward": -49.911842346191406, "max_episode_reward": 245.5614471435547, "mean_episode_length": 214.77777777777777, "success_rate": 0.3333333333333333, "collision_rate": 0.5555555555555556, "out_of_bounds_rate": 0.0, "timeout_rate": 0.1111111111111111, "policy_loss": 0.005447514655068542, "value_loss": 21.323711395263672, "entropy": 0.6770770996809006, "approx_kl": 0.00725444289855659, "clip_fraction": 0.15037500858306885, "grad_norm": 116.31507968902588, "explained_variance": 0.9183983206748962, "action_std_mean": 0.33938902616500854}
{"step": 2328000, "wall_time": 1790088949.327271, "episodes_completed": 16, "mean_episode_reward": 10.180046439170837, "std_episode_reward": 40.31589474121502, "min_episode_reward": -25.463260650634766, "max_episode_reward": 109.96990966796875, "mean_episode_length": 203.75, "success_rate": 0.1875, "collision_rate": 0.8125, "out_of_bounds_rate": 0.0, "timeout_rate": 0.0, "policy_loss": 0.00025244928905188146, "value_loss": 14.003581523895264, "entropy": 0.6763429790735245, "approx_kl": 0.0033720138017088175, "clip_fraction": 0.09725000523030758, "grad_norm": 43.58106184005737, "explained_variance": 0.9232791066169739, "action_std_mean": 0.3392592668533325}
{"step": 2336000, "wall_time": 1790088982.803307, "episodes_completed": 40, "mean_episode_reward": 1.4260565981268882, "std_episode_reward": 43.88030630777788, "min_episode_reward": -50.17825698852539, "max_episode_reward": 131.3383331298828, "mean_episode_length": 81.575, "success_rate": 0.15, "collision_rate": 0.775, "out_of_bounds_rate": 0.0, "timeout_rate": 0.075, "policy_loss": 0.002982918189838535, "value_loss": 33.160176277160645, "entropy": 0.6755178570747375, "approx_kl": 0.0038767053629271686, "clip_fraction": 0.06931250356137753, "grad_norm": 70.20610809326172, "explained_variance": 0.8726367950439453, "action_std_mean": 0.33910804986953735}
{"step": 2344000, "wall_time": 1790089015.1409886, "episodes_completed": 28, "mean_episode_reward": 13.370246001652308, "std_episode_reward": 54.6045933713994, "min_episode_reward": -49.747806549072266, "max_episode_reward": 152.95799255371094, "mean_episode_length": 138.17857142857142, "success_rate": 0.21428571428571427, "collision_rate": 0.7142857142857143, "out_of_bounds_rate": 0.0, "timeout_rate": 0.07142857142857142, "policy_loss": 0.004736389834899546, "value_loss": 20.464006423950195, "entropy": 0.6746687442064285, "approx_kl": 0.006389470829162747, "clip_fraction": 0.1145937517285347, "grad_norm": 92.03933620452881, "explained_variance": 0.9117949604988098, "action_std_mean": 0.33898842334747314}
{"step": 2352000, "wall_time": 1790089047.1929018, "episodes_completed": 39, "mean_episode_reward": 11.309866734040089, "std_episode_reward": 48.47626217006412, "min_episode_reward": -50.36082458496094, "max_episode_reward": 134.1162567138672, "mean_episode_length": 112.15384615384616, "success_rate": 0.1794871794871795, "collision_rate": 0.8205128205128205, "out_of_bounds_rate": 0.0, "timeout_rate": 0.0, "policy_loss": 0.015648824431002017, "value_loss": 31.84806728363037, "entropy": 0.6738453209400177, "approx_kl": 0.015165272168815136, "clip_fraction": 0.22346875816583633, "grad_norm": 203.53194618225098, "explained_variance": 0.8979414701461792, "action_std_mean": 0.3387681841850281}
{"step": 2360000, "wall_time": 1790089079.3800573, "episodes_completed": 43, "mean_episode_reward": 6.992816384448561, "std_episode_reward": 44.54944530190235, "min_episode_reward": -50.319026947021484, "max_episode_reward": 141.1175079345703, "mean_episode_length": 104.0, "success_rate": 0.13953488372093023, "collision_rate": 0.8372093023255814, "out_of_bounds_rate": 0.0, "timeout_rate": 0.023255813953488372, "policy_loss": 0.005867647389881325, "value_loss": 25.196235179901123, "entropy": 0.6723942309617996, "approx_kl": 0.010195126757025719, "clip_fraction": 0.21200000867247581, "grad_norm": 122.62440490722656, "explained_variance": 0.8904609084129333, "action_std_mean": 0.33852291107177734}
{"step": 2368000, "wall_time": 1790089112.8475883, "episodes_completed": 36, "mean_episode_reward": 1.4202887150976393, "std_episode_reward": 42.58873287167305, "min_episode_reward": -49.83036804199219, "max_episode_reward": 111.98383331298828, "mean_episode_length": 135.30555555555554, "success_rate": 0.1111111111111111, "collision_rate": 0.8611111111111112, "out_of_bounds_rate": 0.0, "timeout_rate": 0.027777777777777776, "policy_loss": 0.00037164903525260806, "value_loss": 20.868201732635498, "entropy": 0.6710915416479111, "approx_kl": 0.007139887427911162, "clip_fraction": 0.14859375730156898, "grad_norm": 63.06510066986084, "explained_variance": 0.9140028357505798, "action_std_mean": 0.33836522698402405}
{"step": 2376000, "wall_time": 1790089145.7733288, "episodes_completed": 28, "mean_episode_reward": 7.582072530473981, "std_episode_reward": 51.37398865275782, "min_episode_reward": -49.78640365600586, "max_episode_reward": 136.53941345214844, "mean_episode_length": 99.25, "success_rate": 0.14285714285714285, "collision_rate": 0.8571428571428571, "out_of_bounds_rate": 0.0, "timeout_rate": 0.0, "policy_loss": -1.38869106303674e-05, "value_loss": 19.91557550430298, "entropy": 0.6703065186738968, "approx_kl": 0.004299895605072379, "clip_fraction": 0.09165625460445881, "grad_norm": 85.32154750823975, "explained_variance": 0.902633011341095, "action_std_mean": 0.3382571041584015}
{"step": 2384000, "wall_time": 1790089178.2882063, "episodes_completed": 32, "mean_episode_reward": 3.155196100473404, "std_episode_reward": 41.1750317320546, "min_episode_reward": -50.267520904541016, "max_episode_reward": 125.06464385986328, "mean_episode_length": 126.9375, "success_rate": 0.125, "collision_rate": 0.875, "out_of_bounds_rate": 0.0, "timeout_rate": 0.0, "policy_loss": 0.0035268008741549117, "value_loss": 26.832904815673828, "entropy": 0.6697516441345215, "approx_kl": 0.008475463837385178, "clip_fraction": 0.171750009059906, "grad_norm": 171.18691635131836, "explained_variance": 0.8925430774688721, "action_std_mean": 0.33819329738616943}
{"step": 2392000, "wall_time": 1790089211.5421023, "episodes_completed": 36, "mean_episode_reward": 10.937269740634495, "std_episode_reward": 49.395319681926985, "min_episode_reward": -50.24517059326172, "max_episode_reward": 134.02908325195312, "mean_episode_length": 112.47222222222223, "success_rate": 0.19444444444444445, "collision_rate": 0.8055555555555556, "out_of_bounds_rate": 0.0, "timeout_rate": 0.0, "policy_loss": 0.011091138469055295, "value_loss": 37.039822578430176, "entropy": 0.6693292558193207, "approx_kl": 0.0148458459880203, "clip_fraction": 0.2606875076889992, "grad_norm": 236.09549713134766, "explained_variance": 0.8547597527503967, "action_std_mean": 0.3380894064903259}
{"step": 2400000, "wall_time": 1790089244.6247017, "episodes_completed": 35, "mean_episode_reward": 19.968598883492607, "std_episode_reward": 52.18690787208593, "min_episode_reward": -50.33734893798828, "max_episode_reward": 177.00889587402344, "mean_episode_length": 132.94285714285715, "success_rate": 0.2571428571428571, "collision_rate": 0.7142857142857143, "out_of_bounds_rate": 0.0, "timeout_rate": 0.02857142857142857, "policy_loss": 0.017745379891246582, "value_loss": 40.275147438049316, "entropy": 0.6685727685689926, "approx_kl": 0.024693965446203947, "clip_fraction": 0.307250015437603, "grad_norm": 319.95461654663086, "explained_variance": 0.8399025201797485, "action_std_mean": 0.3379402160644531}
{"step": 2408000, "wall_time": 1790089278.1932752, "episodes_completed": 14, "mean_episode_reward": -1.524953842163086, "std_episode_reward": 34.71748800421194, "min_episode_reward": -49.52330017089844, "max_episode_reward": 68.37387084960938, "mean_episode_length": 106.64285714285714, "success_rate": 0.14285714285714285, "collision_rate": 0.8571428571428571, "out_of_bounds_rate": 0.0, "timeout_rate": 0.0, "policy_loss": 0.013101079262793053, "value_loss": 19.73557758331299, "entropy": 0.6677991598844528, "approx_kl": 0.025974050164222717, "clip_fraction": 0.3241562694311142, "grad_norm": 180.76688385009766, "explained_variance": 0.9184978008270264, "action_std_mean": 0.33786094188690186}
{"step": 2416000, "wall_time": 1790089310.8906963, "episodes_completed": 24, "mean_episode_reward": 13.566857606172562, "std_episode_reward": 55.806253850354004, "min_episode_reward": -49.97468185424805, "max_episode_reward": 175.97006225585938, "mean_episode_length": 118.75, "success_rate": 0.3333333333333333, "collision_rate": 0.625, "out_of_bounds_rate": 0.0, "timeout_rate": 0.041666666666666664, "policy_loss": 0.004365571635775223, "value_loss": 21.48100519180298, "entropy": 0.6674910932779312, "approx_kl": 0.0071240473771467805, "clip_fraction": 0.1745937578380108, "grad_norm": 128.56964111328125, "explained_variance": 0.9082314968109131, "action_std_mean": 0.33781468868255615}
{"step": 2424000, "wall_time": 1790089343.4485872, "episodes_completed": 28, "mean_episode_reward": 3.117661531482424, "std_episode_reward": 48.614465775815404, "min_episode_reward": -50.016143798828125, "max_episode_reward": 125.66650390625, "mean_episode_length": 123.60714285714286, "success_rate": 0.21428571428571427, "collision_rate": 0.7142857142857143, "out_of_bounds_rate": 0.0, "timeout_rate": 0.07142857142857142, "policy_loss": 0.0047319562537595505, "value_loss": 33.387155055999756, "entropy": 0.6671619713306427, "approx_kl": 0.008074942394159734, "clip_fraction": 0.16609375923871994, "grad_norm": 108.26990699768066, "explained_variance": 0.8407942056655884, "action_std_mean": 0.33775603771209717}
{"step": 2432000, "wall_time": 1790089376.544074, "episodes_completed": 23, "mean_episode_reward": 13.428263100592986, "std_episode_reward": 56.981005640563765, "min_episode_reward": -49.715850830078125, "max_episode_reward": 136.19195556640625, "mean_episode_length": 126.56521739130434, "success_rate": 0.13043478260869565, "collision_rate": 0.8260869565217391, "out_of_bounds_rate": 0.0, "timeout_rate": 0.043478260869565216, "policy_loss": 0.00010956239982629068, "value_loss": 25.372841358184814, "entropy": 0.6668725907802582, "approx_kl": 0.005141800735145807, "clip_fraction": 0.11218750476837158, "grad_norm": 107.81369590759277, "explained_variance": 0.8920775651931763, "action_std_mean": 0.33771756291389465}
{"step": 2440000, "wall_time": 1790089409.7218888, "episodes_completed": 19, "mean_episode_reward": -7.927562814009817, "std_episode_reward": 48.20497521148389, "min_episode_reward": -49.99130630493164, "max_episode_reward": 100.09384155273438, "mean_episode_length": 110.47368421052632, "success_rate": 0.10526315789473684, "collision_rate": 0.8421052631578947, "out_of_bounds_rate": 0.0, "timeout_rate": 0.05263157894736842, "policy_loss": 0.004836679109372244, "value_loss": 18.5330810546875, "entropy": 0.666639894247055, "approx_kl": 0.009202178451232612, "clip_fraction": 0.20021875575184822, "grad_norm": 83.40229225158691, "explained_variance": 0.8852891325950623, "action_std_mean": 0.3376615047454834}
{"step": 2448000, "wall_time": 1790089445.714352, "episodes_completed": 26, "mean_episode_reward": -1.7093992522702768, "std_episode_reward": 51.8058818899272, "min_episode_reward": -50.07556915283203, "max_episode_reward": 130.88841247558594, "mean_episode_length": 132.65384615384616, "success_rate": 0.19230769230769232, "collision_rate": 0.7307692307692307, "out_of_bounds_rate": 0.0, "timeout_rate": 0.07692307692307693, "policy_loss": 0.0018820978724979343, "value_loss": 19.90138530731201, "entropy": 0.6661569774150848, "approx_kl": 0.006665332708507776, "clip_fraction": 0.1451562587171793, "grad_norm": 100.17438793182373, "explained_variance": 0.9075816869735718, "action_std_mean": 0.3375418186187744}
{"step": 2456000, "wall_time": 1790089485.0447583, "episodes_completed": 27, "mean_episode_reward": 8.346949027092368, "std_episode_reward": 53.94594013953097, "min_episode_reward": -50.06488037109375, "max_episode_reward": 166.3490753173828, "mean_episode_length": 131.25925925925927, "success_rate": 0.14814814814814814, "collision_rate": 0.8148148148148148, "out_of_bounds_rate": 0.0, "timeout_rate": 0.037037037037037035, "policy_loss": 0.0010497361072339118, "value_loss": 27.22697114944458, "entropy": 0.6654393374919891, "approx_kl": 0.014969410724006593, "clip_fraction": 0.22290625795722008, "grad_norm": 61.673336029052734, "explained_variance": 0.8788142800331116, "action_std_mean": 0.3374254107475281}
{"step": 2464000, "wall_time": 1790089520.8679793, "episodes_completed": 16, "mean_episode_reward": 13.904955988749862, "std_episode_reward": 49.34708265275041, "min_episode_reward": -50.071964263916016, "max_episode_reward": 118.85110473632812, "mean_episode_length": 165.0, "success_rate": 0.3125, "collision_rate": 0.625, "out_of_bounds_rate": 0.0, "timeout_rate": 0.0625, "policy_loss": -0.0008491850491845754, "value_loss": 18.2443790435791, "entropy": 0.664754644036293, "approx_kl": 0.010195688577368855, "clip_fraction": 0.15818750858306885, "grad_norm": 57.567171573638916, "explained_variance": 0.8959981799125671, "action_std_mean": 0.33730757236480713}
{"step": 2472000, "wall_time": 1790089560.1067524, "episodes_completed": 15, "mean_episode_reward": 7.905204772949219, "std_episode_reward": 55.283269539928575, "min_episode_reward": -49.81118392944336, "max_episode_reward": 150.6444091796875, "mean_episode_length": 100.33333333333333, "success_rate": 0.13333333333333333, "collision_rate": 0.8666666666666667, "out_of_bounds_rate": 0.0, "timeout_rate": 0.0, "policy_loss": 0.001396005732589356, "value_loss": 16.300479412078857, "entropy": 0.6641072332859039, "approx_kl": 0.009243506006896496, "clip_fraction": 0.22815626859664917, "grad_norm": 67.33486652374268, "explained_variance": 0.9091557264328003, "action_std_mean": 0.33721184730529785}
{"step": 2480000, "wall_time": 1790089606.4083142, "episodes_completed": 22, "mean_episode_reward": -0.3377555283633145, "std_episode_reward": 50.471419218817495, "min_episode_reward": -50.15593719482422, "max_episode_reward": 194.1461181640625, "mean_episode_length": 184.0909090909091, "success_rate": 0.09090909090909091, "collision_rate": 0.7272727272727273, "out_of_bounds_rate": 0.0, "timeout_rate": 0.18181818181818182, "policy_loss": 0.008527373041026243, "value_loss": 19.70480728149414, "entropy": 0.6636221259832382, "approx_kl": 0.014594382606446743, "clip_fraction": 0.2563125118613243, "grad_norm": 76.93139553070068, "explained_variance": 0.904396116733551, "action_std_mean": 0.33715784549713135}
{"step": 2488000, "wall_time": 1790089645.1987479, "episodes_completed": 35, "mean_episode_reward": 14.221142060416085, "std_episode_reward": 53.56736645420359, "min_episode_reward": -50.128177642822266, "max_episode_reward": 155.2604217529297, "mean_episode_length": 116.0, "success_rate": 0.2857142857142857, "collision_rate": 0.7142857142857143, "out_of_bounds_rate": 0.0, "timeout_rate": 0.0, "policy_loss": 0.008245894987136015, "value_loss": 27.399924278259277, "entropy": 0.6635127365589142, "approx_kl": 0.012574563501402736, "clip_fraction": 0.2485000044107437, "grad_norm": 77.62855243682861, "explained_variance": 0.8739982843399048, "action_std_mean": 0.3372066617012024}
{"step": 2496000, "wall_time": 1790089704.0624487, "episodes_completed": 23, "mean_episode_reward": 15.396985165450884, "std_episode_reward": 55.03818462392272, "min_episode_reward": -49.9622802734375, "max_episode_reward": 146.05345153808594, "mean_episode_length": 124.04347826086956, "success_rate": 0.2608695652173913, "collision_rate": 0.6956521739130435, "out_of_bounds_rate": 0.0, "timeout_rate": 0.043478260869565216, "policy_loss": 0.011675188539549686, "value_loss": 27.16529130935669, "entropy": 0.6638960391283035, "approx_kl": 0.020356496097519994, "clip_fraction": 0.2762500159442425, "grad_norm": 110.00076866149902, "explained_variance": 0.8647211194038391, "action_std_mean": 0.3372456431388855}
{"step": 2504000, "wall_time": 1790089777.3380413, "episodes_completed": 21, "mean_episode_reward": 17.8620122273763, "std_episode_reward": 65.47287237386986, "min_episode_reward": -50.18985366821289, "max_episode_reward": 163.38861083984375, "mean_episode_length": 137.95238095238096, "success_rate": 0.23809523809523808, "collision_rate": 0.7142857142857143, "out_of_bounds_rate": 0.0, "timeout_rate": 0.047619047619047616, "policy_loss": 0.0140570034831764, "value_loss": 14.228599071502686, "entropy": 0.6637913882732391, "approx_kl": 0.010435939766466618, "clip_fraction": 0.12678125873208046, "grad_norm": 46.00842523574829, "explained_variance": 0.9367520809173584, "action_std_mean": 0.3371580243110657}
{"step": 2512000, "wall_time": 1790089847.1743367, "episodes_completed": 33, "mean_episode_reward": 6.943263956994722, "std_episode_reward": 55.912147125187104, "min_episode_reward": -50.315494537353516, "max_episode_reward": 132.61228942871094, "mean_episode_length": 128.27272727272728, "success_rate": 0.18181818181818182, "collision_rate": 0.7878787878787878, "out_of_bounds_rate": 0.0, "timeout_rate": 0.030303030303030304, "policy_loss": 0.010115222844295113, "value_loss": 23.77153968811035, "entropy": 0.6632478684186935, "approx_kl": 0.009574002935551107, "clip_fraction": 0.12368750385940075, "grad_norm": 55.2629451751709, "explained_variance": 0.8948311805725098, "action_std_mean": 0.3370671570301056}
{"step": 2520000, "wall_time": 1790089892.3185852, "episodes_completed": 24, "mean_episode_reward": 19.261763493220013, "std_episode_reward": 52.25992992658695, "min_episode_reward": -25.068317413330078, "max_episode_reward": 202.34059143066406, "mean_episode_length": 127.70833333333333, "success_rate": 0.20833333333333334, "collision_rate": 0.75, "out_of_bounds_rate": 0.0, "timeout_rate": 0.041666666666666664, "policy_loss": 0.00406488530617205, "value_loss": 26.04403781890869, "entropy": 0.6627348065376282, "approx_kl": 0.01013180473819375, "clip_fraction": 0.16703125834465027, "grad_norm": 73.5738639831543, "explained_variance": 0.8666937947273254, "action_std_mean": 0.33699876070022583}
{"step": 2528000, "wall_time": 1790089929.4719164, "episodes_completed": 21, "mean_episode_reward": 15.869172096252441, "std_episode_reward": 48.110468441906775, "min_episode_reward": -50.26415252685547, "max_episode_reward": 119.53166198730469, "mean_episode_length": 136.0952380952381, "success_rate": 0.23809523809523808, "collision_rate": 0.7619047619047619, "out_of_bounds_rate": 0.0, "timeout_rate": 0.0, "policy_loss": 0.0032153484509327424, "value_loss": 19.916245460510254, "entropy": 0.6623275578022003, "approx_kl": 0.007504927460104227, "clip_fraction": 0.12012500502169132, "grad_norm": 54.23191785812378, "explained_variance": 0.9158096313476562, "action_std_mean": 0.3369292616844177}
{"step": 2536000, "wall_time": 1790089962.8466206, "episodes_completed": 16, "mean_episode_reward": 44.640091091394424, "std_episode_reward": 68.33432327642849, "min_episode_reward": -25.060691833496094, "max_episode_reward": 193.40728759765625, "mean_episode_length": 194.4375, "success_rate": 0.375, "collision_rate": 0.5, "out_of_bounds_rate": 0.0, "timeout_rate": 0.125, "policy_loss": 0.0051101437779143, "value_loss": 25.682676315307617, "entropy": 0.6618703454732895, "approx_kl": 0.01091306982561946, "clip_fraction": 0.225343756377697, "grad_norm": 108.53872489929199, "explained_variance": 0.871677041053772, "action_std_mean": 0.3368338346481323}
{"step": 2544000, "wall_time": 1790089998.0365264, "episodes_completed": 23, "mean_episode_reward": 18.053393643835317, "std_episode_reward": 43.398174865569274, "min_episode_reward": -50.022098541259766, "max_episode_reward": 117.85552978515625, "mean_episode_length": 150.69565217391303, "success_rate": 0.2608695652173913, "collision_rate": 0.6086956521739131, "out_of_bounds_rate": 0.0, "timeout_rate": 0.13043478260869565, "policy_loss": 0.007234269963577344, "value_loss": 31.185838222503662, "entropy": 0.6613145023584366, "approx_kl": 0.014452746603637934, "clip_fraction": 0.23478125780820847, "grad_norm": 194.34223175048828, "explained_variance": 0.8550212979316711, "action_std_mean": 0.33676549792289734}
{"step": 2552000, "wall_time": 1790090033.2740734, "episodes_completed": 28, "mean_episode_reward": 2.9029556257384166, "std_episode_reward": 58.37510137533985, "min_episode_reward": -49.64779281616211, "max_episode_reward": 190.02984619140625, "mean_episode_length": 114.14285714285714, "success_rate": 0.14285714285714285, "collision_rate": 0.75, "out_of_bounds_rate": 0.0, "timeout_rate": 0.10714285714285714, "policy_loss": 0.004251463146414558, "value_loss": 18.025110721588135, "entropy": 0.6608831733465195, "approx_kl": 0.008531466592103243, "clip_fraction": 0.1641250066459179, "grad_norm": 103.56963157653809, "explained_variance": 0.9194537401199341, "action_std_mean": 0.3366510272026062}
{"step": 2560000, "wall_time": 1790090065.6413221, "episodes_completed": 20, "mean_episode_reward": 20.802807772159575, "std_episode_reward": 61.64357454753327, "min_episode_reward": -49.98023986816406, "max_episode_reward": 155.99423217773438, "mean_episode_length": 146.1, "success_rate": 0.25, "collision_rate": 0.7, "out_of_bounds_rate": 0.0, "timeout_rate": 0.05, "policy_loss": 0.0024879315930884105, "value_loss": 17.288691520690918, "entropy": 0.6601201295852661, "approx_kl": 0.007364366087131202, "clip_fraction": 0.15118750929832458, "grad_norm": 91.51963710784912, "explained_variance": 0.9289875030517578, "action_std_mean": 0.33653944730758667}
{"step": 2568000, "wall_time": 1790090097.6014965, "episodes_completed": 18, "mean_episode_reward": 19.630819278458755, "std_episode_reward": 52.4423538972082, "min_episode_reward": -30.483642578125, "max_episode_reward": 163.97637939453125, "mean_episode_length": 186.72222222222223, "success_rate": 0.16666666666666666, "collision_rate": 0.7777777777777778, "out_of_bounds_rate": 0.0, "timeout_rate": 0.05555555555555555, "policy_loss": 0.008520496664568444, "value_loss": 26.945359706878662, "entropy": 0.6595391631126404, "approx_kl": 0.006980979116633534, "clip_fraction": 0.1575937569141388, "grad_norm": 112.43083763122559, "explained_variance": 0.8797831535339355, "action_std_mean": 0.3364514112472534}
{"step": 2576000, "wall_time": 1790090132.9515388, "episodes_completed": 17, "mean_episode_reward": 15.363230586051941, "std_episode_reward": 42.27652069675118, "min_episode_reward": -29.73342514038086, "max_episode_reward": 118.75167083740234, "mean_episode_length": 223.52941176470588, "success_rate": 0.23529411764705882, "collision_rate": 0.5882352941176471, "out_of_bounds_rate": 0.0, "timeout_rate": 0.17647058823529413, "policy_loss": 0.0030025540462228495, "value_loss": 20.253283977508545, "entropy": 0.6588720828294754, "approx_kl": 0.006311146426014602, "clip_fraction": 0.12965625151991844, "grad_norm": 93.54952716827393, "explained_variance": 0.9109397530555725, "action_std_mean": 0.33625924587249756}
{"step": 2584000, "wall_time": 1790090166.5167317, "episodes_completed": 45, "mean_episode_reward": -1.330373806423611, "std_episode_reward": 48.941198341766864, "min_episode_reward": -49.893959045410156, "max_episode_reward": 182.45159912109375, "mean_episode_length": 75.91111111111111, "success_rate": 0.13333333333333333, "collision_rate": 0.8666666666666667, "out_of_bounds_rate": 0.0, "timeout_rate": 0.0, "policy_loss": 0.009088182636070974, "value_loss": 39.5557918548584, "entropy": 0.6577078849077225, "approx_kl": 0.017946454230695963, "clip_fraction": 0.20990625582635403, "grad_norm": 227.16674041748047, "explained_variance": 0.8344411253929138, "action_std_mean": 0.3361249566078186}
{"step": 2592000, "wall_time": 1790090200.3572812, "episodes_completed": 20, "mean_episode_reward": 13.508347511291504, "std_episode_reward": 55.331934312639326, "min_episode_reward": -49.850196838378906, "max_episode_reward": 141.34332275390625, "mean_episode_length": 112.85, "success_rate": 0.2, "collision_rate": 0.8, "out_of_bounds_rate": 0.0, "timeout_rate": 0.0, "policy_loss": 0.00706089254654918, "value_loss": 21.614206790924072, "entropy": 0.6570822298526764, "approx_kl": 0.007369429571554065, "clip_fraction": 0.19162501022219658, "grad_norm": 113.58785820007324, "explained_variance": 0.8902120590209961, "action_std_mean": 0.33604001998901367}
{"step": 2600000, "wall_time": 1790090233.51887, "episodes_completed": 17, "mean_episode_reward": -6.5839762687683105, "std_episode_reward": 39.97969048328542, "min_episode_reward": -49.613468170166016, "max_episode_reward": 132.21339416503906, "mean_episode_length": 202.1764705882353, "success_rate": 0.058823529411764705, "collision_rate": 0.8235294117647058, "out_of_bounds_rate": 0.0, "timeout_rate": 0.11764705882352941, "policy_loss": 0.008289266565814524, "value_loss": 23.503792762756348, "entropy": 0.6565018743276596, "approx_kl": 0.011322896694764495, "clip_fraction": 0.23456250876188278, "grad_norm": 151.29386711120605, "explained_variance": 0.8715223073959351, "action_std_mean": 0.33590584993362427}
{"step": 2608000, "wall_time": 1790090266.85943, "episodes_completed": 28, "mean_episode_reward": 20.849125010626658, "std_episode_reward": 48.92922993459727, "min_episode_reward": -50.06106185913086, "max_episode_reward": 120.34230041503906, "mean_episode_length": 144.25, "success_rate": 0.25, "collision_rate": 0.7142857142857143, "out_of_bounds_rate": 0.0, "timeout_rate": 0.03571428571428571, "policy_loss": 0.02451831658929582, "value_loss": 37.85018539428711, "entropy": 0.655502200126648, "approx_kl": 0.0126072415150702, "clip_fraction": 0.14428125135600567, "grad_norm": 117.58411979675293, "explained_variance": 0.840177059173584, "action_std_mean": 0.3356727957725525}
{"step": 2616000, "wall_time": 1790090299.673578, "episodes_completed": 21, "mean_episode_reward": 20.509442590531847, "std_episode_reward": 61.93249009041899, "min_episode_reward": -49.89083480834961, "max_episode_reward": 240.9951171875, "mean_episode_length": 146.14285714285714, "success_rate": 0.23809523809523808, "collision_rate": 0.7142857142857143, "out_of_bounds_rate": 0.0, "timeout_rate": 0.047619047619047616, "policy_loss": 0.005105024646967604, "value_loss": 22.893232822418213, "entropy": 0.6539690494537354, "approx_kl": 0.0084417297039181, "clip_fraction": 0.1482500098645687, "grad_norm": 91.59914016723633, "explained_variance": 0.8988454937934875, "action_std_mean": 0.33540594577789307}
{"step": 2624000, "wall_time": 1790090332.631728, "episodes_completed": 23, "mean_episode_reward": 1.3720178189484968, "std_episode_reward": 56.234202397573036, "min_episode_reward": -50.13779830932617, "max_episode_reward": 207.6693878173828, "mean_episode_length": 128.43478260869566, "success_rate": 0.08695652173913043, "collision_rate": 0.9130434782608695, "out_of_bounds_rate": 0.0, "timeout_rate": 0.0, "policy_loss": 0.0057781861890107145, "value_loss": 25.80164337158203, "entropy": 0.6523128598928452, "approx_kl": 0.014736324548721313, "clip_fraction": 0.17256251350045204, "grad_norm": 109.85647010803223, "explained_variance": 0.8919488787651062, "action_std_mean": 0.3351271152496338}
{"step": 2632000, "wall_time": 1790090369.7459552, "episodes_completed": 24, "mean_episode_reward": 22.332618946830433, "std_episode_reward": 43.70964355936003, "min_episode_reward": -31.48577880859375, "max_episode_reward": 116.41563415527344, "mean_episode_length": 162.20833333333334, "success_rate": 0.3333333333333333, "collision_rate": 0.625, "out_of_bounds_rate": 0.0, "timeout_rate": 0.041666666666666664, "policy_loss": 0.0027085772599093616, "value_loss": 21.00266695022583, "entropy": 0.6506724655628204, "approx_kl": 0.007893005036748946, "clip_fraction": 0.16743750497698784, "grad_norm": 73.63444900512695, "explained_variance": 0.8718304634094238, "action_std_mean": 0.3348484933376312}
{"step": 2640000, "wall_time": 1790090404.333187, "episodes_completed": 17, "mean_episode_reward": 24.584784339455997, "std_episode_reward": 59.41214829471107, "min_episode_reward": -50.18095779418945, "max_episode_reward": 140.6826934814453, "mean_episode_length": 151.05882352941177, "success_rate": 0.29411764705882354, "collision_rate": 0.6470588235294118, "out_of_bounds_rate": 0.0, "timeout_rate": 0.058823529411764705, "policy_loss": -9.735417786582712e-05, "value_loss": 12.288467407226562, "entropy": 0.6489894688129425, "approx_kl": 0.004323518136516213, "clip_fraction": 0.09653125517070293, "grad_norm": 57.662384033203125, "explained_variance": 0.9412540793418884, "action_std_mean": 0.3345646262168884}
{"step": 2648000, "wall_time": 1790090437.7607248, "episodes_completed": 38, "mean_episode_reward": -2.5528048182788647, "std_episode_reward": 38.10102685812283, "min_episode_reward": -50.06209945678711, "max_episode_reward": 125.00723266601562, "mean_episode_length": 100.10526315789474, "success_rate": 0.10526315789473684, "collision_rate": 0.868421052631579, "out_of_bounds_rate": 0.0, "timeout_rate": 0.02631578947368421, "policy_loss": 0.009044949918985412, "value_loss": 32.61368942260742, "entropy": 0.6471056938171387, "approx_kl": 0.016122732777148485, "clip_fraction": 0.26215626299381256, "grad_norm": 192.17385482788086, "explained_variance": 0.8356673717498779, "action_std_mean": 0.33419305086135864}
{"step": 2656000, "wall_time": 1790090475.890583, "episodes_completed": 41, "mean_episode_reward": 0.10194002418983274, "std_episode_reward": 46.55415471967448, "min_episode_reward": -50.2589111328125, "max_episode_reward": 157.06704711914062, "mean_episode_length": 117.53658536585365, "success_rate": 0.12195121951219512, "collision_rate": 0.8292682926829268, "out_of_bounds_rate": 0.0, "timeout_rate": 0.04878048780487805, "policy_loss": 0.010238096899352955, "value_loss": 34.70202445983887, "entropy": 0.6447648704051971, "approx_kl": 0.015764543553814292, "clip_fraction": 0.2563750073313713, "grad_norm": 165.07302856445312, "explained_variance": 0.8692395091056824, "action_std_mean": 0.333786278963089}
{"step": 2664000, "wall_time": 1790090508.2690806, "episodes_completed": 26, "mean_episode_reward": 30.70665432856633, "std_episode_reward": 63.29440805764873, "min_episode_reward": -50.07167053222656, "max_episode_reward": 191.96298217773438, "mean_episode_length": 150.6153846153846, "success_rate": 0.3076923076923077, "collision_rate": 0.6923076923076923, "out_of_bounds_rate": 0.0, "timeout_rate": 0.0, "policy_loss": 0.007061346229165877, "value_loss": 26.892192363739014, "entropy": 0.6425322741270065, "approx_kl": 0.012815463589504361, "clip_fraction": 0.20465626567602158, "grad_norm": 163.06056022644043, "explained_variance": 0.9000772833824158, "action_std_mean": 0.33350926637649536}
{"step": 2672000, "wall_time": 1790090541.2670367, "episodes_completed": 37, "mean_episode_reward": 12.462994272644455, "std_episode_reward": 40.99888840119582, "min_episode_reward": -50.04754638671875, "max_episode_reward": 101.58516693115234, "mean_episode_length": 106.43243243243244, "success_rate": 0.2702702702702703, "collision_rate": 0.6756756756756757, "out_of_bounds_rate": 0.0, "timeout_rate": 0.05405405405405406, "policy_loss": 0.009814659388735936, "value_loss": 33.19900989532471, "entropy": 0.641162097454071, "approx_kl": 0.012658259365707636, "clip_fraction": 0.18562501296401024, "grad_norm": 173.22469520568848, "explained_variance": 0.8803859353065491, "action_std_mean": 0.3333311676979065}
{"step": 2680000, "wall_time": 1790090574.6693676, "episodes_completed": 27, "mean_episode_reward": 19.25520829801206, "std_episode_reward": 62.14058621776321, "min_episode_reward": -49.81558609008789, "max_episode_reward": 187.2568359375, "mean_episode_length": 136.62962962962962, "success_rate": 0.25925925925925924, "collision_rate": 0.7407407407407407, "out_of_bounds_rate": 0.0, "timeout_rate": 0.0, "policy_loss": 0.0009944172299001242, "value_loss": 27.9981369972229, "entropy": 0.6401904076337814, "approx_kl": 0.008516269037500024, "clip_fraction": 0.14215625822544098, "grad_norm": 84.32457065582275, "explained_variance": 0.8797802925109863, "action_std_mean": 0.33319008350372314}
{"step": 2688000, "wall_time": 1790090607.4527497, "episodes_completed": 27, "mean_episode_reward": -7.83268709315194, "std_episode_reward": 31.552549798569878, "min_episode_reward": -50.34579086303711, "max_episode_reward": 82.63005828857422, "mean_episode_length": 116.0, "success_rate": 0.07407407407407407, "collision_rate": 0.8888888888888888, "out_of_bounds_rate": 0.0, "timeout_rate": 0.037037037037037035, "policy_loss": 0.0010973649802617502, "value_loss": 30.33553457260132, "entropy": 0.6393778175115585, "approx_kl": 0.006817308138124645, "clip_fraction": 0.14803125709295273, "grad_norm": 133.33050537109375, "explained_variance": 0.8565888404846191, "action_std_mean": 0.333054780960083}
{"step": 2696000, "wall_time": 1790090639.4549446, "episodes_completed": 20, "mean_episode_reward": 5.108067750930786, "std_episode_reward": 52.42384571843081, "min_episode_reward": -49.522796630859375, "max_episode_reward": 166.89593505859375, "mean_episode_length": 159.05, "success_rate": 0.1, "collision_rate": 0.85, "out_of_bounds_rate": 0.0, "timeout_rate": 0.05, "policy_loss": 0.001494078706717028, "value_loss": 20.67540407180786, "entropy": 0.6384570449590683, "approx_kl": 0.0042099509155377746, "clip_fraction": 0.12134375795722008, "grad_norm": 109.3175630569458, "explained_variance": 0.8532657623291016, "action_std_mean": 0.3328591287136078}
{"step": 2704000, "wall_time": 1790090671.7256277, "episodes_completed": 21, "mean_episode_reward": 0.37034326507931664, "std_episode_reward": 39.534606739604826, "min_episode_reward": -49.820648193359375, "max_episode_reward": 73.46906280517578, "mean_episode_length": 124.04761904761905, "success_rate": 0.14285714285714285, "collision_rate": 0.7619047619047619, "out_of_bounds_rate": 0.0, "timeout_rate": 0.09523809523809523, "policy_loss": 0.0028182543208821187, "value_loss": 25.942072868347168, "entropy": 0.6372658610343933, "approx_kl": 0.0061761566903442144, "clip_fraction": 0.1458750069141388, "grad_norm": 97.00285816192627, "explained_variance": 0.848455011844635, "action_std_mean": 0.3326832950115204}
{"step": 2712000, "wall_time": 1790090708.3955772, "episodes_completed": 16, "mean_episode_reward": 17.212420508265495, "std_episode_reward": 65.60782550107967, "min_episode_reward": -36.628353118896484, "max_episode_reward": 216.91311645507812, "mean_episode_length": 238.0, "success_rate": 0.125, "collision_rate": 0.75, "out_of_bounds_rate": 0.0, "timeout_rate": 0.125, "policy_loss": 0.005321076632477162, "value_loss": 16.864287853240967, "entropy": 0.6363560557365417, "approx_kl": 0.005352716718334705, "clip_fraction": 0.11525000631809235, "grad_norm": 59.11482810974121, "explained_variance": 0.9152899980545044, "action_std_mean": 0.3325697183609009}
{"step": 2720000, "wall_time": 1790090745.588182, "episodes_completed": 29, "mean_episode_reward": 20.315328164347285, "std_episode_reward": 48.102269105909606, "min_episode_reward": -35.37443542480469, "max_episode_reward": 154.81137084960938, "mean_episode_length": 116.6896551724138, "success_rate": 0.2413793103448276, "collision_rate": 0.7241379310344828, "out_of_bounds_rate": 0.0, "timeout_rate": 0.034482758620689655, "policy_loss": 0.009588101118802816, "value_loss": 35.158406257629395, "entropy": 0.6356689035892487, "approx_kl": 0.014264864847064018, "clip_fraction": 0.20506250858306885, "grad_norm": 185.0945529937744, "explained_variance": 0.8566068410873413, "action_std_mean": 0.3324425220489502}
{"step": 2728000, "wall_time": 1790090777.3930154, "episodes_completed": 35, "mean_episode_reward": 8.279891995021275, "std_episode_reward": 50.4901622739359, "min_episode_reward": -49.93272018432617, "max_episode_reward": 185.95645141601562, "mean_episode_length": 103.48571428571428, "success_rate": 0.22857142857142856, "collision_rate": 0.7714285714285715, "out_of_bounds_rate": 0.0, "timeout_rate": 0.0, "policy_loss": 0.003919013708829855, "value_loss": 26.815948486328125, "entropy": 0.6349407136440277, "approx_kl": 0.010737543227151036, "clip_fraction": 0.21034375950694084, "grad_norm": 188.01457977294922, "explained_variance": 0.8885812163352966, "action_std_mean": 0.3323366045951843}
{"step": 2736000, "wall_time": 1790090811.3093517, "episodes_completed": 30, "mean_episode_reward": 19.80994922965765, "std_episode_reward": 53.97203096088015, "min_episode_reward": -50.01909255981445, "max_episode_reward": 139.33523559570312, "mean_episode_length": 121.9, "success_rate": 0.2, "collision_rate": 0.7666666666666667, "out_of_bounds_rate": 0.0, "timeout_rate": 0.03333333333333333, "policy_loss": 0.006384761283174112, "value_loss": 33.372087478637695, "entropy": 0.6342214345932007, "approx_kl": 0.010455331997945905, "clip_fraction": 0.1874687597155571, "grad_norm": 95.22842311859131, "explained_variance": 0.8556997776031494, "action_std_mean": 0.33215540647506714}
{"step": 2744000, "wall_time": 1790090847.7578058, "episodes_completed": 33, "mean_episode_reward": 21.143933151707504, "std_episode_reward": 53.264344000343826, "min_episode_reward": -49.8448371887207, "max_episode_reward": 174.12257385253906, "mean_episode_length": 133.66666666666666, "success_rate": 0.15151515151515152, "collision_rate": 0.8484848484848485, "out_of_bounds_rate": 0.0, "timeout_rate": 0.0, "policy_loss": 0.005945933211594756, "value_loss": 31.841000080108643, "entropy": 0.633083313703537, "approx_kl": 0.00990213651675731, "clip_fraction": 0.18565626442432404, "grad_norm": 121.04447937011719, "explained_variance": 0.8835493922233582, "action_std_mean": 0.3320213854312897}
{"step": 2752000, "wall_time": 1790090880.7249532, "episodes_completed": 33, "mean_episode_reward": 3.9931022759639854, "std_episode_reward": 48.42378619619901, "min_episode_reward": -49.849876403808594, "max_episode_reward": 179.11196899414062, "mean_episode_length": 110.57575757575758, "success_rate": 0.12121212121212122, "collision_rate": 0.8181818181818182, "out_of_bounds_rate": 0.0, "timeout_rate": 0.06060606060606061, "policy_loss": 0.0037955046910789214, "value_loss": 23.427857875823975, "entropy": 0.6324510127305984, "approx_kl": 0.010151088237762451, "clip_fraction": 0.1939062587916851, "grad_norm": 133.71498680114746, "explained_variance": 0.898727536201477, "action_std_mean": 0.33193814754486084}
{"step": 2760000, "wall_time": 1790090912.3927987, "episodes_completed": 23, "mean_episode_reward": 26.354957704958707, "std_episode_reward": 72.31589525750638, "min_episode_reward": -49.65359878540039, "max_episode_reward": 188.3883056640625, "mean_episode_length": 168.69565217391303, "success_rate": 0.30434782608695654, "collision_rate": 0.6956521739130435, "out_of_bounds_rate": 0.0, "timeout_rate": 0.0, "policy_loss": 0.005760054963640959, "value_loss": 18.872902870178223, "entropy": 0.6318857669830322, "approx_kl": 0.008287673583254218, "clip_fraction": 0.17778126150369644, "grad_norm": 114.5180778503418, "explained_variance": 0.9171030521392822, "action_std_mean": 0.3318297863006592}
{"step": 2768000, "wall_time": 1790090946.7108617, "episodes_completed": 29, "mean_episode_reward": 16.338583518718853, "std_episode_reward": 43.71042626906515, "min_episode_reward": -50.300865173339844, "max_episode_reward": 119.95777893066406, "mean_episode_length": 136.6206896551724, "success_rate": 0.27586206896551724, "collision_rate": 0.7241379310344828, "out_of_bounds_rate": 0.0, "timeout_rate": 0.0, "policy_loss": 0.008470209991559341, "value_loss": 25.76030969619751, "entropy": 0.6311759799718857, "approx_kl": 0.016159753780812025, "clip_fraction": 0.22425001114606857, "grad_norm": 125.39625358581543, "explained_variance": 0.8849231600761414, "action_std_mean": 0.33169087767601013}
{"step": 2776000, "wall_time": 1790090982.016914, "episodes_completed": 22, "mean_episode_reward": 0.16618928042325107, "std_episode_reward": 34.88308320691691, "min_episode_reward": -50.1510124206543, "max_episode_reward": 72.09290313720703, "mean_episode_length": 151.63636363636363, "success_rate": 0.045454545454545456, "collision_rate": 0.9090909090909091, "out_of_bounds_rate": 0.0, "timeout_rate": 0.045454545454545456, "policy_loss": 0.0075616067536175, "value_loss": 24.856979846954346, "entropy": 0.6301627606153488, "approx_kl": 0.009307232219725847, "clip_fraction": 0.18450000509619713, "grad_norm": 109.6223258972168, "explained_variance": 0.8904475569725037, "action_std_mean": 0.33145350217819214}
{"step": 2784000, "wall_time": 1790091015.4525166, "episodes_completed": 41, "mean_episode_reward": 11.397224786804944, "std_episode_reward": 53.41502421846441, "min_episode_reward": -50.37553024291992, "max_episode_reward": 148.7858428955078, "mean_episode_length": 126.34146341463415, "success_rate": 0.1951219512195122, "collision_rate": 0.7804878048780488, "out_of_bounds_rate": 0.0, "timeout_rate": 0.024390243902439025, "policy_loss": 0.005271893868223021, "value_loss": 35.71991539001465, "entropy": 0.6286149471998215, "approx_kl": 0.007767337607219815, "clip_fraction": 0.1658125128597021, "grad_norm": 125.66308975219727, "explained_variance": 0.8587944507598877, "action_std_mean": 0.33120161294937134}
{"step": 2792000, "wall_time": 1790091047.4264276, "episodes_completed": 34, "mean_episode_reward": 4.681836520924287, "std_episode_reward": 56.360377801430175, "min_episode_reward": -50.026580810546875, "max_episode_reward": 188.95025634765625, "mean_episode_length": 108.88235294117646, "success_rate": 0.11764705882352941, "collision_rate": 0.8823529411764706, "out_of_bounds_rate": 0.0, "timeout_rate": 0.0, "policy_loss": 0.004031838103663199, "value_loss": 28.995962619781494, "entropy": 0.6271411776542664, "approx_kl": 0.01051860919687897, "clip_fraction": 0.17731250822544098, "grad_norm": 221.3612174987793, "explained_variance": 0.8915790319442749, "action_std_mean": 0.33096474409103394}
{"step": 2800000, "wall_time": 1790091079.695268, "episodes_completed": 31, "mean_episode_reward": -5.848072475002658, "std_episode_reward": 35.32671782667224, "min_episode_reward": -50.494266510009766, "max_episode_reward": 91.51652526855469, "mean_episode_length": 104.87096774193549, "success_rate": 0.12903225806451613, "collision_rate": 0.8387096774193549, "out_of_bounds_rate": 0.0, "timeout_rate": 0.03225806451612903, "policy_loss": -1.5004151217024031e-05, "value_loss": 25.45310068130493, "entropy": 0.6257255971431732, "approx_kl": 0.006783334072679281, "clip_fraction": 0.1471250057220459, "grad_norm": 95.92907333374023, "explained_variance": 0.8924035429954529, "action_std_mean": 0.3307577967643738}
{"step": 2808000, "wall_time": 1790091112.2013052, "episodes_completed": 31, "mean_episode_reward": 23.71157258556735, "std_episode_reward": 58.63440868416858, "min_episode_reward": -50.2983512878418, "max_episode_reward": 189.32798767089844, "mean_episode_length": 150.03225806451613, "success_rate": 0.3548387096774194, "collision_rate": 0.6129032258064516, "out_of_bounds_rate": 0.0, "timeout_rate": 0.03225806451612903, "policy_loss": 0.0012355724096996257, "value_loss": 31.220681190490723, "entropy": 0.6245818883180618, "approx_kl": 0.0045532131334766746, "clip_fraction": 0.12306250631809235, "grad_norm": 68.69783115386963, "explained_variance": 0.8619425296783447, "action_std_mean": 0.33058372139930725}
{"step": 2816000, "wall_time": 1790091144.0725877, "episodes_completed": 22, "mean_episode_reward": 20.00324669751254, "std_episode_reward": 54.853569222924065, "min_episode_reward": -25.871793746948242, "max_episode_reward": 170.94993591308594, "mean_episode_length": 166.0, "success_rate": 0.22727272727272727, "collision_rate": 0.7727272727272727, "out_of_bounds_rate": 0.0, "timeout_rate": 0.0, "policy_loss": 0.0008253236145245868, "value_loss": 24.19481134414673, "entropy": 0.623482808470726, "approx_kl": 0.006004151771776378, "clip_fraction": 0.10350000392645597, "grad_norm": 70.20569705963135, "explained_variance": 0.9036321640014648, "action_std_mean": 0.3304060101509094}
{"step": 2824000, "wall_time": 1790091177.2305965, "episodes_completed": 32, "mean_episode_reward": 19.369195334613323, "std_episode_reward": 63.60888155688336, "min_episode_reward": -50.12826919555664, "max_episode_reward": 229.6288299560547, "mean_episode_length": 112.5625, "success_rate": 0.21875, "collision_rate": 0.71875, "out_of_bounds_rate": 0.0, "timeout_rate": 0.0625, "policy_loss": 0.0013833313569193706, "value_loss": 24.17810583114624, "entropy": 0.6224732398986816, "approx_kl": 0.006209483137354255, "clip_fraction": 0.12831250578165054, "grad_norm": 122.80211448669434, "explained_variance": 0.9080207347869873, "action_std_mean": 0.3302503824234009}
{"step": 2832000, "wall_time": 1790091215.688261, "episodes_completed": 23, "mean_episode_reward": 29.695392401322074, "std_episode_reward": 67.61725387223498, "min_episode_reward": -50.18046569824219, "max_episode_reward": 172.8845977783203, "mean_episode_length": 164.34782608695653, "success_rate": 0.30434782608695654, "collision_rate": 0.6956521739130435, "out_of_bounds_rate": 0.0, "timeout_rate": 0.0, "policy_loss": 0.0036671909173018324, "value_loss": 18.43136692047119, "entropy": 0.6216341853141785, "approx_kl": 0.006823465111665428, "clip_fraction": 0.12968750670552254, "grad_norm": 49.890191078186035, "explained_variance": 0.938930869102478, "action_std_mean": 0.33016782999038696}
{"step": 2840000, "wall_time": 1790091248.8430545, "episodes_completed": 22, "mean_episode_reward": 16.29870527779514, "std_episode_reward": 55.08733123226734, "min_episode_reward": -49.9498405456543, "max_episode_reward": 120.19589233398438, "mean_episode_length": 147.1818181818182, "success_rate": 0.22727272727272727, "collision_rate": 0.6818181818181818, "out_of_bounds_rate": 0.0, "timeout_rate": 0.09090909090909091, "policy_loss": -0.0001048972682329008, "value_loss": 20.07092809677124, "entropy": 0.6212221682071686, "approx_kl": 0.004672168288379908, "clip_fraction": 0.11859375238418579, "grad_norm": 59.97886562347412, "explained_variance": 0.9302771091461182, "action_std_mean": 0.3301103711128235}
{"step": 2848000, "wall_time": 1790091281.6056666, "episodes_completed": 30, "mean_episode_reward": 27.18984562555949, "std_episode_reward": 63.19705335287864, "min_episode_reward": -50.10532760620117, "max_episode_reward": 163.74331665039062, "mean_episode_length": 159.9, "success_rate": 0.3, "collision_rate": 0.6333333333333333, "out_of_bounds_rate": 0.0, "timeout_rate": 0.06666666666666667, "policy_loss": 0.0018207064198795253, "value_loss": 28.485146522521973, "entropy": 0.6208786517381668, "approx_kl": 0.006164720864035189, "clip_fraction": 0.10921875201165676, "grad_norm": 106.56984424591064, "explained_variance": 0.9033349752426147, "action_std_mean": 0.3300679624080658}
{"step": 2856000, "wall_time": 1790091314.4134161, "episodes_completed": 28, "mean_episode_reward": 9.768231119428362, "std_episode_reward": 56.8057779455216, "min_episode_reward": -49.67195129394531, "max_episode_reward": 153.50685119628906, "mean_episode_length": 122.5, "success_rate": 0.25, "collision_rate": 0.7142857142857143, "out_of_bounds_rate": 0.0, "timeout_rate": 0.03571428571428571, "policy_loss": 0.0008062911443993959, "value_loss": 20.920255661010742, "entropy": 0.6205789893865585, "approx_kl": 0.0037826303159818053, "clip_fraction": 0.07271875254809856, "grad_norm": 79.38099956512451, "explained_variance": 0.9106816053390503, "action_std_mean": 0.329985111951828}
{"step": 2864000, "wall_time": 1790091346.91995, "episodes_completed": 34, "mean_episode_reward": 18.62879467010498, "std_episode_reward": 54.61203847769497, "min_episode_reward": -49.89598083496094, "max_episode_reward": 154.87680053710938, "mean_episode_length": 150.88235294117646, "success_rate": 0.14705882352941177, "collision_rate": 0.8529411764705882, "out_of_bounds_rate": 0.0, "timeout_rate": 0.0, "policy_loss": 0.0030894331352319115, "value_loss": 32.32119941711426, "entropy": 0.6198868304491043, "approx_kl": 0.007923267781734467, "clip_fraction": 0.1139375064522028, "grad_norm": 89.56257152557373, "explained_variance": 0.8791834712028503, "action_std_mean": 0.32986825704574585}
{"step": 2872000, "wall_time": 1790091379.3577995, "episodes_completed": 33, "mean_episode_reward": 18.791492693351977, "std_episode_reward": 61.91032217472297, "min_episode_reward": -49.94322204589844, "max_episode_reward": 198.38418579101562, "mean_episode_length": 121.0909090909091, "success_rate": 0.30303030303030304, "collision_rate": 0.6363636363636364, "out_of_bounds_rate": 0.0, "timeout_rate": 0.06060606060606061, "policy_loss": 0.0034905929574743366, "value_loss": 26.5627760887146, "entropy": 0.6191646456718445, "approx_kl": 0.007426781114190817, "clip_fraction": 0.10990625433623791, "grad_norm": 101.35520553588867, "explained_variance": 0.900039792060852, "action_std_mean": 0.32974380254745483}
{"step": 2880000, "wall_time": 1790091417.6035144, "episodes_completed": 34, "mean_episode_reward": 6.9326231058906105, "std_episode_reward": 62.272295222628415, "min_episode_reward": -50.05085372924805, "max_episode_reward": 204.40151977539062, "mean_episode_length": 138.88235294117646, "success_rate": 0.14705882352941177, "collision_rate": 0.8529411764705882, "out_of_bounds_rate": 0.0, "timeout_rate": 0.0, "policy_loss": 0.0008269559107976221, "value_loss": 20.76017951965332, "entropy": 0.6183988004922867, "approx_kl": 0.00429947191150859, "clip_fraction": 0.10428125597536564, "grad_norm": 54.769657135009766, "explained_variance": 0.9307030439376831, "action_std_mean": 0.32961809635162354}
{"step": 2888000, "wall_time": 1790091449.9348915, "episodes_completed": 31, "mean_episode_reward": 20.113734337591357, "std_episode_reward": 56.95258492863567, "min_episode_reward": -49.863868713378906, "max_episode_reward": 148.7557830810547, "mean_episode_length": 129.83870967741936, "success_rate": 0.2903225806451613, "collision_rate": 0.7096774193548387, "out_of_bounds_rate": 0.0, "timeout_rate": 0.0, "policy_loss": 0.0019972134458365876, "value_loss": 23.530665397644043, "entropy": 0.6175981014966965, "approx_kl": 0.004851753008551896, "clip_fraction": 0.1329375058412552, "grad_norm": 76.11740207672119, "explained_variance": 0.9177799820899963, "action_std_mean": 0.329498827457428}
{"step": 2896000, "wall_time": 1790091486.541926, "episodes_completed": 27, "mean_episode_reward": 22.12705617480808, "std_episode_reward": 64.94067027678854, "min_episode_reward": -50.00499725341797, "max_episode_reward": 178.43763732910156, "mean_episode_length": 121.85185185185185, "success_rate": 0.2962962962962963, "collision_rate": 0.6666666666666666, "out_of_bounds_rate": 0.0, "timeout_rate": 0.037037037037037035, "policy_loss": 0.004840791829861746, "value_loss": 24.484423637390137, "entropy": 0.6168596595525742, "approx_kl": 0.004789383732713759, "clip_fraction": 0.0937187522649765, "grad_norm": 75.13905620574951, "explained_variance": 0.9053613543510437, "action_std_mean": 0.32936766743659973}
{"step": 2904000, "wall_time": 1790091518.8327627, "episodes_completed": 31, "mean_episode_reward": 14.308721580813009, "std_episode_reward": 58.01498464932886, "min_episode_reward": -49.99563980102539, "max_episode_reward": 159.85894775390625, "mean_episode_length": 112.96774193548387, "success_rate": 0.1935483870967742, "collision_rate": 0.7741935483870968, "out_of_bounds_rate": 0.0, "timeout_rate": 0.03225806451612903, "policy_loss": 0.003620354884071253, "value_loss": 24.284652709960938, "entropy": 0.6160260885953903, "approx_kl": 0.00350859307218343, "clip_fraction": 0.08343750238418579, "grad_norm": 70.00045680999756, "explained_variance": 0.8955124616622925, "action_std_mean": 0.3292229175567627}
{"step": 2912000, "wall_time": 1790091556.1451154, "episodes_completed": 28, "mean_episode_reward": 21.726322064442293, "std_episode_reward": 60.301127210731764, "min_episode_reward": -49.79446029663086, "max_episode_reward": 193.67568969726562, "mean_episode_length": 155.0, "success_rate": 0.32142857142857145, "collision_rate": 0.5714285714285714, "out_of_bounds_rate": 0.0, "timeout_rate": 0.10714285714285714, "policy_loss": 0.007702374801738188, "value_loss": 19.8266921043396, "entropy": 0.615097165107727, "approx_kl": 0.010311006102710962, "clip_fraction": 0.1679687611758709, "grad_norm": 58.674278259277344, "explained_variance": 0.9066257476806641, "action_std_mean": 0.3290877938270569}
{"step": 2920000, "wall_time": 1790091590.191946, "episodes_completed": 34, "mean_episode_reward": 17.857521386707532, "std_episode_reward": 57.015357310981585, "min_episode_reward": -50.36046600341797, "max_episode_reward": 178.277587890625, "mean_episode_length": 123.97058823529412, "success_rate": 0.23529411764705882, "collision_rate": 0.7058823529411765, "out_of_bounds_rate": 0.0, "timeout_rate": 0.058823529411764705, "policy_loss": 0.004358420614153147, "value_loss": 24.870680809020996, "entropy": 0.6145233660936356, "approx_kl": 0.006660008104518056, "clip_fraction": 0.13237500563263893, "grad_norm": 74.95211219787598, "explained_variance": 0.9030828475952148, "action_std_mean": 0.3290804624557495}
{"step": 2928000, "wall_time": 1790091622.5411012, "episodes_completed": 30, "mean_episode_reward": 6.711938242117564, "std_episode_reward": 49.28652023869741, "min_episode_reward": -50.24455642700195, "max_episode_reward": 161.57333374023438, "mean_episode_length": 103.3, "success_rate": 0.23333333333333334, "collision_rate": 0.7, "out_of_bounds_rate": 0.0, "timeout_rate": 0.06666666666666667, "policy_loss": -0.0003624577713126076, "value_loss": 14.936944484710693, "entropy": 0.614564910531044, "approx_kl": 0.004679456236772239, "clip_fraction": 0.10368750616908073, "grad_norm": 60.77515697479248, "explained_variance": 0.9304256439208984, "action_std_mean": 0.32910096645355225}
{"step": 2936000, "wall_time": 1790091655.3132293, "episodes_completed": 26, "mean_episode_reward": 20.17110003874852, "std_episode_reward": 77.33939054970267, "min_episode_reward": -49.841148376464844, "max_episode_reward": 266.53948974609375, "mean_episode_length": 141.34615384615384, "success_rate": 0.2692307692307692, "collision_rate": 0.6538461538461539, "out_of_bounds_rate": 0.0, "timeout_rate": 0.07692307692307693, "policy_loss": 0.0031723911524750292, "value_loss": 33.533751487731934, "entropy": 0.6146423071622849, "approx_kl": 0.0077133208978921175, "clip_fraction": 0.15153126046061516, "grad_norm": 120.23230075836182, "explained_variance": 0.8763937950134277, "action_std_mean": 0.3290954828262329}
{"step": 2944000, "wall_time": 1790091687.2007906, "episodes_completed": 25, "mean_episode_reward": 46.643243608474734, "std_episode_reward": 70.96051887248615, "min_episode_reward": -25.05971336364746, "max_episode_reward": 196.22018432617188, "mean_episode_length": 144.08, "success_rate": 0.44, "collision_rate": 0.52, "out_of_bounds_rate": 0.0, "timeout_rate": 0.04, "policy_loss": 0.012154883272945893, "value_loss": 21.639118671417236, "entropy": 0.6144693344831467, "approx_kl": 0.013733223546296358, "clip_fraction": 0.21503126621246338, "grad_norm": 108.70024490356445, "explained_variance": 0.9128596186637878, "action_std_mean": 0.32905101776123047}
{"step": 2952000, "wall_time": 1790091723.4952793, "episodes_completed": 20, "mean_episode_reward": 23.56375379562378, "std_episode_reward": 58.832958537420915, "min_episode_reward": -30.841520309448242, "max_episode_reward": 144.02035522460938, "mean_episode_length": 133.0, "success_rate": 0.35, "collision_rate": 0.6, "out_of_bounds_rate": 0.0, "timeout_rate": 0.05, "policy_loss": 0.002259833440417469, "value_loss": 21.027088165283203, "entropy": 0.6142022162675858, "approx_kl": 0.008433901006355882, "clip_fraction": 0.16446875408291817, "grad_norm": 197.5396022796631, "explained_variance": 0.9221959710121155, "action_std_mean": 0.32900500297546387}
{"step": 2960000, "wall_time": 1790091756.3259957, "episodes_completed": 18, "mean_episode_reward": 13.328520668877495, "std_episode_reward": 40.009757727602796, "min_episode_reward": -32.7865104675293, "max_episode_reward": 103.39196014404297, "mean_episode_length": 164.88888888888889, "success_rate": 0.1111111111111111, "collision_rate": 0.8888888888888888, "out_of_bounds_rate": 0.0, "timeout_rate": 0.0, "policy_loss": 0.005561324547976199, "value_loss": 21.091905117034912, "entropy": 0.6138795912265778, "approx_kl": 0.0076796441571787, "clip_fraction": 0.1627187542617321, "grad_norm": 83.09931087493896, "explained_variance": 0.9114172458648682, "action_std_mean": 0.32892823219299316}
{"step": 2968000, "wall_time": 1790091788.4589498, "episodes_completed": 23, "mean_episode_reward": 44.53690053587375, "std_episode_reward": 77.24995967367558, "min_episode_reward": -49.98640823364258, "max_episode_reward": 238.9286346435547, "mean_episode_length": 155.43478260869566, "success_rate": 0.391304347826087, "collision_rate": 0.5217391304347826, "out_of_bounds_rate": 0.0, "timeout_rate": 0.08695652173913043, "policy_loss": 0.006790749086067249, "value_loss": 17.49731683731079, "entropy": 0.6132541447877884, "approx_kl": 0.012056650128215551, "clip_fraction": 0.22087500989437103, "grad_norm": 73.77963161468506, "explained_variance": 0.9414736032485962, "action_std_mean": 0.3287860155105591}
{"step": 2976000, "wall_time": 1790091820.7425947, "episodes_completed": 21, "mean_episode_reward": 29.49900832630339, "std_episode_reward": 63.32385573086429, "min_episode_reward": -28.26397132873535, "max_episode_reward": 209.33148193359375, "mean_episode_length": 119.04761904761905, "success_rate": 0.2857142857142857, "collision_rate": 0.6190476190476191, "out_of_bounds_rate": 0.0, "timeout_rate": 0.09523809523809523, "policy_loss": 0.011883650390431155, "value_loss": 25.072022914886475, "entropy": 0.612241581082344, "approx_kl": 0.015635148156434298, "clip_fraction": 0.2460625097155571, "grad_norm": 127.93780899047852, "explained_variance": 0.9056951999664307, "action_std_mean": 0.32859382033348083}
{"step": 2984000, "wall_time": 1790091852.8370233, "episodes_completed": 30, "mean_episode_reward": 5.037439850966136, "std_episode_reward": 49.993503713612654, "min_episode_reward": -49.93451690673828, "max_episode_reward": 140.8088836669922, "mean_episode_length": 125.43333333333334, "success_rate": 0.13333333333333333, "collision_rate": 0.8, "out_of_bounds_rate": 0.0, "timeout_rate": 0.06666666666666667, "policy_loss": 0.002287773333839116, "value_loss": 25.443517208099365, "entropy": 0.611037090420723, "approx_kl": 0.01180759584531188, "clip_fraction": 0.2410000115633011, "grad_norm": 65.87581205368042, "explained_variance": 0.881057620048523, "action_std_mean": 0.3284222483634949}
{"step": 2992000, "wall_time": 1790091888.0422864, "episodes_completed": 18, "mean_episode_reward": -0.1671859555774265, "std_episode_reward": 41.70095329041555, "min_episode_reward": -49.86640930175781, "max_episode_reward": 92.56576538085938, "mean_episode_length": 120.83333333333333, "success_rate": 0.16666666666666666, "collision_rate": 0.7222222222222222, "out_of_bounds_rate": 0.0, "timeout_rate": 0.1111111111111111, "policy_loss": 0.005679218541830733, "value_loss": 14.420724153518677, "entropy": 0.6101779490709305, "approx_kl": 0.012832588981837034, "clip_fraction": 0.2762500047683716, "grad_norm": 28.98704957962036, "explained_variance": 0.9182991981506348, "action_std_mean": 0.3283233940601349}
{"step": 3000000, "wall_time": 1790091920.4164944, "episodes_completed": 27, "mean_episode_reward": 13.794835545398572, "std_episode_reward": 51.13090697908773, "min_episode_reward": -50.04515075683594, "max_episode_reward": 141.90753173828125, "mean_episode_length": 121.37037037037037, "success_rate": 0.2222222222222222, "collision_rate": 0.7407407407407407, "out_of_bounds_rate": 0.0, "timeout_rate": 0.037037037037037035, "policy_loss": 0.009716367160901518, "value_loss": 27.006113529205322, "entropy": 0.609567254781723, "approx_kl": 0.01322360779158771, "clip_fraction": 0.21287501230835915, "grad_norm": 105.6778392791748, "explained_variance": 0.8817963600158691, "action_std_mean": 0.328210711479187}
{"step": 3008000, "wall_time": 1790091957.4547226, "episodes_completed": 24, "mean_episode_reward": -2.791042442123095, "std_episode_reward": 47.585403321852155, "min_episode_reward": -49.833621978759766, "max_episode_reward": 168.48062133789062, "mean_episode_length": 113.5, "success_rate": 0.041666666666666664, "collision_rate": 0.8333333333333334, "out_of_bounds_rate": 0.0, "timeout_rate": 0.125, "policy_loss": 0.02967999301105717, "value_loss": 20.187360763549805, "entropy": 0.6086399555206299, "approx_kl": 0.029109261464327574, "clip_fraction": 0.3632812723517418, "grad_norm": 103.04578304290771, "explained_variance": 0.908872663974762, "action_std_mean": 0.3279133439064026}
{"step": 3016000, "wall_time": 1790091988.5246408, "episodes_completed": 12, "mean_episode_reward": 17.106534639994305, "std_episode_reward": 48.94094275335121, "min_episode_reward": -49.549373626708984, "max_episode_reward": 88.42699432373047, "mean_episode_length": 144.75, "success_rate": 0.3333333333333333, "collision_rate": 0.6666666666666666, "out_of_bounds_rate": 0.0, "timeout_rate": 0.0, "policy_loss": 0.022881388392299362, "value_loss": 15.093753337860107, "entropy": 0.6065224260091782, "approx_kl": 0.04874389432370663, "clip_fraction": 0.4299687594175339, "grad_norm": 81.44957733154297, "explained_variance": 0.9171261787414551, "action_std_mean": 0.3275908827781677}
{"step": 3024000, "wall_time": 1790092020.2633626, "episodes_completed": 18, "mean_episode_reward": 27.902697838015026, "std_episode_reward": 70.27734869103308, "min_episode_reward": -50.18855285644531, "max_episode_reward": 223.6703338623047, "mean_episode_length": 145.33333333333334, "success_rate": 0.3888888888888889, "collision_rate": 0.5, "out_of_bounds_rate": 0.0, "timeout_rate": 0.1111111111111111, "policy_loss": 0.00447018646914521, "value_loss": 15.812886953353882, "entropy": 0.604931429028511, "approx_kl": 0.005802124040201306, "clip_fraction": 0.1276250071823597, "grad_norm": 82.6323471069336, "explained_variance": 0.9437652230262756, "action_std_mean": 0.32740792632102966}
{"step": 3032000, "wall_time": 1790092054.8491352, "episodes_completed": 38, "mean_episode_reward": 7.685268363670299, "std_episode_reward": 45.35057793281598, "min_episode_reward": -50.0208854675293, "max_episode_reward": 166.83609008789062, "mean_episode_length": 98.44736842105263, "success_rate": 0.18421052631578946, "collision_rate": 0.7631578947368421, "out_of_bounds_rate": 0.0, "timeout_rate": 0.05263157894736842, "policy_loss": 0.013762262383475887, "value_loss": 34.54323387145996, "entropy": 0.6040391325950623, "approx_kl": 0.015637759817764163, "clip_fraction": 0.18925001099705696, "grad_norm": 146.64262580871582, "explained_variance": 0.8873745799064636, "action_std_mean": 0.3273089528083801}
{"step": 3040000, "wall_time": 1790092090.9614797, "episodes_completed": 24, "mean_episode_reward": 7.428778936465581, "std_episode_reward": 51.9640558069987, "min_episode_reward": -34.150970458984375, "max_episode_reward": 223.51602172851562, "mean_episode_length": 132.66666666666666, "success_rate": 0.08333333333333333, "collision_rate": 0.8333333333333334, "out_of_bounds_rate": 0.0, "timeout_rate": 0.08333333333333333, "policy_loss": 0.017930831294506788, "value_loss": 26.054751873016357, "entropy": 0.603610023856163, "approx_kl": 0.023702211678028107, "clip_fraction": 0.3072187602519989, "grad_norm": 138.77286529541016, "explained_variance": 0.8914660215377808, "action_std_mean": 0.3272724151611328}
{"step": 3048000, "wall_time": 1790092123.4109387, "episodes_completed": 35, "mean_episode_reward": 4.860194342476981, "std_episode_reward": 44.84585572419744, "min_episode_reward": -50.02943801879883, "max_episode_reward": 122.80506134033203, "mean_episode_length": 130.28571428571428, "success_rate": 0.14285714285714285, "collision_rate": 0.8285714285714286, "out_of_bounds_rate": 0.0, "timeout_rate": 0.02857142857142857, "policy_loss": 0.011204765887931012, "value_loss": 27.81725263595581, "entropy": 0.6033928990364075, "approx_kl": 0.014699560822919011, "clip_fraction": 0.21184375882148743, "grad_norm": 140.6045207977295, "explained_variance": 0.9099389910697937, "action_std_mean": 0.3272104859352112}
{"step": 3056000, "wall_time": 1790092157.2166097, "episodes_completed": 30, "mean_episode_reward": 18.929977687199912, "std_episode_reward": 58.85418610619361, "min_episode_reward": -49.883811950683594, "max_episode_reward": 197.85250854492188, "mean_episode_length": 155.8, "success_rate": 0.23333333333333334, "collision_rate": 0.7333333333333333, "out_of_bounds_rate": 0.0, "timeout_rate": 0.03333333333333333, "policy_loss": 0.0034936606334521336, "value_loss": 22.942367553710938, "entropy": 0.6026906371116638, "approx_kl": 0.00577055336907506, "clip_fraction": 0.07865625433623791, "grad_norm": 54.603548526763916, "explained_variance": 0.9322601556777954, "action_std_mean": 0.3269929587841034}
{"step": 3064000, "wall_time": 1790092193.2077978, "episodes_completed": 41, "mean_episode_reward": 3.7520221675314556, "std_episode_reward": 45.5783522243504, "min_episode_reward": -50.08571243286133, "max_episode_reward": 137.86251831054688, "mean_episode_length": 104.14634146341463, "success_rate": 0.14634146341463414, "collision_rate": 0.8292682926829268, "out_of_bounds_rate": 0.0, "timeout_rate": 0.024390243902439025, "policy_loss": 0.013911678921431303, "value_loss": 33.18453550338745, "entropy": 0.6014358103275299, "approx_kl": 0.019449262646958232, "clip_fraction": 0.25721876323223114, "grad_norm": 384.96504974365234, "explained_variance": 0.8894946575164795, "action_std_mean": 0.32686638832092285}
{"step": 3072000, "wall_time": 1790092230.0425107, "episodes_completed": 51, "mean_episode_reward": 2.4804998659620097, "std_episode_reward": 52.00914355246814, "min_episode_reward": -50.13201141357422, "max_episode_reward": 221.3137664794922, "mean_episode_length": 79.43137254901961, "success_rate": 0.13725490196078433, "collision_rate": 0.8627450980392157, "out_of_bounds_rate": 0.0, "timeout_rate": 0.0, "policy_loss": 0.040935604810714676, "value_loss": 36.757158279418945, "entropy": 0.6009038984775543, "approx_kl": 0.059557476080954075, "clip_fraction": 0.43809376657009125, "grad_norm": 186.51241302490234, "explained_variance": 0.8862975835800171, "action_std_mean": 0.3267894387245178}
{"step": 3080000, "wall_time": 1790092263.3061113, "episodes_completed": 25, "mean_episode_reward": 6.686213036775589, "std_episode_reward": 48.035836365931345, "min_episode_reward": -50.07342529296875, "max_episode_reward": 102.26807403564453, "mean_episode_length": 158.08, "success_rate": 0.2, "collision_rate": 0.68, "out_of_bounds_rate": 0.0, "timeout_rate": 0.12, "policy_loss": 0.016894122352823615, "value_loss": 24.493170261383057, "entropy": 0.6003088653087616, "approx_kl": 0.022678332403302193, "clip_fraction": 0.30162501707673073, "grad_norm": 196.39973258972168, "explained_variance": 0.8431559801101685, "action_std_mean": 0.32665592432022095}
{"step": 3088000, "wall_time": 1790092295.962248, "episodes_completed": 40, "mean_episode_reward": -5.080814290046692, "std_episode_reward": 39.67778106256303, "min_episode_reward": -50.0048942565918, "max_episode_reward": 106.97513580322266, "mean_episode_length": 105.7, "success_rate": 0.125, "collision_rate": 0.875, "out_of_bounds_rate": 0.0, "timeout_rate": 0.0, "policy_loss": 0.010786532368510793, "value_loss": 28.217857837677002, "entropy": 0.599616602063179, "approx_kl": 0.014487595530226827, "clip_fraction": 0.26353126019239426, "grad_norm": 163.43223762512207, "explained_variance": 0.87053382396698, "action_std_mean": 0.32658156752586365}
{"step": 3096000, "wall_time": 1790092332.4865615, "episodes_completed": 49, "mean_episode_reward": 8.70005834345915, "std_episode_reward": 51.421771348424066, "min_episode_reward": -49.95559310913086, "max_episode_reward": 168.330078125, "mean_episode_length": 124.06122448979592, "success_rate": 0.14285714285714285, "collision_rate": 0.8163265306122449, "out_of_bounds_rate": 0.0, "timeout_rate": 0.04081632653061224, "policy_loss": 0.0034407926388084764, "value_loss": 34.206329345703125, "entropy": 0.5993907451629639, "approx_kl": 0.00820808531716466, "clip_fraction": 0.16831250861287117, "grad_norm": 95.19061279296875, "explained_variance": 0.88390052318573, "action_std_mean": 0.3265892267227173}
{"step": 3104000, "wall_time": 1790092367.603677, "episodes_completed": 34, "mean_episode_reward": 22.886539459228516, "std_episode_reward": 65.42046705142056, "min_episode_reward": -50.09390640258789, "max_episode_reward": 165.21734619140625, "mean_episode_length": 135.97058823529412, "success_rate": 0.23529411764705882, "collision_rate": 0.7647058823529411, "out_of_bounds_rate": 0.0, "timeout_rate": 0.0, "policy_loss": 0.0034341470566578436, "value_loss": 26.895195960998535, "entropy": 0.599443644285202, "approx_kl": 0.007002928643487394, "clip_fraction": 0.12546875700354576, "grad_norm": 73.75553226470947, "explained_variance": 0.9056395888328552, "action_std_mean": 0.32657694816589355}
{"step": 3112000, "wall_time": 1790092400.8435168, "episodes_completed": 40, "mean_episode_reward": 14.072235131263733, "std_episode_reward": 48.07468931806422, "min_episode_reward": -49.515968322753906, "max_episode_reward": 145.05316162109375, "mean_episode_length": 113.375, "success_rate": 0.2, "collision_rate": 0.8, "out_of_bounds_rate": 0.0, "timeout_rate": 0.0, "policy_loss": 0.003461963033769111, "value_loss": 30.61221694946289, "entropy": 0.5993441194295883, "approx_kl": 0.009206300601363182, "clip_fraction": 0.1495625115931034, "grad_norm": 139.73982429504395, "explained_variance": 0.9059707522392273, "action_std_mean": 0.32656699419021606}
{"step": 3120000, "wall_time": 1790092432.6027737, "episodes_completed": 40, "mean_episode_reward": 4.511371541023254, "std_episode_reward": 41.91581025525087, "min_episode_reward": -50.19197082519531, "max_episode_reward": 111.23246765136719, "mean_episode_length": 110.575, "success_rate": 0.1, "collision_rate": 0.9, "out_of_bounds_rate": 0.0, "timeout_rate": 0.0, "policy_loss": 0.00803711912780991, "value_loss": 38.09424686431885, "entropy": 0.5995027422904968, "approx_kl": 0.01480595488101244, "clip_fraction": 0.21431251242756844, "grad_norm": 171.81698989868164, "explained_variance": 0.8723772168159485, "action_std_mean": 0.3266843557357788}
{"step": 3128000, "wall_time": 1790092464.8568695, "episodes_completed": 25, "mean_episode_reward": 1.9616578674316407, "std_episode_reward": 42.71213008148899, "min_episode_reward": -50.280757904052734, "max_episode_reward": 132.0482635498047, "mean_episode_length": 121.6, "success_rate": 0.16, "collision_rate": 0.84, "out_of_bounds_rate": 0.0, "timeout_rate": 0.0, "policy_loss": 0.005032869754359126, "value_loss": 22.997734546661377, "entropy": 0.6003270149230957, "approx_kl": 0.0071154889883473516, "clip_fraction": 0.12743750400841236, "grad_norm": 124.18178081512451, "explained_variance": 0.891972005367279, "action_std_mean": 0.32678306102752686}
{"step": 3136000, "wall_time": 1790092495.1900432, "episodes_completed": 34, "mean_episode_reward": 20.524099257062463, "std_episode_reward": 66.830242378697, "min_episode_reward": -50.50126647949219, "max_episode_reward": 215.61558532714844, "mean_episode_length": 112.8529411764706, "success_rate": 0.2647058823529412, "collision_rate": 0.7058823529411765, "out_of_bounds_rate": 0.0, "timeout_rate": 0.029411764705882353, "policy_loss": 0.00807308617420499, "value_loss": 27.3182430267334, "entropy": 0.6007024496793747, "approx_kl": 0.009828425711020827, "clip_fraction": 0.15915625914931297, "grad_norm": 96.09165668487549, "explained_variance": 0.907041609287262, "action_std_mean": 0.3267958164215088}
{"step": 3144000, "wall_time": 1790092525.6586914, "episodes_completed": 45, "mean_episode_reward": 0.25838004218207467, "std_episode_reward": 39.03948272561783, "min_episode_reward": -50.18288040161133, "max_episode_reward": 89.90555572509766, "mean_episode_length": 83.4888888888889, "success_rate": 0.15555555555555556, "collision_rate": 0.8444444444444444, "out_of_bounds_rate": 0.0, "timeout_rate": 0.0, "policy_loss": 0.0059252020884306145, "value_loss": 38.347405433654785, "entropy": 0.6007019132375717, "approx_kl": 0.0096823510248214, "clip_fraction": 0.19340626150369644, "grad_norm": 204.25773239135742, "explained_variance": 0.8800362944602966, "action_std_mean": 0.3268048167228699}
{"step": 3152000, "wall_time": 1790092556.1398962, "episodes_completed": 23, "mean_episode_reward": 26.137299247409988, "std_episode_reward": 86.76265598186077, "min_episode_reward": -49.67303466796875, "max_episode_reward": 258.67315673828125, "mean_episode_length": 140.95652173913044, "success_rate": 0.21739130434782608, "collision_rate": 0.782608695652174, "out_of_bounds_rate": 0.0, "timeout_rate": 0.0, "policy_loss": 0.009037372723221804, "value_loss": 20.414878845214844, "entropy": 0.6007678359746933, "approx_kl": 0.01062048482708633, "clip_fraction": 0.22218750417232513, "grad_norm": 94.44143772125244, "explained_variance": 0.937384843826294, "action_std_mean": 0.3268052041530609}
{"step": 3160000, "wall_time": 1790092587.339915, "episodes_completed": 23, "mean_episode_reward": 3.0026332191799, "std_episode_reward": 46.37241785338925, "min_episode_reward": -49.99391174316406, "max_episode_reward": 106.75885009765625, "mean_episode_length": 121.17391304347827, "success_rate": 0.17391304347826086, "collision_rate": 0.8260869565217391, "out_of_bounds_rate": 0.0, "timeout_rate": 0.0, "policy_loss": 0.004017189283855305, "value_loss": 18.442753314971924, "entropy": 0.6008036583662033, "approx_kl": 0.006846369244158268, "clip_fraction": 0.16228125616908073, "grad_norm": 89.66140365600586, "explained_variance": 0.9125818610191345, "action_std_mean": 0.32683002948760986}
{"step": 3168000, "wall_time": 1790092618.3719304, "episodes_completed": 41, "mean_episode_reward": -8.514926049767471, "std_episode_reward": 41.24800425718606, "min_episode_reward": -50.40348815917969, "max_episode_reward": 109.19783020019531, "mean_episode_length": 96.85365853658537, "success_rate": 0.12195121951219512, "collision_rate": 0.8536585365853658, "out_of_bounds_rate": 0.0, "timeout_rate": 0.024390243902439025, "policy_loss": 0.00470532874506896, "value_loss": 20.516852855682373, "entropy": 0.6009760349988937, "approx_kl": 0.012998306192457676, "clip_fraction": 0.23253126442432404, "grad_norm": 101.02001476287842, "explained_variance": 0.91475909948349, "action_std_mean": 0.3268669843673706}
{"step": 3176000, "wall_time": 1790092649.4393039, "episodes_completed": 27, "mean_episode_reward": 23.36561475418232, "std_episode_reward": 74.33949334258907, "min_episode_reward": -49.74932861328125, "max_episode_reward": 241.833251953125, "mean_episode_length": 128.2962962962963, "success_rate": 0.25925925925925924, "collision_rate": 0.6666666666666666, "out_of_bounds_rate": 0.0, "timeout_rate": 0.07407407407407407, "policy_loss": 0.005061786971054971, "value_loss": 23.459392547607422, "entropy": 0.6011499911546707, "approx_kl": 0.007825266802683473, "clip_fraction": 0.17225001007318497, "grad_norm": 85.63435935974121, "explained_variance": 0.9300298690795898, "action_std_mean": 0.32685792446136475}
{"step": 3184000, "wall_time": 1790092680.813506, "episodes_completed": 27, "mean_episode_reward": 12.996837192111546, "std_episode_reward": 49.594601513510455, "min_episode_reward": -49.512603759765625, "max_episode_reward": 159.15773010253906, "mean_episode_length": 115.66666666666667, "success_rate": 0.25925925925925924, "collision_rate": 0.7407407407407407, "out_of_bounds_rate": 0.0, "timeout_rate": 0.0, "policy_loss": 0.005107283825054765, "value_loss": 23.759419918060303, "entropy": 0.6011088043451309, "approx_kl": 0.008917111903429031, "clip_fraction": 0.1795000098645687, "grad_norm": 54.991300106048584, "explained_variance": 0.8955291509628296, "action_std_mean": 0.326874315738678}
