{"step": 512, "wall_time": 1790605730.2942228, "episodes_completed": 19, "mean_episode_reward": -30.232124027452972, "std_episode_reward": 11.65370578732486, "min_episode_reward": -50.21563720703125, "max_episode_reward": -5.290433883666992, "mean_episode_length": 20.94736842105263, "success_rate": 0.0, "collision_rate": 1.0, "out_of_bounds_rate": 0.0, "timeout_rate": 0.0, "policy_loss": 0.10439939994830638, "value_loss": 124.24958038330078, "entropy": 0.8379546850919724, "approx_kl": 0.3847603568865452, "clip_fraction": 0.625, "grad_norm": 38.76481342315674, "explained_variance": 1.9669532775878906e-06, "action_std_mean": 0.36795592308044434}
{"step": 1024, "wall_time": 1790605735.2992659, "episodes_completed": 13, "mean_episode_reward": -25.234021993783806, "std_episode_reward": 8.596119025915447, "min_episode_reward": -50.01056671142578, "max_episode_reward": -14.444061279296875, "mean_episode_length": 28.153846153846153, "success_rate": 0.0, "collision_rate": 1.0, "out_of_bounds_rate": 0.0, "timeout_rate": 0.0, "policy_loss": 0.05271467659622431, "value_loss": 103.25239372253418, "entropy": 0.8385003209114075, "approx_kl": 0.046270004560938105, "clip_fraction": 0.4345703125, "grad_norm": 42.81606197357178, "explained_variance": -0.0010412931442260742, "action_std_mean": 0.368030846118927}
{"step": 1536, "wall_time": 1790605740.0507374, "episodes_completed": 6, "mean_episode_reward": -25.74898687998454, "std_episode_reward": 6.288545237073166, "min_episode_reward": -34.79850769042969, "max_episode_reward": -15.024765014648438, "mean_episode_length": 53.5, "success_rate": 0.0, "collision_rate": 1.0, "out_of_bounds_rate": 0.0, "timeout_rate": 0.0, "policy_loss": 0.007448855438269675, "value_loss": 59.82489013671875, "entropy": 0.8388224691152573, "approx_kl": 0.04952157530351542, "clip_fraction": 0.34765625, "grad_norm": 29.305270791053772, "explained_variance": 0.00869762897491455, "action_std_mean": 0.3681097626686096}
{"step": 2048, "wall_time": 1790605744.7572386, "episodes_completed": 11, "mean_episode_reward": -24.665213498202238, "std_episode_reward": 4.402622968629211, "min_episode_reward": -35.50678253173828, "max_episode_reward": -17.63998794555664, "mean_episode_length": 33.63636363636363, "success_rate": 0.0, "collision_rate": 1.0, "out_of_bounds_rate": 0.0, "timeout_rate": 0.0, "policy_loss": 0.18046072241850197, "value_loss": 83.20036888122559, "entropy": 0.8393959552049637, "approx_kl": 0.46500311346608214, "clip_fraction": 0.65673828125, "grad_norm": 44.23723351955414, "explained_variance": 0.0030857324600219727, "action_std_mean": 0.36827778816223145}
{"step": 2560, "wall_time": 1790605749.3233118, "episodes_completed": 5, "mean_episode_reward": -27.23327579498291, "std_episode_reward": 8.988666279590966, "min_episode_reward": -40.17027282714844, "max_episode_reward": -14.294819831848145, "mean_episode_length": 56.0, "success_rate": 0.0, "collision_rate": 1.0, "out_of_bounds_rate": 0.0, "timeout_rate": 0.0, "policy_loss": 0.09046445728745311, "value_loss": 46.74410629272461, "entropy": 0.8404918611049652, "approx_kl": 0.17353055661078542, "clip_fraction": 0.63037109375, "grad_norm": 32.54879450798035, "explained_variance": 0.0052689313888549805, "action_std_mean": 0.36850905418395996}
{"step": 3072, "wall_time": 1790605753.925593, "episodes_completed": 12, "mean_episode_reward": -24.516912301381428, "std_episode_reward": 2.51106705724397, "min_episode_reward": -32.0866584777832, "max_episode_reward": -21.972827911376953, "mean_episode_length": 17.583333333333332, "success_rate": 0.0, "collision_rate": 1.0, "out_of_bounds_rate": 0.0, "timeout_rate": 0.0, "policy_loss": 0.03102733043488115, "value_loss": 77.49277114868164, "entropy": 0.8417554795742035, "approx_kl": 0.023244195559527725, "clip_fraction": 0.3359375, "grad_norm": 65.39955139160156, "explained_variance": 0.0062348246574401855, "action_std_mean": 0.368718683719635}
{"step": 3584, "wall_time": 1790605758.7674735, "episodes_completed": 3, "mean_episode_reward": -34.581577936808266, "std_episode_reward": 6.862192205796269, "min_episode_reward": -39.93854904174805, "max_episode_reward": -24.89512062072754, "mean_episode_length": 57.333333333333336, "success_rate": 0.0, "collision_rate": 1.0, "out_of_bounds_rate": 0.0, "timeout_rate": 0.0, "policy_loss": 0.00968208082485944, "value_loss": 28.11885166168213, "entropy": 0.8427592068910599, "approx_kl": 0.026237315614707768, "clip_fraction": 0.38232421875, "grad_norm": 37.16249966621399, "explained_variance": -0.0038164854049682617, "action_std_mean": 0.36888349056243896}
{"step": 4096, "wall_time": 1790605764.0953612, "episodes_completed": 9, "mean_episode_reward": -29.549708472357857, "std_episode_reward": 8.35802030591073, "min_episode_reward": -50.46102523803711, "max_episode_reward": -18.94045639038086, "mean_episode_length": 33.22222222222222, "success_rate": 0.0, "collision_rate": 1.0, "out_of_bounds_rate": 0.0, "timeout_rate": 0.0, "policy_loss": 0.14838063111528754, "value_loss": 68.77640914916992, "entropy": 0.843677431344986, "approx_kl": 0.3244625051447656, "clip_fraction": 0.6513671875, "grad_norm": 56.66325521469116, "explained_variance": -0.0007085800170898438, "action_std_mean": 0.3690706491470337}
{"step": 4608, "wall_time": 1790605769.0643747, "episodes_completed": 16, "mean_episode_reward": -34.38271164894104, "std_episode_reward": 11.33734903864764, "min_episode_reward": -55.926761627197266, "max_episode_reward": -22.655677795410156, "mean_episode_length": 23.3125, "success_rate": 0.0, "collision_rate": 1.0, "out_of_bounds_rate": 0.0, "timeout_rate": 0.0, "policy_loss": 0.037447723327204585, "value_loss": 111.80816268920898, "entropy": 0.8447490632534027, "approx_kl": 0.0863059145049192, "clip_fraction": 0.50390625, "grad_norm": 85.09073042869568, "explained_variance": -0.0009111166000366211, "action_std_mean": 0.3692627549171448}
{"step": 5120, "wall_time": 1790605774.5756574, "episodes_completed": 14, "mean_episode_reward": -31.144060952322825, "std_episode_reward": 8.58673576471738, "min_episode_reward": -50.42176818847656, "max_episode_reward": -22.23843002319336, "mean_episode_length": 28.714285714285715, "success_rate": 0.0, "collision_rate": 1.0, "out_of_bounds_rate": 0.0, "timeout_rate": 0.0, "policy_loss": 0.07898842304712161, "value_loss": 89.56925392150879, "entropy": 0.8457160890102386, "approx_kl": 0.1114058727689553, "clip_fraction": 0.556640625, "grad_norm": 98.32966423034668, "explained_variance": -0.001637578010559082, "action_std_mean": 0.36941906809806824}
{"step": 5632, "wall_time": 1790605780.7325227, "episodes_completed": 13, "mean_episode_reward": -26.86504026559683, "std_episode_reward": 11.008484107908583, "min_episode_reward": -63.15895080566406, "max_episode_reward": -18.873050689697266, "mean_episode_length": 20.692307692307693, "success_rate": 0.0, "collision_rate": 1.0, "out_of_bounds_rate": 0.0, "timeout_rate": 0.0, "policy_loss": 0.00778254255419597, "value_loss": 92.03890037536621, "entropy": 0.8464912176132202, "approx_kl": 0.003054595901630819, "clip_fraction": 0.220703125, "grad_norm": 86.49862742424011, "explained_variance": 0.0010107159614562988, "action_std_mean": 0.3695487082004547}
{"step": 6144, "wall_time": 1790605785.3205879, "episodes_completed": 12, "mean_episode_reward": -27.80293385187785, "std_episode_reward": 5.696892652698155, "min_episode_reward": -41.58458709716797, "max_episode_reward": -20.797286987304688, "mean_episode_length": 37.916666666666664, "success_rate": 0.0, "collision_rate": 1.0, "out_of_bounds_rate": 0.0, "timeout_rate": 0.0, "policy_loss": 0.07662015029927716, "value_loss": 86.74457359313965, "entropy": 0.847195640206337, "approx_kl": 0.16406462699524127, "clip_fraction": 0.61083984375, "grad_norm": 78.25445795059204, "explained_variance": 0.0001793503761291504, "action_std_mean": 0.36969685554504395}
{"step": 6656, "wall_time": 1790605789.9923427, "episodes_completed": 12, "mean_episode_reward": -28.8921701113383, "std_episode_reward": 8.1885908010772, "min_episode_reward": -50.07109832763672, "max_episode_reward": -22.961288452148438, "mean_episode_length": 23.666666666666668, "success_rate": 0.0, "collision_rate": 1.0, "out_of_bounds_rate": 0.0, "timeout_rate": 0.0, "policy_loss": 0.02234376093838364, "value_loss": 70.32353401184082, "entropy": 0.8480857908725739, "approx_kl": 0.029240231873700395, "clip_fraction": 0.376953125, "grad_norm": 77.6928882598877, "explained_variance": -0.001378774642944336, "action_std_mean": 0.36985713243484497}
{"step": 7168, "wall_time": 1790605794.7694747, "episodes_completed": 13, "mean_episode_reward": -27.9628419142503, "std_episode_reward": 8.55834102012065, "min_episode_reward": -50.46504592895508, "max_episode_reward": -13.390470504760742, "mean_episode_length": 20.76923076923077, "success_rate": 0.0, "collision_rate": 1.0, "out_of_bounds_rate": 0.0, "timeout_rate": 0.0, "policy_loss": 0.0010746726766228676, "value_loss": 82.41277313232422, "entropy": 0.8488350361585617, "approx_kl": 0.0003343959688208997, "clip_fraction": 0.00146484375, "grad_norm": 64.26833736896515, "explained_variance": -0.00032579898834228516, "action_std_mean": 0.3699636161327362}
{"step": 7680, "wall_time": 1790605799.4342113, "episodes_completed": 12, "mean_episode_reward": -25.489145914713543, "std_episode_reward": 8.362935437235322, "min_episode_reward": -50.25005340576172, "max_episode_reward": -12.60312271118164, "mean_episode_length": 24.333333333333332, "success_rate": 0.0, "collision_rate": 1.0, "out_of_bounds_rate": 0.0, "timeout_rate": 0.0, "policy_loss": 0.0050195143558084965, "value_loss": 73.72690010070801, "entropy": 0.8493394702672958, "approx_kl": 0.004225515964208171, "clip_fraction": 0.2294921875, "grad_norm": 86.5942325592041, "explained_variance": 4.6253204345703125e-05, "action_std_mean": 0.3700416088104248}
{"step": 8192, "wall_time": 1790605805.3177097, "episodes_completed": 12, "mean_episode_reward": -25.195368607838947, "std_episode_reward": 4.0304903101424285, "min_episode_reward": -31.72521209716797, "max_episode_reward": -18.5211238861084, "mean_episode_length": 25.75, "success_rate": 0.0, "collision_rate": 1.0, "out_of_bounds_rate": 0.0, "timeout_rate": 0.0, "policy_loss": 0.004293117090128362, "value_loss": 66.59932136535645, "entropy": 0.8497295379638672, "approx_kl": 0.009765944123500958, "clip_fraction": 0.13037109375, "grad_norm": 67.11803698539734, "explained_variance": -0.00017261505126953125, "action_std_mean": 0.3701126277446747}
{"step": 8704, "wall_time": 1790605810.3781998, "episodes_completed": 20, "mean_episode_reward": -24.66147737503052, "std_episode_reward": 8.795838146678454, "min_episode_reward": -50.10611343383789, "max_episode_reward": 1.5594940185546875, "mean_episode_length": 13.75, "success_rate": 0.0, "collision_rate": 1.0, "out_of_bounds_rate": 0.0, "timeout_rate": 0.0, "policy_loss": 0.22026828618254513, "value_loss": 79.93448448181152, "entropy": 0.850112110376358, "approx_kl": 0.5159470433427487, "clip_fraction": 0.67529296875, "grad_norm": 70.24529457092285, "explained_variance": -0.0006000995635986328, "action_std_mean": 0.3701721429824829}
{"step": 9216, "wall_time": 1790605815.3991022, "episodes_completed": 12, "mean_episode_reward": -28.664392709732056, "std_episode_reward": 18.407797135059266, "min_episode_reward": -49.724449157714844, "max_episode_reward": 9.915641784667969, "mean_episode_length": 29.0, "success_rate": 0.0, "collision_rate": 1.0, "out_of_bounds_rate": 0.0, "timeout_rate": 0.0, "policy_loss": 0.015259144478477538, "value_loss": 89.40020751953125, "entropy": 0.8503821641206741, "approx_kl": 0.026410228456370533, "clip_fraction": 0.37939453125, "grad_norm": 64.45246648788452, "explained_variance": -0.00014519691467285156, "action_std_mean": 0.37021109461784363}
{"step": 9728, "wall_time": 1790605820.3710012, "episodes_completed": 12, "mean_episode_reward": -31.44711748758952, "std_episode_reward": 18.048507061158823, "min_episode_reward": -69.7325668334961, "max_episode_reward": 6.272483825683594, "mean_episode_length": 27.416666666666668, "success_rate": 0.0, "collision_rate": 1.0, "out_of_bounds_rate": 0.0, "timeout_rate": 0.0, "policy_loss": 0.02664151752833277, "value_loss": 97.7951602935791, "entropy": 0.8505669683218002, "approx_kl": 0.008122030878439546, "clip_fraction": 0.3154296875, "grad_norm": 101.50810623168945, "explained_variance": -0.00045883655548095703, "action_std_mean": 0.37023454904556274}
{"step": 10240, "wall_time": 1790605825.4471393, "episodes_completed": 12, "mean_episode_reward": -15.835214694341024, "std_episode_reward": 15.040906679185738, "min_episode_reward": -49.61563491821289, "max_episode_reward": 7.87274169921875, "mean_episode_length": 33.666666666666664, "success_rate": 0.0, "collision_rate": 1.0, "out_of_bounds_rate": 0.0, "timeout_rate": 0.0, "policy_loss": -0.0028292416827753186, "value_loss": 61.85593891143799, "entropy": 0.8506358861923218, "approx_kl": 0.0031854884582571685, "clip_fraction": 0.07373046875, "grad_norm": 22.609309196472168, "explained_variance": -1.1324882507324219e-05, "action_std_mean": 0.3702225089073181}
{"step": 10752, "wall_time": 1790605830.548862, "episodes_completed": 11, "mean_episode_reward": -20.828110521489922, "std_episode_reward": 14.222319805262444, "min_episode_reward": -49.844451904296875, "max_episode_reward": 7.179618835449219, "mean_episode_length": 30.818181818181817, "success_rate": 0.0, "collision_rate": 1.0, "out_of_bounds_rate": 0.0, "timeout_rate": 0.0, "policy_loss": -0.007887671468779445, "value_loss": 60.71133899688721, "entropy": 0.8504965752363205, "approx_kl": 0.004543218528851867, "clip_fraction": 0.11181640625, "grad_norm": 18.354799270629883, "explained_variance": -0.00016057491302490234, "action_std_mean": 0.37018054723739624}
{"step": 11264, "wall_time": 1790605835.5045497, "episodes_completed": 10, "mean_episode_reward": -32.62365036010742, "std_episode_reward": 13.138374354878618, "min_episode_reward": -50.4375114440918, "max_episode_reward": -5.049163818359375, "mean_episode_length": 30.5, "success_rate": 0.0, "collision_rate": 1.0, "out_of_bounds_rate": 0.0, "timeout_rate": 0.0, "policy_loss": -0.0020501386024989188, "value_loss": 84.39730644226074, "entropy": 0.8502666503190994, "approx_kl": 0.009315703238826245, "clip_fraction": 0.15283203125, "grad_norm": 44.490628242492676, "explained_variance": -0.0002460479736328125, "action_std_mean": 0.3701459765434265}
{"step": 11776, "wall_time": 1790605840.6032937, "episodes_completed": 17, "mean_episode_reward": -25.543108771829043, "std_episode_reward": 16.37102045586902, "min_episode_reward": -49.63388442993164, "max_episode_reward": 13.045415878295898, "mean_episode_length": 27.941176470588236, "success_rate": 0.0, "collision_rate": 1.0, "out_of_bounds_rate": 0.0, "timeout_rate": 0.0, "policy_loss": 0.004625906818546355, "value_loss": 98.43765830993652, "entropy": 0.8501474857330322, "approx_kl": 0.009013066097395495, "clip_fraction": 0.20703125, "grad_norm": 84.15348052978516, "explained_variance": -0.00039827823638916016, "action_std_mean": 0.3701450824737549}
{"step": 12288, "wall_time": 1790605845.6616337, "episodes_completed": 11, "mean_episode_reward": -23.55485404621471, "std_episode_reward": 14.9712606539669, "min_episode_reward": -49.914772033691406, "max_episode_reward": 6.850980758666992, "mean_episode_length": 22.727272727272727, "success_rate": 0.0, "collision_rate": 1.0, "out_of_bounds_rate": 0.0, "timeout_rate": 0.0, "policy_loss": -0.0008671923715155572, "value_loss": 58.15672779083252, "entropy": 0.8501702696084976, "approx_kl": -0.0011487745796330273, "clip_fraction": 0.01416015625, "grad_norm": 45.86278533935547, "explained_variance": -0.0005456209182739258, "action_std_mean": 0.3701472878456116}
{"step": 12800, "wall_time": 1790605850.8008645, "episodes_completed": 10, "mean_episode_reward": -30.108921813964844, "std_episode_reward": 19.75633385718431, "min_episode_reward": -50.12749481201172, "max_episode_reward": 22.778079986572266, "mean_episode_length": 40.9, "success_rate": 0.0, "collision_rate": 1.0, "out_of_bounds_rate": 0.0, "timeout_rate": 0.0, "policy_loss": -0.0008658135775476694, "value_loss": 89.14327239990234, "entropy": 0.8501439839601517, "approx_kl": 0.0015897933481028304, "clip_fraction": 0.02001953125, "grad_norm": 65.58270120620728, "explained_variance": 5.155801773071289e-05, "action_std_mean": 0.3701278567314148}
{"step": 13312, "wall_time": 1790605855.8519657, "episodes_completed": 10, "mean_episode_reward": -31.857674980163573, "std_episode_reward": 22.364857542732608, "min_episode_reward": -64.3945083618164, "max_episode_reward": 10.03388786315918, "mean_episode_length": 34.1, "success_rate": 0.0, "collision_rate": 1.0, "out_of_bounds_rate": 0.0, "timeout_rate": 0.0, "policy_loss": 0.00037511426489800215, "value_loss": 65.61713409423828, "entropy": 0.8499991744756699, "approx_kl": 0.003067280165851116, "clip_fraction": 0.07763671875, "grad_norm": 63.91153812408447, "explained_variance": -9.655952453613281e-05, "action_std_mean": 0.37010133266448975}
{"step": 13824, "wall_time": 1790605860.915533, "episodes_completed": 12, "mean_episode_reward": -21.939298550287884, "std_episode_reward": 16.246295893106364, "min_episode_reward": -49.54655456542969, "max_episode_reward": 9.872234344482422, "mean_episode_length": 28.25, "success_rate": 0.0, "collision_rate": 1.0, "out_of_bounds_rate": 0.0, "timeout_rate": 0.0, "policy_loss": -0.0029605713207274675, "value_loss": 71.25947570800781, "entropy": 0.8499123454093933, "approx_kl": 0.0067843105643987656, "clip_fraction": 0.0576171875, "grad_norm": 30.068932056427002, "explained_variance": -1.2874603271484375e-05, "action_std_mean": 0.3701089918613434}
{"step": 14336, "wall_time": 1790605865.907755, "episodes_completed": 7, "mean_episode_reward": -33.201698303222656, "std_episode_reward": 16.950010750554128, "min_episode_reward": -55.44822311401367, "max_episode_reward": 0.19581985473632812, "mean_episode_length": 29.571428571428573, "success_rate": 0.0, "collision_rate": 1.0, "out_of_bounds_rate": 0.0, "timeout_rate": 0.0, "policy_loss": -0.0006174555164761841, "value_loss": 57.31180000305176, "entropy": 0.8500368148088455, "approx_kl": 0.0024641215131850913, "clip_fraction": 0.0751953125, "grad_norm": 43.290863037109375, "explained_variance": -3.445148468017578e-05, "action_std_mean": 0.37015044689178467}
{"step": 14848, "wall_time": 1790605871.081704, "episodes_completed": 9, "mean_episode_reward": -26.08367051018609, "std_episode_reward": 19.176822854913336, "min_episode_reward": -48.77882385253906, "max_episode_reward": 18.29326629638672, "mean_episode_length": 34.111111111111114, "success_rate": 0.0, "collision_rate": 1.0, "out_of_bounds_rate": 0.0, "timeout_rate": 0.0, "policy_loss": -0.0024357239017263055, "value_loss": 59.10748481750488, "entropy": 0.850292906165123, "approx_kl": 0.0042672944837249815, "clip_fraction": 0.09375, "grad_norm": 30.80364990234375, "explained_variance": 1.8537044525146484e-05, "action_std_mean": 0.37020665407180786}
{"step": 15360, "wall_time": 1790605876.1926725, "episodes_completed": 10, "mean_episode_reward": -18.286844158172606, "std_episode_reward": 16.318377219625685, "min_episode_reward": -36.864749908447266, "max_episode_reward": 21.676738739013672, "mean_episode_length": 36.5, "success_rate": 0.0, "collision_rate": 1.0, "out_of_bounds_rate": 0.0, "timeout_rate": 0.0, "policy_loss": 0.011705205484759063, "value_loss": 63.870391845703125, "entropy": 0.850576713681221, "approx_kl": 0.016245574835920706, "clip_fraction": 0.30224609375, "grad_norm": 22.46531844139099, "explained_variance": -2.7418136596679688e-05, "action_std_mean": 0.37026113271713257}
{"step": 15872, "wall_time": 1790605881.2835014, "episodes_completed": 17, "mean_episode_reward": -24.27472776525161, "std_episode_reward": 12.935832516201502, "min_episode_reward": -49.612857818603516, "max_episode_reward": 10.908720016479492, "mean_episode_length": 24.764705882352942, "success_rate": 0.0, "collision_rate": 1.0, "out_of_bounds_rate": 0.0, "timeout_rate": 0.0, "policy_loss": 0.022698927437886596, "value_loss": 71.26727485656738, "entropy": 0.8509401381015778, "approx_kl": 0.03328112160670571, "clip_fraction": 0.41748046875, "grad_norm": 69.22868347167969, "explained_variance": -4.5299530029296875e-06, "action_std_mean": 0.3703436553478241}
{"step": 16384, "wall_time": 1790605886.340186, "episodes_completed": 13, "mean_episode_reward": -27.395902707026554, "std_episode_reward": 12.082087650758961, "min_episode_reward": -49.69136428833008, "max_episode_reward": -8.140125274658203, "mean_episode_length": 25.307692307692307, "success_rate": 0.0, "collision_rate": 1.0, "out_of_bounds_rate": 0.0, "timeout_rate": 0.0, "policy_loss": 0.0013416021829470992, "value_loss": 59.97227478027344, "entropy": 0.8513820916414261, "approx_kl": 0.0020475694618653506, "clip_fraction": 0.18359375, "grad_norm": 80.12300109863281, "explained_variance": 9.208917617797852e-05, "action_std_mean": 0.37041231989860535}
{"step": 16896, "wall_time": 1790605891.2893047, "episodes_completed": 11, "mean_episode_reward": -33.23463994806463, "std_episode_reward": 8.944923219604792, "min_episode_reward": -49.61016845703125, "max_episode_reward": -24.605627059936523, "mean_episode_length": 22.181818181818183, "success_rate": 0.0, "collision_rate": 1.0, "out_of_bounds_rate": 0.0, "timeout_rate": 0.0, "policy_loss": 0.0011759146582335234, "value_loss": 57.277194023132324, "entropy": 0.8516860455274582, "approx_kl": 0.0029024803661741316, "clip_fraction": 0.0810546875, "grad_norm": 67.53696513175964, "explained_variance": -9.78708267211914e-05, "action_std_mean": 0.37045395374298096}
{"step": 17408, "wall_time": 1790605896.4839778, "episodes_completed": 17, "mean_episode_reward": -27.17034968207864, "std_episode_reward": 11.542968272823336, "min_episode_reward": -45.629852294921875, "max_episode_reward": 4.46922492980957, "mean_episode_length": 23.529411764705884, "success_rate": 0.0, "collision_rate": 1.0, "out_of_bounds_rate": 0.0, "timeout_rate": 0.0, "policy_loss": 0.03223849623464048, "value_loss": 81.81320190429688, "entropy": 0.8519080728292465, "approx_kl": 0.061855931795435026, "clip_fraction": 0.4716796875, "grad_norm": 73.34549903869629, "explained_variance": 3.516674041748047e-06, "action_std_mean": 0.3704981207847595}
{"step": 17920, "wall_time": 1790605901.5627139, "episodes_completed": 17, "mean_episode_reward": -27.8258695602417, "std_episode_reward": 14.099345031424365, "min_episode_reward": -50.455482482910156, "max_episode_reward": 6.277971267700195, "mean_episode_length": 17.88235294117647, "success_rate": 0.0, "collision_rate": 1.0, "out_of_bounds_rate": 0.0, "timeout_rate": 0.0, "policy_loss": -0.0021249043056741357, "value_loss": 64.90026473999023, "entropy": 0.8521308153867722, "approx_kl": 0.0065943278023041785, "clip_fraction": 0.0869140625, "grad_norm": 42.785614013671875, "explained_variance": -0.00017142295837402344, "action_std_mean": 0.3705298900604248}
{"step": 18432, "wall_time": 1790605906.601474, "episodes_completed": 9, "mean_episode_reward": -31.0568208694458, "std_episode_reward": 11.250150016430057, "min_episode_reward": -50.56647872924805, "max_episode_reward": -15.008513450622559, "mean_episode_length": 29.22222222222222, "success_rate": 0.0, "collision_rate": 1.0, "out_of_bounds_rate": 0.0, "timeout_rate": 0.0, "policy_loss": -0.0026467947755008936, "value_loss": 54.77695178985596, "entropy": 0.8522960394620895, "approx_kl": 0.002349365546251647, "clip_fraction": 0.11181640625, "grad_norm": 76.02970123291016, "explained_variance": 5.84721565246582e-05, "action_std_mean": 0.3705616891384125}
{"step": 18944, "wall_time": 1790605911.5687013, "episodes_completed": 10, "mean_episode_reward": -25.66144323348999, "std_episode_reward": 8.973633699133533, "min_episode_reward": -39.811832427978516, "max_episode_reward": -12.218268394470215, "mean_episode_length": 26.3, "success_rate": 0.0, "collision_rate": 1.0, "out_of_bounds_rate": 0.0, "timeout_rate": 0.0, "policy_loss": -0.0027319181244820356, "value_loss": 62.757564544677734, "entropy": 0.852528989315033, "approx_kl": 0.0005529221380129457, "clip_fraction": 0.02587890625, "grad_norm": 25.386603355407715, "explained_variance": 1.3768672943115234e-05, "action_std_mean": 0.37063536047935486}
{"step": 19456, "wall_time": 1790605916.6628141, "episodes_completed": 7, "mean_episode_reward": -23.763562747410365, "std_episode_reward": 15.42816980095576, "min_episode_reward": -49.562870025634766, "max_episode_reward": -4.568408966064453, "mean_episode_length": 28.857142857142858, "success_rate": 0.0, "collision_rate": 1.0, "out_of_bounds_rate": 0.0, "timeout_rate": 0.0, "policy_loss": 0.0001938710338436067, "value_loss": 53.09604263305664, "entropy": 0.8526369333267212, "approx_kl": 0.010566473007202148, "clip_fraction": 0.19580078125, "grad_norm": 9.339393377304077, "explained_variance": -5.6624412536621094e-05, "action_std_mean": 0.37051093578338623}
{"step": 19968, "wall_time": 1790605921.835188, "episodes_completed": 13, "mean_episode_reward": -28.212721604567307, "std_episode_reward": 17.85748044928753, "min_episode_reward": -52.88732147216797, "max_episode_reward": 10.514036178588867, "mean_episode_length": 26.53846153846154, "success_rate": 0.0, "collision_rate": 1.0, "out_of_bounds_rate": 0.0, "timeout_rate": 0.0, "policy_loss": 0.0024444182054139674, "value_loss": 71.37246704101562, "entropy": 0.8516948372125626, "approx_kl": 0.00642871018499136, "clip_fraction": 0.12109375, "grad_norm": 15.668026208877563, "explained_variance": -1.8477439880371094e-05, "action_std_mean": 0.37029120326042175}
{"step": 20480, "wall_time": 1790605927.0143669, "episodes_completed": 18, "mean_episode_reward": -32.941427866617836, "std_episode_reward": 11.81812461945372, "min_episode_reward": -55.12623596191406, "max_episode_reward": -19.13446807861328, "mean_episode_length": 22.77777777777778, "success_rate": 0.0, "collision_rate": 1.0, "out_of_bounds_rate": 0.0, "timeout_rate": 0.0, "policy_loss": 0.025904426351189613, "value_loss": 76.61697006225586, "entropy": 0.8505357503890991, "approx_kl": 0.03588899955502711, "clip_fraction": 0.44287109375, "grad_norm": 112.73630905151367, "explained_variance": -8.0108642578125e-05, "action_std_mean": 0.3701061010360718}
{"step": 20992, "wall_time": 1790605932.057848, "episodes_completed": 7, "mean_episode_reward": -39.79333223615374, "std_episode_reward": 15.969082185162662, "min_episode_reward": -77.27266693115234, "max_episode_reward": -25.04277992248535, "mean_episode_length": 33.285714285714285, "success_rate": 0.0, "collision_rate": 1.0, "out_of_bounds_rate": 0.0, "timeout_rate": 0.0, "policy_loss": 0.011930106673389673, "value_loss": 71.28781509399414, "entropy": 0.849824920296669, "approx_kl": 0.018634333973750472, "clip_fraction": 0.26513671875, "grad_norm": 8.570516586303711, "explained_variance": 7.671117782592773e-05, "action_std_mean": 0.37007811665534973}
{"step": 21504, "wall_time": 1790605937.2400014, "episodes_completed": 7, "mean_episode_reward": -17.20251532963344, "std_episode_reward": 12.666517221538477, "min_episode_reward": -38.08112335205078, "max_episode_reward": 3.8720779418945312, "mean_episode_length": 31.714285714285715, "success_rate": 0.0, "collision_rate": 1.0, "out_of_bounds_rate": 0.0, "timeout_rate": 0.0, "policy_loss": 0.028605862869881094, "value_loss": 50.79288196563721, "entropy": 0.8498337268829346, "approx_kl": 0.027723198756575584, "clip_fraction": 0.404296875, "grad_norm": 34.003366470336914, "explained_variance": 1.0311603546142578e-05, "action_std_mean": 0.3701058626174927}
{"step": 22016, "wall_time": 1790605942.3350728, "episodes_completed": 4, "mean_episode_reward": -24.05406951904297, "std_episode_reward": 20.894719206031358, "min_episode_reward": -46.204139709472656, "max_episode_reward": -0.3188896179199219, "mean_episode_length": 53.5, "success_rate": 0.0, "collision_rate": 1.0, "out_of_bounds_rate": 0.0, "timeout_rate": 0.0, "policy_loss": 0.01921022596070543, "value_loss": 50.68630123138428, "entropy": 0.8500440120697021, "approx_kl": 0.023091580253094435, "clip_fraction": 0.369140625, "grad_norm": 37.78972625732422, "explained_variance": 7.68899917602539e-05, "action_std_mean": 0.37015777826309204}
{"step": 22528, "wall_time": 1790605947.4403043, "episodes_completed": 10, "mean_episode_reward": -36.385232543945314, "std_episode_reward": 14.017270533075838, "min_episode_reward": -50.459415435791016, "max_episode_reward": -9.255929946899414, "mean_episode_length": 22.2, "success_rate": 0.0, "collision_rate": 1.0, "out_of_bounds_rate": 0.0, "timeout_rate": 0.0, "policy_loss": 0.0028800073778256774, "value_loss": 55.28340530395508, "entropy": 0.8503698408603668, "approx_kl": 0.003990208788309246, "clip_fraction": 0.15576171875, "grad_norm": 13.858253479003906, "explained_variance": 5.358457565307617e-05, "action_std_mean": 0.3702267110347748}
{"step": 23040, "wall_time": 1790605952.5974855, "episodes_completed": 5, "mean_episode_reward": -31.487951469421386, "std_episode_reward": 15.262932154383343, "min_episode_reward": -55.001346588134766, "max_episode_reward": -12.401900291442871, "mean_episode_length": 40.4, "success_rate": 0.0, "collision_rate": 1.0, "out_of_bounds_rate": 0.0, "timeout_rate": 0.0, "policy_loss": -0.000348645553458482, "value_loss": 47.953147888183594, "entropy": 0.8505629450082779, "approx_kl": 0.005381232389481738, "clip_fraction": 0.126953125, "grad_norm": 15.329073429107666, "explained_variance": 0.0004659891128540039, "action_std_mean": 0.3701913058757782}
{"step": 23552, "wall_time": 1790605957.6393702, "episodes_completed": 10, "mean_episode_reward": -20.166025161743164, "std_episode_reward": 20.19398601060171, "min_episode_reward": -49.5263786315918, "max_episode_reward": 20.642772674560547, "mean_episode_length": 43.0, "success_rate": 0.0, "collision_rate": 1.0, "out_of_bounds_rate": 0.0, "timeout_rate": 0.0, "policy_loss": -0.0007095651235431433, "value_loss": 47.350738525390625, "entropy": 0.8503673374652863, "approx_kl": 0.007904706566478126, "clip_fraction": 0.107421875, "grad_norm": 9.86146855354309, "explained_variance": 0.0008404850959777832, "action_std_mean": 0.3701978921890259}
{"step": 24064, "wall_time": 1790605962.7328947, "episodes_completed": 4, "mean_episode_reward": -34.01679229736328, "std_episode_reward": 9.931394022741621, "min_episode_reward": -45.22795867919922, "max_episode_reward": -17.979602813720703, "mean_episode_length": 34.75, "success_rate": 0.0, "collision_rate": 1.0, "out_of_bounds_rate": 0.0, "timeout_rate": 0.0, "policy_loss": -0.0014546571765094995, "value_loss": 49.77590274810791, "entropy": 0.8504811525344849, "approx_kl": 0.0010085580870509148, "clip_fraction": 0.06396484375, "grad_norm": 27.49209690093994, "explained_variance": 0.005668163299560547, "action_std_mean": 0.37020984292030334}
{"step": 24576, "wall_time": 1790605967.7854815, "episodes_completed": 8, "mean_episode_reward": -33.84747076034546, "std_episode_reward": 12.555321954204313, "min_episode_reward": -53.043212890625, "max_episode_reward": -12.703792572021484, "mean_episode_length": 26.25, "success_rate": 0.0, "collision_rate": 1.0, "out_of_bounds_rate": 0.0, "timeout_rate": 0.0, "policy_loss": -0.0005081106792204082, "value_loss": 62.744282722473145, "entropy": 0.8505856096744537, "approx_kl": 0.007945881719933823, "clip_fraction": 0.13623046875, "grad_norm": 18.607107162475586, "explained_variance": 0.008210539817810059, "action_std_mean": 0.37026751041412354}
{"step": 25088, "wall_time": 1790605972.864096, "episodes_completed": 9, "mean_episode_reward": -26.54191886054145, "std_episode_reward": 22.68661454388247, "min_episode_reward": -52.95435333251953, "max_episode_reward": 18.199758529663086, "mean_episode_length": 38.666666666666664, "success_rate": 0.0, "collision_rate": 1.0, "out_of_bounds_rate": 0.0, "timeout_rate": 0.0, "policy_loss": -0.0017147487378679216, "value_loss": 62.68476581573486, "entropy": 0.8507959991693497, "approx_kl": 0.0014519911201205105, "clip_fraction": 0.11181640625, "grad_norm": 21.47126793861389, "explained_variance": 0.02219545841217041, "action_std_mean": 0.3702194094657898}
{"step": 25600, "wall_time": 1790605977.9969158, "episodes_completed": 0, "mean_episode_reward": NaN, "std_episode_reward": NaN, "min_episode_reward": NaN, "max_episode_reward": NaN, "mean_episode_length": NaN, "success_rate": NaN, "collision_rate": NaN, "out_of_bounds_rate": NaN, "timeout_rate": NaN, "policy_loss": 0.007659581839106977, "value_loss": 55.61213970184326, "entropy": 0.8503195494413376, "approx_kl": 0.011115908593637869, "clip_fraction": 0.1533203125, "grad_norm": 58.813038662075996, "explained_variance": 0.028841853141784668, "action_std_mean": 0.3700297474861145}
{"step": 26112, "wall_time": 1790605983.2832766, "episodes_completed": 10, "mean_episode_reward": -20.555984210968017, "std_episode_reward": 6.202738431341526, "min_episode_reward": -29.929546356201172, "max_episode_reward": -9.141975402832031, "mean_episode_length": 21.7, "success_rate": 0.0, "collision_rate": 1.0, "out_of_bounds_rate": 0.0, "timeout_rate": 0.0, "policy_loss": 0.09406224830308929, "value_loss": 35.62543201446533, "entropy": 0.8489789068698883, "approx_kl": 0.170074978042976, "clip_fraction": 0.61767578125, "grad_norm": 26.232825756072998, "explained_variance": 0.05063498020172119, "action_std_mean": 0.36978650093078613}
{"step": 26624, "wall_time": 1790605988.4440281, "episodes_completed": 8, "mean_episode_reward": -23.397677302360535, "std_episode_reward": 15.660270398416847, "min_episode_reward": -46.581642150878906, "max_episode_reward": 3.1954421997070312, "mean_episode_length": 41.375, "success_rate": 0.0, "collision_rate": 1.0, "out_of_bounds_rate": 0.0, "timeout_rate": 0.0, "policy_loss": 0.03913895564619452, "value_loss": 42.26418685913086, "entropy": 0.8478983938694, "approx_kl": 0.06560860792524181, "clip_fraction": 0.50244140625, "grad_norm": 29.658015251159668, "explained_variance": 0.11130416393280029, "action_std_mean": 0.3696518540382385}
{"step": 27136, "wall_time": 1790605993.4959304, "episodes_completed": 10, "mean_episode_reward": -25.946600723266602, "std_episode_reward": 15.703010593858592, "min_episode_reward": -49.555362701416016, "max_episode_reward": 5.27168083190918, "mean_episode_length": 27.3, "success_rate": 0.0, "collision_rate": 1.0, "out_of_bounds_rate": 0.0, "timeout_rate": 0.0, "policy_loss": 0.010400388884590939, "value_loss": 47.88158988952637, "entropy": 0.8473139107227325, "approx_kl": 0.04154201931669377, "clip_fraction": 0.34130859375, "grad_norm": 35.679279804229736, "explained_variance": 0.12246298789978027, "action_std_mean": 0.3695719242095947}
{"step": 27648, "wall_time": 1790605998.4121184, "episodes_completed": 5, "mean_episode_reward": -23.501013946533202, "std_episode_reward": 14.255424190582, "min_episode_reward": -42.27373504638672, "max_episode_reward": 1.6728286743164062, "mean_episode_length": 33.2, "success_rate": 0.0, "collision_rate": 1.0, "out_of_bounds_rate": 0.0, "timeout_rate": 0.0, "policy_loss": 0.015681640070397407, "value_loss": 25.599166870117188, "entropy": 0.8469450175762177, "approx_kl": 0.016113871621200815, "clip_fraction": 0.3271484375, "grad_norm": 22.526559114456177, "explained_variance": 0.18627071380615234, "action_std_mean": 0.3695329427719116}
{"step": 28160, "wall_time": 1790606003.4051876, "episodes_completed": 4, "mean_episode_reward": -18.54741621017456, "std_episode_reward": 7.009626159345001, "min_episode_reward": -29.791452407836914, "max_episode_reward": -10.622040748596191, "mean_episode_length": 37.75, "success_rate": 0.0, "collision_rate": 1.0, "out_of_bounds_rate": 0.0, "timeout_rate": 0.0, "policy_loss": 0.0009169315453618765, "value_loss": 20.205984115600586, "entropy": 0.8467571139335632, "approx_kl": 0.017214899300597608, "clip_fraction": 0.20947265625, "grad_norm": 17.651147961616516, "explained_variance": 0.08040863275527954, "action_std_mean": 0.36948728561401367}
{"step": 28672, "wall_time": 1790606008.5036771, "episodes_completed": 5, "mean_episode_reward": -31.086017227172853, "std_episode_reward": 13.438760596671232, "min_episode_reward": -57.48004913330078, "max_episode_reward": -20.986690521240234, "mean_episode_length": 30.8, "success_rate": 0.0, "collision_rate": 1.0, "out_of_bounds_rate": 0.0, "timeout_rate": 0.0, "policy_loss": 0.036094381008297205, "value_loss": 40.55547618865967, "entropy": 0.8465279787778854, "approx_kl": 0.04314952407730743, "clip_fraction": 0.36328125, "grad_norm": 24.42322587966919, "explained_variance": 0.2985805869102478, "action_std_mean": 0.3694828152656555}
{"step": 29184, "wall_time": 1790606013.5960603, "episodes_completed": 9, "mean_episode_reward": -23.99239942762587, "std_episode_reward": 8.892944937809332, "min_episode_reward": -36.8028564453125, "max_episode_reward": -5.7653350830078125, "mean_episode_length": 30.333333333333332, "success_rate": 0.0, "collision_rate": 1.0, "out_of_bounds_rate": 0.0, "timeout_rate": 0.0, "policy_loss": 0.048809813568368554, "value_loss": 42.5988826751709, "entropy": 0.8466980010271072, "approx_kl": 0.04620279371738434, "clip_fraction": 0.33203125, "grad_norm": 40.60649299621582, "explained_variance": 0.35005003213882446, "action_std_mean": 0.3695538640022278}
{"step": 29696, "wall_time": 1790606018.624229, "episodes_completed": 6, "mean_episode_reward": -22.827316602071125, "std_episode_reward": 10.238294729803139, "min_episode_reward": -36.30759048461914, "max_episode_reward": -7.260229110717773, "mean_episode_length": 37.166666666666664, "success_rate": 0.0, "collision_rate": 1.0, "out_of_bounds_rate": 0.0, "timeout_rate": 0.0, "policy_loss": -0.0015639959601685405, "value_loss": 33.96395301818848, "entropy": 0.8470580279827118, "approx_kl": -0.0005262689373921603, "clip_fraction": 0.0380859375, "grad_norm": 39.580973625183105, "explained_variance": 0.43246394395828247, "action_std_mean": 0.36959463357925415}
{"step": 30208, "wall_time": 1790606023.718798, "episodes_completed": 9, "mean_episode_reward": -23.567447980244953, "std_episode_reward": 18.875404676746587, "min_episode_reward": -49.77591323852539, "max_episode_reward": 9.236865997314453, "mean_episode_length": 36.44444444444444, "success_rate": 0.0, "collision_rate": 1.0, "out_of_bounds_rate": 0.0, "timeout_rate": 0.0, "policy_loss": -0.0005701291374862194, "value_loss": 52.538827896118164, "entropy": 0.8471885621547699, "approx_kl": 0.0016055737505666912, "clip_fraction": 0.0478515625, "grad_norm": 53.2766695022583, "explained_variance": 0.3300600051879883, "action_std_mean": 0.36959952116012573}
{"step": 30720, "wall_time": 1790606028.9132679, "episodes_completed": 6, "mean_episode_reward": -16.783653259277344, "std_episode_reward": 19.65485104163027, "min_episode_reward": -34.927146911621094, "max_episode_reward": 13.317262649536133, "mean_episode_length": 51.5, "success_rate": 0.0, "collision_rate": 1.0, "out_of_bounds_rate": 0.0, "timeout_rate": 0.0, "policy_loss": -0.001986528863199055, "value_loss": 47.425883293151855, "entropy": 0.8471850752830505, "approx_kl": 0.0015846602618694305, "clip_fraction": 0.068359375, "grad_norm": 55.7305326461792, "explained_variance": 0.42784571647644043, "action_std_mean": 0.3695889711380005}
{"step": 31232, "wall_time": 1790606033.9797773, "episodes_completed": 11, "mean_episode_reward": -21.577912937511098, "std_episode_reward": 7.198208356835998, "min_episode_reward": -33.1939697265625, "max_episode_reward": -4.877573013305664, "mean_episode_length": 14.636363636363637, "success_rate": 0.0, "collision_rate": 1.0, "out_of_bounds_rate": 0.0, "timeout_rate": 0.0, "policy_loss": 0.0012185453670099378, "value_loss": 40.302096366882324, "entropy": 0.8471061587333679, "approx_kl": 0.0039333521272055805, "clip_fraction": 0.05029296875, "grad_norm": 41.505995750427246, "explained_variance": 0.4271343946456909, "action_std_mean": 0.3695748448371887}
{"step": 31744, "wall_time": 1790606039.0048761, "episodes_completed": 7, "mean_episode_reward": -29.696722303118026, "std_episode_reward": 9.703164363663527, "min_episode_reward": -50.39193344116211, "max_episode_reward": -19.141193389892578, "mean_episode_length": 12.428571428571429, "success_rate": 0.0, "collision_rate": 1.0, "out_of_bounds_rate": 0.0, "timeout_rate": 0.0, "policy_loss": -0.0001709966454654932, "value_loss": 40.62996864318848, "entropy": 0.8470469117164612, "approx_kl": 0.009798293642234057, "clip_fraction": 0.09765625, "grad_norm": 45.450088024139404, "explained_variance": 0.5870750546455383, "action_std_mean": 0.3695719838142395}
{"step": 32256, "wall_time": 1790606043.9880292, "episodes_completed": 4, "mean_episode_reward": -17.09056544303894, "std_episode_reward": 14.358670429446319, "min_episode_reward": -29.739694595336914, "max_episode_reward": 5.23698616027832, "mean_episode_length": 37.25, "success_rate": 0.0, "collision_rate": 1.0, "out_of_bounds_rate": 0.0, "timeout_rate": 0.0, "policy_loss": 0.0016159122460521758, "value_loss": 35.00455570220947, "entropy": 0.8470406383275986, "approx_kl": 0.011527504189871252, "clip_fraction": 0.14013671875, "grad_norm": 46.90834951400757, "explained_variance": 0.5247998833656311, "action_std_mean": 0.3695567548274994}
{"step": 32768, "wall_time": 1790606049.1608498, "episodes_completed": 9, "mean_episode_reward": -23.97561232248942, "std_episode_reward": 8.808288463200519, "min_episode_reward": -38.19279861450195, "max_episode_reward": -11.536794662475586, "mean_episode_length": 29.666666666666668, "success_rate": 0.0, "collision_rate": 1.0, "out_of_bounds_rate": 0.0, "timeout_rate": 0.0, "policy_loss": 0.014619689289247617, "value_loss": 40.397000312805176, "entropy": 0.846874326467514, "approx_kl": 0.028560607694089413, "clip_fraction": 0.2666015625, "grad_norm": 25.666181564331055, "explained_variance": 0.16799241304397583, "action_std_mean": 0.3695056438446045}
{"step": 33280, "wall_time": 1790606054.1903255, "episodes_completed": 3, "mean_episode_reward": 0.8639256159464518, "std_episode_reward": 11.051759973087249, "min_episode_reward": -11.194933891296387, "max_episode_reward": 15.504396438598633, "mean_episode_length": 58.666666666666664, "success_rate": 0.0, "collision_rate": 1.0, "out_of_bounds_rate": 0.0, "timeout_rate": 0.0, "policy_loss": 0.029465940897352993, "value_loss": 31.700708866119385, "entropy": 0.8465659469366074, "approx_kl": 0.09412707015872002, "clip_fraction": 0.4853515625, "grad_norm": 130.89461421966553, "explained_variance": 0.6309372186660767, "action_std_mean": 0.3694493770599365}
{"step": 33792, "wall_time": 1790606059.1411293, "episodes_completed": 14, "mean_episode_reward": -31.955621446881974, "std_episode_reward": 13.756225625577942, "min_episode_reward": -50.229915618896484, "max_episode_reward": 0.5260486602783203, "mean_episode_length": 17.785714285714285, "success_rate": 0.0, "collision_rate": 1.0, "out_of_bounds_rate": 0.0, "timeout_rate": 0.0, "policy_loss": 0.013784959446638823, "value_loss": 43.775336265563965, "entropy": 0.8463474661111832, "approx_kl": 0.020700614026281983, "clip_fraction": 0.31689453125, "grad_norm": 40.8645076751709, "explained_variance": 0.444547176361084, "action_std_mean": 0.36944371461868286}
{"step": 34304, "wall_time": 1790606064.1444092, "episodes_completed": 12, "mean_episode_reward": -33.17913023630778, "std_episode_reward": 8.555251351577642, "min_episode_reward": -49.890869140625, "max_episode_reward": -23.414306640625, "mean_episode_length": 26.166666666666668, "success_rate": 0.0, "collision_rate": 1.0, "out_of_bounds_rate": 0.0, "timeout_rate": 0.0, "policy_loss": 0.00505905516911298, "value_loss": 32.020029067993164, "entropy": 0.8464477807283401, "approx_kl": 0.006366113375406712, "clip_fraction": 0.1962890625, "grad_norm": 47.25885772705078, "explained_variance": 0.39921730756759644, "action_std_mean": 0.3695000410079956}
{"step": 34816, "wall_time": 1790606069.1114924, "episodes_completed": 3, "mean_episode_reward": -31.344159444173176, "std_episode_reward": 8.04370487325715, "min_episode_reward": -42.704811096191406, "max_episode_reward": -25.160367965698242, "mean_episode_length": 42.0, "success_rate": 0.0, "collision_rate": 1.0, "out_of_bounds_rate": 0.0, "timeout_rate": 0.0, "policy_loss": 0.01326114684343338, "value_loss": 7.701787233352661, "entropy": 0.8468227237462997, "approx_kl": 0.044500146876089275, "clip_fraction": 0.4208984375, "grad_norm": 15.953800916671753, "explained_variance": 0.7645562887191772, "action_std_mean": 0.3695777654647827}
{"step": 35328, "wall_time": 1790606074.202924, "episodes_completed": 2, "mean_episode_reward": -27.128076553344727, "std_episode_reward": 3.553760528564453, "min_episode_reward": -30.68183708190918, "max_episode_reward": -23.574316024780273, "mean_episode_length": 57.0, "success_rate": 0.0, "collision_rate": 1.0, "out_of_bounds_rate": 0.0, "timeout_rate": 0.0, "policy_loss": 0.012512241024523973, "value_loss": 12.193076610565186, "entropy": 0.8472128957509995, "approx_kl": 0.033429393253754824, "clip_fraction": 0.32177734375, "grad_norm": 13.05426287651062, "explained_variance": 0.7677785158157349, "action_std_mean": 0.3696547746658325}
{"step": 35840, "wall_time": 1790606079.3232708, "episodes_completed": 6, "mean_episode_reward": -27.070244153340656, "std_episode_reward": 2.92943269674528, "min_episode_reward": -31.151437759399414, "max_episode_reward": -24.531509399414062, "mean_episode_length": 23.333333333333332, "success_rate": 0.0, "collision_rate": 1.0, "out_of_bounds_rate": 0.0, "timeout_rate": 0.0, "policy_loss": 0.028763083857484162, "value_loss": 25.47761631011963, "entropy": 0.8476845473051071, "approx_kl": 0.027628445212030783, "clip_fraction": 0.427734375, "grad_norm": 23.24695324897766, "explained_variance": 0.7171626091003418, "action_std_mean": 0.36973458528518677}
{"step": 36352, "wall_time": 1790606084.3227344, "episodes_completed": 9, "mean_episode_reward": -14.243917253282335, "std_episode_reward": 27.521930053040787, "min_episode_reward": -50.170799255371094, "max_episode_reward": 52.019351959228516, "mean_episode_length": 38.55555555555556, "success_rate": 0.1111111111111111, "collision_rate": 0.8888888888888888, "out_of_bounds_rate": 0.0, "timeout_rate": 0.0, "policy_loss": 0.01463134540244937, "value_loss": 85.52677536010742, "entropy": 0.8480120301246643, "approx_kl": 0.0430221940332558, "clip_fraction": 0.3369140625, "grad_norm": 160.94869136810303, "explained_variance": 0.3995477557182312, "action_std_mean": 0.3697681427001953}
{"step": 36864, "wall_time": 1790606089.4522023, "episodes_completed": 4, "mean_episode_reward": -27.31265354156494, "std_episode_reward": 34.83497272339449, "min_episode_reward": -52.465660095214844, "max_episode_reward": 32.363338470458984, "mean_episode_length": 73.25, "success_rate": 0.0, "collision_rate": 1.0, "out_of_bounds_rate": 0.0, "timeout_rate": 0.0, "policy_loss": 0.007048756117001176, "value_loss": 27.578367710113525, "entropy": 0.8481379896402359, "approx_kl": 0.016971579927485436, "clip_fraction": 0.302734375, "grad_norm": 27.940566062927246, "explained_variance": 0.7065736651420593, "action_std_mean": 0.36978116631507874}
{"step": 37376, "wall_time": 1790606094.6031365, "episodes_completed": 8, "mean_episode_reward": -25.881110668182373, "std_episode_reward": 8.103343831354186, "min_episode_reward": -36.91436767578125, "max_episode_reward": -10.873788833618164, "mean_episode_length": 30.0, "success_rate": 0.0, "collision_rate": 1.0, "out_of_bounds_rate": 0.0, "timeout_rate": 0.0, "policy_loss": 0.007178612635470927, "value_loss": 33.862427711486816, "entropy": 0.8481888175010681, "approx_kl": 0.008763415098655969, "clip_fraction": 0.17919921875, "grad_norm": 33.38481521606445, "explained_variance": 0.7491919994354248, "action_std_mean": 0.3697783648967743}
{"step": 37888, "wall_time": 1790606099.754421, "episodes_completed": 3, "mean_episode_reward": 2.302461624145508, "std_episode_reward": 25.982133601122793, "min_episode_reward": -33.36771011352539, "max_episode_reward": 27.77535057067871, "mean_episode_length": 88.66666666666667, "success_rate": 0.0, "collision_rate": 1.0, "out_of_bounds_rate": 0.0, "timeout_rate": 0.0, "policy_loss": 0.04478158615529537, "value_loss": 26.176201343536377, "entropy": 0.8481436371803284, "approx_kl": 0.043258251884253696, "clip_fraction": 0.34130859375, "grad_norm": 69.25352668762207, "explained_variance": 0.7308670282363892, "action_std_mean": 0.36977338790893555}
{"step": 38400, "wall_time": 1790606104.8913395, "episodes_completed": 7, "mean_episode_reward": -27.049523762294225, "std_episode_reward": 11.876341324217526, "min_episode_reward": -47.82607650756836, "max_episode_reward": -9.502934455871582, "mean_episode_length": 33.142857142857146, "success_rate": 0.0, "collision_rate": 1.0, "out_of_bounds_rate": 0.0, "timeout_rate": 0.0, "policy_loss": 0.009564782842062414, "value_loss": 24.648895263671875, "entropy": 0.8481298536062241, "approx_kl": 0.007081460207700729, "clip_fraction": 0.1357421875, "grad_norm": 39.3215913772583, "explained_variance": 0.7743614315986633, "action_std_mean": 0.3697676658630371}
{"step": 38912, "wall_time": 1790606109.898905, "episodes_completed": 3, "mean_episode_reward": -33.525641123453774, "std_episode_reward": 7.095136389535138, "min_episode_reward": -43.48366928100586, "max_episode_reward": -27.479061126708984, "mean_episode_length": 43.0, "success_rate": 0.0, "collision_rate": 1.0, "out_of_bounds_rate": 0.0, "timeout_rate": 0.0, "policy_loss": 0.021883663488551974, "value_loss": 15.214977264404297, "entropy": 0.8480905592441559, "approx_kl": 0.03610487561672926, "clip_fraction": 0.30224609375, "grad_norm": 42.823378562927246, "explained_variance": 0.8356289267539978, "action_std_mean": 0.3697686195373535}
{"step": 39424, "wall_time": 1790606115.6076202, "episodes_completed": 8, "mean_episode_reward": -32.03524732589722, "std_episode_reward": 9.999331662209077, "min_episode_reward": -53.25008773803711, "max_episode_reward": -18.15120506286621, "mean_episode_length": 44.875, "success_rate": 0.0, "collision_rate": 1.0, "out_of_bounds_rate": 0.0, "timeout_rate": 0.0, "policy_loss": 0.024110392667353153, "value_loss": 19.330860137939453, "entropy": 0.8481187969446182, "approx_kl": 0.02868889589444734, "clip_fraction": 0.29931640625, "grad_norm": 44.49713134765625, "explained_variance": 0.8438323736190796, "action_std_mean": 0.3697769045829773}
{"step": 39936, "wall_time": 1790606120.9705849, "episodes_completed": 8, "mean_episode_reward": -26.814989805221558, "std_episode_reward": 10.82505612772093, "min_episode_reward": -50.126895904541016, "max_episode_reward": -10.686012268066406, "mean_episode_length": 20.125, "success_rate": 0.0, "collision_rate": 1.0, "out_of_bounds_rate": 0.0, "timeout_rate": 0.0, "policy_loss": 0.02632899140007794, "value_loss": 42.044005393981934, "entropy": 0.8481798768043518, "approx_kl": 0.05107560780015774, "clip_fraction": 0.3359375, "grad_norm": 64.30078601837158, "explained_variance": 0.6854093670845032, "action_std_mean": 0.369789719581604}
{"step": 40448, "wall_time": 1790606126.053275, "episodes_completed": 2, "mean_episode_reward": -31.24890899658203, "std_episode_reward": 3.121074676513672, "min_episode_reward": -34.3699836730957, "max_episode_reward": -28.12783432006836, "mean_episode_length": 44.5, "success_rate": 0.0, "collision_rate": 1.0, "out_of_bounds_rate": 0.0, "timeout_rate": 0.0, "policy_loss": 0.0322524179937318, "value_loss": 8.336989879608154, "entropy": 0.8482626229524612, "approx_kl": 0.044005877687595785, "clip_fraction": 0.34326171875, "grad_norm": 86.05252981185913, "explained_variance": 0.809040904045105, "action_std_mean": 0.36981117725372314}
{"step": 40960, "wall_time": 1790606131.2629027, "episodes_completed": 4, "mean_episode_reward": -38.14542245864868, "std_episode_reward": 11.673411743218356, "min_episode_reward": -49.856510162353516, "max_episode_reward": -24.92978286743164, "mean_episode_length": 6.5, "success_rate": 0.0, "collision_rate": 1.0, "out_of_bounds_rate": 0.0, "timeout_rate": 0.0, "policy_loss": 0.002908108290284872, "value_loss": 9.60010290145874, "entropy": 0.8485543727874756, "approx_kl": 0.06131124962121248, "clip_fraction": 0.4677734375, "grad_norm": 8.447009027004242, "explained_variance": -0.2958061695098877, "action_std_mean": 0.3699675500392914}
{"step": 41472, "wall_time": 1790606136.423686, "episodes_completed": 0, "mean_episode_reward": NaN, "std_episode_reward": NaN, "min_episode_reward": NaN, "max_episode_reward": NaN, "mean_episode_length": NaN, "success_rate": NaN, "collision_rate": NaN, "out_of_bounds_rate": NaN, "timeout_rate": NaN, "policy_loss": 0.046270831604488194, "value_loss": 0.658564567565918, "entropy": 0.849609449505806, "approx_kl": 0.07957994376192801, "clip_fraction": 0.57861328125, "grad_norm": 11.479608058929443, "explained_variance": 4.017353057861328e-05, "action_std_mean": 0.3701878786087036}
{"step": 41984, "wall_time": 1790606141.7095764, "episodes_completed": 1, "mean_episode_reward": -33.840641021728516, "std_episode_reward": 0.0, "min_episode_reward": -33.840641021728516, "max_episode_reward": -33.840641021728516, "mean_episode_length": 67.0, "success_rate": 0.0, "collision_rate": 1.0, "out_of_bounds_rate": 0.0, "timeout_rate": 0.0, "policy_loss": 0.007829830283299088, "value_loss": 1.956530600786209, "entropy": 0.8510818779468536, "approx_kl": 0.035093966260319576, "clip_fraction": 0.37158203125, "grad_norm": 6.193038821220398, "explained_variance": 7.37309455871582e-05, "action_std_mean": 0.370578408241272}
{"step": 42496, "wall_time": 1790606147.0254655, "episodes_completed": 3, "mean_episode_reward": -25.05885632832845, "std_episode_reward": 3.1755396380711214, "min_episode_reward": -29.087602615356445, "max_episode_reward": -21.326059341430664, "mean_episode_length": 33.333333333333336, "success_rate": 0.0, "collision_rate": 1.0, "out_of_bounds_rate": 0.0, "timeout_rate": 0.0, "policy_loss": 0.023674151219893247, "value_loss": 2.843390107154846, "entropy": 0.8529239147901535, "approx_kl": 0.061623127170605585, "clip_fraction": 0.39453125, "grad_norm": 4.598808705806732, "explained_variance": -0.00017833709716796875, "action_std_mean": 0.3707212209701538}
{"step": 43008, "wall_time": 1790606152.2273428, "episodes_completed": 8, "mean_episode_reward": -32.004929065704346, "std_episode_reward": 15.904177439180739, "min_episode_reward": -52.774559020996094, "max_episode_reward": 0.595458984375, "mean_episode_length": 46.125, "success_rate": 0.0, "collision_rate": 1.0, "out_of_bounds_rate": 0.0, "timeout_rate": 0.0, "policy_loss": 0.0064239229541271925, "value_loss": 15.130757808685303, "entropy": 0.8533611595630646, "approx_kl": 0.008094339835224673, "clip_fraction": 0.14599609375, "grad_norm": 39.72751235961914, "explained_variance": 0.8188155889511108, "action_std_mean": 0.3707696795463562}
{"step": 43520, "wall_time": 1790606157.4167879, "episodes_completed": 7, "mean_episode_reward": -31.30233601161412, "std_episode_reward": 19.020387605883162, "min_episode_reward": -59.37137985229492, "max_episode_reward": 3.4391746520996094, "mean_episode_length": 54.0, "success_rate": 0.0, "collision_rate": 1.0, "out_of_bounds_rate": 0.0, "timeout_rate": 0.0, "policy_loss": 0.005403868388384581, "value_loss": 18.39913272857666, "entropy": 0.8534928560256958, "approx_kl": -3.407857730053365e-05, "clip_fraction": 0.1796875, "grad_norm": 24.018432140350342, "explained_variance": 0.039337158203125, "action_std_mean": 0.3707440197467804}
{"step": 44032, "wall_time": 1790606162.6227055, "episodes_completed": 7, "mean_episode_reward": -24.340365682329452, "std_episode_reward": 14.09588087017399, "min_episode_reward": -50.24930953979492, "max_episode_reward": -0.7846145629882812, "mean_episode_length": 32.42857142857143, "success_rate": 0.0, "collision_rate": 1.0, "out_of_bounds_rate": 0.0, "timeout_rate": 0.0, "policy_loss": 0.001819716882891953, "value_loss": 16.550762176513672, "entropy": 0.8532335311174393, "approx_kl": 0.016033905747462995, "clip_fraction": 0.181640625, "grad_norm": 25.94532537460327, "explained_variance": 0.5138998031616211, "action_std_mean": 0.37066471576690674}
{"step": 44544, "wall_time": 1790606167.8007534, "episodes_completed": 3, "mean_episode_reward": -23.688636779785156, "std_episode_reward": 7.232158387719944, "min_episode_reward": -33.87612533569336, "max_episode_reward": -17.809093475341797, "mean_episode_length": 32.333333333333336, "success_rate": 0.0, "collision_rate": 1.0, "out_of_bounds_rate": 0.0, "timeout_rate": 0.0, "policy_loss": -0.002302301174495369, "value_loss": 15.450228214263916, "entropy": 0.8527693450450897, "approx_kl": -0.002498855465091765, "clip_fraction": 0.13671875, "grad_norm": 85.87218523025513, "explained_variance": 0.8507347106933594, "action_std_mean": 0.37057191133499146}
{"step": 45056, "wall_time": 1790606173.0641413, "episodes_completed": 6, "mean_episode_reward": -17.271437009175617, "std_episode_reward": 11.558327346156084, "min_episode_reward": -32.822593688964844, "max_episode_reward": -1.7056198120117188, "mean_episode_length": 42.0, "success_rate": 0.0, "collision_rate": 1.0, "out_of_bounds_rate": 0.0, "timeout_rate": 0.0, "policy_loss": -0.001732818316668272, "value_loss": 10.097472190856934, "entropy": 0.8522211313247681, "approx_kl": 0.0020224435720592737, "clip_fraction": 0.06201171875, "grad_norm": 45.70763969421387, "explained_variance": 0.5339746475219727, "action_std_mean": 0.3704521059989929}
{"step": 45568, "wall_time": 1790606179.5608277, "episodes_completed": 0, "mean_episode_reward": NaN, "std_episode_reward": NaN, "min_episode_reward": NaN, "max_episode_reward": NaN, "mean_episode_length": NaN, "success_rate": NaN, "collision_rate": NaN, "out_of_bounds_rate": NaN, "timeout_rate": NaN, "policy_loss": -0.0016178286750800908, "value_loss": 0.58664670586586, "entropy": 0.8516372889280319, "approx_kl": 0.14348752549267374, "clip_fraction": 0.572265625, "grad_norm": 11.258275032043457, "explained_variance": 0.9252156019210815, "action_std_mean": 0.3703901767730713}
{"step": 46080, "wall_time": 1790606186.627835, "episodes_completed": 0, "mean_episode_reward": NaN, "std_episode_reward": NaN, "min_episode_reward": NaN, "max_episode_reward": NaN, "mean_episode_length": NaN, "success_rate": NaN, "collision_rate": NaN, "out_of_bounds_rate": NaN, "timeout_rate": NaN, "policy_loss": -0.009664485580287874, "value_loss": 2.973777651786804, "entropy": 0.8514100313186646, "approx_kl": 0.01766655419487506, "clip_fraction": 0.3115234375, "grad_norm": 22.24964141845703, "explained_variance": 0.20262998342514038, "action_std_mean": 0.3703678250312805}
{"step": 46592, "wall_time": 1790606194.1545262, "episodes_completed": 0, "mean_episode_reward": NaN, "std_episode_reward": NaN, "min_episode_reward": NaN, "max_episode_reward": NaN, "mean_episode_length": NaN, "success_rate": NaN, "collision_rate": NaN, "out_of_bounds_rate": NaN, "timeout_rate": NaN, "policy_loss": -0.0031905092764645815, "value_loss": 6.535664677619934, "entropy": 0.8512806743383408, "approx_kl": 0.0051797010528389364, "clip_fraction": 0.2353515625, "grad_norm": 33.48804569244385, "explained_variance": 0.6331325769424438, "action_std_mean": 0.3703300356864929}
{"step": 47104, "wall_time": 1790606201.3100924, "episodes_completed": 0, "mean_episode_reward": NaN, "std_episode_reward": NaN, "min_episode_reward": NaN, "max_episode_reward": NaN, "mean_episode_length": NaN, "success_rate": NaN, "collision_rate": NaN, "out_of_bounds_rate": NaN, "timeout_rate": NaN, "policy_loss": -0.009399217669852078, "value_loss": 8.391746044158936, "entropy": 0.8510142862796783, "approx_kl": 0.010350238313549198, "clip_fraction": 0.205078125, "grad_norm": 39.09550094604492, "explained_variance": 0.8185408115386963, "action_std_mean": 0.37026530504226685}
{"step": 47616, "wall_time": 1790606207.856626, "episodes_completed": 0, "mean_episode_reward": NaN, "std_episode_reward": NaN, "min_episode_reward": NaN, "max_episode_reward": NaN, "mean_episode_length": NaN, "success_rate": NaN, "collision_rate": NaN, "out_of_bounds_rate": NaN, "timeout_rate": NaN, "policy_loss": -0.0061858766712248325, "value_loss": 9.410694122314453, "entropy": 0.8506506979465485, "approx_kl": 0.01659643158200197, "clip_fraction": 0.21533203125, "grad_norm": 43.79430389404297, "explained_variance": 0.9400418400764465, "action_std_mean": 0.3701961934566498}
{"step": 48128, "wall_time": 1790606213.3891134, "episodes_completed": 3, "mean_episode_reward": -21.271143595377605, "std_episode_reward": 2.530839334914103, "min_episode_reward": -24.65393829345703, "max_episode_reward": -18.567201614379883, "mean_episode_length": 43.0, "success_rate": 0.0, "collision_rate": 1.0, "out_of_bounds_rate": 0.0, "timeout_rate": 0.0, "policy_loss": -0.001574710477143526, "value_loss": 10.509099006652832, "entropy": 0.8502863943576813, "approx_kl": 0.009671635867562145, "clip_fraction": 0.20361328125, "grad_norm": 27.132110118865967, "explained_variance": 0.7183153033256531, "action_std_mean": 0.3701343536376953}
{"step": 48640, "wall_time": 1790606218.647145, "episodes_completed": 0, "mean_episode_reward": NaN, "std_episode_reward": NaN, "min_episode_reward": NaN, "max_episode_reward": NaN, "mean_episode_length": NaN, "success_rate": NaN, "collision_rate": NaN, "out_of_bounds_rate": NaN, "timeout_rate": NaN, "policy_loss": 0.0005263161147013307, "value_loss": 9.910175323486328, "entropy": 0.849967435002327, "approx_kl": 0.0036554927355609834, "clip_fraction": 0.08740234375, "grad_norm": 35.96850347518921, "explained_variance": 0.6970714330673218, "action_std_mean": 0.3700765073299408}
{"step": 49152, "wall_time": 1790606223.988888, "episodes_completed": 0, "mean_episode_reward": NaN, "std_episode_reward": NaN, "min_episode_reward": NaN, "max_episode_reward": NaN, "mean_episode_length": NaN, "success_rate": NaN, "collision_rate": NaN, "out_of_bounds_rate": NaN, "timeout_rate": NaN, "policy_loss": 0.06402080494444817, "value_loss": 15.159590005874634, "entropy": 0.8496337980031967, "approx_kl": 0.07213111015153117, "clip_fraction": 0.5595703125, "grad_norm": 48.320743560791016, "explained_variance": 0.5428638458251953, "action_std_mean": 0.37001439929008484}
{"step": 49664, "wall_time": 1790606229.5090582, "episodes_completed": 4, "mean_episode_reward": -29.18664312362671, "std_episode_reward": 13.372236476430064, "min_episode_reward": -50.22492599487305, "max_episode_reward": -15.838863372802734, "mean_episode_length": 28.75, "success_rate": 0.0, "collision_rate": 1.0, "out_of_bounds_rate": 0.0, "timeout_rate": 0.0, "policy_loss": 0.017499524750746787, "value_loss": 21.786288738250732, "entropy": 0.8493508845567703, "approx_kl": 0.05520544110913761, "clip_fraction": 0.396484375, "grad_norm": 45.022212505340576, "explained_variance": 0.3272940516471863, "action_std_mean": 0.3699783980846405}
{"step": 50176, "wall_time": 1790606234.7750363, "episodes_completed": 1, "mean_episode_reward": -22.609647750854492, "std_episode_reward": 0.0, "min_episode_reward": -22.609647750854492, "max_episode_reward": -22.609647750854492, "mean_episode_length": 18.0, "success_rate": 0.0, "collision_rate": 1.0, "out_of_bounds_rate": 0.0, "timeout_rate": 0.0, "policy_loss": 0.007513942196965218, "value_loss": 11.222663879394531, "entropy": 0.8492348194122314, "approx_kl": 0.03456585295498371, "clip_fraction": 0.29296875, "grad_norm": 29.98754847049713, "explained_variance": 0.47960400581359863, "action_std_mean": 0.36998486518859863}
{"step": 50688, "wall_time": 1790606240.0033429, "episodes_completed": 0, "mean_episode_reward": NaN, "std_episode_reward": NaN, "min_episode_reward": NaN, "max_episode_reward": NaN, "mean_episode_length": NaN, "success_rate": NaN, "collision_rate": NaN, "out_of_bounds_rate": NaN, "timeout_rate": NaN, "policy_loss": 0.023051339900121093, "value_loss": 5.9135119915008545, "entropy": 0.8492883741855621, "approx_kl": 0.023913156968774274, "clip_fraction": 0.32177734375, "grad_norm": 66.5870726108551, "explained_variance": 0.49978482723236084, "action_std_mean": 0.3699783682823181}
{"step": 51200, "wall_time": 1790606245.5175931, "episodes_completed": 3, "mean_episode_reward": -9.258556365966797, "std_episode_reward": 11.156487440311533, "min_episode_reward": -24.06661605834961, "max_episode_reward": 2.8615994453430176, "mean_episode_length": 42.666666666666664, "success_rate": 0.0, "collision_rate": 0.3333333333333333, "out_of_bounds_rate": 0.0, "timeout_rate": 0.6666666666666666, "policy_loss": 0.0089713433990255, "value_loss": 10.262722253799438, "entropy": 0.8492427468299866, "approx_kl": 0.02966905987705104, "clip_fraction": 0.2509765625, "grad_norm": 51.68857216835022, "explained_variance": 0.4919195771217346, "action_std_mean": 0.3699910640716553}
{"step": 51712, "wall_time": 1790606251.003666, "episodes_completed": 2, "mean_episode_reward": -22.80787944793701, "std_episode_reward": 2.2095556259155273, "min_episode_reward": -25.01743507385254, "max_episode_reward": -20.598323822021484, "mean_episode_length": 38.0, "success_rate": 0.0, "collision_rate": 1.0, "out_of_bounds_rate": 0.0, "timeout_rate": 0.0, "policy_loss": -0.0054329982958734035, "value_loss": 9.146528959274292, "entropy": 0.8494223058223724, "approx_kl": 0.019937378878239542, "clip_fraction": 0.32080078125, "grad_norm": 30.553130626678467, "explained_variance": 0.5211818218231201, "action_std_mean": 0.3700534701347351}
{"step": 52224, "wall_time": 1790606256.4361105, "episodes_completed": 0, "mean_episode_reward": NaN, "std_episode_reward": NaN, "min_episode_reward": NaN, "max_episode_reward": NaN, "mean_episode_length": NaN, "success_rate": NaN, "collision_rate": NaN, "out_of_bounds_rate": NaN, "timeout_rate": NaN, "policy_loss": -0.0009069181978702545, "value_loss": 5.924526810646057, "entropy": 0.8497955054044724, "approx_kl": 0.0007228380418382585, "clip_fraction": 0.04638671875, "grad_norm": 52.68072837591171, "explained_variance": -0.021862268447875977, "action_std_mean": 0.37006646394729614}
{"step": 52736, "wall_time": 1790606261.6569128, "episodes_completed": 4, "mean_episode_reward": -26.82959508895874, "std_episode_reward": 15.06551617690876, "min_episode_reward": -49.69087600708008, "max_episode_reward": -7.348806381225586, "mean_episode_length": 29.5, "success_rate": 0.0, "collision_rate": 1.0, "out_of_bounds_rate": 0.0, "timeout_rate": 0.0, "policy_loss": 0.03007666172925383, "value_loss": 14.698048830032349, "entropy": 0.8494908213615417, "approx_kl": 0.06383764185011387, "clip_fraction": 0.45947265625, "grad_norm": 28.6427640914917, "explained_variance": 0.20374363660812378, "action_std_mean": 0.3699509799480438}
{"step": 53248, "wall_time": 1790606267.083167, "episodes_completed": 6, "mean_episode_reward": -26.043118476867676, "std_episode_reward": 11.899203188467945, "min_episode_reward": -50.26316833496094, "max_episode_reward": -11.703296661376953, "mean_episode_length": 38.166666666666664, "success_rate": 0.0, "collision_rate": 1.0, "out_of_bounds_rate": 0.0, "timeout_rate": 0.0, "policy_loss": 0.017041872953996062, "value_loss": 18.38817310333252, "entropy": 0.8489280790090561, "approx_kl": 0.0437599653378129, "clip_fraction": 0.45166015625, "grad_norm": 26.58395767211914, "explained_variance": 0.4157513380050659, "action_std_mean": 0.36988818645477295}
{"step": 53760, "wall_time": 1790606272.604281, "episodes_completed": 1, "mean_episode_reward": -15.953475952148438, "std_episode_reward": 0.0, "min_episode_reward": -15.953475952148438, "max_episode_reward": -15.953475952148438, "mean_episode_length": 84.0, "success_rate": 0.0, "collision_rate": 1.0, "out_of_bounds_rate": 0.0, "timeout_rate": 0.0, "policy_loss": 0.005530275404453278, "value_loss": 8.894683599472046, "entropy": 0.8487341403961182, "approx_kl": 0.011465822084574029, "clip_fraction": 0.255859375, "grad_norm": 25.244535446166992, "explained_variance": 0.5793800354003906, "action_std_mean": 0.3698747754096985}
{"step": 54272, "wall_time": 1790606278.2312438, "episodes_completed": 0, "mean_episode_reward": NaN, "std_episode_reward": NaN, "min_episode_reward": NaN, "max_episode_reward": NaN, "mean_episode_length": NaN, "success_rate": NaN, "collision_rate": NaN, "out_of_bounds_rate": NaN, "timeout_rate": NaN, "policy_loss": -0.0023598631378263235, "value_loss": 7.206667065620422, "entropy": 0.8486275374889374, "approx_kl": 0.00296104364679195, "clip_fraction": 0.15478515625, "grad_norm": 25.508294701576233, "explained_variance": 0.7787811160087585, "action_std_mean": 0.3698289394378662}
{"step": 54784, "wall_time": 1790606283.8367527, "episodes_completed": 1, "mean_episode_reward": -20.22052001953125, "std_episode_reward": 0.0, "min_episode_reward": -20.22052001953125, "max_episode_reward": -20.22052001953125, "mean_episode_length": 82.0, "success_rate": 0.0, "collision_rate": 1.0, "out_of_bounds_rate": 0.0, "timeout_rate": 0.0, "policy_loss": 0.003963646944612265, "value_loss": 10.21735692024231, "entropy": 0.8483387529850006, "approx_kl": 0.006708399567287415, "clip_fraction": 0.197265625, "grad_norm": 21.29556941986084, "explained_variance": 0.46430540084838867, "action_std_mean": 0.36978837847709656}
{"step": 55296, "wall_time": 1790606289.5812483, "episodes_completed": 4, "mean_episode_reward": -10.416406631469727, "std_episode_reward": 20.783515239447862, "min_episode_reward": -25.59911346435547, "max_episode_reward": 24.894628524780273, "mean_episode_length": 22.25, "success_rate": 0.0, "collision_rate": 1.0, "out_of_bounds_rate": 0.0, "timeout_rate": 0.0, "policy_loss": 0.00204633385874331, "value_loss": 16.42035436630249, "entropy": 0.8482775688171387, "approx_kl": 0.016485131229273975, "clip_fraction": 0.279296875, "grad_norm": 22.9049973487854, "explained_variance": 0.40138328075408936, "action_std_mean": 0.36984559893608093}
{"step": 55808, "wall_time": 1790606295.2093732, "episodes_completed": 0, "mean_episode_reward": NaN, "std_episode_reward": NaN, "min_episode_reward": NaN, "max_episode_reward": NaN, "mean_episode_length": NaN, "success_rate": NaN, "collision_rate": NaN, "out_of_bounds_rate": NaN, "timeout_rate": NaN, "policy_loss": 0.05047499283682555, "value_loss": 12.890949487686157, "entropy": 0.8487627655267715, "approx_kl": 0.06195761580602266, "clip_fraction": 0.44482421875, "grad_norm": 37.054725646972656, "explained_variance": 0.575377345085144, "action_std_mean": 0.3699721097946167}
{"step": 56320, "wall_time": 1790606300.932486, "episodes_completed": 0, "mean_episode_reward": NaN, "std_episode_reward": NaN, "min_episode_reward": NaN, "max_episode_reward": NaN, "mean_episode_length": NaN, "success_rate": NaN, "collision_rate": NaN, "out_of_bounds_rate": NaN, "timeout_rate": NaN, "policy_loss": 0.05343392852228135, "value_loss": 12.479907035827637, "entropy": 0.8495517820119858, "approx_kl": 0.08465991355478764, "clip_fraction": 0.56396484375, "grad_norm": 28.15388548374176, "explained_variance": 0.44658559560775757, "action_std_mean": 0.37018609046936035}
{"step": 56832, "wall_time": 1790606307.6942596, "episodes_completed": 0, "mean_episode_reward": NaN, "std_episode_reward": NaN, "min_episode_reward": NaN, "max_episode_reward": NaN, "mean_episode_length": NaN, "success_rate": NaN, "collision_rate": NaN, "out_of_bounds_rate": NaN, "timeout_rate": NaN, "policy_loss": 0.07782874681288376, "value_loss": 12.87468409538269, "entropy": 0.8509828448295593, "approx_kl": 0.08773386105895042, "clip_fraction": 0.50390625, "grad_norm": 28.71640920639038, "explained_variance": 0.389254093170166, "action_std_mean": 0.37051641941070557}
{"step": 57344, "wall_time": 1790606313.3457716, "episodes_completed": 3, "mean_episode_reward": -24.545168697834015, "std_episode_reward": 20.628719196932632, "min_episode_reward": -50.24140930175781, "max_episode_reward": 0.2651210427284241, "mean_episode_length": 42.333333333333336, "success_rate": 0.0, "collision_rate": 0.6666666666666666, "out_of_bounds_rate": 0.0, "timeout_rate": 0.3333333333333333, "policy_loss": 0.05492316256277263, "value_loss": 10.815845012664795, "entropy": 0.8528859168291092, "approx_kl": 0.09190194308757782, "clip_fraction": 0.54833984375, "grad_norm": 15.973118543624878, "explained_variance": 0.5425140857696533, "action_std_mean": 0.3708837628364563}
{"step": 57856, "wall_time": 1790606320.196229, "episodes_completed": 7, "mean_episode_reward": -29.16525568280901, "std_episode_reward": 9.381939173934718, "min_episode_reward": -50.032875061035156, "max_episode_reward": -19.876249313354492, "mean_episode_length": 18.714285714285715, "success_rate": 0.0, "collision_rate": 1.0, "out_of_bounds_rate": 0.0, "timeout_rate": 0.0, "policy_loss": 0.059805483324453235, "value_loss": 15.931145429611206, "entropy": 0.8548695147037506, "approx_kl": 0.0875887070724275, "clip_fraction": 0.57861328125, "grad_norm": 15.791172742843628, "explained_variance": 0.015570342540740967, "action_std_mean": 0.37122678756713867}
{"step": 58368, "wall_time": 1790606326.1027129, "episodes_completed": 4, "mean_episode_reward": -42.09966993331909, "std_episode_reward": 13.6489552369447, "min_episode_reward": -50.44636154174805, "max_episode_reward": -18.46488380432129, "mean_episode_length": 23.25, "success_rate": 0.0, "collision_rate": 1.0, "out_of_bounds_rate": 0.0, "timeout_rate": 0.0, "policy_loss": 0.026145219802856445, "value_loss": 16.332130432128906, "entropy": 0.8565275222063065, "approx_kl": 0.027542047697352245, "clip_fraction": 0.43310546875, "grad_norm": 27.22675049304962, "explained_variance": 0.3283160328865051, "action_std_mean": 0.3714826703071594}
{"step": 58880, "wall_time": 1790606331.3675368, "episodes_completed": 1, "mean_episode_reward": -29.738510131835938, "std_episode_reward": 0.0, "min_episode_reward": -29.738510131835938, "max_episode_reward": -29.738510131835938, "mean_episode_length": 69.0, "success_rate": 0.0, "collision_rate": 1.0, "out_of_bounds_rate": 0.0, "timeout_rate": 0.0, "policy_loss": 0.027967274887487292, "value_loss": 12.271360158920288, "entropy": 0.857852891087532, "approx_kl": 0.049077978677814826, "clip_fraction": 0.3984375, "grad_norm": 33.650506019592285, "explained_variance": 0.3568945527076721, "action_std_mean": 0.37175822257995605}
{"step": 59392, "wall_time": 1790606337.014562, "episodes_completed": 1, "mean_episode_reward": -26.486337661743164, "std_episode_reward": 0.0, "min_episode_reward": -26.486337661743164, "max_episode_reward": -26.486337661743164, "mean_episode_length": 105.0, "success_rate": 0.0, "collision_rate": 1.0, "out_of_bounds_rate": 0.0, "timeout_rate": 0.0, "policy_loss": 0.004552992642857134, "value_loss": 5.980849862098694, "entropy": 0.8595244586467743, "approx_kl": 0.015357880562078208, "clip_fraction": 0.349609375, "grad_norm": 12.332880139350891, "explained_variance": -0.0029556751251220703, "action_std_mean": 0.3720930814743042}
{"step": 59904, "wall_time": 1790606342.3118277, "episodes_completed": 1, "mean_episode_reward": -25.268295288085938, "std_episode_reward": 0.0, "min_episode_reward": -25.268295288085938, "max_episode_reward": -25.268295288085938, "mean_episode_length": 104.0, "success_rate": 0.0, "collision_rate": 1.0, "out_of_bounds_rate": 0.0, "timeout_rate": 0.0, "policy_loss": 0.008291253470815718, "value_loss": 4.533676385879517, "entropy": 0.8612524569034576, "approx_kl": 0.010500004806090146, "clip_fraction": 0.25439453125, "grad_norm": 9.394989609718323, "explained_variance": -0.06338679790496826, "action_std_mean": 0.37237948179244995}
{"step": 60416, "wall_time": 1790606348.0332816, "episodes_completed": 1, "mean_episode_reward": -19.823081970214844, "std_episode_reward": 0.0, "min_episode_reward": -19.823081970214844, "max_episode_reward": -19.823081970214844, "mean_episode_length": 94.0, "success_rate": 0.0, "collision_rate": 1.0, "out_of_bounds_rate": 0.0, "timeout_rate": 0.0, "policy_loss": -0.001866404665634036, "value_loss": 4.898168563842773, "entropy": 0.8628031611442566, "approx_kl": 0.007713885512202978, "clip_fraction": 0.17529296875, "grad_norm": 8.886136174201965, "explained_variance": 0.03703439235687256, "action_std_mean": 0.3726922869682312}
{"step": 60928, "wall_time": 1790606355.1638699, "episodes_completed": 1, "mean_episode_reward": -23.879819869995117, "std_episode_reward": 0.0, "min_episode_reward": -23.879819869995117, "max_episode_reward": -23.879819869995117, "mean_episode_length": 117.0, "success_rate": 0.0, "collision_rate": 1.0, "out_of_bounds_rate": 0.0, "timeout_rate": 0.0, "policy_loss": -0.010940855136141181, "value_loss": 5.109736204147339, "entropy": 0.8643842339515686, "approx_kl": 0.013437944289762527, "clip_fraction": 0.23779296875, "grad_norm": 12.32356083393097, "explained_variance": 0.03213357925415039, "action_std_mean": 0.3729192316532135}
{"step": 61440, "wall_time": 1790606360.9156163, "episodes_completed": 1, "mean_episode_reward": -26.20240020751953, "std_episode_reward": 0.0, "min_episode_reward": -26.20240020751953, "max_episode_reward": -26.20240020751953, "mean_episode_length": 17.0, "success_rate": 0.0, "collision_rate": 1.0, "out_of_bounds_rate": 0.0, "timeout_rate": 0.0, "policy_loss": -0.0044842304196208715, "value_loss": 6.282790541648865, "entropy": 0.8653743416070938, "approx_kl": 0.006741192395566031, "clip_fraction": 0.28955078125, "grad_norm": 12.102374792098999, "explained_variance": 0.11934137344360352, "action_std_mean": 0.37305229902267456}
{"step": 61952, "wall_time": 1790606368.1890378, "episodes_completed": 1, "mean_episode_reward": -25.566844940185547, "std_episode_reward": 0.0, "min_episode_reward": -25.566844940185547, "max_episode_reward": -25.566844940185547, "mean_episode_length": 51.0, "success_rate": 0.0, "collision_rate": 1.0, "out_of_bounds_rate": 0.0, "timeout_rate": 0.0, "policy_loss": 0.007975798565894365, "value_loss": 4.988367915153503, "entropy": 0.8660890609025955, "approx_kl": 0.04389087010349613, "clip_fraction": 0.35107421875, "grad_norm": 11.063481211662292, "explained_variance": 0.1390061378479004, "action_std_mean": 0.3732144236564636}
{"step": 62464, "wall_time": 1790606373.54778, "episodes_completed": 7, "mean_episode_reward": -28.674797875540598, "std_episode_reward": 9.16991450748599, "min_episode_reward": -50.40163803100586, "max_episode_reward": -22.221826553344727, "mean_episode_length": 15.142857142857142, "success_rate": 0.0, "collision_rate": 1.0, "out_of_bounds_rate": 0.0, "timeout_rate": 0.0, "policy_loss": 0.01225799648091197, "value_loss": 20.49556589126587, "entropy": 0.8669252991676331, "approx_kl": 0.007433078833855689, "clip_fraction": 0.28369140625, "grad_norm": 23.574897527694702, "explained_variance": 0.23166519403457642, "action_std_mean": 0.373318076133728}
{"step": 62976, "wall_time": 1790606379.2774086, "episodes_completed": 1, "mean_episode_reward": -24.595983505249023, "std_episode_reward": 0.0, "min_episode_reward": -24.595983505249023, "max_episode_reward": -24.595983505249023, "mean_episode_length": 41.0, "success_rate": 0.0, "collision_rate": 1.0, "out_of_bounds_rate": 0.0, "timeout_rate": 0.0, "policy_loss": 0.020153343211859465, "value_loss": 7.492477893829346, "entropy": 0.8674120754003525, "approx_kl": 0.046632339246571064, "clip_fraction": 0.45361328125, "grad_norm": 19.82923936843872, "explained_variance": -0.06983232498168945, "action_std_mean": 0.37341880798339844}
{"step": 63488, "wall_time": 1790606387.15841, "episodes_completed": 5, "mean_episode_reward": -30.60619239807129, "std_episode_reward": 10.056481633661832, "min_episode_reward": -50.23598098754883, "max_episode_reward": -23.636756896972656, "mean_episode_length": 27.0, "success_rate": 0.0, "collision_rate": 1.0, "out_of_bounds_rate": 0.0, "timeout_rate": 0.0, "policy_loss": 0.01561400224454701, "value_loss": 20.620961666107178, "entropy": 0.8679459095001221, "approx_kl": 0.015112253371626139, "clip_fraction": 0.232421875, "grad_norm": 25.647587537765503, "explained_variance": 0.49222296476364136, "action_std_mean": 0.37348219752311707}
{"step": 64000, "wall_time": 1790606392.663227, "episodes_completed": 3, "mean_episode_reward": -23.562843322753906, "std_episode_reward": 0.4085908478337458, "min_episode_reward": -23.870525360107422, "max_episode_reward": -22.985424041748047, "mean_episode_length": 12.666666666666666, "success_rate": 0.0, "collision_rate": 1.0, "out_of_bounds_rate": 0.0, "timeout_rate": 0.0, "policy_loss": 0.005885941500309855, "value_loss": 15.965565204620361, "entropy": 0.8680975437164307, "approx_kl": 0.04353203682694584, "clip_fraction": 0.3662109375, "grad_norm": 46.37953066825867, "explained_variance": 0.6408166885375977, "action_std_mean": 0.37347662448883057}
{"step": 64512, "wall_time": 1790606399.6607401, "episodes_completed": 3, "mean_episode_reward": -8.457033713658651, "std_episode_reward": 10.790846428853664, "min_episode_reward": -23.100322723388672, "max_episode_reward": 2.585378885269165, "mean_episode_length": 60.666666666666664, "success_rate": 0.0, "collision_rate": 0.6666666666666666, "out_of_bounds_rate": 0.0, "timeout_rate": 0.3333333333333333, "policy_loss": 0.005486372392624617, "value_loss": 20.681437492370605, "entropy": 0.8679701685905457, "approx_kl": 0.009901008219458163, "clip_fraction": 0.17138671875, "grad_norm": 30.93708872795105, "explained_variance": 0.4204820990562439, "action_std_mean": 0.3733832836151123}
{"step": 65024, "wall_time": 1790606405.2357993, "episodes_completed": 7, "mean_episode_reward": -30.228539058140345, "std_episode_reward": 14.308497489301143, "min_episode_reward": -50.10280990600586, "max_episode_reward": -7.037042617797852, "mean_episode_length": 24.857142857142858, "success_rate": 0.0, "collision_rate": 1.0, "out_of_bounds_rate": 0.0, "timeout_rate": 0.0, "policy_loss": 0.008013083599507809, "value_loss": 36.80920696258545, "entropy": 0.8673573434352875, "approx_kl": 0.008493713714415208, "clip_fraction": 0.09423828125, "grad_norm": 43.91596841812134, "explained_variance": 0.3521180748939514, "action_std_mean": 0.3732970654964447}
{"step": 65536, "wall_time": 1790606411.0267477, "episodes_completed": 7, "mean_episode_reward": -19.18613760811942, "std_episode_reward": 6.791344610554748, "min_episode_reward": -24.971466064453125, "max_episode_reward": -5.079381942749023, "mean_episode_length": 36.714285714285715, "success_rate": 0.0, "collision_rate": 1.0, "out_of_bounds_rate": 0.0, "timeout_rate": 0.0, "policy_loss": 0.010285345022566617, "value_loss": 25.503750324249268, "entropy": 0.8669915944337845, "approx_kl": 0.02110022192937322, "clip_fraction": 0.2705078125, "grad_norm": 33.76004123687744, "explained_variance": 0.601708173751831, "action_std_mean": 0.37322938442230225}
{"step": 66048, "wall_time": 1790606417.018561, "episodes_completed": 2, "mean_episode_reward": -16.70611000061035, "std_episode_reward": 8.326166152954102, "min_episode_reward": -25.032276153564453, "max_episode_reward": -8.37994384765625, "mean_episode_length": 51.0, "success_rate": 0.0, "collision_rate": 1.0, "out_of_bounds_rate": 0.0, "timeout_rate": 0.0, "policy_loss": 0.0036377643700689077, "value_loss": 19.64027738571167, "entropy": 0.8666227906942368, "approx_kl": 0.008988781133666635, "clip_fraction": 0.29931640625, "grad_norm": 29.849786281585693, "explained_variance": 0.3479230999946594, "action_std_mean": 0.3731641173362732}
{"step": 66560, "wall_time": 1790606422.4738722, "episodes_completed": 10, "mean_episode_reward": -25.53391580581665, "std_episode_reward": 9.083018052317046, "min_episode_reward": -49.967811584472656, "max_episode_reward": -11.754494667053223, "mean_episode_length": 25.8, "success_rate": 0.0, "collision_rate": 1.0, "out_of_bounds_rate": 0.0, "timeout_rate": 0.0, "policy_loss": -0.007415784988552332, "value_loss": 36.86621379852295, "entropy": 0.866275355219841, "approx_kl": 0.009834752694587223, "clip_fraction": 0.1259765625, "grad_norm": 36.01724052429199, "explained_variance": 0.5153288841247559, "action_std_mean": 0.3731161952018738}
{"step": 67072, "wall_time": 1790606428.8660567, "episodes_completed": 3, "mean_episode_reward": -26.976999918619793, "std_episode_reward": 2.516930607010144, "min_episode_reward": -30.528776168823242, "max_episode_reward": -24.998445510864258, "mean_episode_length": 23.333333333333332, "success_rate": 0.0, "collision_rate": 1.0, "out_of_bounds_rate": 0.0, "timeout_rate": 0.0, "policy_loss": 0.0016636778600513935, "value_loss": 11.273442029953003, "entropy": 0.866092175245285, "approx_kl": 0.012066246970789507, "clip_fraction": 0.14794921875, "grad_norm": 31.135699033737183, "explained_variance": 0.7372124195098877, "action_std_mean": 0.3730878233909607}
{"step": 67584, "wall_time": 1790606437.2744324, "episodes_completed": 1, "mean_episode_reward": -31.251083374023438, "std_episode_reward": 0.0, "min_episode_reward": -31.251083374023438, "max_episode_reward": -31.251083374023438, "mean_episode_length": 79.0, "success_rate": 0.0, "collision_rate": 1.0, "out_of_bounds_rate": 0.0, "timeout_rate": 0.0, "policy_loss": 0.01165222394047305, "value_loss": 11.483905553817749, "entropy": 0.8659543842077255, "approx_kl": 0.005443383386591449, "clip_fraction": 0.19970703125, "grad_norm": 67.77591824531555, "explained_variance": 0.6044391393661499, "action_std_mean": 0.37308552861213684}
{"step": 68096, "wall_time": 1790606445.0084484, "episodes_completed": 5, "mean_episode_reward": -27.16895923614502, "std_episode_reward": 6.799295644992954, "min_episode_reward": -34.83421325683594, "max_episode_reward": -15.464070320129395, "mean_episode_length": 48.2, "success_rate": 0.0, "collision_rate": 1.0, "out_of_bounds_rate": 0.0, "timeout_rate": 0.0, "policy_loss": -0.0021748471190221608, "value_loss": 18.48719024658203, "entropy": 0.8659778982400894, "approx_kl": 0.0038262948946794495, "clip_fraction": 0.1083984375, "grad_norm": 28.540889263153076, "explained_variance": 0.8036137223243713, "action_std_mean": 0.3730698227882385}
{"step": 68608, "wall_time": 1790606452.7735934, "episodes_completed": 5, "mean_episode_reward": -22.902401733398438, "std_episode_reward": 4.830410422845584, "min_episode_reward": -30.49170684814453, "max_episode_reward": -16.589427947998047, "mean_episode_length": 36.6, "success_rate": 0.0, "collision_rate": 1.0, "out_of_bounds_rate": 0.0, "timeout_rate": 0.0, "policy_loss": -0.002428753999993205, "value_loss": 20.006186962127686, "entropy": 0.8658042848110199, "approx_kl": 0.00936565428855829, "clip_fraction": 0.1318359375, "grad_norm": 28.860708713531494, "explained_variance": 0.8081433176994324, "action_std_mean": 0.37303686141967773}
{"step": 69120, "wall_time": 1790606459.1727438, "episodes_completed": 1, "mean_episode_reward": -21.79546546936035, "std_episode_reward": 0.0, "min_episode_reward": -21.79546546936035, "max_episode_reward": -21.79546546936035, "mean_episode_length": 11.0, "success_rate": 0.0, "collision_rate": 1.0, "out_of_bounds_rate": 0.0, "timeout_rate": 0.0, "policy_loss": 0.0043078160379081964, "value_loss": 12.560270309448242, "entropy": 0.8657178580760956, "approx_kl": 0.007360127056017518, "clip_fraction": 0.09130859375, "grad_norm": 63.480395793914795, "explained_variance": 0.7444031238555908, "action_std_mean": 0.37305155396461487}
{"step": 69632, "wall_time": 1790606466.4764302, "episodes_completed": 3, "mean_episode_reward": -28.7197322845459, "std_episode_reward": 2.5577870956558244, "min_episode_reward": -30.89216423034668, "max_episode_reward": -25.12875747680664, "mean_episode_length": 47.666666666666664, "success_rate": 0.0, "collision_rate": 1.0, "out_of_bounds_rate": 0.0, "timeout_rate": 0.0, "policy_loss": -3.1906296499073505e-05, "value_loss": 15.454104661941528, "entropy": 0.8658497482538223, "approx_kl": 0.007287225540494546, "clip_fraction": 0.12939453125, "grad_norm": 53.822871923446655, "explained_variance": 0.8550493717193604, "action_std_mean": 0.3730619549751282}
{"step": 70144, "wall_time": 1790606473.1927786, "episodes_completed": 3, "mean_episode_reward": -15.092216491699219, "std_episode_reward": 6.773259175887018, "min_episode_reward": -22.68425750732422, "max_episode_reward": -6.237911224365234, "mean_episode_length": 61.0, "success_rate": 0.0, "collision_rate": 1.0, "out_of_bounds_rate": 0.0, "timeout_rate": 0.0, "policy_loss": -0.0006262288661673665, "value_loss": 7.4826356172561646, "entropy": 0.8658645749092102, "approx_kl": 0.030778444866882637, "clip_fraction": 0.333984375, "grad_norm": 54.55091953277588, "explained_variance": 0.8674077391624451, "action_std_mean": 0.3730686902999878}
{"step": 70656, "wall_time": 1790606478.6303272, "episodes_completed": 5, "mean_episode_reward": -28.794606399536132, "std_episode_reward": 10.571554150757503, "min_episode_reward": -49.64528274536133, "max_episode_reward": -20.393835067749023, "mean_episode_length": 27.2, "success_rate": 0.0, "collision_rate": 1.0, "out_of_bounds_rate": 0.0, "timeout_rate": 0.0, "policy_loss": -0.0007547300774604082, "value_loss": 21.204684257507324, "entropy": 0.8658738881349564, "approx_kl": 0.006532007770147175, "clip_fraction": 0.13671875, "grad_norm": 40.89810276031494, "explained_variance": 0.6662184596061707, "action_std_mean": 0.3730447292327881}
{"step": 71168, "wall_time": 1790606485.6944988, "episodes_completed": 1, "mean_episode_reward": -24.72262191772461, "std_episode_reward": 0.0, "min_episode_reward": -24.72262191772461, "max_episode_reward": -24.72262191772461, "mean_episode_length": 72.0, "success_rate": 0.0, "collision_rate": 1.0, "out_of_bounds_rate": 0.0, "timeout_rate": 0.0, "policy_loss": -0.0018919078866019845, "value_loss": 3.177050292491913, "entropy": 0.8656416982412338, "approx_kl": 0.013871671224478632, "clip_fraction": 0.232421875, "grad_norm": 15.399700462818146, "explained_variance": 0.8910965919494629, "action_std_mean": 0.37297293543815613}
{"step": 71680, "wall_time": 1790606491.2011614, "episodes_completed": 2, "mean_episode_reward": -24.243976593017578, "std_episode_reward": 5.339008331298828, "min_episode_reward": -29.582984924316406, "max_episode_reward": -18.90496826171875, "mean_episode_length": 74.0, "success_rate": 0.0, "collision_rate": 1.0, "out_of_bounds_rate": 0.0, "timeout_rate": 0.0, "policy_loss": 0.006587832001969218, "value_loss": 16.09568953514099, "entropy": 0.8652925044298172, "approx_kl": 0.0066856636403827, "clip_fraction": 0.15771484375, "grad_norm": 18.686295986175537, "explained_variance": 0.25165289640426636, "action_std_mean": 0.3729695677757263}
{"step": 72192, "wall_time": 1790606497.6507163, "episodes_completed": 8, "mean_episode_reward": -27.601179838180542, "std_episode_reward": 8.77674118899003, "min_episode_reward": -50.20292282104492, "max_episode_reward": -20.009754180908203, "mean_episode_length": 25.125, "success_rate": 0.0, "collision_rate": 1.0, "out_of_bounds_rate": 0.0, "timeout_rate": 0.0, "policy_loss": 0.0007431039703078568, "value_loss": 22.53466272354126, "entropy": 0.865472674369812, "approx_kl": 0.008289809309644625, "clip_fraction": 0.158203125, "grad_norm": 35.517799377441406, "explained_variance": 0.027099132537841797, "action_std_mean": 0.373017281293869}
{"step": 72704, "wall_time": 1790606503.0874603, "episodes_completed": 5, "mean_episode_reward": -21.4558012008667, "std_episode_reward": 4.476843573943335, "min_episode_reward": -27.4417667388916, "max_episode_reward": -14.049126625061035, "mean_episode_length": 45.8, "success_rate": 0.0, "collision_rate": 1.0, "out_of_bounds_rate": 0.0, "timeout_rate": 0.0, "policy_loss": 0.0020708399824798107, "value_loss": 18.27137279510498, "entropy": 0.8656645566225052, "approx_kl": 0.009594767790986225, "clip_fraction": 0.08056640625, "grad_norm": 26.708027124404907, "explained_variance": 0.5935726165771484, "action_std_mean": 0.3730403780937195}
{"step": 73216, "wall_time": 1790606510.0249798, "episodes_completed": 4, "mean_episode_reward": -30.324726581573486, "std_episode_reward": 2.772539068602734, "min_episode_reward": -32.59621047973633, "max_episode_reward": -25.5885066986084, "mean_episode_length": 71.75, "success_rate": 0.0, "collision_rate": 1.0, "out_of_bounds_rate": 0.0, "timeout_rate": 0.0, "policy_loss": -0.0051834090845659375, "value_loss": 12.791226625442505, "entropy": 0.8657886534929276, "approx_kl": 0.015455868357094005, "clip_fraction": 0.3134765625, "grad_norm": 21.73560667037964, "explained_variance": 0.6011658906936646, "action_std_mean": 0.3730739951133728}
{"step": 73728, "wall_time": 1790606515.9819825, "episodes_completed": 5, "mean_episode_reward": -26.535753631591795, "std_episode_reward": 3.5685701862792176, "min_episode_reward": -30.363174438476562, "max_episode_reward": -20.603679656982422, "mean_episode_length": 46.2, "success_rate": 0.0, "collision_rate": 1.0, "out_of_bounds_rate": 0.0, "timeout_rate": 0.0, "policy_loss": 0.0012662917142733932, "value_loss": 12.413997650146484, "entropy": 0.8659281134605408, "approx_kl": 0.009227587521309033, "clip_fraction": 0.1875, "grad_norm": 20.91678810119629, "explained_variance": 0.8059489727020264, "action_std_mean": 0.3730502724647522}
{"step": 74240, "wall_time": 1790606522.005849, "episodes_completed": 2, "mean_episode_reward": -20.514790058135986, "std_episode_reward": 7.799584865570068, "min_episode_reward": -28.314374923706055, "max_episode_reward": -12.715205192565918, "mean_episode_length": 69.0, "success_rate": 0.0, "collision_rate": 1.0, "out_of_bounds_rate": 0.0, "timeout_rate": 0.0, "policy_loss": 0.001372484548483044, "value_loss": 18.777307987213135, "entropy": 0.8656934201717377, "approx_kl": 0.010910729091847315, "clip_fraction": 0.169921875, "grad_norm": 28.083444595336914, "explained_variance": 0.4340989589691162, "action_std_mean": 0.373016893863678}
{"step": 74752, "wall_time": 1790606530.2300882, "episodes_completed": 5, "mean_episode_reward": -39.89941673278808, "std_episode_reward": 12.332080179159806, "min_episode_reward": -50.18648147583008, "max_episode_reward": -24.535348892211914, "mean_episode_length": 6.0, "success_rate": 0.0, "collision_rate": 1.0, "out_of_bounds_rate": 0.0, "timeout_rate": 0.0, "policy_loss": 0.005375784705393016, "value_loss": 13.303148746490479, "entropy": 0.8656432628631592, "approx_kl": 0.02260629659576807, "clip_fraction": 0.2041015625, "grad_norm": 13.336345553398132, "explained_variance": 0.6901981234550476, "action_std_mean": 0.37305477261543274}
{"step": 75264, "wall_time": 1790606535.9526575, "episodes_completed": 3, "mean_episode_reward": -26.639118830362957, "std_episode_reward": 1.2949133730030675, "min_episode_reward": -28.391942977905273, "max_episode_reward": -25.3034610748291, "mean_episode_length": 43.0, "success_rate": 0.0, "collision_rate": 1.0, "out_of_bounds_rate": 0.0, "timeout_rate": 0.0, "policy_loss": 0.0030236748280003667, "value_loss": 9.058232307434082, "entropy": 0.8659462332725525, "approx_kl": 0.02945298956183251, "clip_fraction": 0.30908203125, "grad_norm": 10.860247015953064, "explained_variance": 0.7817595601081848, "action_std_mean": 0.3731108605861664}
{"step": 75776, "wall_time": 1790606544.0503633, "episodes_completed": 8, "mean_episode_reward": -25.36015558242798, "std_episode_reward": 1.2706143978401248, "min_episode_reward": -27.41433334350586, "max_episode_reward": -23.0692138671875, "mean_episode_length": 24.0, "success_rate": 0.0, "collision_rate": 1.0, "out_of_bounds_rate": 0.0, "timeout_rate": 0.0, "policy_loss": 0.022368387901224196, "value_loss": 15.79367446899414, "entropy": 0.8661939054727554, "approx_kl": 0.03946167169488035, "clip_fraction": 0.31298828125, "grad_norm": 21.571022033691406, "explained_variance": 0.7439992427825928, "action_std_mean": 0.3731529116630554}
{"step": 76288, "wall_time": 1790606550.2959545, "episodes_completed": 11, "mean_episode_reward": -20.727836435491387, "std_episode_reward": 5.753608368500496, "min_episode_reward": -25.078601837158203, "max_episode_reward": -5.0202484130859375, "mean_episode_length": 33.18181818181818, "success_rate": 0.0, "collision_rate": 1.0, "out_of_bounds_rate": 0.0, "timeout_rate": 0.0, "policy_loss": 0.013876175740733743, "value_loss": 28.11665391921997, "entropy": 0.8664605617523193, "approx_kl": 0.010877994252950884, "clip_fraction": 0.25634765625, "grad_norm": 28.184428691864014, "explained_variance": 0.5341143608093262, "action_std_mean": 0.3732326626777649}
{"step": 76800, "wall_time": 1790606559.7713776, "episodes_completed": 3, "mean_episode_reward": -30.931419372558594, "std_episode_reward": 13.762694196217629, "min_episode_reward": -50.034446716308594, "max_episode_reward": -18.151378631591797, "mean_episode_length": 35.0, "success_rate": 0.0, "collision_rate": 1.0, "out_of_bounds_rate": 0.0, "timeout_rate": 0.0, "policy_loss": 0.0084182049613446, "value_loss": 6.391784071922302, "entropy": 0.8670184463262558, "approx_kl": 0.0052713721815962344, "clip_fraction": 0.28662109375, "grad_norm": 10.357142090797424, "explained_variance": 0.8350781798362732, "action_std_mean": 0.37336575984954834}
{"step": 77312, "wall_time": 1790606565.4869118, "episodes_completed": 5, "mean_episode_reward": -21.805569458007813, "std_episode_reward": 3.1754841120713206, "min_episode_reward": -25.165447235107422, "max_episode_reward": -17.066078186035156, "mean_episode_length": 49.0, "success_rate": 0.0, "collision_rate": 1.0, "out_of_bounds_rate": 0.0, "timeout_rate": 0.0, "policy_loss": 0.002278775500599295, "value_loss": 12.044441938400269, "entropy": 0.8677899092435837, "approx_kl": 0.015437157358974218, "clip_fraction": 0.24609375, "grad_norm": 15.458030343055725, "explained_variance": 0.8265055418014526, "action_std_mean": 0.37351587414741516}
{"step": 77824, "wall_time": 1790606572.0947158, "episodes_completed": 1, "mean_episode_reward": -29.213899612426758, "std_episode_reward": 0.0, "min_episode_reward": -29.213899612426758, "max_episode_reward": -29.213899612426758, "mean_episode_length": 58.0, "success_rate": 0.0, "collision_rate": 1.0, "out_of_bounds_rate": 0.0, "timeout_rate": 0.0, "policy_loss": 0.000621350365690887, "value_loss": 12.471601009368896, "entropy": 0.8685675859451294, "approx_kl": 0.010355505655752495, "clip_fraction": 0.1435546875, "grad_norm": 39.52924990653992, "explained_variance": 0.6067597270011902, "action_std_mean": 0.3736751079559326}
{"step": 78336, "wall_time": 1790606577.470085, "episodes_completed": 1, "mean_episode_reward": -21.417634963989258, "std_episode_reward": 0.0, "min_episode_reward": -21.417634963989258, "max_episode_reward": -21.417634963989258, "mean_episode_length": 16.0, "success_rate": 0.0, "collision_rate": 1.0, "out_of_bounds_rate": 0.0, "timeout_rate": 0.0, "policy_loss": 0.00459765235427767, "value_loss": 9.4300217628479, "entropy": 0.8694859594106674, "approx_kl": 0.014338972105178982, "clip_fraction": 0.22705078125, "grad_norm": 28.63352632522583, "explained_variance": 0.6984002590179443, "action_std_mean": 0.3738469183444977}
{"step": 78848, "wall_time": 1790606585.210173, "episodes_completed": 4, "mean_episode_reward": -25.195502758026123, "std_episode_reward": 1.387099626716035, "min_episode_reward": -27.469863891601562, "max_episode_reward": -23.715307235717773, "mean_episode_length": 31.25, "success_rate": 0.0, "collision_rate": 1.0, "out_of_bounds_rate": 0.0, "timeout_rate": 0.0, "policy_loss": 0.01514359173597768, "value_loss": 13.923800230026245, "entropy": 0.8703551888465881, "approx_kl": 0.023374330878141336, "clip_fraction": 0.4111328125, "grad_norm": 27.957912921905518, "explained_variance": 0.779977560043335, "action_std_mean": 0.37398624420166016}
{"step": 79360, "wall_time": 1790606592.5602355, "episodes_completed": 4, "mean_episode_reward": -28.55808186531067, "std_episode_reward": 12.92764564418562, "min_episode_reward": -49.71830749511719, "max_episode_reward": -14.6085844039917, "mean_episode_length": 13.0, "success_rate": 0.0, "collision_rate": 1.0, "out_of_bounds_rate": 0.0, "timeout_rate": 0.0, "policy_loss": -0.0009073494002223015, "value_loss": 13.532652139663696, "entropy": 0.8710808604955673, "approx_kl": 0.0057165266189258546, "clip_fraction": 0.2021484375, "grad_norm": 19.753969073295593, "explained_variance": 0.6861865520477295, "action_std_mean": 0.37415897846221924}
{"step": 79872, "wall_time": 1790606597.9489162, "episodes_completed": 0, "mean_episode_reward": NaN, "std_episode_reward": NaN, "min_episode_reward": NaN, "max_episode_reward": NaN, "mean_episode_length": NaN, "success_rate": NaN, "collision_rate": NaN, "out_of_bounds_rate": NaN, "timeout_rate": NaN, "policy_loss": 0.0013036569580435753, "value_loss": 3.739091634750366, "entropy": 0.8721543550491333, "approx_kl": 0.008945171925006434, "clip_fraction": 0.18505859375, "grad_norm": 28.29328465461731, "explained_variance": 0.9123941659927368, "action_std_mean": 0.3743695616722107}
{"step": 80384, "wall_time": 1790606603.6307335, "episodes_completed": 3, "mean_episode_reward": -27.388367970784504, "std_episode_reward": 3.28034520234621, "min_episode_reward": -32.004905700683594, "max_episode_reward": -24.684268951416016, "mean_episode_length": 26.666666666666668, "success_rate": 0.0, "collision_rate": 1.0, "out_of_bounds_rate": 0.0, "timeout_rate": 0.0, "policy_loss": 0.010485759237781167, "value_loss": 19.49882173538208, "entropy": 0.873176321387291, "approx_kl": 0.0018217399920104071, "clip_fraction": 0.11767578125, "grad_norm": 54.571035861968994, "explained_variance": 0.4026089310646057, "action_std_mean": 0.3744944930076599}
{"step": 80896, "wall_time": 1790606609.0151043, "episodes_completed": 0, "mean_episode_reward": NaN, "std_episode_reward": NaN, "min_episode_reward": NaN, "max_episode_reward": NaN, "mean_episode_length": NaN, "success_rate": NaN, "collision_rate": NaN, "out_of_bounds_rate": NaN, "timeout_rate": NaN, "policy_loss": 0.009456738975131884, "value_loss": 7.151847720146179, "entropy": 0.8735051602125168, "approx_kl": 0.008579139277571812, "clip_fraction": 0.16943359375, "grad_norm": 15.263676643371582, "explained_variance": 0.04652184247970581, "action_std_mean": 0.37443041801452637}
{"step": 81408, "wall_time": 1790606614.294534, "episodes_completed": 3, "mean_episode_reward": -33.664835611979164, "std_episode_reward": 11.543760808455959, "min_episode_reward": -49.934791564941406, "max_episode_reward": -24.366233825683594, "mean_episode_length": 5.333333333333333, "success_rate": 0.0, "collision_rate": 1.0, "out_of_bounds_rate": 0.0, "timeout_rate": 0.0, "policy_loss": 0.008677811361849308, "value_loss": 12.045504570007324, "entropy": 0.8729023784399033, "approx_kl": 0.015751879662275314, "clip_fraction": 0.3173828125, "grad_norm": 25.392060041427612, "explained_variance": 0.3524699807167053, "action_std_mean": 0.37432169914245605}
{"step": 81920, "wall_time": 1790606619.4014602, "episodes_completed": 3, "mean_episode_reward": -24.514782587687176, "std_episode_reward": 1.0635826041767436, "min_episode_reward": -25.605947494506836, "max_episode_reward": -23.072633743286133, "mean_episode_length": 56.333333333333336, "success_rate": 0.0, "collision_rate": 1.0, "out_of_bounds_rate": 0.0, "timeout_rate": 0.0, "policy_loss": 0.012190960114821792, "value_loss": 17.36452341079712, "entropy": 0.8725393861532211, "approx_kl": 0.03438345668837428, "clip_fraction": 0.4228515625, "grad_norm": 35.82783794403076, "explained_variance": 0.37276172637939453, "action_std_mean": 0.37430500984191895}
{"step": 82432, "wall_time": 1790606624.6496944, "episodes_completed": 1, "mean_episode_reward": -19.255184173583984, "std_episode_reward": 0.0, "min_episode_reward": -19.255184173583984, "max_episode_reward": -19.255184173583984, "mean_episode_length": 26.0, "success_rate": 0.0, "collision_rate": 1.0, "out_of_bounds_rate": 0.0, "timeout_rate": 0.0, "policy_loss": -0.00014548047329299152, "value_loss": 10.547151565551758, "entropy": 0.8725184500217438, "approx_kl": 0.0030900084238965064, "clip_fraction": 0.09375, "grad_norm": 33.40588116645813, "explained_variance": 0.35677701234817505, "action_std_mean": 0.3743113577365875}
{"step": 82944, "wall_time": 1790606629.9179227, "episodes_completed": 1, "mean_episode_reward": -21.271968841552734, "std_episode_reward": 0.0, "min_episode_reward": -21.271968841552734, "max_episode_reward": -21.271968841552734, "mean_episode_length": 43.0, "success_rate": 0.0, "collision_rate": 1.0, "out_of_bounds_rate": 0.0, "timeout_rate": 0.0, "policy_loss": -0.003879619122017175, "value_loss": 7.602212905883789, "entropy": 0.8725779503583908, "approx_kl": 0.021655648219166324, "clip_fraction": 0.25341796875, "grad_norm": 42.835726737976074, "explained_variance": 0.7811088562011719, "action_std_mean": 0.37433376908302307}
{"step": 83456, "wall_time": 1790606635.1995957, "episodes_completed": 3, "mean_episode_reward": -29.537532806396484, "std_episode_reward": 14.423237271991656, "min_episode_reward": -49.93505859375, "max_episode_reward": -19.31962776184082, "mean_episode_length": 30.666666666666668, "success_rate": 0.0, "collision_rate": 1.0, "out_of_bounds_rate": 0.0, "timeout_rate": 0.0, "policy_loss": 0.002844238537363708, "value_loss": 18.543464183807373, "entropy": 0.8727074265480042, "approx_kl": 0.0077220154635142535, "clip_fraction": 0.115234375, "grad_norm": 40.89454174041748, "explained_variance": 0.6543397903442383, "action_std_mean": 0.3743534982204437}
{"step": 83968, "wall_time": 1790606640.4409628, "episodes_completed": 2, "mean_episode_reward": -34.294819831848145, "std_episode_reward": 15.369109153747559, "min_episode_reward": -49.6639289855957, "max_episode_reward": -18.925710678100586, "mean_episode_length": 38.5, "success_rate": 0.0, "collision_rate": 1.0, "out_of_bounds_rate": 0.0, "timeout_rate": 0.0, "policy_loss": 0.0017208342906087637, "value_loss": 14.828563690185547, "entropy": 0.8728181272745132, "approx_kl": 0.003379089874215424, "clip_fraction": 0.08935546875, "grad_norm": 44.137205958366394, "explained_variance": 0.5566719770431519, "action_std_mean": 0.37438976764678955}
{"step": 84480, "wall_time": 1790606645.8441324, "episodes_completed": 0, "mean_episode_reward": NaN, "std_episode_reward": NaN, "min_episode_reward": NaN, "max_episode_reward": NaN, "mean_episode_length": NaN, "success_rate": NaN, "collision_rate": NaN, "out_of_bounds_rate": NaN, "timeout_rate": NaN, "policy_loss": 0.007288079767022282, "value_loss": 13.662655353546143, "entropy": 0.8730336427688599, "approx_kl": 0.010183053993387148, "clip_fraction": 0.21337890625, "grad_norm": 37.75516152381897, "explained_variance": 0.5709941387176514, "action_std_mean": 0.37441563606262207}
{"step": 84992, "wall_time": 1790606651.6163886, "episodes_completed": 6, "mean_episode_reward": -30.132582028706867, "std_episode_reward": 13.999900161911109, "min_episode_reward": -49.93632507324219, "max_episode_reward": -18.33421516418457, "mean_episode_length": 42.666666666666664, "success_rate": 0.0, "collision_rate": 1.0, "out_of_bounds_rate": 0.0, "timeout_rate": 0.0, "policy_loss": 0.002087036380544305, "value_loss": 32.1034140586853, "entropy": 0.8731185048818588, "approx_kl": 0.0058656003820942715, "clip_fraction": 0.125, "grad_norm": 36.327348589897156, "explained_variance": 0.20978224277496338, "action_std_mean": 0.37442201375961304}
{"step": 85504, "wall_time": 1790606656.8324142, "episodes_completed": 4, "mean_episode_reward": -29.946648597717285, "std_episode_reward": 11.607212424174431, "min_episode_reward": -50.01606750488281, "max_episode_reward": -22.14504051208496, "mean_episode_length": 21.5, "success_rate": 0.0, "collision_rate": 1.0, "out_of_bounds_rate": 0.0, "timeout_rate": 0.0, "policy_loss": 0.003956159111112356, "value_loss": 10.072147607803345, "entropy": 0.873105064034462, "approx_kl": 0.0042323366506025195, "clip_fraction": 0.14453125, "grad_norm": 21.696879148483276, "explained_variance": 0.7757443189620972, "action_std_mean": 0.37439432740211487}
{"step": 86016, "wall_time": 1790606663.4959323, "episodes_completed": 2, "mean_episode_reward": -11.631661415100098, "std_episode_reward": 10.720107078552246, "min_episode_reward": -22.351768493652344, "max_episode_reward": -0.9115543365478516, "mean_episode_length": 87.0, "success_rate": 0.0, "collision_rate": 1.0, "out_of_bounds_rate": 0.0, "timeout_rate": 0.0, "policy_loss": -0.0010572184401098639, "value_loss": 13.551341533660889, "entropy": 0.8728730976581573, "approx_kl": 0.004591833800077438, "clip_fraction": 0.11376953125, "grad_norm": 46.40148854255676, "explained_variance": 0.4936710000038147, "action_std_mean": 0.3743378520011902}
{"step": 86528, "wall_time": 1790606668.8933256, "episodes_completed": 4, "mean_episode_reward": -22.138827323913574, "std_episode_reward": 2.4406284181475355, "min_episode_reward": -24.5150089263916, "max_episode_reward": -18.965335845947266, "mean_episode_length": 34.5, "success_rate": 0.0, "collision_rate": 1.0, "out_of_bounds_rate": 0.0, "timeout_rate": 0.0, "policy_loss": 0.0007892379071563482, "value_loss": 14.571347713470459, "entropy": 0.8725170493125916, "approx_kl": 0.010197172610787675, "clip_fraction": 0.1640625, "grad_norm": 17.05970060825348, "explained_variance": 0.70778489112854, "action_std_mean": 0.3742270767688751}
{"step": 87040, "wall_time": 1790606674.4702766, "episodes_completed": 3, "mean_episode_reward": -12.490371068318685, "std_episode_reward": 4.207701997649289, "min_episode_reward": -16.296260833740234, "max_episode_reward": -6.625919342041016, "mean_episode_length": 54.666666666666664, "success_rate": 0.0, "collision_rate": 1.0, "out_of_bounds_rate": 0.0, "timeout_rate": 0.0, "policy_loss": 0.005358494585379958, "value_loss": 13.99364447593689, "entropy": 0.8718253523111343, "approx_kl": 0.012065764574799687, "clip_fraction": 0.16064453125, "grad_norm": 23.002021551132202, "explained_variance": 0.6271765232086182, "action_std_mean": 0.37412089109420776}
{"step": 87552, "wall_time": 1790606679.8184257, "episodes_completed": 3, "mean_episode_reward": -30.70423634847005, "std_episode_reward": 13.845733068212935, "min_episode_reward": -50.255897521972656, "max_episode_reward": -20.003259658813477, "mean_episode_length": 66.66666666666667, "success_rate": 0.0, "collision_rate": 1.0, "out_of_bounds_rate": 0.0, "timeout_rate": 0.0, "policy_loss": 0.007306863088160753, "value_loss": 11.71180772781372, "entropy": 0.8714689612388611, "approx_kl": 0.016070807381765917, "clip_fraction": 0.27587890625, "grad_norm": 28.291869640350342, "explained_variance": 0.7579895257949829, "action_std_mean": 0.37412989139556885}
{"step": 88064, "wall_time": 1790606685.133939, "episodes_completed": 3, "mean_episode_reward": -21.422338485717773, "std_episode_reward": 3.151134667164369, "min_episode_reward": -25.049209594726562, "max_episode_reward": -17.366397857666016, "mean_episode_length": 26.333333333333332, "success_rate": 0.0, "collision_rate": 1.0, "out_of_bounds_rate": 0.0, "timeout_rate": 0.0, "policy_loss": 0.002593087265267968, "value_loss": 10.675464391708374, "entropy": 0.8716886043548584, "approx_kl": 0.012370535376248881, "clip_fraction": 0.3349609375, "grad_norm": 39.82454967498779, "explained_variance": 0.8450205326080322, "action_std_mean": 0.37418603897094727}
{"step": 88576, "wall_time": 1790606690.5991285, "episodes_completed": 1, "mean_episode_reward": -7.101612091064453, "std_episode_reward": 0.0, "min_episode_reward": -7.101612091064453, "max_episode_reward": -7.101612091064453, "mean_episode_length": 93.0, "success_rate": 0.0, "collision_rate": 1.0, "out_of_bounds_rate": 0.0, "timeout_rate": 0.0, "policy_loss": -0.0011629314394667745, "value_loss": 12.918962955474854, "entropy": 0.8719220161437988, "approx_kl": 0.025389881862793118, "clip_fraction": 0.25830078125, "grad_norm": 32.57174456119537, "explained_variance": 0.7868985533714294, "action_std_mean": 0.3742191791534424}
{"step": 89088, "wall_time": 1790606696.7477684, "episodes_completed": 5, "mean_episode_reward": -25.40767478942871, "std_episode_reward": 2.078953489871159, "min_episode_reward": -28.508419036865234, "max_episode_reward": -23.067768096923828, "mean_episode_length": 24.6, "success_rate": 0.0, "collision_rate": 1.0, "out_of_bounds_rate": 0.0, "timeout_rate": 0.0, "policy_loss": 0.009950505336746573, "value_loss": 14.84411907196045, "entropy": 0.8721795231103897, "approx_kl": 0.0416606551152654, "clip_fraction": 0.44921875, "grad_norm": 31.2394380569458, "explained_variance": 0.794585645198822, "action_std_mean": 0.374304860830307}
{"step": 89600, "wall_time": 1790606702.1260242, "episodes_completed": 1, "mean_episode_reward": -19.982851028442383, "std_episode_reward": 0.0, "min_episode_reward": -19.982851028442383, "max_episode_reward": -19.982851028442383, "mean_episode_length": 34.0, "success_rate": 0.0, "collision_rate": 1.0, "out_of_bounds_rate": 0.0, "timeout_rate": 0.0, "policy_loss": 0.013717846595682204, "value_loss": 12.686390399932861, "entropy": 0.8726733326911926, "approx_kl": 0.016692960547516122, "clip_fraction": 0.30712890625, "grad_norm": 42.48773431777954, "explained_variance": 0.6304503083229065, "action_std_mean": 0.3743705749511719}
{"step": 90112, "wall_time": 1790606707.2845454, "episodes_completed": 1, "mean_episode_reward": -23.901996612548828, "std_episode_reward": 0.0, "min_episode_reward": -23.901996612548828, "max_episode_reward": -23.901996612548828, "mean_episode_length": 55.0, "success_rate": 0.0, "collision_rate": 1.0, "out_of_bounds_rate": 0.0, "timeout_rate": 0.0, "policy_loss": 0.009702347801066935, "value_loss": 7.431987166404724, "entropy": 0.8728756159543991, "approx_kl": 0.005295941460644826, "clip_fraction": 0.0859375, "grad_norm": 26.14959192276001, "explained_variance": 0.8026003837585449, "action_std_mean": 0.3743589520454407}
{"step": 90624, "wall_time": 1790606713.328893, "episodes_completed": 2, "mean_episode_reward": 20.721080780029297, "std_episode_reward": 30.58236312866211, "min_episode_reward": -9.861282348632812, "max_episode_reward": 51.303443908691406, "mean_episode_length": 55.5, "success_rate": 0.5, "collision_rate": 0.5, "out_of_bounds_rate": 0.0, "timeout_rate": 0.0, "policy_loss": 0.021435781847685575, "value_loss": 73.18924713134766, "entropy": 0.8726696521043777, "approx_kl": 0.05341339668666478, "clip_fraction": 0.4541015625, "grad_norm": 43.19011735916138, "explained_variance": -0.19647395610809326, "action_std_mean": 0.37430664896965027}
{"step": 91136, "wall_time": 1790606719.4715376, "episodes_completed": 3, "mean_episode_reward": -21.221343358357746, "std_episode_reward": 3.2117116676613175, "min_episode_reward": -24.673662185668945, "max_episode_reward": -16.939062118530273, "mean_episode_length": 38.0, "success_rate": 0.0, "collision_rate": 1.0, "out_of_bounds_rate": 0.0, "timeout_rate": 0.0, "policy_loss": 0.0038951030001044273, "value_loss": 6.082109212875366, "entropy": 0.872544914484024, "approx_kl": 0.019979906966909766, "clip_fraction": 0.2099609375, "grad_norm": 32.58151578903198, "explained_variance": 0.8155083656311035, "action_std_mean": 0.3743400573730469}
{"step": 91648, "wall_time": 1790606726.196233, "episodes_completed": 3, "mean_episode_reward": -22.298817316691082, "std_episode_reward": 4.241521293243425, "min_episode_reward": -25.527673721313477, "max_episode_reward": -16.306419372558594, "mean_episode_length": 22.666666666666668, "success_rate": 0.0, "collision_rate": 1.0, "out_of_bounds_rate": 0.0, "timeout_rate": 0.0, "policy_loss": -0.0038207044126465917, "value_loss": 15.24110460281372, "entropy": 0.8728140443563461, "approx_kl": 0.0027454728551674634, "clip_fraction": 0.02783203125, "grad_norm": 55.19145965576172, "explained_variance": 0.5514769554138184, "action_std_mean": 0.3744041323661804}
{"step": 92160, "wall_time": 1790606732.9681861, "episodes_completed": 8, "mean_episode_reward": -25.405940055847168, "std_episode_reward": 9.831672831956402, "min_episode_reward": -49.98487091064453, "max_episode_reward": -16.813278198242188, "mean_episode_length": 20.875, "success_rate": 0.0, "collision_rate": 1.0, "out_of_bounds_rate": 0.0, "timeout_rate": 0.0, "policy_loss": 0.002707652049139142, "value_loss": 27.399070739746094, "entropy": 0.8731208592653275, "approx_kl": -0.0011137889378005639, "clip_fraction": 0.09375, "grad_norm": 52.67849683761597, "explained_variance": 0.6336967945098877, "action_std_mean": 0.37443023920059204}
{"step": 92672, "wall_time": 1790606738.14405, "episodes_completed": 2, "mean_episode_reward": -10.356410026550293, "std_episode_reward": 11.789374351501465, "min_episode_reward": -22.145784378051758, "max_episode_reward": 1.4329643249511719, "mean_episode_length": 82.0, "success_rate": 0.0, "collision_rate": 1.0, "out_of_bounds_rate": 0.0, "timeout_rate": 0.0, "policy_loss": 0.006463275291025639, "value_loss": 11.364500761032104, "entropy": 0.8731627017259598, "approx_kl": 0.0011269695387454703, "clip_fraction": 0.18359375, "grad_norm": 42.733445167541504, "explained_variance": 0.8150853514671326, "action_std_mean": 0.37442827224731445}
{"step": 93184, "wall_time": 1790606744.573558, "episodes_completed": 6, "mean_episode_reward": -23.111063957214355, "std_episode_reward": 3.7991953592190164, "min_episode_reward": -25.76141357421875, "max_episode_reward": -14.745983123779297, "mean_episode_length": 22.166666666666668, "success_rate": 0.0, "collision_rate": 1.0, "out_of_bounds_rate": 0.0, "timeout_rate": 0.0, "policy_loss": -0.0011541728163138032, "value_loss": 15.25223994255066, "entropy": 0.8731719255447388, "approx_kl": 0.007650246494449675, "clip_fraction": 0.1484375, "grad_norm": 28.78042984008789, "explained_variance": 0.8060451745986938, "action_std_mean": 0.37443163990974426}
{"step": 93696, "wall_time": 1790606749.779703, "episodes_completed": 1, "mean_episode_reward": -20.643735885620117, "std_episode_reward": 0.0, "min_episode_reward": -20.643735885620117, "max_episode_reward": -20.643735885620117, "mean_episode_length": 98.0, "success_rate": 0.0, "collision_rate": 1.0, "out_of_bounds_rate": 0.0, "timeout_rate": 0.0, "policy_loss": 4.947255365550518e-05, "value_loss": 11.920019626617432, "entropy": 0.8732346296310425, "approx_kl": -0.003693944454425946, "clip_fraction": 0.1064453125, "grad_norm": 32.200024127960205, "explained_variance": 0.858688235282898, "action_std_mean": 0.37448638677597046}
{"step": 94208, "wall_time": 1790606755.1606436, "episodes_completed": 2, "mean_episode_reward": -18.31929588317871, "std_episode_reward": 6.654033660888672, "min_episode_reward": -24.973329544067383, "max_episode_reward": -11.665262222290039, "mean_episode_length": 52.5, "success_rate": 0.0, "collision_rate": 1.0, "out_of_bounds_rate": 0.0, "timeout_rate": 0.0, "policy_loss": -0.004171456675976515, "value_loss": 6.8202255964279175, "entropy": 0.8736860603094101, "approx_kl": 0.007179655542131513, "clip_fraction": 0.14111328125, "grad_norm": 33.483479738235474, "explained_variance": 0.8968802690505981, "action_std_mean": 0.37460094690322876}
{"step": 94720, "wall_time": 1790606760.320022, "episodes_completed": 1, "mean_episode_reward": -4.713962554931641, "std_episode_reward": 0.0, "min_episode_reward": -4.713962554931641, "max_episode_reward": -4.713962554931641, "mean_episode_length": 111.0, "success_rate": 0.0, "collision_rate": 1.0, "out_of_bounds_rate": 0.0, "timeout_rate": 0.0, "policy_loss": 0.002086418739054352, "value_loss": 9.071728229522705, "entropy": 0.8742586672306061, "approx_kl": 0.007300696452148259, "clip_fraction": 0.07958984375, "grad_norm": 36.94725036621094, "explained_variance": 0.8795918822288513, "action_std_mean": 0.37466979026794434}
{"step": 95232, "wall_time": 1790606765.5320032, "episodes_completed": 7, "mean_episode_reward": -21.11388451712472, "std_episode_reward": 6.427268685367939, "min_episode_reward": -25.826927185058594, "max_episode_reward": -6.505764007568359, "mean_episode_length": 22.0, "success_rate": 0.0, "collision_rate": 1.0, "out_of_bounds_rate": 0.0, "timeout_rate": 0.0, "policy_loss": -0.0015797796659171581, "value_loss": 25.547617435455322, "entropy": 0.8745189011096954, "approx_kl": 0.007731124496785924, "clip_fraction": 0.12841796875, "grad_norm": 68.63712167739868, "explained_variance": 0.724791944026947, "action_std_mean": 0.3747137188911438}
{"step": 95744, "wall_time": 1790606770.731118, "episodes_completed": 0, "mean_episode_reward": NaN, "std_episode_reward": NaN, "min_episode_reward": NaN, "max_episode_reward": NaN, "mean_episode_length": NaN, "success_rate": NaN, "collision_rate": NaN, "out_of_bounds_rate": NaN, "timeout_rate": NaN, "policy_loss": -0.0009201975772157311, "value_loss": 20.304131507873535, "entropy": 0.8748004138469696, "approx_kl": 0.006021197099471465, "clip_fraction": 0.1318359375, "grad_norm": 34.441638231277466, "explained_variance": 0.6070470213890076, "action_std_mean": 0.37478703260421753}
{"step": 96256, "wall_time": 1790606776.0629268, "episodes_completed": 0, "mean_episode_reward": NaN, "std_episode_reward": NaN, "min_episode_reward": NaN, "max_episode_reward": NaN, "mean_episode_length": NaN, "success_rate": NaN, "collision_rate": NaN, "out_of_bounds_rate": NaN, "timeout_rate": NaN, "policy_loss": 0.010734302253695205, "value_loss": 6.503613829612732, "entropy": 0.8752365857362747, "approx_kl": 0.02870306250406429, "clip_fraction": 0.3134765625, "grad_norm": 43.99221181869507, "explained_variance": 0.8648512363433838, "action_std_mean": 0.37486618757247925}
{"step": 96768, "wall_time": 1790606782.9714403, "episodes_completed": 5, "mean_episode_reward": -16.87788543701172, "std_episode_reward": 9.42306028824641, "min_episode_reward": -25.344192504882812, "max_episode_reward": -1.6177310943603516, "mean_episode_length": 63.6, "success_rate": 0.0, "collision_rate": 1.0, "out_of_bounds_rate": 0.0, "timeout_rate": 0.0, "policy_loss": 0.009405746939592063, "value_loss": 27.746004581451416, "entropy": 0.8756125718355179, "approx_kl": 0.0008599174907431006, "clip_fraction": 0.19287109375, "grad_norm": 58.817227363586426, "explained_variance": 0.6407201886177063, "action_std_mean": 0.37491464614868164}
{"step": 97280, "wall_time": 1790606790.1705534, "episodes_completed": 4, "mean_episode_reward": -4.226929187774658, "std_episode_reward": 33.1832770337967, "min_episode_reward": -26.691286087036133, "max_episode_reward": 52.945518493652344, "mean_episode_length": 46.0, "success_rate": 0.25, "collision_rate": 0.75, "out_of_bounds_rate": 0.0, "timeout_rate": 0.0, "policy_loss": 0.015601968159899116, "value_loss": 75.46456909179688, "entropy": 0.8758021891117096, "approx_kl": 0.018819456920027733, "clip_fraction": 0.2001953125, "grad_norm": 76.94607925415039, "explained_variance": 0.2221396565437317, "action_std_mean": 0.3749346435070038}
{"step": 97792, "wall_time": 1790606795.443042, "episodes_completed": 4, "mean_episode_reward": -20.707733631134033, "std_episode_reward": 1.4552097662110957, "min_episode_reward": -22.250446319580078, "max_episode_reward": -19.143590927124023, "mean_episode_length": 29.5, "success_rate": 0.0, "collision_rate": 1.0, "out_of_bounds_rate": 0.0, "timeout_rate": 0.0, "policy_loss": 0.0008359408238902688, "value_loss": 19.996592044830322, "entropy": 0.8759247064590454, "approx_kl": 0.004717278890893795, "clip_fraction": 0.1396484375, "grad_norm": 46.02983117103577, "explained_variance": 0.7849410176277161, "action_std_mean": 0.37498214840888977}
{"step": 98304, "wall_time": 1790606800.5910342, "episodes_completed": 3, "mean_episode_reward": -25.765879948933918, "std_episode_reward": 0.7934733855969678, "min_episode_reward": -26.887052536010742, "max_episode_reward": -25.164932250976562, "mean_episode_length": 16.333333333333332, "success_rate": 0.0, "collision_rate": 1.0, "out_of_bounds_rate": 0.0, "timeout_rate": 0.0, "policy_loss": 0.028840822516940534, "value_loss": 14.852529287338257, "entropy": 0.8762370198965073, "approx_kl": 0.029397923673968762, "clip_fraction": 0.18994140625, "grad_norm": 76.80326700210571, "explained_variance": 0.8536695241928101, "action_std_mean": 0.37502726912498474}
{"step": 98816, "wall_time": 1790606806.159529, "episodes_completed": 1, "mean_episode_reward": -1.5430564880371094, "std_episode_reward": 0.0, "min_episode_reward": -1.5430564880371094, "max_episode_reward": -1.5430564880371094, "mean_episode_length": 89.0, "success_rate": 0.0, "collision_rate": 1.0, "out_of_bounds_rate": 0.0, "timeout_rate": 0.0, "policy_loss": 0.025207059690728784, "value_loss": 12.732715606689453, "entropy": 0.8763975352048874, "approx_kl": 0.017131145374150947, "clip_fraction": 0.30712890625, "grad_norm": 79.65013122558594, "explained_variance": 0.7767994999885559, "action_std_mean": 0.3750455379486084}
{"step": 99328, "wall_time": 1790606811.5088956, "episodes_completed": 4, "mean_episode_reward": -19.57373571395874, "std_episode_reward": 14.000182742390175, "min_episode_reward": -32.107696533203125, "max_episode_reward": 4.170415878295898, "mean_episode_length": 57.75, "success_rate": 0.0, "collision_rate": 1.0, "out_of_bounds_rate": 0.0, "timeout_rate": 0.0, "policy_loss": 0.01082303375005722, "value_loss": 23.039517879486084, "entropy": 0.8764991462230682, "approx_kl": 0.017200551184942015, "clip_fraction": 0.1923828125, "grad_norm": 70.6245813369751, "explained_variance": 0.7944765090942383, "action_std_mean": 0.3750740885734558}
{"step": 99840, "wall_time": 1790606816.6444952, "episodes_completed": 4, "mean_episode_reward": -23.88314390182495, "std_episode_reward": 2.291873142224552, "min_episode_reward": -25.681777954101562, "max_episode_reward": -19.9654541015625, "mean_episode_length": 20.75, "success_rate": 0.0, "collision_rate": 1.0, "out_of_bounds_rate": 0.0, "timeout_rate": 0.0, "policy_loss": -0.0004386573564261198, "value_loss": 18.748744010925293, "entropy": 0.8767131567001343, "approx_kl": 0.0038532096659764647, "clip_fraction": 0.1337890625, "grad_norm": 28.88183844089508, "explained_variance": 0.8575581312179565, "action_std_mean": 0.37514495849609375}
{"step": 100352, "wall_time": 1790606822.4524486, "episodes_completed": 1, "mean_episode_reward": 0.6535873413085938, "std_episode_reward": 0.0, "min_episode_reward": 0.6535873413085938, "max_episode_reward": 0.6535873413085938, "mean_episode_length": 77.0, "success_rate": 0.0, "collision_rate": 1.0, "out_of_bounds_rate": 0.0, "timeout_rate": 0.0, "policy_loss": 0.0025670501636341214, "value_loss": 17.088703155517578, "entropy": 0.8771910220384598, "approx_kl": 0.011468103912193328, "clip_fraction": 0.162109375, "grad_norm": 35.747610092163086, "explained_variance": 0.6966236233711243, "action_std_mean": 0.37525880336761475}
{"step": 100864, "wall_time": 1790606827.8535366, "episodes_completed": 0, "mean_episode_reward": NaN, "std_episode_reward": NaN, "min_episode_reward": NaN, "max_episode_reward": NaN, "mean_episode_length": NaN, "success_rate": NaN, "collision_rate": NaN, "out_of_bounds_rate": NaN, "timeout_rate": NaN, "policy_loss": -0.0011530340416356921, "value_loss": 3.231175422668457, "entropy": 0.8777333647012711, "approx_kl": 0.014112654243945144, "clip_fraction": 0.2470703125, "grad_norm": 14.097817182540894, "explained_variance": 0.9523115754127502, "action_std_mean": 0.375274658203125}
{"step": 101376, "wall_time": 1790606833.1809826, "episodes_completed": 1, "mean_episode_reward": -9.516119003295898, "std_episode_reward": 0.0, "min_episode_reward": -9.516119003295898, "max_episode_reward": -9.516119003295898, "mean_episode_length": 54.0, "success_rate": 0.0, "collision_rate": 1.0, "out_of_bounds_rate": 0.0, "timeout_rate": 0.0, "policy_loss": 0.013218016945756972, "value_loss": 4.199960470199585, "entropy": 0.8774679750204086, "approx_kl": 0.009177175001241267, "clip_fraction": 0.21240234375, "grad_norm": 24.212886095046997, "explained_variance": 0.9089932441711426, "action_std_mean": 0.37516459822654724}
{"step": 101888, "wall_time": 1790606838.4778378, "episodes_completed": 1, "mean_episode_reward": -34.16593933105469, "std_episode_reward": 0.0, "min_episode_reward": -34.16593933105469, "max_episode_reward": -34.16593933105469, "mean_episode_length": 42.0, "success_rate": 0.0, "collision_rate": 1.0, "out_of_bounds_rate": 0.0, "timeout_rate": 0.0, "policy_loss": -0.0030963837634772062, "value_loss": 3.1391536593437195, "entropy": 0.8768631517887115, "approx_kl": 0.00432650838047266, "clip_fraction": 0.203125, "grad_norm": 11.900861144065857, "explained_variance": 0.9026601314544678, "action_std_mean": 0.375046968460083}
{"step": 102400, "wall_time": 1790606843.6175394, "episodes_completed": 3, "mean_episode_reward": -20.132699330647785, "std_episode_reward": 3.68630164187808, "min_episode_reward": -25.126453399658203, "max_episode_reward": -16.339656829833984, "mean_episode_length": 72.0, "success_rate": 0.0, "collision_rate": 1.0, "out_of_bounds_rate": 0.0, "timeout_rate": 0.0, "policy_loss": 0.005519555066712201, "value_loss": 24.449114322662354, "entropy": 0.8762470781803131, "approx_kl": 0.00494561149389483, "clip_fraction": 0.125, "grad_norm": 43.98797559738159, "explained_variance": 0.3626558184623718, "action_std_mean": 0.3749489486217499}
{"step": 102912, "wall_time": 1790606848.7450266, "episodes_completed": 2, "mean_episode_reward": -25.051520347595215, "std_episode_reward": 2.0164308547973633, "min_episode_reward": -27.067951202392578, "max_episode_reward": -23.03508949279785, "mean_episode_length": 58.5, "success_rate": 0.0, "collision_rate": 1.0, "out_of_bounds_rate": 0.0, "timeout_rate": 0.0, "policy_loss": 0.01237676723394543, "value_loss": 22.10108995437622, "entropy": 0.8757792711257935, "approx_kl": 0.016810205444926396, "clip_fraction": 0.1630859375, "grad_norm": 33.21925187110901, "explained_variance": 0.21572977304458618, "action_std_mean": 0.3748798072338104}
{"step": 103424, "wall_time": 1790606853.918823, "episodes_completed": 0, "mean_episode_reward": NaN, "std_episode_reward": NaN, "min_episode_reward": NaN, "max_episode_reward": NaN, "mean_episode_length": NaN, "success_rate": NaN, "collision_rate": NaN, "out_of_bounds_rate": NaN, "timeout_rate": NaN, "policy_loss": 0.01562159473542124, "value_loss": 9.042814016342163, "entropy": 0.875482589006424, "approx_kl": 0.0353183968400117, "clip_fraction": 0.40234375, "grad_norm": 58.00854778289795, "explained_variance": 0.3587033748626709, "action_std_mean": 0.3748563528060913}
{"step": 103936, "wall_time": 1790606859.0012226, "episodes_completed": 3, "mean_episode_reward": -24.425322850545246, "std_episode_reward": 4.601684218310968, "min_episode_reward": -29.568809509277344, "max_episode_reward": -18.40080451965332, "mean_episode_length": 48.0, "success_rate": 0.0, "collision_rate": 1.0, "out_of_bounds_rate": 0.0, "timeout_rate": 0.0, "policy_loss": 0.002677562879398465, "value_loss": 9.392724990844727, "entropy": 0.8754435777664185, "approx_kl": 0.011569878479349427, "clip_fraction": 0.17041015625, "grad_norm": 52.996479988098145, "explained_variance": 0.7041555047035217, "action_std_mean": 0.3748645782470703}
{"step": 104448, "wall_time": 1790606864.1684735, "episodes_completed": 3, "mean_episode_reward": -23.691823323567707, "std_episode_reward": 4.013483947350107, "min_episode_reward": -27.97359275817871, "max_episode_reward": -18.324188232421875, "mean_episode_length": 75.0, "success_rate": 0.0, "collision_rate": 1.0, "out_of_bounds_rate": 0.0, "timeout_rate": 0.0, "policy_loss": 0.006311280361842364, "value_loss": 13.224217653274536, "entropy": 0.8754854947328568, "approx_kl": 0.011878541539772414, "clip_fraction": 0.12939453125, "grad_norm": 61.20774507522583, "explained_variance": 0.6026381254196167, "action_std_mean": 0.3748655319213867}
{"step": 104960, "wall_time": 1790606869.446392, "episodes_completed": 3, "mean_episode_reward": -24.039520899454754, "std_episode_reward": 0.707949024734082, "min_episode_reward": -24.60597801208496, "max_episode_reward": -23.041357040405273, "mean_episode_length": 41.0, "success_rate": 0.0, "collision_rate": 1.0, "out_of_bounds_rate": 0.0, "timeout_rate": 0.0, "policy_loss": 0.00657768314704299, "value_loss": 19.10826587677002, "entropy": 0.8754661977291107, "approx_kl": 0.0062969162536319345, "clip_fraction": 0.0673828125, "grad_norm": 70.202796459198, "explained_variance": 0.4609113931655884, "action_std_mean": 0.3748980164527893}
{"step": 105472, "wall_time": 1790606874.6460805, "episodes_completed": 0, "mean_episode_reward": NaN, "std_episode_reward": NaN, "min_episode_reward": NaN, "max_episode_reward": NaN, "mean_episode_length": NaN, "success_rate": NaN, "collision_rate": NaN, "out_of_bounds_rate": NaN, "timeout_rate": NaN, "policy_loss": -0.005708055105060339, "value_loss": 4.485601544380188, "entropy": 0.8758184611797333, "approx_kl": 0.01769007131224498, "clip_fraction": 0.26025390625, "grad_norm": 25.180144429206848, "explained_variance": -0.06174671649932861, "action_std_mean": 0.3749416172504425}
{"step": 105984, "wall_time": 1790606879.756262, "episodes_completed": 2, "mean_episode_reward": -20.26682472229004, "std_episode_reward": 4.190011978149414, "min_episode_reward": -24.456836700439453, "max_episode_reward": -16.076812744140625, "mean_episode_length": 23.0, "success_rate": 0.0, "collision_rate": 1.0, "out_of_bounds_rate": 0.0, "timeout_rate": 0.0, "policy_loss": 0.01120880781672895, "value_loss": 11.065508842468262, "entropy": 0.8758709728717804, "approx_kl": 0.010599838686175644, "clip_fraction": 0.10791015625, "grad_norm": 39.44912934303284, "explained_variance": 0.5911102294921875, "action_std_mean": 0.3749377429485321}
{"step": 106496, "wall_time": 1790606884.8670619, "episodes_completed": 0, "mean_episode_reward": NaN, "std_episode_reward": NaN, "min_episode_reward": NaN, "max_episode_reward": NaN, "mean_episode_length": NaN, "success_rate": NaN, "collision_rate": NaN, "out_of_bounds_rate": NaN, "timeout_rate": NaN, "policy_loss": 0.023786823556292802, "value_loss": 4.402144908905029, "entropy": 0.8759096413850784, "approx_kl": 0.012531656539067626, "clip_fraction": 0.35595703125, "grad_norm": 45.212485790252686, "explained_variance": 0.8401248455047607, "action_std_mean": 0.3749692440032959}
{"step": 107008, "wall_time": 1790606890.370652, "episodes_completed": 0, "mean_episode_reward": NaN, "std_episode_reward": NaN, "min_episode_reward": NaN, "max_episode_reward": NaN, "mean_episode_length": NaN, "success_rate": NaN, "collision_rate": NaN, "out_of_bounds_rate": NaN, "timeout_rate": NaN, "policy_loss": 0.01524802902713418, "value_loss": 3.4765576124191284, "entropy": 0.8760695606470108, "approx_kl": 0.03314323726226576, "clip_fraction": 0.357421875, "grad_norm": 46.94355773925781, "explained_variance": 0.9017233848571777, "action_std_mean": 0.3749832212924957}
{"step": 107520, "wall_time": 1790606898.648436, "episodes_completed": 4, "mean_episode_reward": -26.628092288970947, "std_episode_reward": 18.275766178257083, "min_episode_reward": -49.92085647583008, "max_episode_reward": -0.10657501220703125, "mean_episode_length": 59.5, "success_rate": 0.0, "collision_rate": 1.0, "out_of_bounds_rate": 0.0, "timeout_rate": 0.0, "policy_loss": 0.008745528059080243, "value_loss": 15.304266452789307, "entropy": 0.8761589229106903, "approx_kl": 0.006688747744192369, "clip_fraction": 0.07373046875, "grad_norm": 43.730735301971436, "explained_variance": 0.7718206644058228, "action_std_mean": 0.3750109374523163}
{"step": 108032, "wall_time": 1790606904.1239684, "episodes_completed": 7, "mean_episode_reward": -24.667685781206405, "std_episode_reward": 8.342120689773438, "min_episode_reward": -43.66439437866211, "max_episode_reward": -15.223795890808105, "mean_episode_length": 37.714285714285715, "success_rate": 0.0, "collision_rate": 1.0, "out_of_bounds_rate": 0.0, "timeout_rate": 0.0, "policy_loss": 7.972121238708496e-06, "value_loss": 26.669265747070312, "entropy": 0.8762866407632828, "approx_kl": 0.010756989475339651, "clip_fraction": 0.16015625, "grad_norm": 45.11424899101257, "explained_variance": 0.6869152784347534, "action_std_mean": 0.37500977516174316}
{"step": 108544, "wall_time": 1790606909.6375618, "episodes_completed": 3, "mean_episode_reward": -14.67423947652181, "std_episode_reward": 8.52234825814139, "min_episode_reward": -24.789812088012695, "max_episode_reward": -3.941770553588867, "mean_episode_length": 80.33333333333333, "success_rate": 0.0, "collision_rate": 1.0, "out_of_bounds_rate": 0.0, "timeout_rate": 0.0, "policy_loss": 0.0032138893147930503, "value_loss": 9.746100187301636, "entropy": 0.876192569732666, "approx_kl": 0.0058543572085909545, "clip_fraction": 0.0751953125, "grad_norm": 41.41294288635254, "explained_variance": 0.8454459309577942, "action_std_mean": 0.3749713897705078}
{"step": 109056, "wall_time": 1790606916.1725101, "episodes_completed": 1, "mean_episode_reward": -22.309478759765625, "std_episode_reward": 0.0, "min_episode_reward": -22.309478759765625, "max_episode_reward": -22.309478759765625, "mean_episode_length": 18.0, "success_rate": 0.0, "collision_rate": 1.0, "out_of_bounds_rate": 0.0, "timeout_rate": 0.0, "policy_loss": 0.001410100026987493, "value_loss": 9.94852352142334, "entropy": 0.875858411192894, "approx_kl": 0.012925151531817392, "clip_fraction": 0.23046875, "grad_norm": 19.215728282928467, "explained_variance": 0.7748544812202454, "action_std_mean": 0.37484633922576904}
{"step": 109568, "wall_time": 1790606921.528562, "episodes_completed": 0, "mean_episode_reward": NaN, "std_episode_reward": NaN, "min_episode_reward": NaN, "max_episode_reward": NaN, "mean_episode_length": NaN, "success_rate": NaN, "collision_rate": NaN, "out_of_bounds_rate": NaN, "timeout_rate": NaN, "policy_loss": 0.0026931052561849356, "value_loss": 16.758280277252197, "entropy": 0.8750634491443634, "approx_kl": 0.012406601279508322, "clip_fraction": 0.19970703125, "grad_norm": 60.45214366912842, "explained_variance": 0.35313940048217773, "action_std_mean": 0.37469053268432617}
{"step": 110080, "wall_time": 1790606927.0878222, "episodes_completed": 1, "mean_episode_reward": -25.736494064331055, "std_episode_reward": 0.0, "min_episode_reward": -25.736494064331055, "max_episode_reward": -25.736494064331055, "mean_episode_length": 111.0, "success_rate": 0.0, "collision_rate": 1.0, "out_of_bounds_rate": 0.0, "timeout_rate": 0.0, "policy_loss": 0.012938579951878637, "value_loss": 4.045640766620636, "entropy": 0.8743022382259369, "approx_kl": 0.00646837025124114, "clip_fraction": 0.25390625, "grad_norm": 30.201658010482788, "explained_variance": 0.8653218150138855, "action_std_mean": 0.3745589852333069}
{"step": 110592, "wall_time": 1790606932.4070442, "episodes_completed": 1, "mean_episode_reward": -26.827518463134766, "std_episode_reward": 0.0, "min_episode_reward": -26.827518463134766, "max_episode_reward": -26.827518463134766, "mean_episode_length": 8.0, "success_rate": 0.0, "collision_rate": 1.0, "out_of_bounds_rate": 0.0, "timeout_rate": 0.0, "policy_loss": -0.002522421535104513, "value_loss": 2.2964490056037903, "entropy": 0.8735474348068237, "approx_kl": 0.0012613750295713544, "clip_fraction": 0.10400390625, "grad_norm": 12.69667673110962, "explained_variance": 0.9101781845092773, "action_std_mean": 0.3743985593318939}
{"step": 111104, "wall_time": 1790606937.6264136, "episodes_completed": 5, "mean_episode_reward": -16.33828201293945, "std_episode_reward": 38.032327586767884, "min_episode_reward": -50.27405548095703, "max_episode_reward": 52.29119873046875, "mean_episode_length": 24.8, "success_rate": 0.2, "collision_rate": 0.8, "out_of_bounds_rate": 0.0, "timeout_rate": 0.0, "policy_loss": 3.0466937460005283e-05, "value_loss": 86.79874420166016, "entropy": 0.8727176338434219, "approx_kl": 0.007980912254424766, "clip_fraction": 0.142578125, "grad_norm": 74.78354835510254, "explained_variance": 0.23770779371261597, "action_std_mean": 0.37428128719329834}
{"step": 111616, "wall_time": 1790606943.5023198, "episodes_completed": 7, "mean_episode_reward": -23.980471474783762, "std_episode_reward": 6.883737688541014, "min_episode_reward": -37.542701721191406, "max_episode_reward": -14.03469467163086, "mean_episode_length": 31.714285714285715, "success_rate": 0.0, "collision_rate": 1.0, "out_of_bounds_rate": 0.0, "timeout_rate": 0.0, "policy_loss": -0.003948849276639521, "value_loss": 28.348405838012695, "entropy": 0.8722712844610214, "approx_kl": 0.00856255873804912, "clip_fraction": 0.11865234375, "grad_norm": 46.14553737640381, "explained_variance": 0.6692953705787659, "action_std_mean": 0.3742474317550659}
{"step": 112128, "wall_time": 1790606948.7927275, "episodes_completed": 3, "mean_episode_reward": -21.998942057291668, "std_episode_reward": 1.4661929123782886, "min_episode_reward": -23.717185974121094, "max_episode_reward": -20.13467788696289, "mean_episode_length": 29.666666666666668, "success_rate": 0.0, "collision_rate": 1.0, "out_of_bounds_rate": 0.0, "timeout_rate": 0.0, "policy_loss": 0.008381289022509009, "value_loss": 23.99602508544922, "entropy": 0.8721917420625687, "approx_kl": 0.014825134348939173, "clip_fraction": 0.22802734375, "grad_norm": 45.172539710998535, "explained_variance": 0.6711156368255615, "action_std_mean": 0.3742445111274719}
{"step": 112640, "wall_time": 1790606954.6091275, "episodes_completed": 2, "mean_episode_reward": -22.262537002563477, "std_episode_reward": 3.148469924926758, "min_episode_reward": -25.411006927490234, "max_episode_reward": -19.11406707763672, "mean_episode_length": 21.5, "success_rate": 0.0, "collision_rate": 1.0, "out_of_bounds_rate": 0.0, "timeout_rate": 0.0, "policy_loss": 0.007592518115416169, "value_loss": 20.433200359344482, "entropy": 0.8721731305122375, "approx_kl": 0.008555702239391394, "clip_fraction": 0.22412109375, "grad_norm": 67.33861923217773, "explained_variance": 0.6928038597106934, "action_std_mean": 0.3742470145225525}
{"step": 113152, "wall_time": 1790606959.7031217, "episodes_completed": 2, "mean_episode_reward": -20.938926696777344, "std_episode_reward": 4.149280548095703, "min_episode_reward": -25.088207244873047, "max_episode_reward": -16.78964614868164, "mean_episode_length": 25.5, "success_rate": 0.0, "collision_rate": 1.0, "out_of_bounds_rate": 0.0, "timeout_rate": 0.0, "policy_loss": -0.0004286636831238866, "value_loss": 17.920997142791748, "entropy": 0.8722166419029236, "approx_kl": 0.003996822895715013, "clip_fraction": 0.16943359375, "grad_norm": 55.57094192504883, "explained_variance": 0.6859426498413086, "action_std_mean": 0.3742625117301941}
{"step": 113664, "wall_time": 1790606966.282639, "episodes_completed": 2, "mean_episode_reward": -24.437286376953125, "std_episode_reward": 2.7255420684814453, "min_episode_reward": -27.16282844543457, "max_episode_reward": -21.71174430847168, "mean_episode_length": 43.5, "success_rate": 0.0, "collision_rate": 1.0, "out_of_bounds_rate": 0.0, "timeout_rate": 0.0, "policy_loss": 0.0009495525155216455, "value_loss": 8.383435726165771, "entropy": 0.872307226061821, "approx_kl": 0.01116164939594455, "clip_fraction": 0.15087890625, "grad_norm": 29.910983562469482, "explained_variance": 0.8779802918434143, "action_std_mean": 0.3742777109146118}
{"step": 114176, "wall_time": 1790606971.3647592, "episodes_completed": 1, "mean_episode_reward": -22.266164779663086, "std_episode_reward": 0.0, "min_episode_reward": -22.266164779663086, "max_episode_reward": -22.266164779663086, "mean_episode_length": 6.0, "success_rate": 0.0, "collision_rate": 1.0, "out_of_bounds_rate": 0.0, "timeout_rate": 0.0, "policy_loss": 0.0034250025637447834, "value_loss": 9.448450088500977, "entropy": 0.8724184036254883, "approx_kl": 0.00575488772301469, "clip_fraction": 0.21630859375, "grad_norm": 45.721068382263184, "explained_variance": 0.7676520943641663, "action_std_mean": 0.3743289113044739}
{"step": 114688, "wall_time": 1790606977.0150454, "episodes_completed": 0, "mean_episode_reward": NaN, "std_episode_reward": NaN, "min_episode_reward": NaN, "max_episode_reward": NaN, "mean_episode_length": NaN, "success_rate": NaN, "collision_rate": NaN, "out_of_bounds_rate": NaN, "timeout_rate": NaN, "policy_loss": 0.008625214570201933, "value_loss": 7.347467064857483, "entropy": 0.872830405831337, "approx_kl": 0.03258452849695459, "clip_fraction": 0.34326171875, "grad_norm": 37.58866488933563, "explained_variance": 0.6419764757156372, "action_std_mean": 0.37446922063827515}
{"step": 115200, "wall_time": 1790606982.5482438, "episodes_completed": 4, "mean_episode_reward": -33.342617988586426, "std_episode_reward": 10.258688559151894, "min_episode_reward": -50.483463287353516, "max_episode_reward": -24.88825798034668, "mean_episode_length": 29.0, "success_rate": 0.0, "collision_rate": 1.0, "out_of_bounds_rate": 0.0, "timeout_rate": 0.0, "policy_loss": 0.020532934460788965, "value_loss": 9.600809812545776, "entropy": 0.87374347448349, "approx_kl": 0.07246310001937672, "clip_fraction": 0.50439453125, "grad_norm": 30.540018796920776, "explained_variance": 0.8507705926895142, "action_std_mean": 0.3746262788772583}
{"step": 115712, "wall_time": 1790606988.0861292, "episodes_completed": 2, "mean_episode_reward": -27.98041534423828, "std_episode_reward": 2.809833526611328, "min_episode_reward": -30.79024887084961, "max_episode_reward": -25.170581817626953, "mean_episode_length": 41.0, "success_rate": 0.0, "collision_rate": 1.0, "out_of_bounds_rate": 0.0, "timeout_rate": 0.0, "policy_loss": 0.006420188001357019, "value_loss": 18.177681922912598, "entropy": 0.8744099140167236, "approx_kl": 0.011146883945912123, "clip_fraction": 0.11865234375, "grad_norm": 48.026822328567505, "explained_variance": 0.713854193687439, "action_std_mean": 0.37471461296081543}
{"step": 116224, "wall_time": 1790606994.197643, "episodes_completed": 2, "mean_episode_reward": -10.495481491088867, "std_episode_reward": 8.850109100341797, "min_episode_reward": -19.345590591430664, "max_episode_reward": -1.6453723907470703, "mean_episode_length": 53.5, "success_rate": 0.0, "collision_rate": 1.0, "out_of_bounds_rate": 0.0, "timeout_rate": 0.0, "policy_loss": 0.014679247367894277, "value_loss": 13.161288976669312, "entropy": 0.8748192489147186, "approx_kl": 0.008242755517130718, "clip_fraction": 0.1845703125, "grad_norm": 61.63223719596863, "explained_variance": 0.704547643661499, "action_std_mean": 0.3747667074203491}
{"step": 116736, "wall_time": 1790606999.7938242, "episodes_completed": 5, "mean_episode_reward": -22.797595977783203, "std_episode_reward": 1.9926195063826113, "min_episode_reward": -25.238056182861328, "max_episode_reward": -19.2568359375, "mean_episode_length": 26.4, "success_rate": 0.0, "collision_rate": 1.0, "out_of_bounds_rate": 0.0, "timeout_rate": 0.0, "policy_loss": 0.034809761331416667, "value_loss": 19.235554218292236, "entropy": 0.8750306665897369, "approx_kl": 0.02499166088819038, "clip_fraction": 0.3642578125, "grad_norm": 46.87241554260254, "explained_variance": 0.6464987993240356, "action_std_mean": 0.37480634450912476}
{"step": 117248, "wall_time": 1790607005.1481366, "episodes_completed": 7, "mean_episode_reward": -23.581686564854213, "std_episode_reward": 6.065406256382788, "min_episode_reward": -32.132747650146484, "max_episode_reward": -10.720430374145508, "mean_episode_length": 32.0, "success_rate": 0.0, "collision_rate": 1.0, "out_of_bounds_rate": 0.0, "timeout_rate": 0.0, "policy_loss": 0.007555881165899336, "value_loss": 27.147915363311768, "entropy": 0.8752817958593369, "approx_kl": 0.02896792047249619, "clip_fraction": 0.3359375, "grad_norm": 65.68853807449341, "explained_variance": 0.7076835632324219, "action_std_mean": 0.3748568594455719}
{"step": 117760, "wall_time": 1790607012.229771, "episodes_completed": 5, "mean_episode_reward": -16.974668884277342, "std_episode_reward": 8.491390979738144, "min_episode_reward": -26.800586700439453, "max_episode_reward": -5.208152770996094, "mean_episode_length": 52.2, "success_rate": 0.0, "collision_rate": 1.0, "out_of_bounds_rate": 0.0, "timeout_rate": 0.0, "policy_loss": 0.001727763272356242, "value_loss": 29.58871555328369, "entropy": 0.875513881444931, "approx_kl": 0.0017194421670865268, "clip_fraction": 0.107421875, "grad_norm": 69.26712894439697, "explained_variance": 0.7723064422607422, "action_std_mean": 0.3748757839202881}
{"step": 118272, "wall_time": 1790607017.2725387, "episodes_completed": 2, "mean_episode_reward": -12.58296012878418, "std_episode_reward": 12.143632888793945, "min_episode_reward": -24.726593017578125, "max_episode_reward": -0.4393272399902344, "mean_episode_length": 70.5, "success_rate": 0.0, "collision_rate": 1.0, "out_of_bounds_rate": 0.0, "timeout_rate": 0.0, "policy_loss": 0.0013377653085626662, "value_loss": 14.658851146697998, "entropy": 0.8755539059638977, "approx_kl": 0.00769766082521528, "clip_fraction": 0.13330078125, "grad_norm": 86.9082682132721, "explained_variance": 0.7020208835601807, "action_std_mean": 0.374885231256485}
{"step": 118784, "wall_time": 1790607022.8774488, "episodes_completed": 3, "mean_episode_reward": -23.782578150431316, "std_episode_reward": 19.447265069097803, "min_episode_reward": -50.283443450927734, "max_episode_reward": -4.162508010864258, "mean_episode_length": 40.666666666666664, "success_rate": 0.0, "collision_rate": 1.0, "out_of_bounds_rate": 0.0, "timeout_rate": 0.0, "policy_loss": 0.012557792942970991, "value_loss": 15.850092887878418, "entropy": 0.8756869584321976, "approx_kl": 0.03815141986706294, "clip_fraction": 0.39111328125, "grad_norm": 73.92069482803345, "explained_variance": 0.8068341612815857, "action_std_mean": 0.3749357759952545}
{"step": 119296, "wall_time": 1790607028.4276662, "episodes_completed": 7, "mean_episode_reward": -16.951625960213796, "std_episode_reward": 10.688411056018364, "min_episode_reward": -27.77367401123047, "max_episode_reward": 2.829862594604492, "mean_episode_length": 43.0, "success_rate": 0.0, "collision_rate": 1.0, "out_of_bounds_rate": 0.0, "timeout_rate": 0.0, "policy_loss": 0.0025456471485085785, "value_loss": 25.32243585586548, "entropy": 0.8759865760803223, "approx_kl": 0.008400275255553424, "clip_fraction": 0.0595703125, "grad_norm": 108.31359815597534, "explained_variance": 0.8224232792854309, "action_std_mean": 0.37498706579208374}
{"step": 119808, "wall_time": 1790607033.7409108, "episodes_completed": 5, "mean_episode_reward": -20.63777141571045, "std_episode_reward": 9.9363462914183, "min_episode_reward": -35.676185607910156, "max_episode_reward": -8.309917449951172, "mean_episode_length": 51.4, "success_rate": 0.0, "collision_rate": 1.0, "out_of_bounds_rate": 0.0, "timeout_rate": 0.0, "policy_loss": 0.005515442811883986, "value_loss": 18.107548713684082, "entropy": 0.8762008845806122, "approx_kl": 0.010979438418871723, "clip_fraction": 0.17431640625, "grad_norm": 81.04897260665894, "explained_variance": 0.8798547983169556, "action_std_mean": 0.3750046193599701}
{"step": 120320, "wall_time": 1790607038.9071608, "episodes_completed": 9, "mean_episode_reward": -25.937836541069878, "std_episode_reward": 13.128900143411752, "min_episode_reward": -50.09532165527344, "max_episode_reward": -6.073421478271484, "mean_episode_length": 29.333333333333332, "success_rate": 0.0, "collision_rate": 1.0, "out_of_bounds_rate": 0.0, "timeout_rate": 0.0, "policy_loss": -0.003555202390998602, "value_loss": 36.537346839904785, "entropy": 0.8762400150299072, "approx_kl": 0.0010256715468131006, "clip_fraction": 0.021484375, "grad_norm": 100.3294267654419, "explained_variance": 0.7909644842147827, "action_std_mean": 0.37500816583633423}
{"step": 120832, "wall_time": 1790607044.7298188, "episodes_completed": 8, "mean_episode_reward": -23.115978837013245, "std_episode_reward": 22.233578672099, "min_episode_reward": -50.32624053955078, "max_episode_reward": 4.446983337402344, "mean_episode_length": 42.0, "success_rate": 0.0, "collision_rate": 1.0, "out_of_bounds_rate": 0.0, "timeout_rate": 0.0, "policy_loss": 0.002192945219576359, "value_loss": 31.50698709487915, "entropy": 0.8762764185667038, "approx_kl": 0.0002894920908147469, "clip_fraction": 0.03759765625, "grad_norm": 81.77653980255127, "explained_variance": 0.7850490808486938, "action_std_mean": 0.3750188946723938}
{"step": 121344, "wall_time": 1790607050.0374613, "episodes_completed": 2, "mean_episode_reward": -25.867469787597656, "std_episode_reward": 7.268684387207031, "min_episode_reward": -33.13615417480469, "max_episode_reward": -18.598785400390625, "mean_episode_length": 40.5, "success_rate": 0.0, "collision_rate": 1.0, "out_of_bounds_rate": 0.0, "timeout_rate": 0.0, "policy_loss": -0.005325934616848826, "value_loss": 24.810982704162598, "entropy": 0.8763192445039749, "approx_kl": 0.004106884487555362, "clip_fraction": 0.134765625, "grad_norm": 88.85088729858398, "explained_variance": 0.5780995488166809, "action_std_mean": 0.37501251697540283}
{"step": 121856, "wall_time": 1790607055.607561, "episodes_completed": 3, "mean_episode_reward": -35.625021616617836, "std_episode_reward": 10.158934449291708, "min_episode_reward": -49.93637466430664, "max_episode_reward": -27.37627410888672, "mean_episode_length": 12.333333333333334, "success_rate": 0.0, "collision_rate": 1.0, "out_of_bounds_rate": 0.0, "timeout_rate": 0.0, "policy_loss": 0.001948912802617997, "value_loss": 15.065457820892334, "entropy": 0.8762121349573135, "approx_kl": -0.0005089548212708905, "clip_fraction": 0.15576171875, "grad_norm": 54.94077396392822, "explained_variance": 0.23822563886642456, "action_std_mean": 0.37497055530548096}
{"step": 122368, "wall_time": 1790607060.6093092, "episodes_completed": 2, "mean_episode_reward": -33.953521728515625, "std_episode_reward": 7.4978485107421875, "min_episode_reward": -41.45137023925781, "max_episode_reward": -26.455673217773438, "mean_episode_length": 46.5, "success_rate": 0.0, "collision_rate": 1.0, "out_of_bounds_rate": 0.0, "timeout_rate": 0.0, "policy_loss": -0.0019084210507571697, "value_loss": 7.714489817619324, "entropy": 0.875978484749794, "approx_kl": 0.0017698237934382632, "clip_fraction": 0.0341796875, "grad_norm": 31.942201614379883, "explained_variance": 0.7093991637229919, "action_std_mean": 0.3749469816684723}
{"step": 122880, "wall_time": 1790607065.8834562, "episodes_completed": 1, "mean_episode_reward": -36.72574996948242, "std_episode_reward": 0.0, "min_episode_reward": -36.72574996948242, "max_episode_reward": -36.72574996948242, "mean_episode_length": 60.0, "success_rate": 0.0, "collision_rate": 1.0, "out_of_bounds_rate": 0.0, "timeout_rate": 0.0, "policy_loss": -0.0024771911557763815, "value_loss": 7.617414832115173, "entropy": 0.8759250640869141, "approx_kl": 0.004337517064413987, "clip_fraction": 0.19921875, "grad_norm": 48.6170449256897, "explained_variance": 0.7882964611053467, "action_std_mean": 0.37494099140167236}
{"step": 123392, "wall_time": 1790607071.073261, "episodes_completed": 6, "mean_episode_reward": -29.043799718221027, "std_episode_reward": 9.39877426482732, "min_episode_reward": -49.5823974609375, "max_episode_reward": -21.678279876708984, "mean_episode_length": 27.666666666666668, "success_rate": 0.0, "collision_rate": 1.0, "out_of_bounds_rate": 0.0, "timeout_rate": 0.0, "policy_loss": 0.026392065454274416, "value_loss": 14.172759294509888, "entropy": 0.875849723815918, "approx_kl": 0.025323002075310796, "clip_fraction": 0.3271484375, "grad_norm": 105.0444450378418, "explained_variance": 0.5590558648109436, "action_std_mean": 0.3749161958694458}
{"step": 123904, "wall_time": 1790607076.3071215, "episodes_completed": 4, "mean_episode_reward": -35.39054250717163, "std_episode_reward": 8.776681641900248, "min_episode_reward": -49.554840087890625, "max_episode_reward": -27.392799377441406, "mean_episode_length": 32.5, "success_rate": 0.0, "collision_rate": 1.0, "out_of_bounds_rate": 0.0, "timeout_rate": 0.0, "policy_loss": 0.007104892283678055, "value_loss": 15.784283876419067, "entropy": 0.8757386952638626, "approx_kl": 0.08078258018940687, "clip_fraction": 0.3857421875, "grad_norm": 83.72643756866455, "explained_variance": 0.5583577156066895, "action_std_mean": 0.37490785121917725}
{"step": 124416, "wall_time": 1790607081.3911278, "episodes_completed": 4, "mean_episode_reward": -32.47225999832153, "std_episode_reward": 10.413194705512547, "min_episode_reward": -50.063995361328125, "max_episode_reward": -24.653640747070312, "mean_episode_length": 18.75, "success_rate": 0.0, "collision_rate": 1.0, "out_of_bounds_rate": 0.0, "timeout_rate": 0.0, "policy_loss": -0.009453613427467644, "value_loss": 11.809719800949097, "entropy": 0.875687375664711, "approx_kl": 0.005190431547816843, "clip_fraction": 0.12060546875, "grad_norm": 44.99235653877258, "explained_variance": 0.9120987057685852, "action_std_mean": 0.3748597502708435}
{"step": 124928, "wall_time": 1790607086.7463257, "episodes_completed": 1, "mean_episode_reward": -42.01118087768555, "std_episode_reward": 0.0, "min_episode_reward": -42.01118087768555, "max_episode_reward": -42.01118087768555, "mean_episode_length": 103.0, "success_rate": 0.0, "collision_rate": 1.0, "out_of_bounds_rate": 0.0, "timeout_rate": 0.0, "policy_loss": 0.004387798602692783, "value_loss": 13.5929274559021, "entropy": 0.8752921670675278, "approx_kl": 0.005636190981022082, "clip_fraction": 0.07763671875, "grad_norm": 53.47220206260681, "explained_variance": 0.8854994773864746, "action_std_mean": 0.37479227781295776}
{"step": 125440, "wall_time": 1790607091.8263812, "episodes_completed": 4, "mean_episode_reward": -35.53655481338501, "std_episode_reward": 14.834575259657745, "min_episode_reward": -50.27654266357422, "max_episode_reward": -16.204313278198242, "mean_episode_length": 34.0, "success_rate": 0.0, "collision_rate": 1.0, "out_of_bounds_rate": 0.0, "timeout_rate": 0.0, "policy_loss": 0.00508844549767673, "value_loss": 15.931957960128784, "entropy": 0.8750757277011871, "approx_kl": 0.019933445320930332, "clip_fraction": 0.232421875, "grad_norm": 51.344050884246826, "explained_variance": 0.8942204117774963, "action_std_mean": 0.3747961223125458}
{"step": 125952, "wall_time": 1790607097.780076, "episodes_completed": 0, "mean_episode_reward": NaN, "std_episode_reward": NaN, "min_episode_reward": NaN, "max_episode_reward": NaN, "mean_episode_length": NaN, "success_rate": NaN, "collision_rate": NaN, "out_of_bounds_rate": NaN, "timeout_rate": NaN, "policy_loss": 0.0004766038618981838, "value_loss": 9.913782119750977, "entropy": 0.8751644492149353, "approx_kl": 0.005401046189945191, "clip_fraction": 0.150390625, "grad_norm": 59.38293170928955, "explained_variance": 0.906757116317749, "action_std_mean": 0.37480753660202026}
{"step": 126464, "wall_time": 1790607103.2544699, "episodes_completed": 2, "mean_episode_reward": -3.2050421237945557, "std_episode_reward": 5.4999377727508545, "min_episode_reward": -8.70497989654541, "max_episode_reward": 2.294895648956299, "mean_episode_length": 48.0, "success_rate": 0.0, "collision_rate": 0.5, "out_of_bounds_rate": 0.0, "timeout_rate": 0.5, "policy_loss": -0.0014118524268269539, "value_loss": 4.568852186203003, "entropy": 0.8751124292612076, "approx_kl": 0.0064175065635936335, "clip_fraction": 0.1904296875, "grad_norm": 33.80589199066162, "explained_variance": 0.7258741855621338, "action_std_mean": 0.37473538517951965}
{"step": 126976, "wall_time": 1790607108.244373, "episodes_completed": 0, "mean_episode_reward": NaN, "std_episode_reward": NaN, "min_episode_reward": NaN, "max_episode_reward": NaN, "mean_episode_length": NaN, "success_rate": NaN, "collision_rate": NaN, "out_of_bounds_rate": NaN, "timeout_rate": NaN, "policy_loss": 0.009277037694118917, "value_loss": 4.333532094955444, "entropy": 0.8745068460702896, "approx_kl": 0.015288205002434552, "clip_fraction": 0.30078125, "grad_norm": 29.737648963928223, "explained_variance": 0.5990694165229797, "action_std_mean": 0.37458422780036926}
{"step": 127488, "wall_time": 1790607113.7527301, "episodes_completed": 0, "mean_episode_reward": NaN, "std_episode_reward": NaN, "min_episode_reward": NaN, "max_episode_reward": NaN, "mean_episode_length": NaN, "success_rate": NaN, "collision_rate": NaN, "out_of_bounds_rate": NaN, "timeout_rate": NaN, "policy_loss": 0.009420057816896588, "value_loss": 5.828919172286987, "entropy": 0.8736911714076996, "approx_kl": 0.016513275942998007, "clip_fraction": 0.2041015625, "grad_norm": 38.387327671051025, "explained_variance": 0.7871782779693604, "action_std_mean": 0.37444639205932617}
{"step": 128000, "wall_time": 1790607120.6470525, "episodes_completed": 2, "mean_episode_reward": -22.632596015930176, "std_episode_reward": 9.727736473083496, "min_episode_reward": -32.36033248901367, "max_episode_reward": -12.90485954284668, "mean_episode_length": 34.0, "success_rate": 0.0, "collision_rate": 1.0, "out_of_bounds_rate": 0.0, "timeout_rate": 0.0, "policy_loss": 0.004053419688716531, "value_loss": 13.50016450881958, "entropy": 0.8730699568986893, "approx_kl": 0.010806390433572233, "clip_fraction": 0.2744140625, "grad_norm": 36.29531383514404, "explained_variance": 0.6679794192314148, "action_std_mean": 0.3743770718574524}
{"step": 128512, "wall_time": 1790607126.3666995, "episodes_completed": 2, "mean_episode_reward": -30.18177318572998, "std_episode_reward": 2.816220283508301, "min_episode_reward": -32.99799346923828, "max_episode_reward": -27.36555290222168, "mean_episode_length": 43.5, "success_rate": 0.0, "collision_rate": 1.0, "out_of_bounds_rate": 0.0, "timeout_rate": 0.0, "policy_loss": 0.0010592668550089002, "value_loss": 8.082907438278198, "entropy": 0.8728223294019699, "approx_kl": 0.0042688680841820315, "clip_fraction": 0.08447265625, "grad_norm": 33.16464018821716, "explained_variance": 0.8171282410621643, "action_std_mean": 0.3743574619293213}
{"step": 129024, "wall_time": 1790607131.6688006, "episodes_completed": 0, "mean_episode_reward": NaN, "std_episode_reward": NaN, "min_episode_reward": NaN, "max_episode_reward": NaN, "mean_episode_length": NaN, "success_rate": NaN, "collision_rate": NaN, "out_of_bounds_rate": NaN, "timeout_rate": NaN, "policy_loss": 0.006559432833455503, "value_loss": 3.265501618385315, "entropy": 0.8728496581315994, "approx_kl": 0.015856626647291705, "clip_fraction": 0.23828125, "grad_norm": 26.230897426605225, "explained_variance": 0.7147020101547241, "action_std_mean": 0.37441760301589966}
{"step": 129536, "wall_time": 1790607138.042185, "episodes_completed": 4, "mean_episode_reward": -26.94041872024536, "std_episode_reward": 10.980696044228843, "min_episode_reward": -42.6961669921875, "max_episode_reward": -11.92822265625, "mean_episode_length": 59.0, "success_rate": 0.0, "collision_rate": 1.0, "out_of_bounds_rate": 0.0, "timeout_rate": 0.0, "policy_loss": 0.00647894392022863, "value_loss": 17.709106922149658, "entropy": 0.873214989900589, "approx_kl": 0.0035493365139700472, "clip_fraction": 0.18798828125, "grad_norm": 54.46504282951355, "explained_variance": 0.7165908217430115, "action_std_mean": 0.37444007396698}
{"step": 130048, "wall_time": 1790607143.5099452, "episodes_completed": 1, "mean_episode_reward": -41.33555221557617, "std_episode_reward": 0.0, "min_episode_reward": -41.33555221557617, "max_episode_reward": -41.33555221557617, "mean_episode_length": 49.0, "success_rate": 0.0, "collision_rate": 1.0, "out_of_bounds_rate": 0.0, "timeout_rate": 0.0, "policy_loss": -0.0020641201408579946, "value_loss": 4.845449209213257, "entropy": 0.8730927854776382, "approx_kl": 0.007252925162902102, "clip_fraction": 0.15673828125, "grad_norm": 21.273365378379822, "explained_variance": 0.872342050075531, "action_std_mean": 0.37438350915908813}
{"step": 130560, "wall_time": 1790607150.3798933, "episodes_completed": 0, "mean_episode_reward": NaN, "std_episode_reward": NaN, "min_episode_reward": NaN, "max_episode_reward": NaN, "mean_episode_length": NaN, "success_rate": NaN, "collision_rate": NaN, "out_of_bounds_rate": NaN, "timeout_rate": NaN, "policy_loss": -0.008261783717898652, "value_loss": 2.0787174701690674, "entropy": 0.8728557527065277, "approx_kl": 0.009708191006211564, "clip_fraction": 0.23291015625, "grad_norm": 24.466218948364258, "explained_variance": 0.928471028804779, "action_std_mean": 0.3743656277656555}
{"step": 131072, "wall_time": 1790607155.9889495, "episodes_completed": 5, "mean_episode_reward": -20.37980422973633, "std_episode_reward": 38.53702958505056, "min_episode_reward": -50.49895095825195, "max_episode_reward": 53.81431579589844, "mean_episode_length": 18.8, "success_rate": 0.2, "collision_rate": 0.8, "out_of_bounds_rate": 0.0, "timeout_rate": 0.0, "policy_loss": 0.002328038099221885, "value_loss": 62.236127853393555, "entropy": 0.8728204071521759, "approx_kl": 0.002668397792149335, "clip_fraction": 0.07763671875, "grad_norm": 68.09515810012817, "explained_variance": 0.5629604458808899, "action_std_mean": 0.37437325716018677}
{"step": 131584, "wall_time": 1790607163.2366288, "episodes_completed": 2, "mean_episode_reward": -1.8438652753829956, "std_episode_reward": 3.3573943376541138, "min_episode_reward": -5.201259613037109, "max_episode_reward": 1.5135290622711182, "mean_episode_length": 41.5, "success_rate": 0.0, "collision_rate": 0.5, "out_of_bounds_rate": 0.0, "timeout_rate": 0.5, "policy_loss": 0.0016016134759411216, "value_loss": 8.874741554260254, "entropy": 0.8728764951229095, "approx_kl": 0.009194612255669199, "clip_fraction": 0.1328125, "grad_norm": 68.8728380203247, "explained_variance": 0.8251461982727051, "action_std_mean": 0.37438201904296875}
{"step": 132096, "wall_time": 1790607168.571612, "episodes_completed": 4, "mean_episode_reward": -23.79609489440918, "std_episode_reward": 5.653159866436341, "min_episode_reward": -31.881515502929688, "max_episode_reward": -16.224964141845703, "mean_episode_length": 22.75, "success_rate": 0.0, "collision_rate": 1.0, "out_of_bounds_rate": 0.0, "timeout_rate": 0.0, "policy_loss": 0.004714848008006811, "value_loss": 17.81334161758423, "entropy": 0.8729216605424881, "approx_kl": 0.008004263654584065, "clip_fraction": 0.14404296875, "grad_norm": 52.88968276977539, "explained_variance": 0.6863709688186646, "action_std_mean": 0.37438565492630005}
{"step": 132608, "wall_time": 1790607174.5278127, "episodes_completed": 2, "mean_episode_reward": -9.837883949279785, "std_episode_reward": 13.530938148498535, "min_episode_reward": -23.36882209777832, "max_episode_reward": 3.69305419921875, "mean_episode_length": 58.5, "success_rate": 0.0, "collision_rate": 1.0, "out_of_bounds_rate": 0.0, "timeout_rate": 0.0, "policy_loss": 0.038851045770570636, "value_loss": 15.914116859436035, "entropy": 0.8729335814714432, "approx_kl": 0.05309467589540873, "clip_fraction": 0.4501953125, "grad_norm": 102.93272018432617, "explained_variance": 0.7244877219200134, "action_std_mean": 0.3744010925292969}
{"step": 133120, "wall_time": 1790607181.2595484, "episodes_completed": 1, "mean_episode_reward": -15.407655715942383, "std_episode_reward": 0.0, "min_episode_reward": -15.407655715942383, "max_episode_reward": -15.407655715942383, "mean_episode_length": 119.0, "success_rate": 0.0, "collision_rate": 1.0, "out_of_bounds_rate": 0.0, "timeout_rate": 0.0, "policy_loss": 0.0014051671605557203, "value_loss": 12.445170402526855, "entropy": 0.87309230864048, "approx_kl": 0.0007302663289010525, "clip_fraction": 0.05517578125, "grad_norm": 80.99041938781738, "explained_variance": 0.5520891547203064, "action_std_mean": 0.3744572103023529}
{"step": 133632, "wall_time": 1790607187.3481002, "episodes_completed": 2, "mean_episode_reward": -36.05492877960205, "std_episode_reward": 14.077879905700684, "min_episode_reward": -50.132808685302734, "max_episode_reward": -21.977048873901367, "mean_episode_length": 7.0, "success_rate": 0.0, "collision_rate": 1.0, "out_of_bounds_rate": 0.0, "timeout_rate": 0.0, "policy_loss": 0.0032304683700203896, "value_loss": 12.725850343704224, "entropy": 0.8733609914779663, "approx_kl": 0.007437689317157492, "clip_fraction": 0.197265625, "grad_norm": 53.203646659851074, "explained_variance": 0.5195935964584351, "action_std_mean": 0.3744382858276367}
{"step": 134144, "wall_time": 1790607193.1931047, "episodes_completed": 1, "mean_episode_reward": -33.85362243652344, "std_episode_reward": 0.0, "min_episode_reward": -33.85362243652344, "max_episode_reward": -33.85362243652344, "mean_episode_length": 98.0, "success_rate": 0.0, "collision_rate": 1.0, "out_of_bounds_rate": 0.0, "timeout_rate": 0.0, "policy_loss": -0.005168075440451503, "value_loss": 10.247860193252563, "entropy": 0.873093768954277, "approx_kl": 0.004341127612860873, "clip_fraction": 0.0966796875, "grad_norm": 36.264549255371094, "explained_variance": 0.5022571682929993, "action_std_mean": 0.3744314908981323}
{"step": 134656, "wall_time": 1790607200.535715, "episodes_completed": 0, "mean_episode_reward": NaN, "std_episode_reward": NaN, "min_episode_reward": NaN, "max_episode_reward": NaN, "mean_episode_length": NaN, "success_rate": NaN, "collision_rate": NaN, "out_of_bounds_rate": NaN, "timeout_rate": NaN, "policy_loss": 0.01931294531095773, "value_loss": 4.9538222551345825, "entropy": 0.873339906334877, "approx_kl": 0.0188892912119627, "clip_fraction": 0.31640625, "grad_norm": 43.23740220069885, "explained_variance": 0.13488924503326416, "action_std_mean": 0.37449562549591064}
{"step": 135168, "wall_time": 1790607205.7696393, "episodes_completed": 0, "mean_episode_reward": NaN, "std_episode_reward": NaN, "min_episode_reward": NaN, "max_episode_reward": NaN, "mean_episode_length": NaN, "success_rate": NaN, "collision_rate": NaN, "out_of_bounds_rate": NaN, "timeout_rate": NaN, "policy_loss": 0.0031623856048099697, "value_loss": 3.3062418699264526, "entropy": 0.8735145777463913, "approx_kl": 0.010754361748695374, "clip_fraction": 0.2099609375, "grad_norm": 18.48909020423889, "explained_variance": -0.16962182521820068, "action_std_mean": 0.37449178099632263}
{"step": 135680, "wall_time": 1790607211.3382554, "episodes_completed": 13, "mean_episode_reward": -28.708157319288986, "std_episode_reward": 8.11005843277525, "min_episode_reward": -50.32957077026367, "max_episode_reward": -18.451690673828125, "mean_episode_length": 26.384615384615383, "success_rate": 0.0, "collision_rate": 1.0, "out_of_bounds_rate": 0.0, "timeout_rate": 0.0, "policy_loss": -0.0030846341396681964, "value_loss": 35.69831943511963, "entropy": 0.8734714686870575, "approx_kl": 0.0045773902093060315, "clip_fraction": 0.171875, "grad_norm": 100.06419658660889, "explained_variance": 0.8238769769668579, "action_std_mean": 0.374484658241272}
{"step": 136192, "wall_time": 1790607216.572222, "episodes_completed": 3, "mean_episode_reward": -19.43706766764323, "std_episode_reward": 7.419386033537736, "min_episode_reward": -24.768020629882812, "max_episode_reward": -8.944929122924805, "mean_episode_length": 21.0, "success_rate": 0.0, "collision_rate": 1.0, "out_of_bounds_rate": 0.0, "timeout_rate": 0.0, "policy_loss": 0.00011740357149392366, "value_loss": 17.759372234344482, "entropy": 0.8734557628631592, "approx_kl": 0.00044186931336298585, "clip_fraction": 0.1181640625, "grad_norm": 97.33275699615479, "explained_variance": 0.6802259087562561, "action_std_mean": 0.3744881749153137}
{"step": 136704, "wall_time": 1790607221.79004, "episodes_completed": 4, "mean_episode_reward": -20.28899335861206, "std_episode_reward": 12.31469690132559, "min_episode_reward": -31.12180519104004, "max_episode_reward": 0.6227188110351562, "mean_episode_length": 53.5, "success_rate": 0.0, "collision_rate": 1.0, "out_of_bounds_rate": 0.0, "timeout_rate": 0.0, "policy_loss": 0.0009694895707070827, "value_loss": 19.18826389312744, "entropy": 0.8734925389289856, "approx_kl": 0.002899547602282837, "clip_fraction": 0.0224609375, "grad_norm": 58.2074670791626, "explained_variance": 0.750291109085083, "action_std_mean": 0.37449997663497925}
{"step": 137216, "wall_time": 1790607227.0174046, "episodes_completed": 0, "mean_episode_reward": NaN, "std_episode_reward": NaN, "min_episode_reward": NaN, "max_episode_reward": NaN, "mean_episode_length": NaN, "success_rate": NaN, "collision_rate": NaN, "out_of_bounds_rate": NaN, "timeout_rate": NaN, "policy_loss": 0.0002787028206512332, "value_loss": 9.004281520843506, "entropy": 0.8735472112894058, "approx_kl": -0.0007205880538094789, "clip_fraction": 0.142578125, "grad_norm": 38.89313507080078, "explained_variance": 0.6869909763336182, "action_std_mean": 0.37449055910110474}
{"step": 137728, "wall_time": 1790607232.3797264, "episodes_completed": 0, "mean_episode_reward": NaN, "std_episode_reward": NaN, "min_episode_reward": NaN, "max_episode_reward": NaN, "mean_episode_length": NaN, "success_rate": NaN, "collision_rate": NaN, "out_of_bounds_rate": NaN, "timeout_rate": NaN, "policy_loss": -0.0034042834886349738, "value_loss": 6.574472546577454, "entropy": 0.8734637796878815, "approx_kl": 0.0031731420021969825, "clip_fraction": 0.173828125, "grad_norm": 33.482537031173706, "explained_variance": 0.28267794847488403, "action_std_mean": 0.37449613213539124}
{"step": 138240, "wall_time": 1790607237.521516, "episodes_completed": 0, "mean_episode_reward": NaN, "std_episode_reward": NaN, "min_episode_reward": NaN, "max_episode_reward": NaN, "mean_episode_length": NaN, "success_rate": NaN, "collision_rate": NaN, "out_of_bounds_rate": NaN, "timeout_rate": NaN, "policy_loss": -0.0019173987675458193, "value_loss": 5.340135335922241, "entropy": 0.8736570179462433, "approx_kl": 0.012602675124071538, "clip_fraction": 0.2109375, "grad_norm": 16.588176012039185, "explained_variance": 0.18182873725891113, "action_std_mean": 0.37458568811416626}
{"step": 138752, "wall_time": 1790607243.0981965, "episodes_completed": 0, "mean_episode_reward": NaN, "std_episode_reward": NaN, "min_episode_reward": NaN, "max_episode_reward": NaN, "mean_episode_length": NaN, "success_rate": NaN, "collision_rate": NaN, "out_of_bounds_rate": NaN, "timeout_rate": NaN, "policy_loss": -0.00855957658495754, "value_loss": 0.518186904489994, "entropy": 0.8741673529148102, "approx_kl": 0.01670943594945129, "clip_fraction": 0.26806640625, "grad_norm": 9.139276504516602, "explained_variance": 0.52543044090271, "action_std_mean": 0.37466540932655334}
{"step": 139264, "wall_time": 1790607248.8185167, "episodes_completed": 0, "mean_episode_reward": NaN, "std_episode_reward": NaN, "min_episode_reward": NaN, "max_episode_reward": NaN, "mean_episode_length": NaN, "success_rate": NaN, "collision_rate": NaN, "out_of_bounds_rate": NaN, "timeout_rate": NaN, "policy_loss": 0.010725225089117885, "value_loss": 1.2438383400440216, "entropy": 0.8745142072439194, "approx_kl": 0.05459904987947084, "clip_fraction": 0.52783203125, "grad_norm": 14.766010642051697, "explained_variance": 0.21074527502059937, "action_std_mean": 0.3747061789035797}
{"step": 512, "wall_time": 1790608354.8943217, "episodes_completed": 8, "mean_episode_reward": -26.61037039756775, "std_episode_reward": 2.533475513984571, "min_episode_reward": -32.684688568115234, "max_episode_reward": -24.86549186706543, "mean_episode_length": 24.25, "success_rate": 0.0, "collision_rate": 1.0, "out_of_bounds_rate": 0.0, "timeout_rate": 0.0, "policy_loss": 0.14202135551022366, "value_loss": 49.5220422744751, "entropy": 0.8379334509372711, "approx_kl": 1.4701678758428898, "clip_fraction": 0.7197265625, "grad_norm": 26.123775959014893, "explained_variance": -9.906291961669922e-05, "action_std_mean": 0.3679102957248688}
